face_id,主脸型,辅变化,额头,眉骨,眼窝,颧骨,面颊,下颌,眼型,眼尾,眼距,虹膜,鼻根,鼻梁,鼻头,唇型,嘴角,特殊标志,一句话脸
FD00001,幼态方脸,下庭收窄,低额,厚眉骨,眼下饱满,宽颧骨,轻凹面颊,骨感下颌,平直杏眼,眼尾微挑,宽眼距,灰蓝瞳,中高鼻根,宽骨鼻梁,下压鼻头,成熟长唇,嘴角下垂,单侧酒窝,幼态方脸（下庭收窄），厚眉骨/眼下饱满，平直杏眼·眼尾微挑·宽眼距，中高鼻根/宽骨鼻梁/下压鼻头，成熟长唇·嘴角下垂，骨感下颌
FD00002,宽菱形,骨点外显,宽额,外侧突出眉骨,深眼窝,低颧骨,轻凹面颊,明显下颌角,瑞凤眼,眼尾下压,窄眼距,星点虹膜,低鼻根,宽骨鼻梁,窄翼鼻头,宽嘴,嘴角下垂,无标志,宽菱形（骨点外显），外侧突出眉骨/深眼窝，瑞凤眼·眼尾下压·窄眼距，低鼻根/宽骨鼻梁/窄翼鼻头，宽嘴·嘴角下垂，明显下颌角
FD00003,上窄下宽脸,颈部线条延长,饱满额,压迫感眉骨,浅眼窝,低颧骨,成熟收紧面颊,窄下颌,少年圆眼,眼尾平直,宽眼距,星点虹膜,低鼻根,柔和鼻梁,肉感鼻头,薄唇,单侧上扬,下颌浅疤,上窄下宽脸（颈部线条延长），压迫感眉骨/浅眼窝，少年圆眼·眼尾平直·宽眼距，低鼻根/柔和鼻梁/肉感鼻头，薄唇·单侧上扬，窄下颌
FD00004,宽心形脸,骨点外显,窄额,薄眉骨,宽浅眼窝,高颧骨,成熟收紧面颊,圆方下颌,猫系眼,眼尾平直,宽眼距,灰蓝瞳,中高鼻根,宽骨鼻梁,肉感鼻头,宽嘴,嘴角平直,无标志,宽心形脸（骨点外显），薄眉骨/宽浅眼窝，猫系眼·眼尾平直·宽眼距，中高鼻根/宽骨鼻梁/肉感鼻头，宽嘴·嘴角平直，圆方下颌
FD00005,长菱形,中庭拉长,平直额,低眉骨,眼下饱满,窄颧骨,幼态柔软面颊,收敛下颌,短圆杏眼,眼尾平直,标准眼距,灰蓝瞳,低鼻根,高直鼻梁,方圆鼻头,薄唇,嘴角下垂,无标志,长菱形（中庭拉长），低眉骨/眼下饱满，短圆杏眼·眼尾平直·标准眼距，低鼻根/高直鼻梁/方圆鼻头，薄唇·嘴角下垂，收敛下颌
FD00006,上宽下窄脸,中庭展宽,窄额,内侧突出眉骨,眼下饱满,窄颧骨,薄面颊,窄下颌,疲惫眼,眼尾明显挑,窄眼距,淡金瞳,中鼻根,柔和鼻梁,骨感鼻头,上薄下厚,嘴角下垂,眼睑褶皱不对称,上宽下窄脸（中庭展宽），内侧突出眉骨/眼下饱满，疲惫眼·眼尾明显挑·窄眼距，中鼻根/柔和鼻梁/骨感鼻头，上薄下厚·嘴角下垂，窄下颌
FD00007,梨形脸,骨点外显,微凸额,厚眉骨,眼下饱满,外扩颧骨,成熟收紧面颊,骨感下颌,平凤眼,眼尾平直,宽眼距,深色瞳,中鼻根,轻微偏左鼻梁,小圆鼻头,厚唇,单侧上扬,瞳孔残缺,梨形脸（骨点外显），厚眉骨/眼下饱满，平凤眼·眼尾平直·宽眼距，中鼻根/轻微偏左鼻梁/小圆鼻头，厚唇·单侧上扬，骨感下颌
FD00008,长圆脸,骨点外显,平直额,薄眉骨,窄深眼窝,低颧骨,轻凹面颊,窄下颌,狭长瑞凤眼,眼尾平直,标准眼距,异色瞳,中鼻根,微弧鼻梁,方圆鼻头,宽嘴,嘴角下垂,眉心竖纹浅痕,长圆脸（骨点外显），薄眉骨/窄深眼窝，狭长瑞凤眼·眼尾平直·标准眼距，中鼻根/微弧鼻梁/方圆鼻头，宽嘴·嘴角下垂，窄下颌
FD00009,长方脸,中庭拉长,平直额,高眉骨,窄深眼窝,低颧骨,薄面颊,宽下颌,丹凤眼,眼尾延展,宽眼距,环状虹膜,低鼻根,轻微偏左鼻梁,肉感鼻头,厚唇,嘴角下垂,颈侧细疤,长方脸（中庭拉长），高眉骨/窄深眼窝，丹凤眼·眼尾延展·宽眼距，低鼻根/轻微偏左鼻梁/肉感鼻头，厚唇·嘴角下垂，宽下颌
FD00010,圆脸,颧部外扩,饱满额,内侧突出眉骨,深眼窝,窄颧骨,饱满面颊,明显下颌角,短圆杏眼,眼尾延展,窄眼距,星点虹膜,中高鼻根,宽骨鼻梁,窄翼鼻头,小嘴,嘴角下垂,指节薄茧,圆脸（颧部外扩），内侧突出眉骨/深眼窝，短圆杏眼·眼尾延展·窄眼距，中高鼻根/宽骨鼻梁/窄翼鼻头，小嘴·嘴角下垂，明显下颌角
FD00011,梨形脸,颊部饱满,高额,厚眉骨,宽浅眼窝,外扩颧骨,轻凹面颊,圆方下颌,猫系眼,眼尾明显挑,窄眼距,淡金瞳,窄鼻根,轻微偏左鼻梁,下压鼻头,上薄下厚,嘴角上扬,额角旧痕,梨形脸（颊部饱满），厚眉骨/宽浅眼窝，猫系眼·眼尾明显挑·窄眼距，窄鼻根/轻微偏左鼻梁/下压鼻头，上薄下厚·嘴角上扬，圆方下颌
FD00012,骨感窄脸,颌角弱化,高额,厚眉骨,眼下骨感,柔和颧骨,轻凹面颊,柔和下颌,桃花眼,眼尾微挑,标准眼距,异色瞳,高鼻根,柔和鼻梁,轻翘鼻头,弓形唇,单侧上扬,右眉轻断,骨感窄脸（颌角弱化），厚眉骨/眼下骨感，桃花眼·眼尾微挑·标准眼距，高鼻根/柔和鼻梁/轻翘鼻头，弓形唇·单侧上扬，柔和下颌
FD00013,正梯形脸,下庭收窄,饱满额,外侧突出眉骨,窄深眼窝,柔和颧骨,幼态柔软面颊,骨感下颌,鹤系眼,眼尾下压,窄眼距,灰蓝瞳,高鼻根,高直鼻梁,方圆鼻头,宽嘴,嘴角平直,眼角小痣,正梯形脸（下庭收窄），外侧突出眉骨/窄深眼窝，鹤系眼·眼尾下压·窄眼距，高鼻根/高直鼻梁/方圆鼻头，宽嘴·嘴角平直，骨感下颌
FD00014,下颌突出脸,偏锐收窄,高额,厚眉骨,眼下骨感,窄颧骨,饱满面颊,明显下颌角,鹤系眼,眼尾下压,标准眼距,琥珀瞳,低鼻根,中直鼻梁,小圆鼻头,小嘴,嘴角平直,异色瞳,下颌突出脸（偏锐收窄），厚眉骨/眼下骨感，鹤系眼·眼尾下压·标准眼距，低鼻根/中直鼻梁/小圆鼻头，小嘴·嘴角平直，明显下颌角
FD00015,宽方脸,颊部略凹,低额,压迫感眉骨,浅眼窝,高颧骨,轻凹面颊,骨感下颌,上扬凤眼,眼尾明显挑,标准眼距,灰蓝瞳,低鼻根,微弧鼻梁,下压鼻头,厚唇,嘴角上扬,异色瞳,宽方脸（颊部略凹），压迫感眉骨/浅眼窝，上扬凤眼·眼尾明显挑·标准眼距，低鼻根/微弧鼻梁/下压鼻头，厚唇·嘴角上扬，骨感下颌
FD00016,骨感菱形,偏柔圆润,骨感额,压迫感眉骨,宽浅眼窝,低颧骨,轻凹面颊,骨感下颌,半睁懒眼,眼尾延展,宽眼距,浅褐瞳,高鼻根,高直鼻梁,方圆鼻头,平直唇,嘴角上扬,双侧酒窝,骨感菱形（偏柔圆润），压迫感眉骨/宽浅眼窝，半睁懒眼·眼尾延展·宽眼距，高鼻根/高直鼻梁/方圆鼻头，平直唇·嘴角上扬，骨感下颌
FD00017,长菱形,面中平缓,微凸额,压迫感眉骨,中度眼窝,外扩颧骨,薄面颊,骨感下颌,宽杏眼,眼尾微挑,宽眼距,环状虹膜,高鼻根,微弧鼻梁,方圆鼻头,成熟长唇,嘴角平直,左眼下浅泪痣,长菱形（面中平缓），压迫感眉骨/中度眼窝，宽杏眼·眼尾微挑·宽眼距，高鼻根/微弧鼻梁/方圆鼻头，成熟长唇·嘴角平直，骨感下颌
FD00018,柔和方脸,颌角强调,骨感额,内侧突出眉骨,宽浅眼窝,宽颧骨,幼态柔软面颊,窄下颌,蛇系眼,眼尾明显挑,窄眼距,灰蓝瞳,中鼻根,轻微偏右鼻梁,轻翘鼻头,弓形唇,嘴角平直,右眼下浅泪痣,柔和方脸（颌角强调），内侧突出眉骨/宽浅眼窝，蛇系眼·眼尾明显挑·窄眼距，中鼻根/轻微偏右鼻梁/轻翘鼻头，弓形唇·嘴角平直，窄下颌
FD00019,长心形脸,下颌线柔化,高额,内侧突出眉骨,眼下饱满,窄颧骨,薄面颊,方下颌,长杏眼,眼尾延展,宽眼距,淡金瞳,中高鼻根,微弧鼻梁,方圆鼻头,薄唇,嘴角上扬,眼睑褶皱不对称,长心形脸（下颌线柔化），内侧突出眉骨/眼下饱满，长杏眼·眼尾延展·宽眼距，中高鼻根/微弧鼻梁/方圆鼻头，薄唇·嘴角上扬，方下颌
FD00020,短圆脸,颌角弱化,平直额,低眉骨,眼下饱满,外扩颧骨,薄面颊,宽下颌,丹凤眼,眼尾下压,标准眼距,灰蓝瞳,低鼻根,中直鼻梁,骨感鼻头,厚唇,单侧上扬,下颌浅疤,短圆脸（颌角弱化），低眉骨/眼下饱满，丹凤眼·眼尾下压·标准眼距，低鼻根/中直鼻梁/骨感鼻头，厚唇·单侧上扬，宽下颌
FD00021,倒梯形脸,下庭加重,骨感额,外侧突出眉骨,宽浅眼窝,外扩颧骨,幼态柔软面颊,收敛下颌,瑞凤眼,眼尾微挑,窄眼距,深色瞳,中鼻根,宽骨鼻梁,窄翼鼻头,薄唇,单侧上扬,无标志,倒梯形脸（下庭加重），外侧突出眉骨/宽浅眼窝，瑞凤眼·眼尾微挑·窄眼距，中鼻根/宽骨鼻梁/窄翼鼻头，薄唇·单侧上扬，收敛下颌
FD00022,宽心形脸,颈部线条收短,饱满额,压迫感眉骨,眼下骨感,窄颧骨,饱满面颊,宽下颌,鹤系眼,眼尾平直,窄眼距,淡金瞳,高鼻根,高直鼻梁,下压鼻头,厚唇,单侧上扬,唇下小痣,宽心形脸（颈部线条收短），压迫感眉骨/眼下骨感，鹤系眼·眼尾平直·窄眼距，高鼻根/高直鼻梁/下压鼻头，厚唇·单侧上扬，宽下颌
FD00023,标准菱形,面中平缓,宽额,厚眉骨,窄深眼窝,高颧骨,薄面颊,骨感下颌,短杏眼,眼尾平直,宽眼距,环状虹膜,宽鼻根,轻微偏右鼻梁,窄翼鼻头,弓形唇,嘴角紧收,右眉轻断,标准菱形（面中平缓），厚眉骨/窄深眼窝，短杏眼·眼尾平直·宽眼距，宽鼻根/轻微偏右鼻梁/窄翼鼻头，弓形唇·嘴角紧收，骨感下颌
FD00024,长心形脸,颈部线条收短,饱满额,柔和眉骨,眼下骨感,柔和颧骨,成熟收紧面颊,窄下颌,平凤眼,眼尾下压,标准眼距,淡金瞳,宽鼻根,轻微偏右鼻梁,窄翼鼻头,小嘴,嘴角紧收,碎裂虹膜,长心形脸（颈部线条收短），柔和眉骨/眼下骨感，平凤眼·眼尾下压·标准眼距，宽鼻根/轻微偏右鼻梁/窄翼鼻头，小嘴·嘴角紧收，窄下颌
FD00025,肉感短脸,偏柔圆润,微凸额,薄眉骨,宽浅眼窝,宽颧骨,成熟收紧面颊,骨感下颌,冷感眼,眼尾下沉,窄眼距,浅褐瞳,中高鼻根,宽骨鼻梁,微钝鼻头,成熟长唇,单侧上扬,双侧酒窝,肉感短脸（偏柔圆润），薄眉骨/宽浅眼窝，冷感眼·眼尾下沉·窄眼距，中高鼻根/宽骨鼻梁/微钝鼻头，成熟长唇·单侧上扬，骨感下颌
FD00026,肉感短脸,中庭拉长,平直额,外侧突出眉骨,窄深眼窝,外扩颧骨,饱满面颊,窄下颌,短圆杏眼,眼尾延展,宽眼距,墨玉瞳,中高鼻根,中直鼻梁,微钝鼻头,厚唇,嘴角紧收,单侧虎牙,肉感短脸（中庭拉长），外侧突出眉骨/窄深眼窝，短圆杏眼·眼尾延展·宽眼距，中高鼻根/中直鼻梁/微钝鼻头，厚唇·嘴角紧收，窄下颌
FD00027,心形脸,骨点内敛,宽额,压迫感眉骨,眼下饱满,宽颧骨,成熟收紧面颊,收敛下颌,柳叶眼,眼尾微挑,窄眼距,淡金瞳,低鼻根,宽骨鼻梁,窄翼鼻头,小嘴,嘴角紧收,唇下小痣,心形脸（骨点内敛），压迫感眉骨/眼下饱满，柳叶眼·眼尾微挑·窄眼距，低鼻根/宽骨鼻梁/窄翼鼻头，小嘴·嘴角紧收，收敛下颌
FD00028,下颌突出脸,中轴微长,高额,压迫感眉骨,窄深眼窝,低颧骨,成熟收紧面颊,骨感下颌,猫系眼,眼尾平直,标准眼距,星点虹膜,中鼻根,轻微偏左鼻梁,骨感鼻头,小嘴,嘴角紧收,环状虹膜,下颌突出脸（中轴微长），压迫感眉骨/窄深眼窝，猫系眼·眼尾平直·标准眼距，中鼻根/轻微偏左鼻梁/骨感鼻头，小嘴·嘴角紧收，骨感下颌
FD00029,双颌匀称脸,颊部饱满,平直额,压迫感眉骨,深眼窝,外扩颧骨,薄面颊,圆方下颌,疲惫眼,眼尾微挑,宽眼距,浅褐瞳,高鼻根,轻微偏右鼻梁,肉感鼻头,成熟长唇,嘴角下垂,唇下小痣,双颌匀称脸（颊部饱满），压迫感眉骨/深眼窝，疲惫眼·眼尾微挑·宽眼距，高鼻根/轻微偏右鼻梁/肉感鼻头，成熟长唇·嘴角下垂，圆方下颌
FD00030,幼态方脸,中轴微长,微凸额,压迫感眉骨,浅眼窝,窄颧骨,成熟收紧面颊,方下颌,狭长眼,眼尾下沉,宽眼距,淡金瞳,宽鼻根,轻微偏右鼻梁,肉感鼻头,厚唇,嘴角上扬,碎裂虹膜,幼态方脸（中轴微长），压迫感眉骨/浅眼窝，狭长眼·眼尾下沉·宽眼距，宽鼻根/轻微偏右鼻梁/肉感鼻头，厚唇·嘴角上扬，方下颌
FD00031,长菱形,颊部略凹,窄额,厚眉骨,深眼窝,宽颧骨,幼态柔软面颊,窄下颌,平凤眼,眼尾下沉,窄眼距,琥珀瞳,宽鼻根,轻鹰钩鼻梁,下压鼻头,小嘴,嘴角上扬,右眉轻断,长菱形（颊部略凹），厚眉骨/深眼窝，平凤眼·眼尾下沉·窄眼距，宽鼻根/轻鹰钩鼻梁/下压鼻头，小嘴·嘴角上扬，窄下颌
FD00032,倒梯形脸,颊部饱满,宽额,内侧突出眉骨,深眼窝,窄颧骨,成熟收紧面颊,窄下颌,鹤系眼,眼尾下压,标准眼距,琥珀瞳,中鼻根,轻微偏左鼻梁,窄翼鼻头,小嘴,嘴角下垂,右眼下浅泪痣,倒梯形脸（颊部饱满），内侧突出眉骨/深眼窝，鹤系眼·眼尾下压·标准眼距，中鼻根/轻微偏左鼻梁/窄翼鼻头，小嘴·嘴角下垂，窄下颌
FD00033,正梯形脸,下颌线清晰化,平直额,薄眉骨,眼下饱满,低颧骨,成熟收紧面颊,宽下颌,狼系眼,眼尾微挑,标准眼距,异色瞳,高鼻根,宽骨鼻梁,方圆鼻头,上厚下薄,嘴角紧收,双侧酒窝,正梯形脸（下颌线清晰化），薄眉骨/眼下饱满，狼系眼·眼尾微挑·标准眼距，高鼻根/宽骨鼻梁/方圆鼻头，上厚下薄·嘴角紧收，宽下颌
FD00034,颧部展开脸,骨点外显,微凸额,厚眉骨,眼下饱满,柔和颧骨,幼态柔软面颊,收敛下颌,瑞凤眼,眼尾明显挑,标准眼距,碎裂虹膜,中鼻根,轻鹰钩鼻梁,微钝鼻头,厚唇,嘴角下垂,鼻梁旧伤,颧部展开脸（骨点外显），厚眉骨/眼下饱满，瑞凤眼·眼尾明显挑·标准眼距，中鼻根/轻鹰钩鼻梁/微钝鼻头，厚唇·嘴角下垂，收敛下颌
FD00035,柔和方脸,下颌线清晰化,宽额,薄眉骨,窄深眼窝,宽颧骨,幼态柔软面颊,窄下颌,猫系眼,眼尾延展,标准眼距,星点虹膜,低鼻根,中直鼻梁,窄翼鼻头,上厚下薄,嘴角下垂,指节薄茧,柔和方脸（下颌线清晰化），薄眉骨/窄深眼窝，猫系眼·眼尾延展·标准眼距，低鼻根/中直鼻梁/窄翼鼻头，上厚下薄·嘴角下垂，窄下颌
FD00036,长圆脸,颧部微收,宽额,压迫感眉骨,宽浅眼窝,高颧骨,轻凹面颊,窄下颌,短圆杏眼,眼尾下压,标准眼距,星点虹膜,高鼻根,微弧鼻梁,窄翼鼻头,平直唇,嘴角紧收,下颌浅疤,长圆脸（颧部微收），压迫感眉骨/宽浅眼窝，短圆杏眼·眼尾下压·标准眼距，高鼻根/微弧鼻梁/窄翼鼻头，平直唇·嘴角紧收，窄下颌
FD00037,骨感菱形,颊部饱满,平直额,压迫感眉骨,深眼窝,低颧骨,成熟收紧面颊,骨感下颌,半睁懒眼,眼尾下沉,标准眼距,淡金瞳,中鼻根,高直鼻梁,方圆鼻头,小嘴,嘴角紧收,眉尾旧疤,骨感菱形（颊部饱满），压迫感眉骨/深眼窝，半睁懒眼·眼尾下沉·标准眼距，中鼻根/高直鼻梁/方圆鼻头，小嘴·嘴角紧收，骨感下颌
FD00038,圆脸,偏柔圆润,骨感额,厚眉骨,宽浅眼窝,窄颧骨,轻凹面颊,收敛下颌,鹿系眼,眼尾平直,宽眼距,碎裂虹膜,中鼻根,轻微偏右鼻梁,方圆鼻头,上厚下薄,嘴角平直,单侧酒窝,圆脸（偏柔圆润），厚眉骨/宽浅眼窝，鹿系眼·眼尾平直·宽眼距，中鼻根/轻微偏右鼻梁/方圆鼻头，上厚下薄·嘴角平直，收敛下颌
FD00039,清瘦圆脸,中庭展宽,微凸额,高眉骨,眼下骨感,宽颧骨,幼态柔软面颊,窄下颌,丹凤眼,眼尾下压,宽眼距,异色瞳,中鼻根,轻鹰钩鼻梁,窄翼鼻头,上厚下薄,单侧上扬,右眉轻断,清瘦圆脸（中庭展宽），高眉骨/眼下骨感，丹凤眼·眼尾下压·宽眼距，中鼻根/轻鹰钩鼻梁/窄翼鼻头，上厚下薄·单侧上扬，窄下颌
FD00040,幼态圆脸,上庭收窄,窄额,厚眉骨,浅眼窝,低颧骨,薄面颊,窄下颌,平直杏眼,眼尾平直,标准眼距,碎裂虹膜,中鼻根,柔和鼻梁,小圆鼻头,薄唇,单侧上扬,碎裂虹膜,幼态圆脸（上庭收窄），厚眉骨/浅眼窝，平直杏眼·眼尾平直·标准眼距，中鼻根/柔和鼻梁/小圆鼻头，薄唇·单侧上扬，窄下颌
FD00041,柔和方脸,颈部线条收短,高额,内侧突出眉骨,宽浅眼窝,外扩颧骨,饱满面颊,收敛下颌,圆长眼,眼尾下沉,窄眼距,星点虹膜,高鼻根,高直鼻梁,轻翘鼻头,小嘴,嘴角下垂,耳后小痣,柔和方脸（颈部线条收短），内侧突出眉骨/宽浅眼窝，圆长眼·眼尾下沉·窄眼距，高鼻根/高直鼻梁/轻翘鼻头，小嘴·嘴角下垂，收敛下颌
FD00042,宽方脸,颧部外扩,低额,高眉骨,深眼窝,柔和颧骨,成熟收紧面颊,宽下颌,狼系眼,眼尾延展,宽眼距,碎裂虹膜,窄鼻根,宽骨鼻梁,小圆鼻头,厚唇,单侧上扬,异色瞳,宽方脸（颧部外扩），高眉骨/深眼窝，狼系眼·眼尾延展·宽眼距，窄鼻根/宽骨鼻梁/小圆鼻头，厚唇·单侧上扬，宽下颌
FD00043,成熟方脸,骨点外显,低额,压迫感眉骨,中度眼窝,高颧骨,薄面颊,圆方下颌,狭长眼,眼尾下压,标准眼距,碎裂虹膜,窄鼻根,轻鹰钩鼻梁,小圆鼻头,平直唇,嘴角紧收,眉上小疤,成熟方脸（骨点外显），压迫感眉骨/中度眼窝，狭长眼·眼尾下压·标准眼距，窄鼻根/轻鹰钩鼻梁/小圆鼻头，平直唇·嘴角紧收，圆方下颌
FD00044,心形脸,上庭展开,宽额,压迫感眉骨,浅眼窝,低颧骨,饱满面颊,宽下颌,鹿系眼,眼尾下压,宽眼距,环状虹膜,宽鼻根,轻微偏左鼻梁,肉感鼻头,弓形唇,嘴角紧收,颈侧细疤,心形脸（上庭展开），压迫感眉骨/浅眼窝，鹿系眼·眼尾下压·宽眼距，宽鼻根/轻微偏左鼻梁/肉感鼻头，弓形唇·嘴角紧收，宽下颌
FD00045,骨感窄脸,骨点外显,平直额,薄眉骨,浅眼窝,宽颧骨,轻凹面颊,骨感下颌,窄杏眼,眼尾延展,宽眼距,灰蓝瞳,中鼻根,高直鼻梁,微钝鼻头,薄唇,嘴角平直,单侧虎牙,骨感窄脸（骨点外显），薄眉骨/浅眼窝，窄杏眼·眼尾延展·宽眼距，中鼻根/高直鼻梁/微钝鼻头，薄唇·嘴角平直，骨感下颌
FD00046,长圆脸,上庭展开,低额,柔和眉骨,中度眼窝,柔和颧骨,轻凹面颊,宽下颌,圆长眼,眼尾下沉,窄眼距,碎裂虹膜,中鼻根,宽骨鼻梁,骨感鼻头,平直唇,嘴角上扬,单侧酒窝,长圆脸（上庭展开），柔和眉骨/中度眼窝，圆长眼·眼尾下沉·窄眼距，中鼻根/宽骨鼻梁/骨感鼻头，平直唇·嘴角上扬，宽下颌
FD00047,长心形脸,中庭拉长,平直额,厚眉骨,宽浅眼窝,柔和颧骨,轻凹面颊,宽下颌,冷感眼,眼尾延展,窄眼距,异色瞳,中高鼻根,中直鼻梁,方圆鼻头,成熟长唇,单侧上扬,无标志,长心形脸（中庭拉长），厚眉骨/宽浅眼窝，冷感眼·眼尾延展·窄眼距，中高鼻根/中直鼻梁/方圆鼻头，成熟长唇·单侧上扬，宽下颌
FD00048,长圆脸,下庭加重,骨感额,外侧突出眉骨,浅眼窝,高颧骨,幼态柔软面颊,收敛下颌,短杏眼,眼尾延展,窄眼距,浅褐瞳,中鼻根,轻鹰钩鼻梁,小圆鼻头,上薄下厚,嘴角平直,碎裂虹膜,长圆脸（下庭加重），外侧突出眉骨/浅眼窝，短杏眼·眼尾延展·窄眼距，中鼻根/轻鹰钩鼻梁/小圆鼻头，上薄下厚·嘴角平直，收敛下颌
FD00049,宽方脸,中庭展宽,高额,低眉骨,中度眼窝,低颧骨,幼态柔软面颊,方下颌,成熟长眼,眼尾平直,标准眼距,琥珀瞳,低鼻根,宽骨鼻梁,微钝鼻头,小嘴,嘴角下垂,耳后小痣,宽方脸（中庭展宽），低眉骨/中度眼窝，成熟长眼·眼尾平直·标准眼距，低鼻根/宽骨鼻梁/微钝鼻头，小嘴·嘴角下垂，方下颌
FD00050,标准菱形,中轴微长,低额,薄眉骨,窄深眼窝,低颧骨,饱满面颊,柔和下颌,冷感眼,眼尾微挑,标准眼距,墨玉瞳,窄鼻根,柔和鼻梁,肉感鼻头,成熟长唇,单侧上扬,单侧酒窝,标准菱形（中轴微长），薄眉骨/窄深眼窝，冷感眼·眼尾微挑·标准眼距，窄鼻根/柔和鼻梁/肉感鼻头，成熟长唇·单侧上扬，柔和下颌
FD00051,宽心形脸,下颌线清晰化,低额,厚眉骨,宽浅眼窝,低颧骨,成熟收紧面颊,骨感下颌,狭长眼,眼尾延展,标准眼距,深色瞳,高鼻根,高直鼻梁,窄翼鼻头,上厚下薄,嘴角下垂,下颌浅疤,宽心形脸（下颌线清晰化），厚眉骨/宽浅眼窝，狭长眼·眼尾延展·标准眼距，高鼻根/高直鼻梁/窄翼鼻头，上厚下薄·嘴角下垂，骨感下颌
FD00052,心形脸,下庭收窄,宽额,低眉骨,宽浅眼窝,宽颧骨,幼态柔软面颊,方下颌,丹凤眼,眼尾延展,窄眼距,琥珀瞳,低鼻根,轻微偏左鼻梁,下压鼻头,弓形唇,单侧上扬,瞳孔残缺,心形脸（下庭收窄），低眉骨/宽浅眼窝，丹凤眼·眼尾延展·窄眼距，低鼻根/轻微偏左鼻梁/下压鼻头，弓形唇·单侧上扬，方下颌
FD00053,窄方脸,偏柔圆润,平直额,高眉骨,深眼窝,外扩颧骨,成熟收紧面颊,骨感下颌,丹凤眼,眼尾延展,宽眼距,灰蓝瞳,中高鼻根,中直鼻梁,下压鼻头,厚唇,嘴角上扬,右眼下浅泪痣,窄方脸（偏柔圆润），高眉骨/深眼窝，丹凤眼·眼尾延展·宽眼距，中高鼻根/中直鼻梁/下压鼻头，厚唇·嘴角上扬，骨感下颌
FD00054,肉感短脸,上庭展开,高额,内侧突出眉骨,眼下饱满,窄颧骨,轻凹面颊,骨感下颌,长杏眼,眼尾下压,标准眼距,琥珀瞳,窄鼻根,高直鼻梁,窄翼鼻头,弓形唇,嘴角平直,左眼下浅泪痣,肉感短脸（上庭展开），内侧突出眉骨/眼下饱满，长杏眼·眼尾下压·标准眼距，窄鼻根/高直鼻梁/窄翼鼻头，弓形唇·嘴角平直，骨感下颌
FD00055,标准菱形,颧部微收,窄额,高眉骨,中度眼窝,窄颧骨,成熟收紧面颊,窄下颌,柳叶眼,眼尾明显挑,宽眼距,异色瞳,中高鼻根,柔和鼻梁,微钝鼻头,小嘴,嘴角平直,异色瞳,标准菱形（颧部微收），高眉骨/中度眼窝，柳叶眼·眼尾明显挑·宽眼距，中高鼻根/柔和鼻梁/微钝鼻头，小嘴·嘴角平直，窄下颌
FD00056,幼态圆脸,颌角强调,窄额,柔和眉骨,窄深眼窝,窄颧骨,轻凹面颊,窄下颌,少年圆眼,眼尾延展,窄眼距,深色瞳,中鼻根,轻微偏左鼻梁,下压鼻头,小嘴,嘴角上扬,眼睑褶皱不对称,幼态圆脸（颌角强调），柔和眉骨/窄深眼窝，少年圆眼·眼尾延展·窄眼距，中鼻根/轻微偏左鼻梁/下压鼻头，小嘴·嘴角上扬，窄下颌
FD00057,颧部展开脸,面中立体化,低额,高眉骨,浅眼窝,柔和颧骨,饱满面颊,骨感下颌,柳叶眼,眼尾延展,宽眼距,灰蓝瞳,中高鼻根,轻鹰钩鼻梁,方圆鼻头,成熟长唇,嘴角平直,无标志,颧部展开脸（面中立体化），高眉骨/浅眼窝，柳叶眼·眼尾延展·宽眼距，中高鼻根/轻鹰钩鼻梁/方圆鼻头，成熟长唇·嘴角平直，骨感下颌
FD00058,倒三角脸,颈部线条收短,骨感额,厚眉骨,眼下骨感,宽颧骨,轻凹面颊,窄下颌,下垂眼,眼尾下压,宽眼距,灰蓝瞳,中高鼻根,轻微偏右鼻梁,小圆鼻头,成熟长唇,嘴角平直,环状虹膜,倒三角脸（颈部线条收短），厚眉骨/眼下骨感，下垂眼·眼尾下压·宽眼距，中高鼻根/轻微偏右鼻梁/小圆鼻头，成熟长唇·嘴角平直，窄下颌
FD00059,颧部展开脸,骨点外显,饱满额,压迫感眉骨,浅眼窝,低颧骨,幼态柔软面颊,窄下颌,猫系眼,眼尾微挑,窄眼距,淡金瞳,中鼻根,柔和鼻梁,方圆鼻头,薄唇,单侧上扬,右眼下浅泪痣,颧部展开脸（骨点外显），压迫感眉骨/浅眼窝，猫系眼·眼尾微挑·窄眼距，中鼻根/柔和鼻梁/方圆鼻头，薄唇·单侧上扬，窄下颌
FD00060,宽心形脸,下庭加重,平直额,柔和眉骨,宽浅眼窝,窄颧骨,薄面颊,柔和下颌,瑞凤眼,眼尾平直,窄眼距,异色瞳,中高鼻根,轻微偏左鼻梁,微钝鼻头,平直唇,嘴角紧收,无标志,宽心形脸（下庭加重），柔和眉骨/宽浅眼窝，瑞凤眼·眼尾平直·窄眼距，中高鼻根/轻微偏左鼻梁/微钝鼻头，平直唇·嘴角紧收，柔和下颌
FD00061,上宽下窄脸,中庭展宽,高额,薄眉骨,浅眼窝,柔和颧骨,轻凹面颊,骨感下颌,宽杏眼,眼尾平直,标准眼距,星点虹膜,窄鼻根,微弧鼻梁,骨感鼻头,平直唇,嘴角平直,右眼下浅泪痣,上宽下窄脸（中庭展宽），薄眉骨/浅眼窝，宽杏眼·眼尾平直·标准眼距，窄鼻根/微弧鼻梁/骨感鼻头，平直唇·嘴角平直，骨感下颌
FD00062,幼态方脸,中庭展宽,平直额,低眉骨,深眼窝,宽颧骨,轻凹面颊,圆方下颌,狼系眼,眼尾下压,标准眼距,琥珀瞳,中高鼻根,高直鼻梁,肉感鼻头,厚唇,嘴角下垂,额角旧痕,幼态方脸（中庭展宽），低眉骨/深眼窝，狼系眼·眼尾下压·标准眼距，中高鼻根/高直鼻梁/肉感鼻头，厚唇·嘴角下垂，圆方下颌
FD00063,骨感方脸,颈部线条延长,饱满额,柔和眉骨,窄深眼窝,窄颧骨,成熟收紧面颊,收敛下颌,蛇系眼,眼尾微挑,宽眼距,碎裂虹膜,低鼻根,轻鹰钩鼻梁,窄翼鼻头,小嘴,嘴角下垂,无标志,骨感方脸（颈部线条延长），柔和眉骨/窄深眼窝，蛇系眼·眼尾微挑·宽眼距，低鼻根/轻鹰钩鼻梁/窄翼鼻头，小嘴·嘴角下垂，收敛下颌
FD00064,长圆脸,颈部线条延长,平直额,柔和眉骨,窄深眼窝,宽颧骨,成熟收紧面颊,柔和下颌,成熟长眼,眼尾平直,窄眼距,浅褐瞳,窄鼻根,高直鼻梁,小圆鼻头,平直唇,嘴角上扬,单侧虎牙,长圆脸（颈部线条延长），柔和眉骨/窄深眼窝，成熟长眼·眼尾平直·窄眼距，窄鼻根/高直鼻梁/小圆鼻头，平直唇·嘴角上扬，柔和下颌
FD00065,正梯形脸,下颌线清晰化,低额,柔和眉骨,宽浅眼窝,外扩颧骨,薄面颊,窄下颌,狭长瑞凤眼,眼尾明显挑,宽眼距,异色瞳,中鼻根,微弧鼻梁,下压鼻头,上厚下薄,单侧上扬,唇下小痣,正梯形脸（下颌线清晰化），柔和眉骨/宽浅眼窝，狭长瑞凤眼·眼尾明显挑·宽眼距，中鼻根/微弧鼻梁/下压鼻头，上厚下薄·单侧上扬，窄下颌
FD00066,清瘦圆脸,偏柔圆润,宽额,厚眉骨,眼下饱满,低颧骨,幼态柔软面颊,方下颌,蛇系眼,眼尾下沉,窄眼距,淡金瞳,低鼻根,柔和鼻梁,微钝鼻头,上薄下厚,单侧上扬,无标志,清瘦圆脸（偏柔圆润），厚眉骨/眼下饱满，蛇系眼·眼尾下沉·窄眼距，低鼻根/柔和鼻梁/微钝鼻头，上薄下厚·单侧上扬，方下颌
FD00067,梨形脸,颌角弱化,饱满额,柔和眉骨,中度眼窝,窄颧骨,轻凹面颊,圆方下颌,桃花眼,眼尾微挑,宽眼距,灰蓝瞳,低鼻根,轻微偏右鼻梁,小圆鼻头,上薄下厚,嘴角紧收,单侧虎牙,梨形脸（颌角弱化），柔和眉骨/中度眼窝，桃花眼·眼尾微挑·宽眼距，低鼻根/轻微偏右鼻梁/小圆鼻头，上薄下厚·嘴角紧收，圆方下颌
FD00068,肉感短脸,中轴微长,骨感额,内侧突出眉骨,眼下骨感,窄颧骨,轻凹面颊,明显下颌角,窄杏眼,眼尾下压,窄眼距,深色瞳,宽鼻根,柔和鼻梁,窄翼鼻头,宽嘴,嘴角下垂,右眼下浅泪痣,肉感短脸（中轴微长），内侧突出眉骨/眼下骨感，窄杏眼·眼尾下压·窄眼距，宽鼻根/柔和鼻梁/窄翼鼻头，宽嘴·嘴角下垂，明显下颌角
FD00069,清瘦圆脸,下颌线柔化,窄额,低眉骨,窄深眼窝,柔和颧骨,幼态柔软面颊,宽下颌,狐狸系眼,眼尾下压,窄眼距,星点虹膜,低鼻根,高直鼻梁,下压鼻头,上厚下薄,嘴角下垂,左颊浅疤,清瘦圆脸（下颌线柔化），低眉骨/窄深眼窝，狐狸系眼·眼尾下压·窄眼距，低鼻根/高直鼻梁/下压鼻头，上厚下薄·嘴角下垂，宽下颌
FD00070,宽方脸,下庭收窄,平直额,柔和眉骨,深眼窝,低颧骨,轻凹面颊,宽下颌,鹰隼眼,眼尾平直,标准眼距,异色瞳,宽鼻根,微弧鼻梁,微钝鼻头,宽嘴,嘴角紧收,左颊浅疤,宽方脸（下庭收窄），柔和眉骨/深眼窝，鹰隼眼·眼尾平直·标准眼距，宽鼻根/微弧鼻梁/微钝鼻头，宽嘴·嘴角紧收，宽下颌
FD00071,圆方脸,骨点内敛,平直额,外侧突出眉骨,深眼窝,外扩颧骨,幼态柔软面颊,圆方下颌,狼系眼,眼尾微挑,窄眼距,异色瞳,低鼻根,中直鼻梁,轻翘鼻头,上厚下薄,嘴角上扬,左眼下浅泪痣,圆方脸（骨点内敛），外侧突出眉骨/深眼窝，狼系眼·眼尾微挑·窄眼距，低鼻根/中直鼻梁/轻翘鼻头，上厚下薄·嘴角上扬，圆方下颌
FD00072,倒梯形脸,颊部略凹,微凸额,低眉骨,中度眼窝,高颧骨,幼态柔软面颊,窄下颌,半睁懒眼,眼尾平直,宽眼距,淡金瞳,宽鼻根,宽骨鼻梁,小圆鼻头,上薄下厚,嘴角下垂,下颌浅疤,倒梯形脸（颊部略凹），低眉骨/中度眼窝，半睁懒眼·眼尾平直·宽眼距，宽鼻根/宽骨鼻梁/小圆鼻头，上薄下厚·嘴角下垂，窄下颌
FD00073,短方脸,颊部略凹,骨感额,外侧突出眉骨,中度眼窝,柔和颧骨,成熟收紧面颊,圆方下颌,疲惫眼,眼尾平直,标准眼距,琥珀瞳,低鼻根,柔和鼻梁,下压鼻头,小嘴,单侧上扬,碎裂虹膜,短方脸（颊部略凹），外侧突出眉骨/中度眼窝，疲惫眼·眼尾平直·标准眼距，低鼻根/柔和鼻梁/下压鼻头，小嘴·单侧上扬，圆方下颌
FD00074,倒梯形脸,中轴微长,饱满额,内侧突出眉骨,中度眼窝,外扩颧骨,成熟收紧面颊,骨感下颌,蛇系眼,眼尾延展,宽眼距,浅褐瞳,高鼻根,高直鼻梁,方圆鼻头,上厚下薄,嘴角紧收,耳后小痣,倒梯形脸（中轴微长），内侧突出眉骨/中度眼窝，蛇系眼·眼尾延展·宽眼距，高鼻根/高直鼻梁/方圆鼻头，上厚下薄·嘴角紧收，骨感下颌
FD00075,标准菱形,骨点外显,骨感额,厚眉骨,眼下饱满,高颧骨,轻凹面颊,柔和下颌,桃花眼,眼尾延展,窄眼距,淡金瞳,窄鼻根,轻微偏左鼻梁,肉感鼻头,上薄下厚,单侧上扬,无标志,标准菱形（骨点外显），厚眉骨/眼下饱满，桃花眼·眼尾延展·窄眼距，窄鼻根/轻微偏左鼻梁/肉感鼻头，上薄下厚·单侧上扬，柔和下颌
FD00076,柔和方脸,颌角强调,饱满额,厚眉骨,眼下饱满,外扩颧骨,薄面颊,窄下颌,鹿系眼,眼尾微挑,窄眼距,异色瞳,高鼻根,轻微偏左鼻梁,肉感鼻头,上厚下薄,嘴角紧收,额角旧痕,柔和方脸（颌角强调），厚眉骨/眼下饱满，鹿系眼·眼尾微挑·窄眼距，高鼻根/轻微偏左鼻梁/肉感鼻头，上厚下薄·嘴角紧收，窄下颌
FD00077,颧部展开脸,中庭展宽,平直额,低眉骨,中度眼窝,窄颧骨,幼态柔软面颊,明显下颌角,宽杏眼,眼尾下压,标准眼距,浅褐瞳,中高鼻根,轻鹰钩鼻梁,方圆鼻头,厚唇,嘴角紧收,眉上小疤,颧部展开脸（中庭展宽），低眉骨/中度眼窝，宽杏眼·眼尾下压·标准眼距，中高鼻根/轻鹰钩鼻梁/方圆鼻头，厚唇·嘴角紧收，明显下颌角
FD00078,心形脸,下颌线清晰化,低额,厚眉骨,深眼窝,柔和颧骨,薄面颊,明显下颌角,狼系眼,眼尾延展,宽眼距,碎裂虹膜,低鼻根,高直鼻梁,窄翼鼻头,薄唇,嘴角紧收,单侧酒窝,心形脸（下颌线清晰化），厚眉骨/深眼窝，狼系眼·眼尾延展·宽眼距，低鼻根/高直鼻梁/窄翼鼻头，薄唇·嘴角紧收，明显下颌角
FD00079,圆脸,中庭展宽,高额,厚眉骨,深眼窝,宽颧骨,轻凹面颊,骨感下颌,柳叶眼,眼尾下沉,宽眼距,环状虹膜,低鼻根,微弧鼻梁,微钝鼻头,成熟长唇,嘴角下垂,眉尾旧疤,圆脸（中庭展宽），厚眉骨/深眼窝，柳叶眼·眼尾下沉·宽眼距，低鼻根/微弧鼻梁/微钝鼻头，成熟长唇·嘴角下垂，骨感下颌
FD00080,骨感菱形,下庭加重,饱满额,柔和眉骨,深眼窝,窄颧骨,成熟收紧面颊,收敛下颌,上扬凤眼,眼尾明显挑,窄眼距,碎裂虹膜,中鼻根,轻鹰钩鼻梁,方圆鼻头,上厚下薄,嘴角下垂,单侧酒窝,骨感菱形（下庭加重），柔和眉骨/深眼窝，上扬凤眼·眼尾明显挑·窄眼距，中鼻根/轻鹰钩鼻梁/方圆鼻头，上厚下薄·嘴角下垂，收敛下颌
FD00081,成熟方脸,骨点外显,高额,压迫感眉骨,窄深眼窝,外扩颧骨,饱满面颊,方下颌,圆长眼,眼尾下沉,标准眼距,环状虹膜,窄鼻根,轻鹰钩鼻梁,小圆鼻头,小嘴,单侧上扬,耳后小痣,成熟方脸（骨点外显），压迫感眉骨/窄深眼窝，圆长眼·眼尾下沉·标准眼距，窄鼻根/轻鹰钩鼻梁/小圆鼻头，小嘴·单侧上扬，方下颌
FD00082,心形脸,颈部线条延长,窄额,薄眉骨,窄深眼窝,宽颧骨,薄面颊,圆方下颌,鹰隼眼,眼尾平直,标准眼距,淡金瞳,窄鼻根,轻微偏左鼻梁,肉感鼻头,平直唇,嘴角紧收,左颊浅疤,心形脸（颈部线条延长），薄眉骨/窄深眼窝，鹰隼眼·眼尾平直·标准眼距，窄鼻根/轻微偏左鼻梁/肉感鼻头，平直唇·嘴角紧收，圆方下颌
FD00083,宽菱形,颧部外扩,骨感额,厚眉骨,眼下饱满,柔和颧骨,幼态柔软面颊,明显下颌角,平直杏眼,眼尾延展,标准眼距,环状虹膜,中鼻根,柔和鼻梁,窄翼鼻头,上厚下薄,嘴角下垂,左眼下浅泪痣,宽菱形（颧部外扩），厚眉骨/眼下饱满，平直杏眼·眼尾延展·标准眼距，中鼻根/柔和鼻梁/窄翼鼻头，上厚下薄·嘴角下垂，明显下颌角
FD00084,幼态圆脸,颈部线条延长,平直额,内侧突出眉骨,深眼窝,柔和颧骨,轻凹面颊,明显下颌角,窄杏眼,眼尾下压,宽眼距,环状虹膜,低鼻根,轻微偏右鼻梁,下压鼻头,上厚下薄,嘴角紧收,下颌浅疤,幼态圆脸（颈部线条延长），内侧突出眉骨/深眼窝，窄杏眼·眼尾下压·宽眼距，低鼻根/轻微偏右鼻梁/下压鼻头，上厚下薄·嘴角紧收，明显下颌角
FD00085,宽方脸,颊部略凹,低额,厚眉骨,眼下骨感,低颧骨,幼态柔软面颊,骨感下颌,狼系眼,眼尾延展,标准眼距,灰蓝瞳,中高鼻根,高直鼻梁,窄翼鼻头,成熟长唇,嘴角紧收,单侧酒窝,宽方脸（颊部略凹），厚眉骨/眼下骨感，狼系眼·眼尾延展·标准眼距，中高鼻根/高直鼻梁/窄翼鼻头，成熟长唇·嘴角紧收，骨感下颌
FD00086,幼态方脸,颌角弱化,宽额,内侧突出眉骨,浅眼窝,高颧骨,幼态柔软面颊,收敛下颌,瑞凤眼,眼尾下沉,宽眼距,环状虹膜,宽鼻根,轻鹰钩鼻梁,窄翼鼻头,平直唇,嘴角上扬,双侧酒窝,幼态方脸（颌角弱化），内侧突出眉骨/浅眼窝，瑞凤眼·眼尾下沉·宽眼距，宽鼻根/轻鹰钩鼻梁/窄翼鼻头，平直唇·嘴角上扬，收敛下颌
FD00087,柔和菱形,偏柔圆润,微凸额,压迫感眉骨,眼下骨感,外扩颧骨,成熟收紧面颊,柔和下颌,鹤系眼,眼尾延展,宽眼距,淡金瞳,中高鼻根,柔和鼻梁,下压鼻头,小嘴,嘴角上扬,无标志,柔和菱形（偏柔圆润），压迫感眉骨/眼下骨感，鹤系眼·眼尾延展·宽眼距，中高鼻根/柔和鼻梁/下压鼻头，小嘴·嘴角上扬，柔和下颌
FD00088,窄方脸,中轴微长,低额,薄眉骨,深眼窝,窄颧骨,薄面颊,宽下颌,桃花眼,眼尾明显挑,宽眼距,浅褐瞳,中高鼻根,轻微偏左鼻梁,小圆鼻头,成熟长唇,单侧上扬,眼角小痣,窄方脸（中轴微长），薄眉骨/深眼窝，桃花眼·眼尾明显挑·宽眼距，中高鼻根/轻微偏左鼻梁/小圆鼻头，成熟长唇·单侧上扬，宽下颌
FD00089,宽心形脸,上庭收窄,窄额,高眉骨,宽浅眼窝,窄颧骨,幼态柔软面颊,窄下颌,长杏眼,眼尾明显挑,标准眼距,墨玉瞳,中高鼻根,轻鹰钩鼻梁,骨感鼻头,平直唇,嘴角紧收,鼻梁旧伤,宽心形脸（上庭收窄），高眉骨/宽浅眼窝，长杏眼·眼尾明显挑·标准眼距，中高鼻根/轻鹰钩鼻梁/骨感鼻头，平直唇·嘴角紧收，窄下颌
FD00090,心形脸,上庭收窄,饱满额,低眉骨,窄深眼窝,柔和颧骨,薄面颊,骨感下颌,窄杏眼,眼尾平直,窄眼距,碎裂虹膜,窄鼻根,中直鼻梁,下压鼻头,成熟长唇,嘴角上扬,无标志,心形脸（上庭收窄），低眉骨/窄深眼窝，窄杏眼·眼尾平直·窄眼距，窄鼻根/中直鼻梁/下压鼻头，成熟长唇·嘴角上扬，骨感下颌
FD00091,梨形脸,颌角弱化,宽额,薄眉骨,深眼窝,高颧骨,幼态柔软面颊,柔和下颌,短杏眼,眼尾明显挑,宽眼距,淡金瞳,宽鼻根,轻鹰钩鼻梁,小圆鼻头,上厚下薄,嘴角下垂,无标志,梨形脸（颌角弱化），薄眉骨/深眼窝，短杏眼·眼尾明显挑·宽眼距，宽鼻根/轻鹰钩鼻梁/小圆鼻头，上厚下薄·嘴角下垂，柔和下颌
FD00092,方菱过渡脸,下颌线柔化,窄额,低眉骨,窄深眼窝,窄颧骨,薄面颊,宽下颌,鹿系眼,眼尾微挑,宽眼距,碎裂虹膜,高鼻根,高直鼻梁,轻翘鼻头,薄唇,嘴角下垂,鼻梁旧伤,方菱过渡脸（下颌线柔化），低眉骨/窄深眼窝，鹿系眼·眼尾微挑·宽眼距，高鼻根/高直鼻梁/轻翘鼻头，薄唇·嘴角下垂，宽下颌
FD00093,成熟方脸,颊部略凹,宽额,内侧突出眉骨,浅眼窝,宽颧骨,轻凹面颊,圆方下颌,桃花眼,眼尾延展,宽眼距,浅褐瞳,宽鼻根,轻微偏左鼻梁,轻翘鼻头,上厚下薄,嘴角上扬,右眉轻断,成熟方脸（颊部略凹），内侧突出眉骨/浅眼窝，桃花眼·眼尾延展·宽眼距，宽鼻根/轻微偏左鼻梁/轻翘鼻头，上厚下薄·嘴角上扬，圆方下颌
FD00094,幼态方脸,上庭展开,微凸额,厚眉骨,眼下饱满,外扩颧骨,饱满面颊,圆方下颌,短杏眼,眼尾平直,宽眼距,灰蓝瞳,中鼻根,轻鹰钩鼻梁,微钝鼻头,成熟长唇,单侧上扬,无标志,幼态方脸（上庭展开），厚眉骨/眼下饱满，短杏眼·眼尾平直·宽眼距，中鼻根/轻鹰钩鼻梁/微钝鼻头，成熟长唇·单侧上扬，圆方下颌
FD00095,清瘦圆脸,颊部饱满,高额,压迫感眉骨,浅眼窝,外扩颧骨,薄面颊,骨感下颌,鹿系眼,眼尾下沉,宽眼距,墨玉瞳,中鼻根,高直鼻梁,轻翘鼻头,成熟长唇,嘴角紧收,左眼下浅泪痣,清瘦圆脸（颊部饱满），压迫感眉骨/浅眼窝，鹿系眼·眼尾下沉·宽眼距，中鼻根/高直鼻梁/轻翘鼻头，成熟长唇·嘴角紧收，骨感下颌
FD00096,宽方脸,下颌线清晰化,微凸额,薄眉骨,中度眼窝,窄颧骨,饱满面颊,明显下颌角,平直杏眼,眼尾微挑,宽眼距,环状虹膜,宽鼻根,轻微偏左鼻梁,下压鼻头,上薄下厚,单侧上扬,左眼下浅泪痣,宽方脸（下颌线清晰化），薄眉骨/中度眼窝，平直杏眼·眼尾微挑·宽眼距，宽鼻根/轻微偏左鼻梁/下压鼻头，上薄下厚·单侧上扬，明显下颌角
FD00097,正梯形脸,中轴收紧,低额,薄眉骨,中度眼窝,外扩颧骨,轻凹面颊,方下颌,长杏眼,眼尾延展,宽眼距,星点虹膜,低鼻根,宽骨鼻梁,肉感鼻头,弓形唇,单侧上扬,环状虹膜,正梯形脸（中轴收紧），薄眉骨/中度眼窝，长杏眼·眼尾延展·宽眼距，低鼻根/宽骨鼻梁/肉感鼻头，弓形唇·单侧上扬，方下颌
FD00098,圆方脸,下颌线柔化,平直额,高眉骨,眼下骨感,宽颧骨,成熟收紧面颊,骨感下颌,柳叶眼,眼尾平直,宽眼距,淡金瞳,宽鼻根,轻微偏左鼻梁,肉感鼻头,弓形唇,单侧上扬,眉尾旧疤,圆方脸（下颌线柔化），高眉骨/眼下骨感，柳叶眼·眼尾平直·宽眼距，宽鼻根/轻微偏左鼻梁/肉感鼻头，弓形唇·单侧上扬，骨感下颌
FD00099,幼态方脸,上庭收窄,骨感额,低眉骨,窄深眼窝,外扩颧骨,幼态柔软面颊,圆方下颌,冷感眼,眼尾延展,宽眼距,碎裂虹膜,窄鼻根,轻微偏右鼻梁,微钝鼻头,弓形唇,嘴角紧收,左眼下浅泪痣,幼态方脸（上庭收窄），低眉骨/窄深眼窝，冷感眼·眼尾延展·宽眼距，窄鼻根/轻微偏右鼻梁/微钝鼻头，弓形唇·嘴角紧收，圆方下颌
FD00100,骨感方脸,偏锐收窄,微凸额,外侧突出眉骨,中度眼窝,宽颧骨,薄面颊,收敛下颌,桃花眼,眼尾延展,窄眼距,环状虹膜,宽鼻根,柔和鼻梁,方圆鼻头,小嘴,嘴角下垂,碎裂虹膜,骨感方脸（偏锐收窄），外侧突出眉骨/中度眼窝，桃花眼·眼尾延展·窄眼距，宽鼻根/柔和鼻梁/方圆鼻头，小嘴·嘴角下垂，收敛下颌
FD00101,心形脸,偏锐收窄,低额,高眉骨,深眼窝,宽颧骨,轻凹面颊,明显下颌角,半睁懒眼,眼尾下沉,标准眼距,异色瞳,中鼻根,轻微偏右鼻梁,微钝鼻头,宽嘴,嘴角平直,左颊浅疤,心形脸（偏锐收窄），高眉骨/深眼窝，半睁懒眼·眼尾下沉·标准眼距，中鼻根/轻微偏右鼻梁/微钝鼻头，宽嘴·嘴角平直，明显下颌角
FD00102,幼态圆脸,骨点内敛,宽额,压迫感眉骨,浅眼窝,柔和颧骨,饱满面颊,圆方下颌,平直杏眼,眼尾微挑,宽眼距,星点虹膜,低鼻根,宽骨鼻梁,小圆鼻头,成熟长唇,嘴角平直,额角旧痕,幼态圆脸（骨点内敛），压迫感眉骨/浅眼窝，平直杏眼·眼尾微挑·宽眼距，低鼻根/宽骨鼻梁/小圆鼻头，成熟长唇·嘴角平直，圆方下颌
FD00103,短方脸,上庭展开,微凸额,薄眉骨,眼下骨感,宽颧骨,轻凹面颊,柔和下颌,宽杏眼,眼尾微挑,宽眼距,星点虹膜,中鼻根,宽骨鼻梁,方圆鼻头,成熟长唇,单侧上扬,双侧酒窝,短方脸（上庭展开），薄眉骨/眼下骨感，宽杏眼·眼尾微挑·宽眼距，中鼻根/宽骨鼻梁/方圆鼻头，成熟长唇·单侧上扬，柔和下颌
FD00104,宽菱形,骨点外显,低额,厚眉骨,深眼窝,柔和颧骨,成熟收紧面颊,柔和下颌,圆长眼,眼尾延展,窄眼距,琥珀瞳,低鼻根,微弧鼻梁,微钝鼻头,上薄下厚,单侧上扬,额角旧痕,宽菱形（骨点外显），厚眉骨/深眼窝，圆长眼·眼尾延展·窄眼距，低鼻根/微弧鼻梁/微钝鼻头，上薄下厚·单侧上扬，柔和下颌
FD00105,宽菱形,颈部线条收短,窄额,厚眉骨,浅眼窝,高颧骨,幼态柔软面颊,方下颌,狭长眼,眼尾下沉,宽眼距,深色瞳,中高鼻根,轻微偏左鼻梁,窄翼鼻头,宽嘴,嘴角下垂,耳后小痣,宽菱形（颈部线条收短），厚眉骨/浅眼窝，狭长眼·眼尾下沉·宽眼距，中高鼻根/轻微偏左鼻梁/窄翼鼻头，宽嘴·嘴角下垂，方下颌
FD00106,长菱形,偏柔圆润,宽额,低眉骨,眼下骨感,柔和颧骨,轻凹面颊,宽下颌,桃花眼,眼尾明显挑,宽眼距,浅褐瞳,窄鼻根,轻鹰钩鼻梁,窄翼鼻头,厚唇,单侧上扬,单侧酒窝,长菱形（偏柔圆润），低眉骨/眼下骨感，桃花眼·眼尾明显挑·宽眼距，窄鼻根/轻鹰钩鼻梁/窄翼鼻头，厚唇·单侧上扬，宽下颌
FD00107,下颌突出脸,颌角弱化,微凸额,柔和眉骨,深眼窝,窄颧骨,薄面颊,骨感下颌,长杏眼,眼尾下沉,标准眼距,异色瞳,低鼻根,柔和鼻梁,轻翘鼻头,小嘴,嘴角下垂,异色瞳,下颌突出脸（颌角弱化），柔和眉骨/深眼窝，长杏眼·眼尾下沉·标准眼距，低鼻根/柔和鼻梁/轻翘鼻头，小嘴·嘴角下垂，骨感下颌
FD00108,圆方脸,上庭收窄,平直额,柔和眉骨,中度眼窝,宽颧骨,饱满面颊,圆方下颌,成熟长眼,眼尾延展,窄眼距,深色瞳,低鼻根,高直鼻梁,骨感鼻头,厚唇,嘴角平直,单侧酒窝,圆方脸（上庭收窄），柔和眉骨/中度眼窝，成熟长眼·眼尾延展·窄眼距，低鼻根/高直鼻梁/骨感鼻头，厚唇·嘴角平直，圆方下颌
FD00109,颧部展开脸,骨点外显,窄额,外侧突出眉骨,宽浅眼窝,宽颧骨,幼态柔软面颊,柔和下颌,平凤眼,眼尾平直,宽眼距,环状虹膜,窄鼻根,柔和鼻梁,小圆鼻头,厚唇,嘴角上扬,瞳孔残缺,颧部展开脸（骨点外显），外侧突出眉骨/宽浅眼窝，平凤眼·眼尾平直·宽眼距，窄鼻根/柔和鼻梁/小圆鼻头，厚唇·嘴角上扬，柔和下颌
FD00110,短方脸,颊部饱满,宽额,低眉骨,窄深眼窝,低颧骨,薄面颊,骨感下颌,狐狸系眼,眼尾微挑,标准眼距,异色瞳,窄鼻根,轻微偏右鼻梁,窄翼鼻头,平直唇,嘴角下垂,双侧酒窝,短方脸（颊部饱满），低眉骨/窄深眼窝，狐狸系眼·眼尾微挑·标准眼距，窄鼻根/轻微偏右鼻梁/窄翼鼻头，平直唇·嘴角下垂，骨感下颌
FD00111,长圆脸,面中立体化,低额,内侧突出眉骨,深眼窝,柔和颧骨,轻凹面颊,圆方下颌,成熟长眼,眼尾明显挑,窄眼距,琥珀瞳,高鼻根,中直鼻梁,骨感鼻头,平直唇,嘴角平直,无标志,长圆脸（面中立体化），内侧突出眉骨/深眼窝，成熟长眼·眼尾明显挑·窄眼距，高鼻根/中直鼻梁/骨感鼻头，平直唇·嘴角平直，圆方下颌
FD00112,短方脸,中庭拉长,高额,低眉骨,窄深眼窝,低颧骨,幼态柔软面颊,窄下颌,鹤系眼,眼尾下压,标准眼距,墨玉瞳,高鼻根,高直鼻梁,小圆鼻头,弓形唇,嘴角紧收,右眼下浅泪痣,短方脸（中庭拉长），低眉骨/窄深眼窝，鹤系眼·眼尾下压·标准眼距，高鼻根/高直鼻梁/小圆鼻头，弓形唇·嘴角紧收，窄下颌
FD00113,宽心形脸,面中平缓,高额,低眉骨,宽浅眼窝,柔和颧骨,成熟收紧面颊,圆方下颌,上扬凤眼,眼尾平直,宽眼距,淡金瞳,宽鼻根,中直鼻梁,下压鼻头,上薄下厚,嘴角平直,眉尾旧疤,宽心形脸（面中平缓），低眉骨/宽浅眼窝，上扬凤眼·眼尾平直·宽眼距，宽鼻根/中直鼻梁/下压鼻头，上薄下厚·嘴角平直，圆方下颌
FD00114,宽方脸,偏柔圆润,低额,高眉骨,窄深眼窝,外扩颧骨,薄面颊,宽下颌,冷感眼,眼尾下压,标准眼距,环状虹膜,低鼻根,轻微偏左鼻梁,小圆鼻头,小嘴,单侧上扬,无标志,宽方脸（偏柔圆润），高眉骨/窄深眼窝，冷感眼·眼尾下压·标准眼距，低鼻根/轻微偏左鼻梁/小圆鼻头，小嘴·单侧上扬，宽下颌
FD00115,双颌匀称脸,颈部线条延长,饱满额,柔和眉骨,眼下骨感,窄颧骨,饱满面颊,宽下颌,鹿系眼,眼尾延展,宽眼距,深色瞳,高鼻根,轻鹰钩鼻梁,肉感鼻头,厚唇,嘴角上扬,碎裂虹膜,双颌匀称脸（颈部线条延长），柔和眉骨/眼下骨感，鹿系眼·眼尾延展·宽眼距，高鼻根/轻鹰钩鼻梁/肉感鼻头，厚唇·嘴角上扬，宽下颌
FD00116,倒梯形脸,面中立体化,低额,厚眉骨,宽浅眼窝,高颧骨,饱满面颊,明显下颌角,长杏眼,眼尾微挑,标准眼距,环状虹膜,宽鼻根,轻鹰钩鼻梁,微钝鼻头,成熟长唇,嘴角上扬,耳后小痣,倒梯形脸（面中立体化），厚眉骨/宽浅眼窝，长杏眼·眼尾微挑·标准眼距，宽鼻根/轻鹰钩鼻梁/微钝鼻头，成熟长唇·嘴角上扬，明显下颌角
FD00117,正梯形脸,颌角弱化,窄额,外侧突出眉骨,深眼窝,柔和颧骨,轻凹面颊,柔和下颌,冷感眼,眼尾延展,窄眼距,碎裂虹膜,中高鼻根,柔和鼻梁,小圆鼻头,薄唇,嘴角上扬,环状虹膜,正梯形脸（颌角弱化），外侧突出眉骨/深眼窝，冷感眼·眼尾延展·窄眼距，中高鼻根/柔和鼻梁/小圆鼻头，薄唇·嘴角上扬，柔和下颌
FD00118,短圆脸,中庭展宽,平直额,厚眉骨,中度眼窝,低颧骨,薄面颊,柔和下颌,宽杏眼,眼尾延展,宽眼距,碎裂虹膜,低鼻根,宽骨鼻梁,方圆鼻头,厚唇,嘴角紧收,眼睑褶皱不对称,短圆脸（中庭展宽），厚眉骨/中度眼窝，宽杏眼·眼尾延展·宽眼距，低鼻根/宽骨鼻梁/方圆鼻头，厚唇·嘴角紧收，柔和下颌
FD00119,倒三角脸,中庭拉长,宽额,厚眉骨,眼下饱满,柔和颧骨,轻凹面颊,宽下颌,圆长眼,眼尾下压,宽眼距,碎裂虹膜,中鼻根,微弧鼻梁,骨感鼻头,成熟长唇,嘴角平直,颈侧细疤,倒三角脸（中庭拉长），厚眉骨/眼下饱满，圆长眼·眼尾下压·宽眼距，中鼻根/微弧鼻梁/骨感鼻头，成熟长唇·嘴角平直，宽下颌
FD00120,长菱形,下颌线清晰化,低额,外侧突出眉骨,眼下骨感,柔和颧骨,薄面颊,宽下颌,蛇系眼,眼尾下压,宽眼距,淡金瞳,中鼻根,微弧鼻梁,方圆鼻头,小嘴,嘴角上扬,下颌浅疤,长菱形（下颌线清晰化），外侧突出眉骨/眼下骨感，蛇系眼·眼尾下压·宽眼距，中鼻根/微弧鼻梁/方圆鼻头，小嘴·嘴角上扬，宽下颌
FD00121,长方脸,颧部微收,高额,厚眉骨,眼下骨感,低颧骨,幼态柔软面颊,方下颌,狭长瑞凤眼,眼尾平直,窄眼距,淡金瞳,高鼻根,中直鼻梁,微钝鼻头,宽嘴,嘴角紧收,眼角小痣,长方脸（颧部微收），厚眉骨/眼下骨感，狭长瑞凤眼·眼尾平直·窄眼距，高鼻根/中直鼻梁/微钝鼻头，宽嘴·嘴角紧收，方下颌
FD00122,短方脸,颧部外扩,高额,低眉骨,眼下骨感,宽颧骨,幼态柔软面颊,方下颌,狼系眼,眼尾下沉,标准眼距,淡金瞳,窄鼻根,柔和鼻梁,肉感鼻头,薄唇,单侧上扬,下颌浅疤,短方脸（颧部外扩），低眉骨/眼下骨感，狼系眼·眼尾下沉·标准眼距，窄鼻根/柔和鼻梁/肉感鼻头，薄唇·单侧上扬，方下颌
FD00123,清瘦圆脸,偏锐收窄,饱满额,高眉骨,宽浅眼窝,低颧骨,薄面颊,方下颌,鹿系眼,眼尾明显挑,宽眼距,异色瞳,中高鼻根,轻微偏左鼻梁,轻翘鼻头,弓形唇,单侧上扬,左颊浅疤,清瘦圆脸（偏锐收窄），高眉骨/宽浅眼窝，鹿系眼·眼尾明显挑·宽眼距，中高鼻根/轻微偏左鼻梁/轻翘鼻头，弓形唇·单侧上扬，方下颌
FD00124,上宽下窄脸,上庭展开,高额,内侧突出眉骨,浅眼窝,窄颧骨,成熟收紧面颊,圆方下颌,瑞凤眼,眼尾延展,标准眼距,灰蓝瞳,中鼻根,轻微偏左鼻梁,微钝鼻头,平直唇,嘴角上扬,指节薄茧,上宽下窄脸（上庭展开），内侧突出眉骨/浅眼窝，瑞凤眼·眼尾延展·标准眼距，中鼻根/轻微偏左鼻梁/微钝鼻头，平直唇·嘴角上扬，圆方下颌
FD00125,心形脸,面中平缓,窄额,压迫感眉骨,宽浅眼窝,高颧骨,薄面颊,圆方下颌,丹凤眼,眼尾微挑,窄眼距,墨玉瞳,中高鼻根,微弧鼻梁,窄翼鼻头,上厚下薄,单侧上扬,左颊浅疤,心形脸（面中平缓），压迫感眉骨/宽浅眼窝，丹凤眼·眼尾微挑·窄眼距，中高鼻根/微弧鼻梁/窄翼鼻头，上厚下薄·单侧上扬，圆方下颌
FD00126,长圆脸,颌角强调,窄额,厚眉骨,宽浅眼窝,宽颧骨,成熟收紧面颊,宽下颌,冷感眼,眼尾延展,窄眼距,深色瞳,宽鼻根,宽骨鼻梁,肉感鼻头,平直唇,单侧上扬,左颊浅疤,长圆脸（颌角强调），厚眉骨/宽浅眼窝，冷感眼·眼尾延展·窄眼距，宽鼻根/宽骨鼻梁/肉感鼻头，平直唇·单侧上扬，宽下颌
FD00127,柔和菱形,中轴微长,宽额,高眉骨,窄深眼窝,宽颧骨,轻凹面颊,方下颌,狐狸系眼,眼尾下沉,标准眼距,淡金瞳,窄鼻根,轻微偏右鼻梁,小圆鼻头,薄唇,嘴角平直,耳后小痣,柔和菱形（中轴微长），高眉骨/窄深眼窝，狐狸系眼·眼尾下沉·标准眼距，窄鼻根/轻微偏右鼻梁/小圆鼻头，薄唇·嘴角平直，方下颌
FD00128,正梯形脸,颧部微收,宽额,柔和眉骨,中度眼窝,柔和颧骨,饱满面颊,圆方下颌,下垂眼,眼尾明显挑,宽眼距,琥珀瞳,中鼻根,轻鹰钩鼻梁,下压鼻头,薄唇,嘴角平直,碎裂虹膜,正梯形脸（颧部微收），柔和眉骨/中度眼窝，下垂眼·眼尾明显挑·宽眼距，中鼻根/轻鹰钩鼻梁/下压鼻头，薄唇·嘴角平直，圆方下颌
FD00129,肉感短脸,偏柔圆润,宽额,薄眉骨,中度眼窝,低颧骨,薄面颊,收敛下颌,鹿系眼,眼尾下沉,宽眼距,琥珀瞳,宽鼻根,高直鼻梁,骨感鼻头,成熟长唇,嘴角上扬,左眼下浅泪痣,肉感短脸（偏柔圆润），薄眉骨/中度眼窝，鹿系眼·眼尾下沉·宽眼距，宽鼻根/高直鼻梁/骨感鼻头，成熟长唇·嘴角上扬，收敛下颌
FD00130,正梯形脸,上庭展开,窄额,柔和眉骨,宽浅眼窝,外扩颧骨,成熟收紧面颊,柔和下颌,短圆杏眼,眼尾延展,宽眼距,灰蓝瞳,宽鼻根,微弧鼻梁,方圆鼻头,弓形唇,嘴角下垂,右眉轻断,正梯形脸（上庭展开），柔和眉骨/宽浅眼窝，短圆杏眼·眼尾延展·宽眼距，宽鼻根/微弧鼻梁/方圆鼻头，弓形唇·嘴角下垂，柔和下颌
FD00131,倒梯形脸,下颌线清晰化,低额,压迫感眉骨,宽浅眼窝,宽颧骨,饱满面颊,明显下颌角,猫系眼,眼尾下沉,宽眼距,浅褐瞳,中鼻根,微弧鼻梁,轻翘鼻头,成熟长唇,嘴角上扬,眼睑褶皱不对称,倒梯形脸（下颌线清晰化），压迫感眉骨/宽浅眼窝，猫系眼·眼尾下沉·宽眼距，中鼻根/微弧鼻梁/轻翘鼻头，成熟长唇·嘴角上扬，明显下颌角
FD00132,柔和菱形,下庭加重,高额,薄眉骨,宽浅眼窝,高颧骨,轻凹面颊,柔和下颌,冷感眼,眼尾微挑,宽眼距,环状虹膜,中高鼻根,中直鼻梁,轻翘鼻头,薄唇,嘴角平直,双侧酒窝,柔和菱形（下庭加重），薄眉骨/宽浅眼窝，冷感眼·眼尾微挑·宽眼距，中高鼻根/中直鼻梁/轻翘鼻头，薄唇·嘴角平直，柔和下颌
FD00133,圆方脸,面中立体化,骨感额,低眉骨,窄深眼窝,窄颧骨,轻凹面颊,方下颌,丹凤眼,眼尾下沉,窄眼距,异色瞳,窄鼻根,柔和鼻梁,轻翘鼻头,平直唇,嘴角上扬,异色瞳,圆方脸（面中立体化），低眉骨/窄深眼窝，丹凤眼·眼尾下沉·窄眼距，窄鼻根/柔和鼻梁/轻翘鼻头，平直唇·嘴角上扬，方下颌
FD00134,长圆脸,偏柔圆润,高额,低眉骨,窄深眼窝,柔和颧骨,轻凹面颊,骨感下颌,窄杏眼,眼尾明显挑,宽眼距,墨玉瞳,中鼻根,宽骨鼻梁,肉感鼻头,弓形唇,单侧上扬,右眉轻断,长圆脸（偏柔圆润），低眉骨/窄深眼窝，窄杏眼·眼尾明显挑·宽眼距，中鼻根/宽骨鼻梁/肉感鼻头，弓形唇·单侧上扬，骨感下颌
FD00135,上窄下宽脸,中轴微长,高额,压迫感眉骨,窄深眼窝,柔和颧骨,轻凹面颊,宽下颌,平凤眼,眼尾延展,窄眼距,琥珀瞳,中鼻根,柔和鼻梁,骨感鼻头,薄唇,嘴角下垂,右眼下浅泪痣,上窄下宽脸（中轴微长），压迫感眉骨/窄深眼窝，平凤眼·眼尾延展·窄眼距，中鼻根/柔和鼻梁/骨感鼻头，薄唇·嘴角下垂，宽下颌
FD00136,成熟方脸,颧部外扩,低额,厚眉骨,窄深眼窝,高颧骨,幼态柔软面颊,明显下颌角,平凤眼,眼尾微挑,窄眼距,深色瞳,中高鼻根,轻微偏右鼻梁,下压鼻头,厚唇,嘴角平直,眼角小痣,成熟方脸（颧部外扩），厚眉骨/窄深眼窝，平凤眼·眼尾微挑·窄眼距，中高鼻根/轻微偏右鼻梁/下压鼻头，厚唇·嘴角平直，明显下颌角
FD00137,正梯形脸,颧部外扩,窄额,厚眉骨,窄深眼窝,低颧骨,成熟收紧面颊,收敛下颌,平凤眼,眼尾延展,宽眼距,星点虹膜,低鼻根,轻鹰钩鼻梁,肉感鼻头,小嘴,单侧上扬,异色瞳,正梯形脸（颧部外扩），厚眉骨/窄深眼窝，平凤眼·眼尾延展·宽眼距，低鼻根/轻鹰钩鼻梁/肉感鼻头，小嘴·单侧上扬，收敛下颌
FD00138,圆脸,颧部微收,高额,外侧突出眉骨,宽浅眼窝,外扩颧骨,幼态柔软面颊,窄下颌,短杏眼,眼尾明显挑,宽眼距,淡金瞳,低鼻根,微弧鼻梁,下压鼻头,弓形唇,嘴角平直,无标志,圆脸（颧部微收），外侧突出眉骨/宽浅眼窝，短杏眼·眼尾明显挑·宽眼距，低鼻根/微弧鼻梁/下压鼻头，弓形唇·嘴角平直，窄下颌
FD00139,颧部展开脸,颈部线条收短,宽额,高眉骨,眼下饱满,宽颧骨,饱满面颊,明显下颌角,蛇系眼,眼尾延展,宽眼距,浅褐瞳,宽鼻根,中直鼻梁,小圆鼻头,薄唇,嘴角平直,唇下小痣,颧部展开脸（颈部线条收短），高眉骨/眼下饱满，蛇系眼·眼尾延展·宽眼距，宽鼻根/中直鼻梁/小圆鼻头，薄唇·嘴角平直，明显下颌角
FD00140,肉感短脸,偏柔圆润,窄额,高眉骨,窄深眼窝,窄颧骨,成熟收紧面颊,窄下颌,少年圆眼,眼尾微挑,宽眼距,浅褐瞳,低鼻根,微弧鼻梁,肉感鼻头,薄唇,嘴角平直,双侧酒窝,肉感短脸（偏柔圆润），高眉骨/窄深眼窝，少年圆眼·眼尾微挑·宽眼距，低鼻根/微弧鼻梁/肉感鼻头，薄唇·嘴角平直，窄下颌
FD00141,窄方脸,颊部略凹,平直额,外侧突出眉骨,深眼窝,柔和颧骨,薄面颊,收敛下颌,上扬凤眼,眼尾延展,标准眼距,碎裂虹膜,中高鼻根,高直鼻梁,窄翼鼻头,宽嘴,嘴角平直,额角旧痕,窄方脸（颊部略凹），外侧突出眉骨/深眼窝，上扬凤眼·眼尾延展·标准眼距，中高鼻根/高直鼻梁/窄翼鼻头，宽嘴·嘴角平直，收敛下颌
FD00142,下颌突出脸,面中立体化,骨感额,厚眉骨,浅眼窝,外扩颧骨,薄面颊,方下颌,疲惫眼,眼尾微挑,标准眼距,琥珀瞳,中鼻根,微弧鼻梁,骨感鼻头,上薄下厚,单侧上扬,右眉轻断,下颌突出脸（面中立体化），厚眉骨/浅眼窝，疲惫眼·眼尾微挑·标准眼距，中鼻根/微弧鼻梁/骨感鼻头，上薄下厚·单侧上扬，方下颌
FD00143,幼态圆脸,颧部微收,饱满额,内侧突出眉骨,浅眼窝,高颧骨,成熟收紧面颊,明显下颌角,下垂眼,眼尾下压,宽眼距,淡金瞳,中鼻根,高直鼻梁,骨感鼻头,上厚下薄,嘴角上扬,无标志,幼态圆脸（颧部微收），内侧突出眉骨/浅眼窝，下垂眼·眼尾下压·宽眼距，中鼻根/高直鼻梁/骨感鼻头，上厚下薄·嘴角上扬，明显下颌角
FD00144,骨感窄脸,上庭收窄,宽额,压迫感眉骨,宽浅眼窝,宽颧骨,轻凹面颊,窄下颌,丹凤眼,眼尾下压,标准眼距,环状虹膜,低鼻根,轻微偏左鼻梁,下压鼻头,小嘴,嘴角平直,眉尾旧疤,骨感窄脸（上庭收窄），压迫感眉骨/宽浅眼窝，丹凤眼·眼尾下压·标准眼距，低鼻根/轻微偏左鼻梁/下压鼻头，小嘴·嘴角平直，窄下颌
FD00145,上宽下窄脸,偏锐收窄,平直额,压迫感眉骨,窄深眼窝,外扩颧骨,幼态柔软面颊,宽下颌,短杏眼,眼尾明显挑,宽眼距,异色瞳,高鼻根,高直鼻梁,小圆鼻头,平直唇,单侧上扬,下颌浅疤,上宽下窄脸（偏锐收窄），压迫感眉骨/窄深眼窝，短杏眼·眼尾明显挑·宽眼距，高鼻根/高直鼻梁/小圆鼻头，平直唇·单侧上扬，宽下颌
FD00146,宽方脸,颈部线条收短,微凸额,外侧突出眉骨,浅眼窝,低颧骨,薄面颊,圆方下颌,短杏眼,眼尾下压,宽眼距,琥珀瞳,高鼻根,轻微偏右鼻梁,骨感鼻头,厚唇,嘴角紧收,碎裂虹膜,宽方脸（颈部线条收短），外侧突出眉骨/浅眼窝，短杏眼·眼尾下压·宽眼距，高鼻根/轻微偏右鼻梁/骨感鼻头，厚唇·嘴角紧收，圆方下颌
FD00147,心形脸,面中平缓,骨感额,压迫感眉骨,深眼窝,外扩颧骨,薄面颊,柔和下颌,蛇系眼,眼尾下压,宽眼距,环状虹膜,宽鼻根,高直鼻梁,下压鼻头,平直唇,单侧上扬,左颊浅疤,心形脸（面中平缓），压迫感眉骨/深眼窝，蛇系眼·眼尾下压·宽眼距，宽鼻根/高直鼻梁/下压鼻头，平直唇·单侧上扬，柔和下颌
FD00148,短圆脸,颈部线条延长,骨感额,薄眉骨,眼下饱满,高颧骨,成熟收紧面颊,圆方下颌,蛇系眼,眼尾明显挑,窄眼距,墨玉瞳,中高鼻根,轻微偏右鼻梁,骨感鼻头,弓形唇,嘴角平直,瞳孔残缺,短圆脸（颈部线条延长），薄眉骨/眼下饱满，蛇系眼·眼尾明显挑·窄眼距，中高鼻根/轻微偏右鼻梁/骨感鼻头，弓形唇·嘴角平直，圆方下颌
FD00149,宽方脸,颌角强调,骨感额,内侧突出眉骨,眼下饱满,窄颧骨,饱满面颊,骨感下颌,半睁懒眼,眼尾平直,宽眼距,灰蓝瞳,中高鼻根,宽骨鼻梁,方圆鼻头,上厚下薄,单侧上扬,眉心竖纹浅痕,宽方脸（颌角强调），内侧突出眉骨/眼下饱满，半睁懒眼·眼尾平直·宽眼距，中高鼻根/宽骨鼻梁/方圆鼻头，上厚下薄·单侧上扬，骨感下颌
FD00150,下颌突出脸,面中立体化,平直额,柔和眉骨,中度眼窝,窄颧骨,幼态柔软面颊,柔和下颌,狭长眼,眼尾下沉,宽眼距,深色瞳,窄鼻根,高直鼻梁,轻翘鼻头,上薄下厚,嘴角上扬,眉上小疤,下颌突出脸（面中立体化），柔和眉骨/中度眼窝，狭长眼·眼尾下沉·宽眼距，窄鼻根/高直鼻梁/轻翘鼻头，上薄下厚·嘴角上扬，柔和下颌
FD00151,心形脸,颊部略凹,饱满额,高眉骨,窄深眼窝,宽颧骨,薄面颊,宽下颌,下垂眼,眼尾下沉,标准眼距,墨玉瞳,宽鼻根,轻微偏左鼻梁,轻翘鼻头,小嘴,嘴角平直,瞳孔残缺,心形脸（颊部略凹），高眉骨/窄深眼窝，下垂眼·眼尾下沉·标准眼距，宽鼻根/轻微偏左鼻梁/轻翘鼻头，小嘴·嘴角平直，宽下颌
FD00152,幼态方脸,颌角弱化,低额,低眉骨,窄深眼窝,窄颧骨,薄面颊,方下颌,短杏眼,眼尾延展,窄眼距,淡金瞳,宽鼻根,轻微偏左鼻梁,骨感鼻头,成熟长唇,嘴角上扬,耳后小痣,幼态方脸（颌角弱化），低眉骨/窄深眼窝，短杏眼·眼尾延展·窄眼距，宽鼻根/轻微偏左鼻梁/骨感鼻头，成熟长唇·嘴角上扬，方下颌
FD00153,柔和菱形,面中立体化,宽额,柔和眉骨,窄深眼窝,高颧骨,饱满面颊,柔和下颌,半睁懒眼,眼尾下沉,宽眼距,浅褐瞳,中高鼻根,轻微偏右鼻梁,微钝鼻头,薄唇,嘴角平直,下颌浅疤,柔和菱形（面中立体化），柔和眉骨/窄深眼窝，半睁懒眼·眼尾下沉·宽眼距，中高鼻根/轻微偏右鼻梁/微钝鼻头，薄唇·嘴角平直，柔和下颌
FD00154,窄方脸,下颌线清晰化,宽额,厚眉骨,眼下骨感,高颧骨,幼态柔软面颊,明显下颌角,上扬凤眼,眼尾下沉,宽眼距,碎裂虹膜,高鼻根,高直鼻梁,微钝鼻头,平直唇,嘴角平直,左眼下浅泪痣,窄方脸（下颌线清晰化），厚眉骨/眼下骨感，上扬凤眼·眼尾下沉·宽眼距，高鼻根/高直鼻梁/微钝鼻头，平直唇·嘴角平直，明显下颌角
FD00155,上宽下窄脸,面中立体化,平直额,薄眉骨,浅眼窝,高颧骨,轻凹面颊,方下颌,平凤眼,眼尾下压,标准眼距,淡金瞳,低鼻根,微弧鼻梁,轻翘鼻头,小嘴,嘴角紧收,左颊浅疤,上宽下窄脸（面中立体化），薄眉骨/浅眼窝，平凤眼·眼尾下压·标准眼距，低鼻根/微弧鼻梁/轻翘鼻头，小嘴·嘴角紧收，方下颌
FD00156,倒梯形脸,下颌线清晰化,平直额,厚眉骨,浅眼窝,柔和颧骨,饱满面颊,收敛下颌,柳叶眼,眼尾下压,标准眼距,星点虹膜,宽鼻根,柔和鼻梁,微钝鼻头,上厚下薄,嘴角上扬,右眉轻断,倒梯形脸（下颌线清晰化），厚眉骨/浅眼窝，柳叶眼·眼尾下压·标准眼距，宽鼻根/柔和鼻梁/微钝鼻头，上厚下薄·嘴角上扬，收敛下颌
FD00157,柔和菱形,面中平缓,窄额,厚眉骨,浅眼窝,外扩颧骨,幼态柔软面颊,圆方下颌,鹿系眼,眼尾下沉,窄眼距,星点虹膜,窄鼻根,轻鹰钩鼻梁,微钝鼻头,成熟长唇,嘴角平直,环状虹膜,柔和菱形（面中平缓），厚眉骨/浅眼窝，鹿系眼·眼尾下沉·窄眼距，窄鼻根/轻鹰钩鼻梁/微钝鼻头，成熟长唇·嘴角平直，圆方下颌
FD00158,骨感方脸,颊部略凹,饱满额,内侧突出眉骨,中度眼窝,高颧骨,成熟收紧面颊,方下颌,鹰隼眼,眼尾下沉,窄眼距,浅褐瞳,中鼻根,轻微偏右鼻梁,方圆鼻头,小嘴,嘴角平直,颈侧细疤,骨感方脸（颊部略凹），内侧突出眉骨/中度眼窝，鹰隼眼·眼尾下沉·窄眼距，中鼻根/轻微偏右鼻梁/方圆鼻头，小嘴·嘴角平直，方下颌
FD00159,双颌匀称脸,中庭展宽,高额,薄眉骨,眼下骨感,外扩颧骨,成熟收紧面颊,窄下颌,平凤眼,眼尾明显挑,宽眼距,淡金瞳,中鼻根,轻鹰钩鼻梁,骨感鼻头,上厚下薄,单侧上扬,唇下小痣,双颌匀称脸（中庭展宽），薄眉骨/眼下骨感，平凤眼·眼尾明显挑·宽眼距，中鼻根/轻鹰钩鼻梁/骨感鼻头，上厚下薄·单侧上扬，窄下颌
FD00160,长菱形,颌角弱化,微凸额,柔和眉骨,宽浅眼窝,低颧骨,饱满面颊,方下颌,下垂眼,眼尾下沉,窄眼距,浅褐瞳,中鼻根,高直鼻梁,轻翘鼻头,平直唇,嘴角紧收,异色瞳,长菱形（颌角弱化），柔和眉骨/宽浅眼窝，下垂眼·眼尾下沉·窄眼距，中鼻根/高直鼻梁/轻翘鼻头，平直唇·嘴角紧收，方下颌
FD00161,颧部展开脸,中庭拉长,宽额,高眉骨,中度眼窝,宽颧骨,薄面颊,明显下颌角,短杏眼,眼尾平直,窄眼距,异色瞳,低鼻根,中直鼻梁,方圆鼻头,薄唇,嘴角平直,双侧酒窝,颧部展开脸（中庭拉长），高眉骨/中度眼窝，短杏眼·眼尾平直·窄眼距，低鼻根/中直鼻梁/方圆鼻头，薄唇·嘴角平直，明显下颌角
FD00162,长菱形,颈部线条延长,窄额,压迫感眉骨,中度眼窝,窄颧骨,饱满面颊,圆方下颌,少年圆眼,眼尾明显挑,标准眼距,墨玉瞳,低鼻根,轻微偏右鼻梁,骨感鼻头,平直唇,嘴角紧收,眉尾旧疤,长菱形（颈部线条延长），压迫感眉骨/中度眼窝，少年圆眼·眼尾明显挑·标准眼距，低鼻根/轻微偏右鼻梁/骨感鼻头，平直唇·嘴角紧收，圆方下颌
FD00163,正梯形脸,颈部线条延长,宽额,压迫感眉骨,眼下骨感,外扩颧骨,轻凹面颊,圆方下颌,丹凤眼,眼尾下沉,宽眼距,环状虹膜,中高鼻根,微弧鼻梁,骨感鼻头,小嘴,嘴角下垂,下颌浅疤,正梯形脸（颈部线条延长），压迫感眉骨/眼下骨感，丹凤眼·眼尾下沉·宽眼距，中高鼻根/微弧鼻梁/骨感鼻头，小嘴·嘴角下垂，圆方下颌
FD00164,长方脸,颌角强调,微凸额,压迫感眉骨,浅眼窝,低颧骨,轻凹面颊,圆方下颌,短杏眼,眼尾明显挑,标准眼距,淡金瞳,中高鼻根,宽骨鼻梁,小圆鼻头,上厚下薄,单侧上扬,指节薄茧,长方脸（颌角强调），压迫感眉骨/浅眼窝，短杏眼·眼尾明显挑·标准眼距，中高鼻根/宽骨鼻梁/小圆鼻头，上厚下薄·单侧上扬，圆方下颌
FD00165,幼态方脸,颌角弱化,窄额,内侧突出眉骨,眼下骨感,柔和颧骨,轻凹面颊,圆方下颌,短圆杏眼,眼尾微挑,标准眼距,琥珀瞳,中高鼻根,高直鼻梁,肉感鼻头,薄唇,嘴角下垂,双侧酒窝,幼态方脸（颌角弱化），内侧突出眉骨/眼下骨感，短圆杏眼·眼尾微挑·标准眼距，中高鼻根/高直鼻梁/肉感鼻头，薄唇·嘴角下垂，圆方下颌
FD00166,长圆脸,颌角弱化,骨感额,薄眉骨,眼下骨感,宽颧骨,饱满面颊,宽下颌,蛇系眼,眼尾延展,窄眼距,星点虹膜,低鼻根,轻微偏左鼻梁,下压鼻头,平直唇,嘴角下垂,耳后小痣,长圆脸（颌角弱化），薄眉骨/眼下骨感，蛇系眼·眼尾延展·窄眼距，低鼻根/轻微偏左鼻梁/下压鼻头，平直唇·嘴角下垂，宽下颌
FD00167,短方脸,颌角弱化,平直额,低眉骨,深眼窝,宽颧骨,幼态柔软面颊,方下颌,长杏眼,眼尾下沉,宽眼距,浅褐瞳,中高鼻根,高直鼻梁,小圆鼻头,薄唇,嘴角下垂,右眉轻断,短方脸（颌角弱化），低眉骨/深眼窝，长杏眼·眼尾下沉·宽眼距，中高鼻根/高直鼻梁/小圆鼻头，薄唇·嘴角下垂，方下颌
FD00168,肉感短脸,上庭收窄,饱满额,高眉骨,眼下饱满,宽颧骨,轻凹面颊,骨感下颌,狼系眼,眼尾下沉,窄眼距,琥珀瞳,窄鼻根,高直鼻梁,小圆鼻头,薄唇,嘴角平直,耳后小痣,肉感短脸（上庭收窄），高眉骨/眼下饱满，狼系眼·眼尾下沉·窄眼距，窄鼻根/高直鼻梁/小圆鼻头，薄唇·嘴角平直，骨感下颌
FD00169,骨感方脸,偏锐收窄,微凸额,低眉骨,宽浅眼窝,低颧骨,轻凹面颊,柔和下颌,狭长瑞凤眼,眼尾微挑,宽眼距,异色瞳,中高鼻根,中直鼻梁,肉感鼻头,上薄下厚,嘴角平直,右眼下浅泪痣,骨感方脸（偏锐收窄），低眉骨/宽浅眼窝，狭长瑞凤眼·眼尾微挑·宽眼距，中高鼻根/中直鼻梁/肉感鼻头，上薄下厚·嘴角平直，柔和下颌
FD00170,骨感菱形,中轴收紧,低额,高眉骨,眼下骨感,高颧骨,幼态柔软面颊,骨感下颌,鹰隼眼,眼尾平直,宽眼距,墨玉瞳,宽鼻根,轻鹰钩鼻梁,窄翼鼻头,上薄下厚,嘴角平直,右眼下浅泪痣,骨感菱形（中轴收紧），高眉骨/眼下骨感，鹰隼眼·眼尾平直·宽眼距，宽鼻根/轻鹰钩鼻梁/窄翼鼻头，上薄下厚·嘴角平直，骨感下颌
FD00171,宽方脸,偏柔圆润,高额,薄眉骨,窄深眼窝,柔和颧骨,成熟收紧面颊,明显下颌角,上扬凤眼,眼尾延展,窄眼距,墨玉瞳,中高鼻根,柔和鼻梁,骨感鼻头,平直唇,嘴角下垂,眉上小疤,宽方脸（偏柔圆润），薄眉骨/窄深眼窝，上扬凤眼·眼尾延展·窄眼距，中高鼻根/柔和鼻梁/骨感鼻头，平直唇·嘴角下垂，明显下颌角
FD00172,柔和菱形,颈部线条收短,饱满额,厚眉骨,窄深眼窝,窄颧骨,饱满面颊,宽下颌,窄杏眼,眼尾微挑,宽眼距,墨玉瞳,高鼻根,宽骨鼻梁,肉感鼻头,上薄下厚,嘴角紧收,额角旧痕,柔和菱形（颈部线条收短），厚眉骨/窄深眼窝，窄杏眼·眼尾微挑·宽眼距，高鼻根/宽骨鼻梁/肉感鼻头，上薄下厚·嘴角紧收，宽下颌
FD00173,心形脸,下颌线清晰化,高额,低眉骨,深眼窝,宽颧骨,成熟收紧面颊,骨感下颌,成熟长眼,眼尾明显挑,标准眼距,墨玉瞳,窄鼻根,微弧鼻梁,小圆鼻头,上薄下厚,单侧上扬,眼睑褶皱不对称,心形脸（下颌线清晰化），低眉骨/深眼窝，成熟长眼·眼尾明显挑·标准眼距，窄鼻根/微弧鼻梁/小圆鼻头，上薄下厚·单侧上扬，骨感下颌
FD00174,短方脸,颌角弱化,平直额,压迫感眉骨,浅眼窝,高颧骨,轻凹面颊,骨感下颌,狭长瑞凤眼,眼尾明显挑,窄眼距,墨玉瞳,宽鼻根,轻微偏左鼻梁,窄翼鼻头,薄唇,嘴角下垂,颈侧细疤,短方脸（颌角弱化），压迫感眉骨/浅眼窝，狭长瑞凤眼·眼尾明显挑·窄眼距，宽鼻根/轻微偏左鼻梁/窄翼鼻头，薄唇·嘴角下垂，骨感下颌
FD00175,圆方脸,偏锐收窄,低额,压迫感眉骨,窄深眼窝,柔和颧骨,幼态柔软面颊,方下颌,桃花眼,眼尾明显挑,标准眼距,琥珀瞳,中高鼻根,微弧鼻梁,骨感鼻头,平直唇,嘴角下垂,无标志,圆方脸（偏锐收窄），压迫感眉骨/窄深眼窝，桃花眼·眼尾明显挑·标准眼距，中高鼻根/微弧鼻梁/骨感鼻头，平直唇·嘴角下垂，方下颌
FD00176,颧部展开脸,下颌线柔化,饱满额,外侧突出眉骨,中度眼窝,宽颧骨,饱满面颊,柔和下颌,短杏眼,眼尾微挑,标准眼距,琥珀瞳,中鼻根,高直鼻梁,肉感鼻头,上薄下厚,嘴角平直,眉尾旧疤,颧部展开脸（下颌线柔化），外侧突出眉骨/中度眼窝，短杏眼·眼尾微挑·标准眼距，中鼻根/高直鼻梁/肉感鼻头，上薄下厚·嘴角平直，柔和下颌
FD00177,颧部展开脸,中轴微长,窄额,薄眉骨,中度眼窝,宽颧骨,薄面颊,骨感下颌,成熟长眼,眼尾延展,标准眼距,灰蓝瞳,高鼻根,轻微偏左鼻梁,轻翘鼻头,上厚下薄,嘴角平直,双侧酒窝,颧部展开脸（中轴微长），薄眉骨/中度眼窝，成熟长眼·眼尾延展·标准眼距，高鼻根/轻微偏左鼻梁/轻翘鼻头，上厚下薄·嘴角平直，骨感下颌
FD00178,梨形脸,颈部线条收短,高额,内侧突出眉骨,眼下骨感,宽颧骨,轻凹面颊,柔和下颌,狭长瑞凤眼,眼尾下压,窄眼距,环状虹膜,中鼻根,高直鼻梁,方圆鼻头,宽嘴,单侧上扬,左颊浅疤,梨形脸（颈部线条收短），内侧突出眉骨/眼下骨感，狭长瑞凤眼·眼尾下压·窄眼距，中鼻根/高直鼻梁/方圆鼻头，宽嘴·单侧上扬，柔和下颌
FD00179,正梯形脸,面中立体化,饱满额,低眉骨,宽浅眼窝,高颧骨,薄面颊,窄下颌,狐狸系眼,眼尾延展,宽眼距,环状虹膜,中高鼻根,中直鼻梁,下压鼻头,宽嘴,嘴角上扬,无标志,正梯形脸（面中立体化），低眉骨/宽浅眼窝，狐狸系眼·眼尾延展·宽眼距，中高鼻根/中直鼻梁/下压鼻头，宽嘴·嘴角上扬，窄下颌
FD00180,下颌突出脸,颌角弱化,宽额,厚眉骨,眼下骨感,外扩颧骨,饱满面颊,收敛下颌,平凤眼,眼尾平直,标准眼距,浅褐瞳,高鼻根,高直鼻梁,微钝鼻头,成熟长唇,单侧上扬,指节薄茧,下颌突出脸（颌角弱化），厚眉骨/眼下骨感，平凤眼·眼尾平直·标准眼距，高鼻根/高直鼻梁/微钝鼻头，成熟长唇·单侧上扬，收敛下颌
FD00181,标准菱形,面中平缓,微凸额,高眉骨,眼下骨感,低颧骨,幼态柔软面颊,骨感下颌,冷感眼,眼尾明显挑,标准眼距,灰蓝瞳,低鼻根,轻微偏左鼻梁,肉感鼻头,小嘴,嘴角紧收,异色瞳,标准菱形（面中平缓），高眉骨/眼下骨感，冷感眼·眼尾明显挑·标准眼距，低鼻根/轻微偏左鼻梁/肉感鼻头，小嘴·嘴角紧收，骨感下颌
FD00182,颧部展开脸,颧部外扩,宽额,外侧突出眉骨,浅眼窝,高颧骨,薄面颊,圆方下颌,平凤眼,眼尾下沉,窄眼距,琥珀瞳,低鼻根,中直鼻梁,骨感鼻头,平直唇,嘴角上扬,唇下小痣,颧部展开脸（颧部外扩），外侧突出眉骨/浅眼窝，平凤眼·眼尾下沉·窄眼距，低鼻根/中直鼻梁/骨感鼻头，平直唇·嘴角上扬，圆方下颌
FD00183,窄方脸,颈部线条收短,高额,低眉骨,深眼窝,窄颧骨,幼态柔软面颊,窄下颌,平直杏眼,眼尾微挑,宽眼距,琥珀瞳,宽鼻根,中直鼻梁,肉感鼻头,平直唇,嘴角平直,左眼下浅泪痣,窄方脸（颈部线条收短），低眉骨/深眼窝，平直杏眼·眼尾微挑·宽眼距，宽鼻根/中直鼻梁/肉感鼻头，平直唇·嘴角平直，窄下颌
FD00184,上窄下宽脸,颌角强调,微凸额,柔和眉骨,浅眼窝,低颧骨,薄面颊,方下颌,鹤系眼,眼尾明显挑,宽眼距,淡金瞳,高鼻根,柔和鼻梁,方圆鼻头,小嘴,嘴角下垂,耳后小痣,上窄下宽脸（颌角强调），柔和眉骨/浅眼窝，鹤系眼·眼尾明显挑·宽眼距，高鼻根/柔和鼻梁/方圆鼻头，小嘴·嘴角下垂，方下颌
FD00185,柔和菱形,颈部线条收短,饱满额,内侧突出眉骨,深眼窝,窄颧骨,幼态柔软面颊,明显下颌角,少年圆眼,眼尾下沉,宽眼距,环状虹膜,中高鼻根,柔和鼻梁,微钝鼻头,薄唇,嘴角上扬,瞳孔残缺,柔和菱形（颈部线条收短），内侧突出眉骨/深眼窝，少年圆眼·眼尾下沉·宽眼距，中高鼻根/柔和鼻梁/微钝鼻头，薄唇·嘴角上扬，明显下颌角
FD00186,骨感菱形,中轴微长,低额,内侧突出眉骨,中度眼窝,高颧骨,幼态柔软面颊,明显下颌角,平凤眼,眼尾下压,窄眼距,琥珀瞳,中高鼻根,中直鼻梁,骨感鼻头,小嘴,嘴角平直,颈侧细疤,骨感菱形（中轴微长），内侧突出眉骨/中度眼窝，平凤眼·眼尾下压·窄眼距，中高鼻根/中直鼻梁/骨感鼻头，小嘴·嘴角平直，明显下颌角
FD00187,长圆脸,中轴微长,饱满额,压迫感眉骨,深眼窝,宽颧骨,幼态柔软面颊,明显下颌角,疲惫眼,眼尾平直,窄眼距,环状虹膜,高鼻根,微弧鼻梁,方圆鼻头,宽嘴,嘴角下垂,指节薄茧,长圆脸（中轴微长），压迫感眉骨/深眼窝，疲惫眼·眼尾平直·窄眼距，高鼻根/微弧鼻梁/方圆鼻头，宽嘴·嘴角下垂，明显下颌角
FD00188,宽菱形,骨点内敛,骨感额,柔和眉骨,宽浅眼窝,柔和颧骨,饱满面颊,收敛下颌,狭长瑞凤眼,眼尾平直,窄眼距,环状虹膜,高鼻根,宽骨鼻梁,肉感鼻头,上薄下厚,嘴角上扬,单侧酒窝,宽菱形（骨点内敛），柔和眉骨/宽浅眼窝，狭长瑞凤眼·眼尾平直·窄眼距，高鼻根/宽骨鼻梁/肉感鼻头，上薄下厚·嘴角上扬，收敛下颌
FD00189,方菱过渡脸,颌角强调,骨感额,薄眉骨,浅眼窝,低颧骨,薄面颊,窄下颌,猫系眼,眼尾明显挑,标准眼距,墨玉瞳,中鼻根,柔和鼻梁,肉感鼻头,薄唇,嘴角下垂,单侧酒窝,方菱过渡脸（颌角强调），薄眉骨/浅眼窝，猫系眼·眼尾明显挑·标准眼距，中鼻根/柔和鼻梁/肉感鼻头，薄唇·嘴角下垂，窄下颌
FD00190,宽菱形,中轴微长,窄额,内侧突出眉骨,窄深眼窝,低颧骨,成熟收紧面颊,窄下颌,狐狸系眼,眼尾平直,窄眼距,星点虹膜,低鼻根,中直鼻梁,轻翘鼻头,上薄下厚,嘴角紧收,单侧虎牙,宽菱形（中轴微长），内侧突出眉骨/窄深眼窝，狐狸系眼·眼尾平直·窄眼距，低鼻根/中直鼻梁/轻翘鼻头，上薄下厚·嘴角紧收，窄下颌
FD00191,心形脸,下颌线清晰化,低额,压迫感眉骨,浅眼窝,柔和颧骨,成熟收紧面颊,宽下颌,长杏眼,眼尾下沉,标准眼距,星点虹膜,窄鼻根,高直鼻梁,窄翼鼻头,成熟长唇,嘴角紧收,唇下小痣,心形脸（下颌线清晰化），压迫感眉骨/浅眼窝，长杏眼·眼尾下沉·标准眼距，窄鼻根/高直鼻梁/窄翼鼻头，成熟长唇·嘴角紧收，宽下颌
FD00192,骨感窄脸,下庭加重,窄额,柔和眉骨,深眼窝,窄颧骨,饱满面颊,明显下颌角,平凤眼,眼尾下压,窄眼距,异色瞳,低鼻根,中直鼻梁,骨感鼻头,上薄下厚,嘴角上扬,右眉轻断,骨感窄脸（下庭加重），柔和眉骨/深眼窝，平凤眼·眼尾下压·窄眼距，低鼻根/中直鼻梁/骨感鼻头，上薄下厚·嘴角上扬，明显下颌角
FD00193,正梯形脸,面中立体化,饱满额,压迫感眉骨,宽浅眼窝,低颧骨,轻凹面颊,柔和下颌,蛇系眼,眼尾延展,标准眼距,深色瞳,中鼻根,宽骨鼻梁,微钝鼻头,成熟长唇,单侧上扬,无标志,正梯形脸（面中立体化），压迫感眉骨/宽浅眼窝，蛇系眼·眼尾延展·标准眼距，中鼻根/宽骨鼻梁/微钝鼻头，成熟长唇·单侧上扬，柔和下颌
FD00194,下颌突出脸,颧部外扩,宽额,薄眉骨,深眼窝,宽颧骨,饱满面颊,圆方下颌,短圆杏眼,眼尾微挑,宽眼距,灰蓝瞳,宽鼻根,宽骨鼻梁,小圆鼻头,平直唇,嘴角紧收,左颊浅疤,下颌突出脸（颧部外扩），薄眉骨/深眼窝，短圆杏眼·眼尾微挑·宽眼距，宽鼻根/宽骨鼻梁/小圆鼻头，平直唇·嘴角紧收，圆方下颌
FD00195,骨感菱形,颧部微收,宽额,内侧突出眉骨,浅眼窝,窄颧骨,轻凹面颊,骨感下颌,少年圆眼,眼尾延展,标准眼距,异色瞳,高鼻根,中直鼻梁,肉感鼻头,薄唇,嘴角平直,瞳孔残缺,骨感菱形（颧部微收），内侧突出眉骨/浅眼窝，少年圆眼·眼尾延展·标准眼距，高鼻根/中直鼻梁/肉感鼻头，薄唇·嘴角平直，骨感下颌
FD00196,上窄下宽脸,颧部微收,饱满额,高眉骨,中度眼窝,高颧骨,薄面颊,明显下颌角,猫系眼,眼尾明显挑,标准眼距,浅褐瞳,宽鼻根,中直鼻梁,方圆鼻头,小嘴,嘴角上扬,左眼下浅泪痣,上窄下宽脸（颧部微收），高眉骨/中度眼窝，猫系眼·眼尾明显挑·标准眼距，宽鼻根/中直鼻梁/方圆鼻头，小嘴·嘴角上扬，明显下颌角
FD00197,成熟方脸,下颌线柔化,骨感额,厚眉骨,中度眼窝,柔和颧骨,饱满面颊,宽下颌,柳叶眼,眼尾下压,窄眼距,墨玉瞳,窄鼻根,中直鼻梁,骨感鼻头,平直唇,嘴角紧收,鼻梁旧伤,成熟方脸（下颌线柔化），厚眉骨/中度眼窝，柳叶眼·眼尾下压·窄眼距，窄鼻根/中直鼻梁/骨感鼻头，平直唇·嘴角紧收，宽下颌
FD00198,上宽下窄脸,颌角弱化,饱满额,厚眉骨,中度眼窝,高颧骨,薄面颊,柔和下颌,圆长眼,眼尾下沉,标准眼距,碎裂虹膜,宽鼻根,轻微偏右鼻梁,小圆鼻头,上薄下厚,嘴角下垂,唇下小痣,上宽下窄脸（颌角弱化），厚眉骨/中度眼窝，圆长眼·眼尾下沉·标准眼距，宽鼻根/轻微偏右鼻梁/小圆鼻头，上薄下厚·嘴角下垂，柔和下颌
FD00199,长心形脸,下颌线清晰化,宽额,柔和眉骨,宽浅眼窝,窄颧骨,轻凹面颊,窄下颌,下垂眼,眼尾平直,窄眼距,墨玉瞳,中高鼻根,高直鼻梁,骨感鼻头,厚唇,嘴角上扬,瞳孔残缺,长心形脸（下颌线清晰化），柔和眉骨/宽浅眼窝，下垂眼·眼尾平直·窄眼距，中高鼻根/高直鼻梁/骨感鼻头，厚唇·嘴角上扬，窄下颌
FD00200,上宽下窄脸,下颌线清晰化,低额,外侧突出眉骨,中度眼窝,低颧骨,饱满面颊,窄下颌,上扬凤眼,眼尾下压,标准眼距,墨玉瞳,中鼻根,轻鹰钩鼻梁,窄翼鼻头,成熟长唇,单侧上扬,眉尾旧疤,上宽下窄脸（下颌线清晰化），外侧突出眉骨/中度眼窝，上扬凤眼·眼尾下压·标准眼距，中鼻根/轻鹰钩鼻梁/窄翼鼻头，成熟长唇·单侧上扬，窄下颌
FD00201,长菱形,上庭展开,低额,外侧突出眉骨,深眼窝,窄颧骨,薄面颊,收敛下颌,上扬凤眼,眼尾下沉,窄眼距,浅褐瞳,低鼻根,宽骨鼻梁,窄翼鼻头,上薄下厚,嘴角上扬,瞳孔残缺,长菱形（上庭展开），外侧突出眉骨/深眼窝，上扬凤眼·眼尾下沉·窄眼距，低鼻根/宽骨鼻梁/窄翼鼻头，上薄下厚·嘴角上扬，收敛下颌
FD00202,标准菱形,偏锐收窄,低额,高眉骨,眼下骨感,低颧骨,成熟收紧面颊,方下颌,圆长眼,眼尾下压,标准眼距,琥珀瞳,中鼻根,中直鼻梁,微钝鼻头,宽嘴,嘴角平直,下颌浅疤,标准菱形（偏锐收窄），高眉骨/眼下骨感，圆长眼·眼尾下压·标准眼距，中鼻根/中直鼻梁/微钝鼻头，宽嘴·嘴角平直，方下颌
FD00203,心形脸,下颌线柔化,低额,厚眉骨,中度眼窝,窄颧骨,薄面颊,窄下颌,鹤系眼,眼尾下沉,标准眼距,淡金瞳,中鼻根,柔和鼻梁,窄翼鼻头,平直唇,嘴角下垂,指节薄茧,心形脸（下颌线柔化），厚眉骨/中度眼窝，鹤系眼·眼尾下沉·标准眼距，中鼻根/柔和鼻梁/窄翼鼻头，平直唇·嘴角下垂，窄下颌
FD00204,清瘦圆脸,颌角弱化,高额,内侧突出眉骨,宽浅眼窝,柔和颧骨,饱满面颊,窄下颌,窄杏眼,眼尾明显挑,标准眼距,环状虹膜,高鼻根,微弧鼻梁,方圆鼻头,上薄下厚,嘴角上扬,眼角小痣,清瘦圆脸（颌角弱化），内侧突出眉骨/宽浅眼窝，窄杏眼·眼尾明显挑·标准眼距，高鼻根/微弧鼻梁/方圆鼻头，上薄下厚·嘴角上扬，窄下颌
FD00205,倒梯形脸,颧部微收,宽额,厚眉骨,眼下饱满,柔和颧骨,饱满面颊,宽下颌,丹凤眼,眼尾延展,宽眼距,碎裂虹膜,低鼻根,轻鹰钩鼻梁,骨感鼻头,弓形唇,单侧上扬,指节薄茧,倒梯形脸（颧部微收），厚眉骨/眼下饱满，丹凤眼·眼尾延展·宽眼距，低鼻根/轻鹰钩鼻梁/骨感鼻头，弓形唇·单侧上扬，宽下颌
FD00206,上窄下宽脸,颈部线条收短,窄额,压迫感眉骨,深眼窝,窄颧骨,轻凹面颊,宽下颌,平直杏眼,眼尾平直,标准眼距,淡金瞳,窄鼻根,微弧鼻梁,窄翼鼻头,弓形唇,嘴角平直,异色瞳,上窄下宽脸（颈部线条收短），压迫感眉骨/深眼窝，平直杏眼·眼尾平直·标准眼距，窄鼻根/微弧鼻梁/窄翼鼻头，弓形唇·嘴角平直，宽下颌
FD00207,清瘦圆脸,中庭拉长,骨感额,高眉骨,宽浅眼窝,宽颧骨,轻凹面颊,方下颌,窄杏眼,眼尾下沉,标准眼距,琥珀瞳,中鼻根,宽骨鼻梁,轻翘鼻头,平直唇,嘴角平直,无标志,清瘦圆脸（中庭拉长），高眉骨/宽浅眼窝，窄杏眼·眼尾下沉·标准眼距，中鼻根/宽骨鼻梁/轻翘鼻头，平直唇·嘴角平直，方下颌
FD00208,柔和方脸,中轴收紧,宽额,高眉骨,眼下骨感,高颧骨,轻凹面颊,方下颌,下垂眼,眼尾微挑,窄眼距,深色瞳,低鼻根,宽骨鼻梁,肉感鼻头,宽嘴,嘴角紧收,环状虹膜,柔和方脸（中轴收紧），高眉骨/眼下骨感，下垂眼·眼尾微挑·窄眼距，低鼻根/宽骨鼻梁/肉感鼻头，宽嘴·嘴角紧收，方下颌
FD00209,骨感菱形,下庭收窄,平直额,内侧突出眉骨,眼下骨感,窄颧骨,成熟收紧面颊,骨感下颌,上扬凤眼,眼尾延展,标准眼距,墨玉瞳,窄鼻根,中直鼻梁,下压鼻头,上厚下薄,嘴角下垂,双侧酒窝,骨感菱形（下庭收窄），内侧突出眉骨/眼下骨感，上扬凤眼·眼尾延展·标准眼距，窄鼻根/中直鼻梁/下压鼻头，上厚下薄·嘴角下垂，骨感下颌
FD00210,宽菱形,颧部外扩,窄额,外侧突出眉骨,中度眼窝,窄颧骨,薄面颊,明显下颌角,短圆杏眼,眼尾下压,宽眼距,墨玉瞳,窄鼻根,高直鼻梁,肉感鼻头,上薄下厚,嘴角平直,环状虹膜,宽菱形（颧部外扩），外侧突出眉骨/中度眼窝，短圆杏眼·眼尾下压·宽眼距，窄鼻根/高直鼻梁/肉感鼻头，上薄下厚·嘴角平直，明显下颌角
FD00211,幼态圆脸,颊部饱满,窄额,薄眉骨,眼下饱满,低颧骨,薄面颊,方下颌,短杏眼,眼尾下沉,宽眼距,异色瞳,窄鼻根,轻鹰钩鼻梁,方圆鼻头,小嘴,单侧上扬,指节薄茧,幼态圆脸（颊部饱满），薄眉骨/眼下饱满，短杏眼·眼尾下沉·宽眼距，窄鼻根/轻鹰钩鼻梁/方圆鼻头，小嘴·单侧上扬，方下颌
FD00212,长菱形,颈部线条收短,微凸额,厚眉骨,浅眼窝,外扩颧骨,轻凹面颊,骨感下颌,柳叶眼,眼尾平直,窄眼距,星点虹膜,窄鼻根,轻微偏左鼻梁,微钝鼻头,平直唇,嘴角紧收,单侧虎牙,长菱形（颈部线条收短），厚眉骨/浅眼窝，柳叶眼·眼尾平直·窄眼距，窄鼻根/轻微偏左鼻梁/微钝鼻头，平直唇·嘴角紧收，骨感下颌
FD00213,长圆脸,中庭展宽,窄额,压迫感眉骨,中度眼窝,宽颧骨,薄面颊,明显下颌角,成熟长眼,眼尾明显挑,宽眼距,碎裂虹膜,中高鼻根,中直鼻梁,下压鼻头,厚唇,单侧上扬,眼角小痣,长圆脸（中庭展宽），压迫感眉骨/中度眼窝，成熟长眼·眼尾明显挑·宽眼距，中高鼻根/中直鼻梁/下压鼻头，厚唇·单侧上扬，明显下颌角
FD00214,成熟方脸,上庭收窄,高额,高眉骨,宽浅眼窝,窄颧骨,薄面颊,收敛下颌,鹰隼眼,眼尾微挑,窄眼距,淡金瞳,中高鼻根,轻微偏左鼻梁,肉感鼻头,上厚下薄,嘴角平直,无标志,成熟方脸（上庭收窄），高眉骨/宽浅眼窝，鹰隼眼·眼尾微挑·窄眼距，中高鼻根/轻微偏左鼻梁/肉感鼻头，上厚下薄·嘴角平直，收敛下颌
FD00215,窄方脸,面中立体化,宽额,内侧突出眉骨,窄深眼窝,低颧骨,薄面颊,收敛下颌,上扬凤眼,眼尾下沉,窄眼距,异色瞳,宽鼻根,柔和鼻梁,下压鼻头,宽嘴,嘴角下垂,眉上小疤,窄方脸（面中立体化），内侧突出眉骨/窄深眼窝，上扬凤眼·眼尾下沉·窄眼距，宽鼻根/柔和鼻梁/下压鼻头，宽嘴·嘴角下垂，收敛下颌
FD00216,倒梯形脸,面中平缓,窄额,内侧突出眉骨,窄深眼窝,高颧骨,轻凹面颊,收敛下颌,圆长眼,眼尾下压,宽眼距,碎裂虹膜,窄鼻根,轻微偏右鼻梁,微钝鼻头,平直唇,嘴角上扬,眼角小痣,倒梯形脸（面中平缓），内侧突出眉骨/窄深眼窝，圆长眼·眼尾下压·宽眼距，窄鼻根/轻微偏右鼻梁/微钝鼻头，平直唇·嘴角上扬，收敛下颌
FD00217,骨感方脸,中庭拉长,骨感额,压迫感眉骨,宽浅眼窝,柔和颧骨,饱满面颊,窄下颌,短杏眼,眼尾微挑,宽眼距,星点虹膜,宽鼻根,轻鹰钩鼻梁,方圆鼻头,宽嘴,嘴角紧收,左颊浅疤,骨感方脸（中庭拉长），压迫感眉骨/宽浅眼窝，短杏眼·眼尾微挑·宽眼距，宽鼻根/轻鹰钩鼻梁/方圆鼻头，宽嘴·嘴角紧收，窄下颌
FD00218,圆方脸,骨点内敛,微凸额,压迫感眉骨,眼下饱满,宽颧骨,饱满面颊,圆方下颌,半睁懒眼,眼尾微挑,窄眼距,异色瞳,宽鼻根,微弧鼻梁,肉感鼻头,上薄下厚,嘴角上扬,眉上小疤,圆方脸（骨点内敛），压迫感眉骨/眼下饱满，半睁懒眼·眼尾微挑·窄眼距，宽鼻根/微弧鼻梁/肉感鼻头，上薄下厚·嘴角上扬，圆方下颌
FD00219,长心形脸,中轴收紧,饱满额,薄眉骨,中度眼窝,低颧骨,轻凹面颊,柔和下颌,瑞凤眼,眼尾明显挑,宽眼距,碎裂虹膜,低鼻根,轻鹰钩鼻梁,小圆鼻头,薄唇,嘴角上扬,下颌浅疤,长心形脸（中轴收紧），薄眉骨/中度眼窝，瑞凤眼·眼尾明显挑·宽眼距，低鼻根/轻鹰钩鼻梁/小圆鼻头，薄唇·嘴角上扬，柔和下颌
FD00220,颧部展开脸,中庭展宽,宽额,压迫感眉骨,窄深眼窝,柔和颧骨,饱满面颊,方下颌,半睁懒眼,眼尾平直,标准眼距,琥珀瞳,中高鼻根,宽骨鼻梁,小圆鼻头,成熟长唇,嘴角紧收,单侧酒窝,颧部展开脸（中庭展宽），压迫感眉骨/窄深眼窝，半睁懒眼·眼尾平直·标准眼距，中高鼻根/宽骨鼻梁/小圆鼻头，成熟长唇·嘴角紧收，方下颌
FD00221,清瘦圆脸,下庭加重,微凸额,薄眉骨,眼下骨感,宽颧骨,薄面颊,宽下颌,狐狸系眼,眼尾下压,窄眼距,墨玉瞳,中鼻根,中直鼻梁,小圆鼻头,宽嘴,嘴角上扬,额角旧痕,清瘦圆脸（下庭加重），薄眉骨/眼下骨感，狐狸系眼·眼尾下压·窄眼距，中鼻根/中直鼻梁/小圆鼻头，宽嘴·嘴角上扬，宽下颌
FD00222,正梯形脸,颌角强调,微凸额,薄眉骨,眼下饱满,柔和颧骨,饱满面颊,柔和下颌,猫系眼,眼尾明显挑,宽眼距,浅褐瞳,低鼻根,宽骨鼻梁,小圆鼻头,成熟长唇,嘴角平直,眼睑褶皱不对称,正梯形脸（颌角强调），薄眉骨/眼下饱满，猫系眼·眼尾明显挑·宽眼距，低鼻根/宽骨鼻梁/小圆鼻头，成熟长唇·嘴角平直，柔和下颌
FD00223,清瘦圆脸,颊部略凹,骨感额,高眉骨,浅眼窝,窄颧骨,轻凹面颊,窄下颌,猫系眼,眼尾微挑,宽眼距,星点虹膜,低鼻根,轻微偏右鼻梁,肉感鼻头,平直唇,单侧上扬,右眼下浅泪痣,清瘦圆脸（颊部略凹），高眉骨/浅眼窝，猫系眼·眼尾微挑·宽眼距，低鼻根/轻微偏右鼻梁/肉感鼻头，平直唇·单侧上扬，窄下颌
FD00224,梨形脸,骨点内敛,微凸额,高眉骨,眼下饱满,柔和颧骨,饱满面颊,方下颌,鹤系眼,眼尾平直,标准眼距,墨玉瞳,低鼻根,轻微偏左鼻梁,方圆鼻头,平直唇,单侧上扬,无标志,梨形脸（骨点内敛），高眉骨/眼下饱满，鹤系眼·眼尾平直·标准眼距，低鼻根/轻微偏左鼻梁/方圆鼻头，平直唇·单侧上扬，方下颌
FD00225,长菱形,偏柔圆润,饱满额,外侧突出眉骨,深眼窝,宽颧骨,成熟收紧面颊,收敛下颌,鹰隼眼,眼尾平直,宽眼距,深色瞳,窄鼻根,高直鼻梁,肉感鼻头,成熟长唇,嘴角平直,眼睑褶皱不对称,长菱形（偏柔圆润），外侧突出眉骨/深眼窝，鹰隼眼·眼尾平直·宽眼距，窄鼻根/高直鼻梁/肉感鼻头，成熟长唇·嘴角平直，收敛下颌
FD00226,骨感方脸,面中平缓,宽额,厚眉骨,浅眼窝,宽颧骨,轻凹面颊,圆方下颌,圆长眼,眼尾下沉,宽眼距,浅褐瞳,窄鼻根,中直鼻梁,下压鼻头,厚唇,单侧上扬,颈侧细疤,骨感方脸（面中平缓），厚眉骨/浅眼窝，圆长眼·眼尾下沉·宽眼距，窄鼻根/中直鼻梁/下压鼻头，厚唇·单侧上扬，圆方下颌
FD00227,心形脸,颧部外扩,饱满额,柔和眉骨,眼下饱满,柔和颧骨,幼态柔软面颊,窄下颌,鹿系眼,眼尾明显挑,窄眼距,琥珀瞳,中鼻根,轻微偏右鼻梁,下压鼻头,小嘴,嘴角上扬,右眉轻断,心形脸（颧部外扩），柔和眉骨/眼下饱满，鹿系眼·眼尾明显挑·窄眼距，中鼻根/轻微偏右鼻梁/下压鼻头，小嘴·嘴角上扬，窄下颌
FD00228,清瘦圆脸,上庭展开,骨感额,厚眉骨,中度眼窝,柔和颧骨,幼态柔软面颊,收敛下颌,狭长眼,眼尾下压,窄眼距,墨玉瞳,中鼻根,宽骨鼻梁,窄翼鼻头,宽嘴,嘴角平直,唇下小痣,清瘦圆脸（上庭展开），厚眉骨/中度眼窝，狭长眼·眼尾下压·窄眼距，中鼻根/宽骨鼻梁/窄翼鼻头，宽嘴·嘴角平直，收敛下颌
FD00229,宽方脸,面中立体化,低额,薄眉骨,中度眼窝,宽颧骨,幼态柔软面颊,柔和下颌,平凤眼,眼尾延展,标准眼距,星点虹膜,中高鼻根,宽骨鼻梁,肉感鼻头,上厚下薄,嘴角上扬,眼睑褶皱不对称,宽方脸（面中立体化），薄眉骨/中度眼窝，平凤眼·眼尾延展·标准眼距，中高鼻根/宽骨鼻梁/肉感鼻头，上厚下薄·嘴角上扬，柔和下颌
FD00230,圆脸,颈部线条收短,低额,柔和眉骨,中度眼窝,高颧骨,成熟收紧面颊,宽下颌,鹤系眼,眼尾微挑,窄眼距,深色瞳,中鼻根,微弧鼻梁,下压鼻头,厚唇,嘴角下垂,眼睑褶皱不对称,圆脸（颈部线条收短），柔和眉骨/中度眼窝，鹤系眼·眼尾微挑·窄眼距，中鼻根/微弧鼻梁/下压鼻头，厚唇·嘴角下垂，宽下颌
FD00231,短圆脸,骨点外显,宽额,外侧突出眉骨,窄深眼窝,柔和颧骨,饱满面颊,骨感下颌,鹰隼眼,眼尾延展,窄眼距,碎裂虹膜,高鼻根,高直鼻梁,方圆鼻头,小嘴,单侧上扬,单侧虎牙,短圆脸（骨点外显），外侧突出眉骨/窄深眼窝，鹰隼眼·眼尾延展·窄眼距，高鼻根/高直鼻梁/方圆鼻头，小嘴·单侧上扬，骨感下颌
FD00232,骨感菱形,颌角弱化,微凸额,外侧突出眉骨,宽浅眼窝,外扩颧骨,饱满面颊,方下颌,短圆杏眼,眼尾平直,宽眼距,环状虹膜,低鼻根,轻微偏右鼻梁,方圆鼻头,成熟长唇,单侧上扬,指节薄茧,骨感菱形（颌角弱化），外侧突出眉骨/宽浅眼窝，短圆杏眼·眼尾平直·宽眼距，低鼻根/轻微偏右鼻梁/方圆鼻头，成熟长唇·单侧上扬，方下颌
FD00233,心形脸,下颌线柔化,低额,外侧突出眉骨,窄深眼窝,窄颧骨,轻凹面颊,窄下颌,柳叶眼,眼尾下沉,宽眼距,星点虹膜,高鼻根,轻微偏右鼻梁,肉感鼻头,上厚下薄,嘴角上扬,眉尾旧疤,心形脸（下颌线柔化），外侧突出眉骨/窄深眼窝，柳叶眼·眼尾下沉·宽眼距，高鼻根/轻微偏右鼻梁/肉感鼻头，上厚下薄·嘴角上扬，窄下颌
FD00234,宽心形脸,骨点外显,微凸额,低眉骨,浅眼窝,外扩颧骨,成熟收紧面颊,柔和下颌,丹凤眼,眼尾下压,宽眼距,环状虹膜,窄鼻根,柔和鼻梁,肉感鼻头,上厚下薄,嘴角上扬,唇下小痣,宽心形脸（骨点外显），低眉骨/浅眼窝，丹凤眼·眼尾下压·宽眼距，窄鼻根/柔和鼻梁/肉感鼻头，上厚下薄·嘴角上扬，柔和下颌
FD00235,长菱形,面中立体化,饱满额,高眉骨,眼下骨感,窄颧骨,轻凹面颊,骨感下颌,圆长眼,眼尾延展,宽眼距,墨玉瞳,窄鼻根,微弧鼻梁,下压鼻头,薄唇,嘴角下垂,眉尾旧疤,长菱形（面中立体化），高眉骨/眼下骨感，圆长眼·眼尾延展·宽眼距，窄鼻根/微弧鼻梁/下压鼻头，薄唇·嘴角下垂，骨感下颌
FD00236,圆方脸,上庭收窄,窄额,外侧突出眉骨,深眼窝,窄颧骨,轻凹面颊,柔和下颌,疲惫眼,眼尾明显挑,窄眼距,墨玉瞳,中鼻根,微弧鼻梁,肉感鼻头,宽嘴,单侧上扬,无标志,圆方脸（上庭收窄），外侧突出眉骨/深眼窝，疲惫眼·眼尾明显挑·窄眼距，中鼻根/微弧鼻梁/肉感鼻头，宽嘴·单侧上扬，柔和下颌
FD00237,下颌突出脸,颊部略凹,窄额,厚眉骨,眼下饱满,宽颧骨,饱满面颊,窄下颌,成熟长眼,眼尾微挑,标准眼距,灰蓝瞳,中高鼻根,轻微偏左鼻梁,轻翘鼻头,成熟长唇,单侧上扬,左颊浅疤,下颌突出脸（颊部略凹），厚眉骨/眼下饱满，成熟长眼·眼尾微挑·标准眼距，中高鼻根/轻微偏左鼻梁/轻翘鼻头，成熟长唇·单侧上扬，窄下颌
FD00238,标准菱形,下庭加重,平直额,厚眉骨,深眼窝,窄颧骨,轻凹面颊,明显下颌角,瑞凤眼,眼尾平直,窄眼距,浅褐瞳,中高鼻根,轻微偏右鼻梁,轻翘鼻头,弓形唇,单侧上扬,无标志,标准菱形（下庭加重），厚眉骨/深眼窝，瑞凤眼·眼尾平直·窄眼距，中高鼻根/轻微偏右鼻梁/轻翘鼻头，弓形唇·单侧上扬，明显下颌角
FD00239,上窄下宽脸,下庭收窄,饱满额,内侧突出眉骨,深眼窝,低颧骨,饱满面颊,收敛下颌,少年圆眼,眼尾平直,标准眼距,浅褐瞳,宽鼻根,轻微偏左鼻梁,微钝鼻头,厚唇,嘴角上扬,左颊浅疤,上窄下宽脸（下庭收窄），内侧突出眉骨/深眼窝，少年圆眼·眼尾平直·标准眼距，宽鼻根/轻微偏左鼻梁/微钝鼻头，厚唇·嘴角上扬，收敛下颌
FD00240,倒梯形脸,偏柔圆润,低额,外侧突出眉骨,深眼窝,低颧骨,饱满面颊,窄下颌,上扬凤眼,眼尾下压,窄眼距,浅褐瞳,宽鼻根,高直鼻梁,方圆鼻头,上薄下厚,嘴角上扬,瞳孔残缺,倒梯形脸（偏柔圆润），外侧突出眉骨/深眼窝，上扬凤眼·眼尾下压·窄眼距，宽鼻根/高直鼻梁/方圆鼻头，上薄下厚·嘴角上扬，窄下颌
FD00241,短方脸,颧部外扩,宽额,厚眉骨,宽浅眼窝,柔和颧骨,饱满面颊,骨感下颌,狭长眼,眼尾延展,宽眼距,墨玉瞳,高鼻根,柔和鼻梁,方圆鼻头,薄唇,单侧上扬,左眼下浅泪痣,短方脸（颧部外扩），厚眉骨/宽浅眼窝，狭长眼·眼尾延展·宽眼距，高鼻根/柔和鼻梁/方圆鼻头，薄唇·单侧上扬，骨感下颌
FD00242,方菱过渡脸,中庭拉长,窄额,压迫感眉骨,中度眼窝,窄颧骨,饱满面颊,收敛下颌,长杏眼,眼尾明显挑,标准眼距,灰蓝瞳,窄鼻根,轻微偏右鼻梁,轻翘鼻头,成熟长唇,嘴角上扬,眉心竖纹浅痕,方菱过渡脸（中庭拉长），压迫感眉骨/中度眼窝，长杏眼·眼尾明显挑·标准眼距，窄鼻根/轻微偏右鼻梁/轻翘鼻头，成熟长唇·嘴角上扬，收敛下颌
FD00243,柔和菱形,颌角弱化,高额,内侧突出眉骨,窄深眼窝,柔和颧骨,饱满面颊,收敛下颌,长杏眼,眼尾平直,宽眼距,琥珀瞳,窄鼻根,轻鹰钩鼻梁,方圆鼻头,上厚下薄,嘴角下垂,唇下小痣,柔和菱形（颌角弱化），内侧突出眉骨/窄深眼窝，长杏眼·眼尾平直·宽眼距，窄鼻根/轻鹰钩鼻梁/方圆鼻头，上厚下薄·嘴角下垂，收敛下颌
FD00244,清瘦圆脸,中庭拉长,平直额,压迫感眉骨,深眼窝,柔和颧骨,幼态柔软面颊,方下颌,猫系眼,眼尾延展,宽眼距,异色瞳,中鼻根,中直鼻梁,窄翼鼻头,小嘴,单侧上扬,单侧虎牙,清瘦圆脸（中庭拉长），压迫感眉骨/深眼窝，猫系眼·眼尾延展·宽眼距，中鼻根/中直鼻梁/窄翼鼻头，小嘴·单侧上扬，方下颌
FD00245,宽菱形,颌角弱化,宽额,薄眉骨,眼下骨感,低颧骨,成熟收紧面颊,宽下颌,平直杏眼,眼尾明显挑,窄眼距,灰蓝瞳,窄鼻根,高直鼻梁,小圆鼻头,薄唇,单侧上扬,双侧酒窝,宽菱形（颌角弱化），薄眉骨/眼下骨感，平直杏眼·眼尾明显挑·窄眼距，窄鼻根/高直鼻梁/小圆鼻头，薄唇·单侧上扬，宽下颌
FD00246,梨形脸,颧部外扩,窄额,外侧突出眉骨,宽浅眼窝,高颧骨,饱满面颊,骨感下颌,平直杏眼,眼尾平直,窄眼距,墨玉瞳,窄鼻根,轻微偏右鼻梁,方圆鼻头,上厚下薄,嘴角平直,眼角小痣,梨形脸（颧部外扩），外侧突出眉骨/宽浅眼窝，平直杏眼·眼尾平直·窄眼距，窄鼻根/轻微偏右鼻梁/方圆鼻头，上厚下薄·嘴角平直，骨感下颌
FD00247,幼态方脸,颈部线条收短,平直额,压迫感眉骨,中度眼窝,低颧骨,饱满面颊,收敛下颌,蛇系眼,眼尾延展,窄眼距,淡金瞳,低鼻根,轻鹰钩鼻梁,小圆鼻头,平直唇,嘴角紧收,左颊浅疤,幼态方脸（颈部线条收短），压迫感眉骨/中度眼窝，蛇系眼·眼尾延展·窄眼距，低鼻根/轻鹰钩鼻梁/小圆鼻头，平直唇·嘴角紧收，收敛下颌
FD00248,倒三角脸,颊部略凹,饱满额,高眉骨,眼下骨感,宽颧骨,成熟收紧面颊,圆方下颌,鹿系眼,眼尾延展,宽眼距,琥珀瞳,中鼻根,微弧鼻梁,轻翘鼻头,厚唇,嘴角下垂,瞳孔残缺,倒三角脸（颊部略凹），高眉骨/眼下骨感，鹿系眼·眼尾延展·宽眼距，中鼻根/微弧鼻梁/轻翘鼻头，厚唇·嘴角下垂，圆方下颌
FD00249,上宽下窄脸,偏柔圆润,微凸额,压迫感眉骨,眼下骨感,柔和颧骨,薄面颊,明显下颌角,上扬凤眼,眼尾下沉,窄眼距,浅褐瞳,低鼻根,柔和鼻梁,轻翘鼻头,薄唇,嘴角平直,单侧酒窝,上宽下窄脸（偏柔圆润），压迫感眉骨/眼下骨感，上扬凤眼·眼尾下沉·窄眼距，低鼻根/柔和鼻梁/轻翘鼻头，薄唇·嘴角平直，明显下颌角
FD00250,心形脸,下颌线柔化,微凸额,薄眉骨,窄深眼窝,外扩颧骨,轻凹面颊,明显下颌角,冷感眼,眼尾下压,宽眼距,碎裂虹膜,高鼻根,高直鼻梁,小圆鼻头,弓形唇,嘴角平直,眉心竖纹浅痕,心形脸（下颌线柔化），薄眉骨/窄深眼窝，冷感眼·眼尾下压·宽眼距，高鼻根/高直鼻梁/小圆鼻头，弓形唇·嘴角平直，明显下颌角
FD00251,短方脸,颌角弱化,平直额,低眉骨,眼下饱满,柔和颧骨,饱满面颊,骨感下颌,柳叶眼,眼尾下压,窄眼距,深色瞳,中鼻根,轻鹰钩鼻梁,微钝鼻头,上厚下薄,嘴角平直,异色瞳,短方脸（颌角弱化），低眉骨/眼下饱满，柳叶眼·眼尾下压·窄眼距，中鼻根/轻鹰钩鼻梁/微钝鼻头，上厚下薄·嘴角平直，骨感下颌
FD00252,上宽下窄脸,颌角强调,高额,高眉骨,眼下骨感,柔和颧骨,轻凹面颊,窄下颌,鹤系眼,眼尾微挑,标准眼距,墨玉瞳,低鼻根,轻微偏左鼻梁,轻翘鼻头,成熟长唇,嘴角平直,指节薄茧,上宽下窄脸（颌角强调），高眉骨/眼下骨感，鹤系眼·眼尾微挑·标准眼距，低鼻根/轻微偏左鼻梁/轻翘鼻头，成熟长唇·嘴角平直，窄下颌
FD00253,长方脸,骨点外显,宽额,低眉骨,眼下骨感,窄颧骨,幼态柔软面颊,收敛下颌,桃花眼,眼尾下压,窄眼距,墨玉瞳,中高鼻根,微弧鼻梁,小圆鼻头,宽嘴,嘴角下垂,左颊浅疤,长方脸（骨点外显），低眉骨/眼下骨感，桃花眼·眼尾下压·窄眼距，中高鼻根/微弧鼻梁/小圆鼻头，宽嘴·嘴角下垂，收敛下颌
FD00254,骨感菱形,中庭拉长,平直额,外侧突出眉骨,中度眼窝,高颧骨,薄面颊,宽下颌,丹凤眼,眼尾平直,宽眼距,星点虹膜,低鼻根,宽骨鼻梁,微钝鼻头,宽嘴,嘴角平直,指节薄茧,骨感菱形（中庭拉长），外侧突出眉骨/中度眼窝，丹凤眼·眼尾平直·宽眼距，低鼻根/宽骨鼻梁/微钝鼻头，宽嘴·嘴角平直，宽下颌
FD00255,正梯形脸,下庭收窄,平直额,外侧突出眉骨,浅眼窝,高颧骨,薄面颊,方下颌,圆长眼,眼尾明显挑,窄眼距,灰蓝瞳,中鼻根,中直鼻梁,下压鼻头,厚唇,单侧上扬,单侧酒窝,正梯形脸（下庭收窄），外侧突出眉骨/浅眼窝，圆长眼·眼尾明显挑·窄眼距，中鼻根/中直鼻梁/下压鼻头，厚唇·单侧上扬，方下颌
FD00256,方菱过渡脸,偏柔圆润,骨感额,外侧突出眉骨,宽浅眼窝,柔和颧骨,薄面颊,明显下颌角,长杏眼,眼尾平直,窄眼距,淡金瞳,宽鼻根,微弧鼻梁,轻翘鼻头,上薄下厚,嘴角下垂,单侧酒窝,方菱过渡脸（偏柔圆润），外侧突出眉骨/宽浅眼窝，长杏眼·眼尾平直·窄眼距，宽鼻根/微弧鼻梁/轻翘鼻头，上薄下厚·嘴角下垂，明显下颌角
FD00257,上宽下窄脸,颈部线条收短,饱满额,内侧突出眉骨,宽浅眼窝,低颧骨,饱满面颊,圆方下颌,成熟长眼,眼尾下压,窄眼距,灰蓝瞳,宽鼻根,柔和鼻梁,骨感鼻头,成熟长唇,嘴角下垂,耳后小痣,上宽下窄脸（颈部线条收短），内侧突出眉骨/宽浅眼窝，成熟长眼·眼尾下压·窄眼距，宽鼻根/柔和鼻梁/骨感鼻头，成熟长唇·嘴角下垂，圆方下颌
FD00258,窄方脸,颊部饱满,微凸额,高眉骨,宽浅眼窝,宽颧骨,饱满面颊,明显下颌角,宽杏眼,眼尾微挑,标准眼距,碎裂虹膜,低鼻根,微弧鼻梁,小圆鼻头,上薄下厚,嘴角平直,环状虹膜,窄方脸（颊部饱满），高眉骨/宽浅眼窝，宽杏眼·眼尾微挑·标准眼距，低鼻根/微弧鼻梁/小圆鼻头，上薄下厚·嘴角平直，明显下颌角
FD00259,梨形脸,中轴微长,平直额,低眉骨,眼下饱满,高颧骨,成熟收紧面颊,圆方下颌,冷感眼,眼尾平直,标准眼距,浅褐瞳,窄鼻根,柔和鼻梁,下压鼻头,成熟长唇,嘴角上扬,眉心竖纹浅痕,梨形脸（中轴微长），低眉骨/眼下饱满，冷感眼·眼尾平直·标准眼距，窄鼻根/柔和鼻梁/下压鼻头，成熟长唇·嘴角上扬，圆方下颌
FD00260,倒梯形脸,偏锐收窄,低额,薄眉骨,窄深眼窝,窄颧骨,成熟收紧面颊,明显下颌角,短杏眼,眼尾平直,标准眼距,深色瞳,高鼻根,高直鼻梁,肉感鼻头,上薄下厚,嘴角下垂,鼻梁旧伤,倒梯形脸（偏锐收窄），薄眉骨/窄深眼窝，短杏眼·眼尾平直·标准眼距，高鼻根/高直鼻梁/肉感鼻头，上薄下厚·嘴角下垂，明显下颌角
FD00261,倒三角脸,中轴收紧,低额,薄眉骨,宽浅眼窝,高颧骨,幼态柔软面颊,柔和下颌,狭长眼,眼尾延展,宽眼距,碎裂虹膜,中高鼻根,微弧鼻梁,微钝鼻头,厚唇,嘴角下垂,指节薄茧,倒三角脸（中轴收紧），薄眉骨/宽浅眼窝，狭长眼·眼尾延展·宽眼距，中高鼻根/微弧鼻梁/微钝鼻头，厚唇·嘴角下垂，柔和下颌
FD00262,颧部展开脸,颧部微收,窄额,内侧突出眉骨,宽浅眼窝,宽颧骨,轻凹面颊,骨感下颌,蛇系眼,眼尾延展,宽眼距,灰蓝瞳,宽鼻根,中直鼻梁,小圆鼻头,厚唇,嘴角平直,异色瞳,颧部展开脸（颧部微收），内侧突出眉骨/宽浅眼窝，蛇系眼·眼尾延展·宽眼距，宽鼻根/中直鼻梁/小圆鼻头，厚唇·嘴角平直，骨感下颌
FD00263,长方脸,偏柔圆润,高额,内侧突出眉骨,中度眼窝,低颧骨,轻凹面颊,窄下颌,鹿系眼,眼尾微挑,窄眼距,星点虹膜,高鼻根,轻鹰钩鼻梁,骨感鼻头,小嘴,单侧上扬,额角旧痕,长方脸（偏柔圆润），内侧突出眉骨/中度眼窝，鹿系眼·眼尾微挑·窄眼距，高鼻根/轻鹰钩鼻梁/骨感鼻头，小嘴·单侧上扬，窄下颌
FD00264,骨感方脸,颌角强调,饱满额,外侧突出眉骨,浅眼窝,高颧骨,薄面颊,收敛下颌,冷感眼,眼尾下压,窄眼距,碎裂虹膜,中鼻根,轻鹰钩鼻梁,方圆鼻头,厚唇,嘴角紧收,单侧酒窝,骨感方脸（颌角强调），外侧突出眉骨/浅眼窝，冷感眼·眼尾下压·窄眼距，中鼻根/轻鹰钩鼻梁/方圆鼻头，厚唇·嘴角紧收，收敛下颌
FD00265,宽心形脸,颧部外扩,平直额,薄眉骨,宽浅眼窝,窄颧骨,饱满面颊,方下颌,冷感眼,眼尾微挑,窄眼距,星点虹膜,高鼻根,宽骨鼻梁,轻翘鼻头,小嘴,嘴角紧收,唇下小痣,宽心形脸（颧部外扩），薄眉骨/宽浅眼窝，冷感眼·眼尾微挑·窄眼距，高鼻根/宽骨鼻梁/轻翘鼻头，小嘴·嘴角紧收，方下颌
FD00266,柔和方脸,下颌线清晰化,宽额,内侧突出眉骨,深眼窝,低颧骨,幼态柔软面颊,骨感下颌,狼系眼,眼尾下压,宽眼距,淡金瞳,高鼻根,中直鼻梁,小圆鼻头,小嘴,单侧上扬,瞳孔残缺,柔和方脸（下颌线清晰化），内侧突出眉骨/深眼窝，狼系眼·眼尾下压·宽眼距，高鼻根/中直鼻梁/小圆鼻头，小嘴·单侧上扬，骨感下颌
FD00267,宽菱形,下颌线清晰化,饱满额,薄眉骨,浅眼窝,宽颧骨,成熟收紧面颊,窄下颌,窄杏眼,眼尾明显挑,标准眼距,琥珀瞳,中鼻根,微弧鼻梁,小圆鼻头,成熟长唇,嘴角上扬,异色瞳,宽菱形（下颌线清晰化），薄眉骨/浅眼窝，窄杏眼·眼尾明显挑·标准眼距，中鼻根/微弧鼻梁/小圆鼻头，成熟长唇·嘴角上扬，窄下颌
FD00268,宽心形脸,面中立体化,骨感额,厚眉骨,窄深眼窝,窄颧骨,饱满面颊,宽下颌,丹凤眼,眼尾下压,标准眼距,琥珀瞳,中鼻根,高直鼻梁,肉感鼻头,小嘴,嘴角下垂,瞳孔残缺,宽心形脸（面中立体化），厚眉骨/窄深眼窝，丹凤眼·眼尾下压·标准眼距，中鼻根/高直鼻梁/肉感鼻头，小嘴·嘴角下垂，宽下颌
FD00269,长方脸,颌角强调,骨感额,压迫感眉骨,窄深眼窝,高颧骨,成熟收紧面颊,骨感下颌,丹凤眼,眼尾下沉,标准眼距,星点虹膜,高鼻根,中直鼻梁,方圆鼻头,平直唇,嘴角上扬,瞳孔残缺,长方脸（颌角强调），压迫感眉骨/窄深眼窝，丹凤眼·眼尾下沉·标准眼距，高鼻根/中直鼻梁/方圆鼻头，平直唇·嘴角上扬，骨感下颌
FD00270,上窄下宽脸,面中平缓,低额,高眉骨,眼下骨感,低颧骨,幼态柔软面颊,圆方下颌,狭长瑞凤眼,眼尾明显挑,宽眼距,墨玉瞳,中高鼻根,柔和鼻梁,方圆鼻头,厚唇,嘴角平直,双侧酒窝,上窄下宽脸（面中平缓），高眉骨/眼下骨感，狭长瑞凤眼·眼尾明显挑·宽眼距，中高鼻根/柔和鼻梁/方圆鼻头，厚唇·嘴角平直，圆方下颌
FD00271,梨形脸,上庭收窄,窄额,外侧突出眉骨,宽浅眼窝,窄颧骨,幼态柔软面颊,宽下颌,鹰隼眼,眼尾下沉,宽眼距,异色瞳,中鼻根,微弧鼻梁,轻翘鼻头,宽嘴,嘴角上扬,瞳孔残缺,梨形脸（上庭收窄），外侧突出眉骨/宽浅眼窝，鹰隼眼·眼尾下沉·宽眼距，中鼻根/微弧鼻梁/轻翘鼻头，宽嘴·嘴角上扬，宽下颌
FD00272,方菱过渡脸,偏锐收窄,饱满额,薄眉骨,眼下骨感,外扩颧骨,饱满面颊,柔和下颌,桃花眼,眼尾微挑,窄眼距,深色瞳,中鼻根,轻微偏左鼻梁,轻翘鼻头,小嘴,嘴角紧收,眉尾旧疤,方菱过渡脸（偏锐收窄），薄眉骨/眼下骨感，桃花眼·眼尾微挑·窄眼距，中鼻根/轻微偏左鼻梁/轻翘鼻头，小嘴·嘴角紧收，柔和下颌
FD00273,长菱形,中轴微长,窄额,高眉骨,眼下骨感,窄颧骨,轻凹面颊,窄下颌,丹凤眼,眼尾明显挑,宽眼距,灰蓝瞳,高鼻根,高直鼻梁,骨感鼻头,弓形唇,嘴角上扬,无标志,长菱形（中轴微长），高眉骨/眼下骨感，丹凤眼·眼尾明显挑·宽眼距，高鼻根/高直鼻梁/骨感鼻头，弓形唇·嘴角上扬，窄下颌
FD00274,肉感短脸,偏柔圆润,平直额,低眉骨,宽浅眼窝,高颧骨,轻凹面颊,方下颌,狼系眼,眼尾延展,标准眼距,灰蓝瞳,高鼻根,柔和鼻梁,窄翼鼻头,上薄下厚,嘴角下垂,鼻梁旧伤,肉感短脸（偏柔圆润），低眉骨/宽浅眼窝，狼系眼·眼尾延展·标准眼距，高鼻根/柔和鼻梁/窄翼鼻头，上薄下厚·嘴角下垂，方下颌
FD00275,圆方脸,中轴收紧,宽额,厚眉骨,眼下饱满,宽颧骨,轻凹面颊,柔和下颌,长杏眼,眼尾明显挑,宽眼距,墨玉瞳,中高鼻根,轻鹰钩鼻梁,肉感鼻头,成熟长唇,嘴角紧收,环状虹膜,圆方脸（中轴收紧），厚眉骨/眼下饱满，长杏眼·眼尾明显挑·宽眼距，中高鼻根/轻鹰钩鼻梁/肉感鼻头，成熟长唇·嘴角紧收，柔和下颌
FD00276,长圆脸,颈部线条延长,窄额,柔和眉骨,窄深眼窝,高颧骨,成熟收紧面颊,宽下颌,短圆杏眼,眼尾平直,标准眼距,深色瞳,高鼻根,柔和鼻梁,微钝鼻头,成熟长唇,嘴角下垂,眉尾旧疤,长圆脸（颈部线条延长），柔和眉骨/窄深眼窝，短圆杏眼·眼尾平直·标准眼距，高鼻根/柔和鼻梁/微钝鼻头，成熟长唇·嘴角下垂，宽下颌
FD00277,柔和方脸,中庭展宽,平直额,柔和眉骨,浅眼窝,高颧骨,饱满面颊,窄下颌,窄杏眼,眼尾下压,窄眼距,灰蓝瞳,低鼻根,宽骨鼻梁,骨感鼻头,上薄下厚,嘴角上扬,眉尾旧疤,柔和方脸（中庭展宽），柔和眉骨/浅眼窝，窄杏眼·眼尾下压·窄眼距，低鼻根/宽骨鼻梁/骨感鼻头，上薄下厚·嘴角上扬，窄下颌
FD00278,柔和菱形,颌角强调,饱满额,厚眉骨,宽浅眼窝,高颧骨,饱满面颊,柔和下颌,成熟长眼,眼尾下压,宽眼距,星点虹膜,低鼻根,轻微偏左鼻梁,微钝鼻头,成熟长唇,嘴角紧收,左眼下浅泪痣,柔和菱形（颌角强调），厚眉骨/宽浅眼窝，成熟长眼·眼尾下压·宽眼距，低鼻根/轻微偏左鼻梁/微钝鼻头，成熟长唇·嘴角紧收，柔和下颌
FD00279,颧部展开脸,上庭展开,微凸额,外侧突出眉骨,浅眼窝,高颧骨,幼态柔软面颊,收敛下颌,成熟长眼,眼尾下沉,宽眼距,琥珀瞳,低鼻根,轻微偏右鼻梁,轻翘鼻头,宽嘴,嘴角平直,鼻梁旧伤,颧部展开脸（上庭展开），外侧突出眉骨/浅眼窝，成熟长眼·眼尾下沉·宽眼距，低鼻根/轻微偏右鼻梁/轻翘鼻头，宽嘴·嘴角平直，收敛下颌
FD00280,宽心形脸,下庭收窄,微凸额,薄眉骨,眼下饱满,窄颧骨,成熟收紧面颊,骨感下颌,狼系眼,眼尾下压,宽眼距,灰蓝瞳,宽鼻根,宽骨鼻梁,肉感鼻头,宽嘴,嘴角平直,单侧酒窝,宽心形脸（下庭收窄），薄眉骨/眼下饱满，狼系眼·眼尾下压·宽眼距，宽鼻根/宽骨鼻梁/肉感鼻头，宽嘴·嘴角平直，骨感下颌
FD00281,倒梯形脸,偏柔圆润,骨感额,厚眉骨,中度眼窝,柔和颧骨,薄面颊,方下颌,短杏眼,眼尾明显挑,窄眼距,星点虹膜,窄鼻根,轻微偏左鼻梁,肉感鼻头,弓形唇,单侧上扬,颈侧细疤,倒梯形脸（偏柔圆润），厚眉骨/中度眼窝，短杏眼·眼尾明显挑·窄眼距，窄鼻根/轻微偏左鼻梁/肉感鼻头，弓形唇·单侧上扬，方下颌
FD00282,肉感短脸,下颌线清晰化,窄额,厚眉骨,眼下骨感,柔和颧骨,薄面颊,宽下颌,猫系眼,眼尾明显挑,窄眼距,墨玉瞳,低鼻根,中直鼻梁,轻翘鼻头,宽嘴,嘴角下垂,唇下小痣,肉感短脸（下颌线清晰化），厚眉骨/眼下骨感，猫系眼·眼尾明显挑·窄眼距，低鼻根/中直鼻梁/轻翘鼻头，宽嘴·嘴角下垂，宽下颌
FD00283,长心形脸,颌角强调,平直额,压迫感眉骨,宽浅眼窝,柔和颧骨,成熟收紧面颊,宽下颌,鹤系眼,眼尾延展,标准眼距,墨玉瞳,中鼻根,高直鼻梁,骨感鼻头,成熟长唇,嘴角紧收,眉心竖纹浅痕,长心形脸（颌角强调），压迫感眉骨/宽浅眼窝，鹤系眼·眼尾延展·标准眼距，中鼻根/高直鼻梁/骨感鼻头，成熟长唇·嘴角紧收，宽下颌
FD00284,上宽下窄脸,偏柔圆润,平直额,外侧突出眉骨,眼下饱满,窄颧骨,饱满面颊,窄下颌,窄杏眼,眼尾微挑,宽眼距,碎裂虹膜,窄鼻根,柔和鼻梁,方圆鼻头,上薄下厚,单侧上扬,碎裂虹膜,上宽下窄脸（偏柔圆润），外侧突出眉骨/眼下饱满，窄杏眼·眼尾微挑·宽眼距，窄鼻根/柔和鼻梁/方圆鼻头，上薄下厚·单侧上扬，窄下颌
FD00285,上窄下宽脸,颊部饱满,窄额,厚眉骨,中度眼窝,宽颧骨,成熟收紧面颊,收敛下颌,成熟长眼,眼尾延展,宽眼距,琥珀瞳,窄鼻根,柔和鼻梁,窄翼鼻头,薄唇,嘴角平直,无标志,上窄下宽脸（颊部饱满），厚眉骨/中度眼窝，成熟长眼·眼尾延展·宽眼距，窄鼻根/柔和鼻梁/窄翼鼻头，薄唇·嘴角平直，收敛下颌
FD00286,清瘦圆脸,下颌线清晰化,平直额,低眉骨,眼下骨感,高颧骨,饱满面颊,明显下颌角,柳叶眼,眼尾下沉,标准眼距,灰蓝瞳,中高鼻根,轻鹰钩鼻梁,骨感鼻头,上薄下厚,嘴角紧收,鼻梁旧伤,清瘦圆脸（下颌线清晰化），低眉骨/眼下骨感，柳叶眼·眼尾下沉·标准眼距，中高鼻根/轻鹰钩鼻梁/骨感鼻头，上薄下厚·嘴角紧收，明显下颌角
FD00287,双颌匀称脸,下颌线清晰化,低额,低眉骨,眼下饱满,窄颧骨,成熟收紧面颊,明显下颌角,丹凤眼,眼尾下沉,标准眼距,环状虹膜,宽鼻根,高直鼻梁,小圆鼻头,厚唇,嘴角紧收,左眼下浅泪痣,双颌匀称脸（下颌线清晰化），低眉骨/眼下饱满，丹凤眼·眼尾下沉·标准眼距，宽鼻根/高直鼻梁/小圆鼻头，厚唇·嘴角紧收，明显下颌角
FD00288,清瘦圆脸,面中平缓,宽额,厚眉骨,眼下骨感,高颧骨,成熟收紧面颊,方下颌,鹤系眼,眼尾微挑,标准眼距,星点虹膜,高鼻根,轻鹰钩鼻梁,小圆鼻头,上薄下厚,嘴角下垂,环状虹膜,清瘦圆脸（面中平缓），厚眉骨/眼下骨感，鹤系眼·眼尾微挑·标准眼距，高鼻根/轻鹰钩鼻梁/小圆鼻头，上薄下厚·嘴角下垂，方下颌
FD00289,短方脸,中轴收紧,骨感额,高眉骨,眼下骨感,外扩颧骨,薄面颊,宽下颌,蛇系眼,眼尾平直,标准眼距,深色瞳,高鼻根,柔和鼻梁,肉感鼻头,上厚下薄,嘴角上扬,异色瞳,短方脸（中轴收紧），高眉骨/眼下骨感，蛇系眼·眼尾平直·标准眼距，高鼻根/柔和鼻梁/肉感鼻头，上厚下薄·嘴角上扬，宽下颌
FD00290,骨感方脸,上庭展开,平直额,柔和眉骨,深眼窝,低颧骨,成熟收紧面颊,收敛下颌,冷感眼,眼尾下压,标准眼距,碎裂虹膜,窄鼻根,柔和鼻梁,小圆鼻头,宽嘴,嘴角紧收,双侧酒窝,骨感方脸（上庭展开），柔和眉骨/深眼窝，冷感眼·眼尾下压·标准眼距，窄鼻根/柔和鼻梁/小圆鼻头，宽嘴·嘴角紧收，收敛下颌
FD00291,成熟方脸,颌角弱化,饱满额,高眉骨,浅眼窝,窄颧骨,薄面颊,宽下颌,成熟长眼,眼尾下压,窄眼距,环状虹膜,高鼻根,轻微偏左鼻梁,骨感鼻头,上薄下厚,单侧上扬,双侧酒窝,成熟方脸（颌角弱化），高眉骨/浅眼窝，成熟长眼·眼尾下压·窄眼距，高鼻根/轻微偏左鼻梁/骨感鼻头，上薄下厚·单侧上扬，宽下颌
FD00292,清瘦圆脸,偏锐收窄,平直额,外侧突出眉骨,深眼窝,宽颧骨,幼态柔软面颊,方下颌,下垂眼,眼尾明显挑,宽眼距,深色瞳,低鼻根,轻鹰钩鼻梁,微钝鼻头,厚唇,嘴角平直,眉尾旧疤,清瘦圆脸（偏锐收窄），外侧突出眉骨/深眼窝，下垂眼·眼尾明显挑·宽眼距，低鼻根/轻鹰钩鼻梁/微钝鼻头，厚唇·嘴角平直，方下颌
FD00293,宽菱形,中庭拉长,高额,薄眉骨,深眼窝,窄颧骨,轻凹面颊,宽下颌,瑞凤眼,眼尾明显挑,窄眼距,碎裂虹膜,宽鼻根,中直鼻梁,微钝鼻头,上薄下厚,单侧上扬,单侧酒窝,宽菱形（中庭拉长），薄眉骨/深眼窝，瑞凤眼·眼尾明显挑·窄眼距，宽鼻根/中直鼻梁/微钝鼻头，上薄下厚·单侧上扬，宽下颌
FD00294,倒三角脸,颧部微收,高额,厚眉骨,眼下饱满,外扩颧骨,幼态柔软面颊,窄下颌,狐狸系眼,眼尾下压,标准眼距,异色瞳,窄鼻根,轻微偏左鼻梁,窄翼鼻头,平直唇,嘴角紧收,左眼下浅泪痣,倒三角脸（颧部微收），厚眉骨/眼下饱满，狐狸系眼·眼尾下压·标准眼距，窄鼻根/轻微偏左鼻梁/窄翼鼻头，平直唇·嘴角紧收，窄下颌
FD00295,骨感窄脸,面中平缓,窄额,压迫感眉骨,中度眼窝,柔和颧骨,轻凹面颊,骨感下颌,柳叶眼,眼尾下沉,宽眼距,墨玉瞳,中鼻根,轻微偏右鼻梁,微钝鼻头,薄唇,单侧上扬,指节薄茧,骨感窄脸（面中平缓），压迫感眉骨/中度眼窝，柳叶眼·眼尾下沉·宽眼距，中鼻根/轻微偏右鼻梁/微钝鼻头，薄唇·单侧上扬，骨感下颌
FD00296,肉感短脸,颌角强调,低额,外侧突出眉骨,宽浅眼窝,窄颧骨,轻凹面颊,窄下颌,平凤眼,眼尾平直,窄眼距,环状虹膜,中高鼻根,微弧鼻梁,小圆鼻头,上厚下薄,嘴角下垂,无标志,肉感短脸（颌角强调），外侧突出眉骨/宽浅眼窝，平凤眼·眼尾平直·窄眼距，中高鼻根/微弧鼻梁/小圆鼻头，上厚下薄·嘴角下垂，窄下颌
FD00297,圆脸,下颌线柔化,高额,外侧突出眉骨,眼下饱满,宽颧骨,成熟收紧面颊,窄下颌,上扬凤眼,眼尾平直,窄眼距,异色瞳,高鼻根,柔和鼻梁,微钝鼻头,薄唇,嘴角上扬,唇下小痣,圆脸（下颌线柔化），外侧突出眉骨/眼下饱满，上扬凤眼·眼尾平直·窄眼距，高鼻根/柔和鼻梁/微钝鼻头，薄唇·嘴角上扬，窄下颌
FD00298,宽心形脸,中庭拉长,微凸额,高眉骨,浅眼窝,窄颧骨,饱满面颊,骨感下颌,短圆杏眼,眼尾延展,窄眼距,墨玉瞳,中鼻根,柔和鼻梁,骨感鼻头,平直唇,嘴角紧收,指节薄茧,宽心形脸（中庭拉长），高眉骨/浅眼窝，短圆杏眼·眼尾延展·窄眼距，中鼻根/柔和鼻梁/骨感鼻头，平直唇·嘴角紧收，骨感下颌
FD00299,倒梯形脸,上庭展开,微凸额,低眉骨,眼下骨感,低颧骨,薄面颊,窄下颌,宽杏眼,眼尾明显挑,窄眼距,琥珀瞳,窄鼻根,高直鼻梁,肉感鼻头,宽嘴,嘴角上扬,环状虹膜,倒梯形脸（上庭展开），低眉骨/眼下骨感，宽杏眼·眼尾明显挑·窄眼距，窄鼻根/高直鼻梁/肉感鼻头，宽嘴·嘴角上扬，窄下颌
FD00300,骨感方脸,颊部略凹,饱满额,柔和眉骨,窄深眼窝,低颧骨,成熟收紧面颊,骨感下颌,鹰隼眼,眼尾延展,宽眼距,异色瞳,中高鼻根,中直鼻梁,窄翼鼻头,平直唇,嘴角紧收,右眼下浅泪痣,骨感方脸（颊部略凹），柔和眉骨/窄深眼窝，鹰隼眼·眼尾延展·宽眼距，中高鼻根/中直鼻梁/窄翼鼻头，平直唇·嘴角紧收，骨感下颌
FD00301,倒三角脸,颈部线条收短,宽额,外侧突出眉骨,浅眼窝,窄颧骨,饱满面颊,方下颌,疲惫眼,眼尾明显挑,标准眼距,墨玉瞳,窄鼻根,高直鼻梁,窄翼鼻头,上厚下薄,嘴角上扬,右眉轻断,倒三角脸（颈部线条收短），外侧突出眉骨/浅眼窝，疲惫眼·眼尾明显挑·标准眼距，窄鼻根/高直鼻梁/窄翼鼻头，上厚下薄·嘴角上扬，方下颌
FD00302,上宽下窄脸,下庭收窄,宽额,内侧突出眉骨,中度眼窝,窄颧骨,薄面颊,收敛下颌,短圆杏眼,眼尾明显挑,窄眼距,浅褐瞳,高鼻根,轻微偏右鼻梁,下压鼻头,成熟长唇,嘴角平直,无标志,上宽下窄脸（下庭收窄），内侧突出眉骨/中度眼窝，短圆杏眼·眼尾明显挑·窄眼距，高鼻根/轻微偏右鼻梁/下压鼻头，成熟长唇·嘴角平直，收敛下颌
FD00303,圆脸,上庭展开,饱满额,外侧突出眉骨,窄深眼窝,窄颧骨,轻凹面颊,窄下颌,疲惫眼,眼尾下沉,窄眼距,星点虹膜,窄鼻根,轻微偏右鼻梁,轻翘鼻头,弓形唇,嘴角平直,眉尾旧疤,圆脸（上庭展开），外侧突出眉骨/窄深眼窝，疲惫眼·眼尾下沉·窄眼距，窄鼻根/轻微偏右鼻梁/轻翘鼻头，弓形唇·嘴角平直，窄下颌
FD00304,心形脸,中轴收紧,平直额,压迫感眉骨,中度眼窝,柔和颧骨,幼态柔软面颊,宽下颌,冷感眼,眼尾下沉,窄眼距,琥珀瞳,宽鼻根,微弧鼻梁,窄翼鼻头,小嘴,单侧上扬,双侧酒窝,心形脸（中轴收紧），压迫感眉骨/中度眼窝，冷感眼·眼尾下沉·窄眼距，宽鼻根/微弧鼻梁/窄翼鼻头，小嘴·单侧上扬，宽下颌
FD00305,清瘦圆脸,颌角弱化,骨感额,薄眉骨,中度眼窝,柔和颧骨,成熟收紧面颊,圆方下颌,鹿系眼,眼尾明显挑,窄眼距,灰蓝瞳,中高鼻根,微弧鼻梁,窄翼鼻头,薄唇,嘴角下垂,颈侧细疤,清瘦圆脸（颌角弱化），薄眉骨/中度眼窝，鹿系眼·眼尾明显挑·窄眼距，中高鼻根/微弧鼻梁/窄翼鼻头，薄唇·嘴角下垂，圆方下颌
FD00306,柔和菱形,下庭收窄,高额,高眉骨,中度眼窝,窄颧骨,幼态柔软面颊,宽下颌,桃花眼,眼尾微挑,宽眼距,异色瞳,窄鼻根,柔和鼻梁,轻翘鼻头,上薄下厚,单侧上扬,左眼下浅泪痣,柔和菱形（下庭收窄），高眉骨/中度眼窝，桃花眼·眼尾微挑·宽眼距，窄鼻根/柔和鼻梁/轻翘鼻头，上薄下厚·单侧上扬，宽下颌
FD00307,骨感窄脸,中庭展宽,高额,外侧突出眉骨,眼下饱满,高颧骨,轻凹面颊,圆方下颌,狭长瑞凤眼,眼尾下压,宽眼距,墨玉瞳,窄鼻根,微弧鼻梁,窄翼鼻头,宽嘴,嘴角上扬,瞳孔残缺,骨感窄脸（中庭展宽），外侧突出眉骨/眼下饱满，狭长瑞凤眼·眼尾下压·宽眼距，窄鼻根/微弧鼻梁/窄翼鼻头，宽嘴·嘴角上扬，圆方下颌
FD00308,双颌匀称脸,颊部饱满,骨感额,内侧突出眉骨,眼下饱满,高颧骨,成熟收紧面颊,明显下颌角,平凤眼,眼尾下沉,宽眼距,墨玉瞳,中鼻根,微弧鼻梁,下压鼻头,上厚下薄,单侧上扬,眼睑褶皱不对称,双颌匀称脸（颊部饱满），内侧突出眉骨/眼下饱满，平凤眼·眼尾下沉·宽眼距，中鼻根/微弧鼻梁/下压鼻头，上厚下薄·单侧上扬，明显下颌角
FD00309,清瘦圆脸,下庭收窄,骨感额,内侧突出眉骨,深眼窝,高颧骨,成熟收紧面颊,骨感下颌,下垂眼,眼尾微挑,窄眼距,碎裂虹膜,高鼻根,微弧鼻梁,轻翘鼻头,薄唇,嘴角紧收,右眼下浅泪痣,清瘦圆脸（下庭收窄），内侧突出眉骨/深眼窝，下垂眼·眼尾微挑·窄眼距，高鼻根/微弧鼻梁/轻翘鼻头，薄唇·嘴角紧收，骨感下颌
FD00310,短圆脸,颈部线条延长,高额,低眉骨,中度眼窝,柔和颧骨,幼态柔软面颊,窄下颌,柳叶眼,眼尾下压,标准眼距,墨玉瞳,低鼻根,宽骨鼻梁,下压鼻头,上厚下薄,嘴角平直,眉上小疤,短圆脸（颈部线条延长），低眉骨/中度眼窝，柳叶眼·眼尾下压·标准眼距，低鼻根/宽骨鼻梁/下压鼻头，上厚下薄·嘴角平直，窄下颌
FD00311,上宽下窄脸,颌角弱化,饱满额,内侧突出眉骨,深眼窝,柔和颧骨,幼态柔软面颊,方下颌,半睁懒眼,眼尾下沉,宽眼距,碎裂虹膜,宽鼻根,宽骨鼻梁,窄翼鼻头,弓形唇,嘴角平直,碎裂虹膜,上宽下窄脸（颌角弱化），内侧突出眉骨/深眼窝，半睁懒眼·眼尾下沉·宽眼距，宽鼻根/宽骨鼻梁/窄翼鼻头，弓形唇·嘴角平直，方下颌
FD00312,倒梯形脸,下颌线清晰化,平直额,低眉骨,浅眼窝,窄颧骨,幼态柔软面颊,窄下颌,桃花眼,眼尾下沉,窄眼距,淡金瞳,低鼻根,宽骨鼻梁,骨感鼻头,小嘴,嘴角下垂,右眉轻断,倒梯形脸（下颌线清晰化），低眉骨/浅眼窝，桃花眼·眼尾下沉·窄眼距，低鼻根/宽骨鼻梁/骨感鼻头，小嘴·嘴角下垂，窄下颌
FD00313,长菱形,下颌线柔化,微凸额,薄眉骨,浅眼窝,外扩颧骨,饱满面颊,柔和下颌,桃花眼,眼尾延展,标准眼距,浅褐瞳,中鼻根,轻微偏左鼻梁,轻翘鼻头,平直唇,嘴角下垂,左颊浅疤,长菱形（下颌线柔化），薄眉骨/浅眼窝，桃花眼·眼尾延展·标准眼距，中鼻根/轻微偏左鼻梁/轻翘鼻头，平直唇·嘴角下垂，柔和下颌
FD00314,圆方脸,中轴微长,饱满额,低眉骨,浅眼窝,宽颧骨,薄面颊,圆方下颌,圆长眼,眼尾平直,宽眼距,灰蓝瞳,宽鼻根,轻微偏左鼻梁,骨感鼻头,平直唇,嘴角下垂,眉心竖纹浅痕,圆方脸（中轴微长），低眉骨/浅眼窝，圆长眼·眼尾平直·宽眼距，宽鼻根/轻微偏左鼻梁/骨感鼻头，平直唇·嘴角下垂，圆方下颌
FD00315,骨感方脸,颧部微收,饱满额,低眉骨,眼下饱满,柔和颧骨,成熟收紧面颊,明显下颌角,半睁懒眼,眼尾下沉,标准眼距,深色瞳,低鼻根,轻鹰钩鼻梁,微钝鼻头,小嘴,单侧上扬,双侧酒窝,骨感方脸（颧部微收），低眉骨/眼下饱满，半睁懒眼·眼尾下沉·标准眼距，低鼻根/轻鹰钩鼻梁/微钝鼻头，小嘴·单侧上扬，明显下颌角
FD00316,宽方脸,颊部饱满,微凸额,低眉骨,浅眼窝,柔和颧骨,幼态柔软面颊,明显下颌角,鹰隼眼,眼尾下压,标准眼距,环状虹膜,低鼻根,轻鹰钩鼻梁,肉感鼻头,厚唇,嘴角紧收,环状虹膜,宽方脸（颊部饱满），低眉骨/浅眼窝，鹰隼眼·眼尾下压·标准眼距，低鼻根/轻鹰钩鼻梁/肉感鼻头，厚唇·嘴角紧收，明显下颌角
FD00317,肉感短脸,颌角强调,高额,薄眉骨,窄深眼窝,高颧骨,薄面颊,柔和下颌,柳叶眼,眼尾下压,标准眼距,浅褐瞳,中高鼻根,中直鼻梁,小圆鼻头,上厚下薄,单侧上扬,单侧酒窝,肉感短脸（颌角强调），薄眉骨/窄深眼窝，柳叶眼·眼尾下压·标准眼距，中高鼻根/中直鼻梁/小圆鼻头，上厚下薄·单侧上扬，柔和下颌
FD00318,倒梯形脸,颊部饱满,平直额,高眉骨,深眼窝,窄颧骨,薄面颊,圆方下颌,下垂眼,眼尾下沉,窄眼距,淡金瞳,高鼻根,微弧鼻梁,肉感鼻头,厚唇,嘴角平直,额角旧痕,倒梯形脸（颊部饱满），高眉骨/深眼窝，下垂眼·眼尾下沉·窄眼距，高鼻根/微弧鼻梁/肉感鼻头，厚唇·嘴角平直，圆方下颌
FD00319,梨形脸,下颌线柔化,宽额,薄眉骨,中度眼窝,高颧骨,成熟收紧面颊,宽下颌,半睁懒眼,眼尾微挑,标准眼距,灰蓝瞳,窄鼻根,中直鼻梁,骨感鼻头,厚唇,嘴角上扬,额角旧痕,梨形脸（下颌线柔化），薄眉骨/中度眼窝，半睁懒眼·眼尾微挑·标准眼距，窄鼻根/中直鼻梁/骨感鼻头，厚唇·嘴角上扬，宽下颌
FD00320,标准菱形,中庭拉长,饱满额,厚眉骨,眼下骨感,低颧骨,幼态柔软面颊,柔和下颌,丹凤眼,眼尾下沉,宽眼距,深色瞳,高鼻根,微弧鼻梁,方圆鼻头,厚唇,嘴角平直,左颊浅疤,标准菱形（中庭拉长），厚眉骨/眼下骨感，丹凤眼·眼尾下沉·宽眼距，高鼻根/微弧鼻梁/方圆鼻头，厚唇·嘴角平直，柔和下颌
FD00321,正梯形脸,下颌线清晰化,饱满额,薄眉骨,浅眼窝,低颧骨,饱满面颊,柔和下颌,窄杏眼,眼尾延展,宽眼距,环状虹膜,低鼻根,宽骨鼻梁,下压鼻头,小嘴,嘴角下垂,眼角小痣,正梯形脸（下颌线清晰化），薄眉骨/浅眼窝，窄杏眼·眼尾延展·宽眼距，低鼻根/宽骨鼻梁/下压鼻头，小嘴·嘴角下垂，柔和下颌
FD00322,梨形脸,颌角弱化,宽额,高眉骨,眼下骨感,宽颧骨,成熟收紧面颊,明显下颌角,鹰隼眼,眼尾微挑,宽眼距,墨玉瞳,低鼻根,微弧鼻梁,小圆鼻头,薄唇,嘴角上扬,唇下小痣,梨形脸（颌角弱化），高眉骨/眼下骨感，鹰隼眼·眼尾微挑·宽眼距，低鼻根/微弧鼻梁/小圆鼻头，薄唇·嘴角上扬，明显下颌角
FD00323,长菱形,下颌线柔化,平直额,薄眉骨,浅眼窝,窄颧骨,饱满面颊,明显下颌角,狼系眼,眼尾明显挑,宽眼距,浅褐瞳,宽鼻根,轻微偏左鼻梁,小圆鼻头,薄唇,单侧上扬,颈侧细疤,长菱形（下颌线柔化），薄眉骨/浅眼窝，狼系眼·眼尾明显挑·宽眼距，宽鼻根/轻微偏左鼻梁/小圆鼻头，薄唇·单侧上扬，明显下颌角
FD00324,宽方脸,下颌线清晰化,高额,薄眉骨,窄深眼窝,高颧骨,幼态柔软面颊,方下颌,长杏眼,眼尾明显挑,标准眼距,星点虹膜,高鼻根,微弧鼻梁,轻翘鼻头,厚唇,嘴角下垂,额角旧痕,宽方脸（下颌线清晰化），薄眉骨/窄深眼窝，长杏眼·眼尾明显挑·标准眼距，高鼻根/微弧鼻梁/轻翘鼻头，厚唇·嘴角下垂，方下颌
FD00325,正梯形脸,颌角弱化,窄额,内侧突出眉骨,宽浅眼窝,宽颧骨,轻凹面颊,窄下颌,蛇系眼,眼尾下压,标准眼距,淡金瞳,高鼻根,轻鹰钩鼻梁,下压鼻头,薄唇,嘴角上扬,右眉轻断,正梯形脸（颌角弱化），内侧突出眉骨/宽浅眼窝，蛇系眼·眼尾下压·标准眼距，高鼻根/轻鹰钩鼻梁/下压鼻头，薄唇·嘴角上扬，窄下颌
FD00326,肉感短脸,颈部线条收短,窄额,压迫感眉骨,深眼窝,柔和颧骨,轻凹面颊,骨感下颌,狭长眼,眼尾平直,窄眼距,星点虹膜,中高鼻根,高直鼻梁,方圆鼻头,上薄下厚,嘴角平直,单侧酒窝,肉感短脸（颈部线条收短），压迫感眉骨/深眼窝，狭长眼·眼尾平直·窄眼距，中高鼻根/高直鼻梁/方圆鼻头，上薄下厚·嘴角平直，骨感下颌
FD00327,圆方脸,颧部微收,平直额,内侧突出眉骨,浅眼窝,宽颧骨,饱满面颊,窄下颌,短圆杏眼,眼尾微挑,窄眼距,环状虹膜,窄鼻根,轻微偏右鼻梁,微钝鼻头,成熟长唇,单侧上扬,眉上小疤,圆方脸（颧部微收），内侧突出眉骨/浅眼窝，短圆杏眼·眼尾微挑·窄眼距，窄鼻根/轻微偏右鼻梁/微钝鼻头，成熟长唇·单侧上扬，窄下颌
FD00328,圆脸,下颌线清晰化,窄额,外侧突出眉骨,窄深眼窝,宽颧骨,轻凹面颊,窄下颌,宽杏眼,眼尾微挑,窄眼距,星点虹膜,低鼻根,轻鹰钩鼻梁,小圆鼻头,宽嘴,嘴角下垂,眉尾旧疤,圆脸（下颌线清晰化），外侧突出眉骨/窄深眼窝，宽杏眼·眼尾微挑·窄眼距，低鼻根/轻鹰钩鼻梁/小圆鼻头，宽嘴·嘴角下垂，窄下颌
FD00329,正梯形脸,颧部外扩,宽额,薄眉骨,中度眼窝,柔和颧骨,饱满面颊,圆方下颌,狭长眼,眼尾平直,窄眼距,环状虹膜,中鼻根,微弧鼻梁,下压鼻头,弓形唇,嘴角下垂,指节薄茧,正梯形脸（颧部外扩），薄眉骨/中度眼窝，狭长眼·眼尾平直·窄眼距，中鼻根/微弧鼻梁/下压鼻头，弓形唇·嘴角下垂，圆方下颌
FD00330,清瘦圆脸,颊部饱满,低额,压迫感眉骨,眼下骨感,窄颧骨,饱满面颊,宽下颌,少年圆眼,眼尾明显挑,宽眼距,浅褐瞳,高鼻根,高直鼻梁,轻翘鼻头,上薄下厚,嘴角紧收,眼角小痣,清瘦圆脸（颊部饱满），压迫感眉骨/眼下骨感，少年圆眼·眼尾明显挑·宽眼距，高鼻根/高直鼻梁/轻翘鼻头，上薄下厚·嘴角紧收，宽下颌
FD00331,肉感短脸,颈部线条收短,宽额,柔和眉骨,中度眼窝,宽颧骨,薄面颊,明显下颌角,柳叶眼,眼尾平直,标准眼距,琥珀瞳,宽鼻根,宽骨鼻梁,方圆鼻头,宽嘴,嘴角紧收,鼻梁旧伤,肉感短脸（颈部线条收短），柔和眉骨/中度眼窝，柳叶眼·眼尾平直·标准眼距，宽鼻根/宽骨鼻梁/方圆鼻头，宽嘴·嘴角紧收，明显下颌角
FD00332,骨感窄脸,面中立体化,微凸额,外侧突出眉骨,眼下饱满,窄颧骨,成熟收紧面颊,方下颌,柳叶眼,眼尾延展,窄眼距,异色瞳,宽鼻根,微弧鼻梁,下压鼻头,厚唇,嘴角平直,眉心竖纹浅痕,骨感窄脸（面中立体化），外侧突出眉骨/眼下饱满，柳叶眼·眼尾延展·窄眼距，宽鼻根/微弧鼻梁/下压鼻头，厚唇·嘴角平直，方下颌
FD00333,下颌突出脸,颊部饱满,宽额,低眉骨,中度眼窝,高颧骨,饱满面颊,方下颌,丹凤眼,眼尾平直,宽眼距,墨玉瞳,低鼻根,高直鼻梁,方圆鼻头,成熟长唇,嘴角紧收,无标志,下颌突出脸（颊部饱满），低眉骨/中度眼窝，丹凤眼·眼尾平直·宽眼距，低鼻根/高直鼻梁/方圆鼻头，成熟长唇·嘴角紧收，方下颌
FD00334,窄方脸,骨点外显,高额,柔和眉骨,眼下骨感,低颧骨,成熟收紧面颊,圆方下颌,疲惫眼,眼尾延展,窄眼距,碎裂虹膜,窄鼻根,中直鼻梁,方圆鼻头,平直唇,嘴角紧收,单侧虎牙,窄方脸（骨点外显），柔和眉骨/眼下骨感，疲惫眼·眼尾延展·窄眼距，窄鼻根/中直鼻梁/方圆鼻头，平直唇·嘴角紧收，圆方下颌
FD00335,肉感短脸,中庭展宽,微凸额,压迫感眉骨,窄深眼窝,高颧骨,饱满面颊,圆方下颌,桃花眼,眼尾延展,宽眼距,淡金瞳,低鼻根,轻微偏右鼻梁,轻翘鼻头,薄唇,嘴角紧收,鼻梁旧伤,肉感短脸（中庭展宽），压迫感眉骨/窄深眼窝，桃花眼·眼尾延展·宽眼距，低鼻根/轻微偏右鼻梁/轻翘鼻头，薄唇·嘴角紧收，圆方下颌
FD00336,正梯形脸,中庭拉长,饱满额,外侧突出眉骨,宽浅眼窝,柔和颧骨,轻凹面颊,窄下颌,少年圆眼,眼尾下压,窄眼距,浅褐瞳,窄鼻根,柔和鼻梁,下压鼻头,小嘴,单侧上扬,异色瞳,正梯形脸（中庭拉长），外侧突出眉骨/宽浅眼窝，少年圆眼·眼尾下压·窄眼距，窄鼻根/柔和鼻梁/下压鼻头，小嘴·单侧上扬，窄下颌
FD00337,长圆脸,颈部线条延长,饱满额,低眉骨,浅眼窝,高颧骨,成熟收紧面颊,圆方下颌,蛇系眼,眼尾延展,窄眼距,星点虹膜,中鼻根,微弧鼻梁,下压鼻头,小嘴,嘴角平直,右眼下浅泪痣,长圆脸（颈部线条延长），低眉骨/浅眼窝，蛇系眼·眼尾延展·窄眼距，中鼻根/微弧鼻梁/下压鼻头，小嘴·嘴角平直，圆方下颌
FD00338,标准菱形,中庭展宽,宽额,柔和眉骨,窄深眼窝,窄颧骨,成熟收紧面颊,宽下颌,狭长瑞凤眼,眼尾明显挑,窄眼距,深色瞳,窄鼻根,宽骨鼻梁,小圆鼻头,成熟长唇,单侧上扬,无标志,标准菱形（中庭展宽），柔和眉骨/窄深眼窝，狭长瑞凤眼·眼尾明显挑·窄眼距，窄鼻根/宽骨鼻梁/小圆鼻头，成熟长唇·单侧上扬，宽下颌
FD00339,柔和方脸,颊部饱满,窄额,柔和眉骨,浅眼窝,柔和颧骨,饱满面颊,宽下颌,窄杏眼,眼尾下沉,窄眼距,淡金瞳,中高鼻根,微弧鼻梁,下压鼻头,小嘴,嘴角上扬,额角旧痕,柔和方脸（颊部饱满），柔和眉骨/浅眼窝，窄杏眼·眼尾下沉·窄眼距，中高鼻根/微弧鼻梁/下压鼻头，小嘴·嘴角上扬，宽下颌
FD00340,宽心形脸,中轴收紧,高额,厚眉骨,深眼窝,宽颧骨,饱满面颊,方下颌,蛇系眼,眼尾下沉,窄眼距,灰蓝瞳,中高鼻根,高直鼻梁,下压鼻头,上厚下薄,单侧上扬,下颌浅疤,宽心形脸（中轴收紧），厚眉骨/深眼窝，蛇系眼·眼尾下沉·窄眼距，中高鼻根/高直鼻梁/下压鼻头，上厚下薄·单侧上扬，方下颌
FD00341,方菱过渡脸,颌角弱化,饱满额,厚眉骨,窄深眼窝,高颧骨,薄面颊,柔和下颌,下垂眼,眼尾明显挑,标准眼距,浅褐瞳,低鼻根,轻微偏右鼻梁,小圆鼻头,上厚下薄,嘴角上扬,单侧虎牙,方菱过渡脸（颌角弱化），厚眉骨/窄深眼窝，下垂眼·眼尾明显挑·标准眼距，低鼻根/轻微偏右鼻梁/小圆鼻头，上厚下薄·嘴角上扬，柔和下颌
FD00342,下颌突出脸,颊部饱满,饱满额,压迫感眉骨,眼下饱满,低颧骨,饱满面颊,明显下颌角,长杏眼,眼尾平直,标准眼距,琥珀瞳,低鼻根,轻鹰钩鼻梁,小圆鼻头,上薄下厚,嘴角平直,无标志,下颌突出脸（颊部饱满），压迫感眉骨/眼下饱满，长杏眼·眼尾平直·标准眼距，低鼻根/轻鹰钩鼻梁/小圆鼻头，上薄下厚·嘴角平直，明显下颌角
FD00343,短圆脸,中庭展宽,低额,薄眉骨,浅眼窝,外扩颧骨,轻凹面颊,骨感下颌,鹿系眼,眼尾平直,标准眼距,灰蓝瞳,中鼻根,宽骨鼻梁,方圆鼻头,上薄下厚,嘴角平直,颈侧细疤,短圆脸（中庭展宽），薄眉骨/浅眼窝，鹿系眼·眼尾平直·标准眼距，中鼻根/宽骨鼻梁/方圆鼻头，上薄下厚·嘴角平直，骨感下颌
FD00344,骨感窄脸,中庭展宽,饱满额,高眉骨,深眼窝,柔和颧骨,成熟收紧面颊,骨感下颌,瑞凤眼,眼尾微挑,窄眼距,琥珀瞳,中高鼻根,轻微偏右鼻梁,轻翘鼻头,平直唇,单侧上扬,左眼下浅泪痣,骨感窄脸（中庭展宽），高眉骨/深眼窝，瑞凤眼·眼尾微挑·窄眼距，中高鼻根/轻微偏右鼻梁/轻翘鼻头，平直唇·单侧上扬，骨感下颌
FD00345,方菱过渡脸,颊部饱满,宽额,外侧突出眉骨,窄深眼窝,低颧骨,薄面颊,明显下颌角,冷感眼,眼尾延展,窄眼距,墨玉瞳,高鼻根,宽骨鼻梁,下压鼻头,薄唇,嘴角平直,眉上小疤,方菱过渡脸（颊部饱满），外侧突出眉骨/窄深眼窝，冷感眼·眼尾延展·窄眼距，高鼻根/宽骨鼻梁/下压鼻头，薄唇·嘴角平直，明显下颌角
FD00346,长菱形,下颌线清晰化,饱满额,内侧突出眉骨,中度眼窝,宽颧骨,轻凹面颊,方下颌,鹰隼眼,眼尾明显挑,宽眼距,深色瞳,低鼻根,轻微偏右鼻梁,肉感鼻头,成熟长唇,嘴角下垂,双侧酒窝,长菱形（下颌线清晰化），内侧突出眉骨/中度眼窝，鹰隼眼·眼尾明显挑·宽眼距，低鼻根/轻微偏右鼻梁/肉感鼻头，成熟长唇·嘴角下垂，方下颌
FD00347,短方脸,面中平缓,骨感额,外侧突出眉骨,眼下饱满,柔和颧骨,幼态柔软面颊,骨感下颌,短杏眼,眼尾延展,窄眼距,浅褐瞳,低鼻根,轻微偏右鼻梁,微钝鼻头,厚唇,嘴角平直,唇下小痣,短方脸（面中平缓），外侧突出眉骨/眼下饱满，短杏眼·眼尾延展·窄眼距，低鼻根/轻微偏右鼻梁/微钝鼻头，厚唇·嘴角平直，骨感下颌
FD00348,心形脸,颌角强调,平直额,外侧突出眉骨,窄深眼窝,低颧骨,轻凹面颊,方下颌,丹凤眼,眼尾延展,宽眼距,深色瞳,中高鼻根,高直鼻梁,方圆鼻头,厚唇,嘴角下垂,左颊浅疤,心形脸（颌角强调），外侧突出眉骨/窄深眼窝，丹凤眼·眼尾延展·宽眼距，中高鼻根/高直鼻梁/方圆鼻头，厚唇·嘴角下垂，方下颌
FD00349,短圆脸,下庭收窄,微凸额,外侧突出眉骨,窄深眼窝,高颧骨,饱满面颊,圆方下颌,平凤眼,眼尾下压,标准眼距,琥珀瞳,低鼻根,宽骨鼻梁,窄翼鼻头,宽嘴,单侧上扬,左颊浅疤,短圆脸（下庭收窄），外侧突出眉骨/窄深眼窝，平凤眼·眼尾下压·标准眼距，低鼻根/宽骨鼻梁/窄翼鼻头，宽嘴·单侧上扬，圆方下颌
FD00350,柔和方脸,颌角强调,骨感额,低眉骨,宽浅眼窝,高颧骨,幼态柔软面颊,骨感下颌,窄杏眼,眼尾下压,宽眼距,碎裂虹膜,窄鼻根,宽骨鼻梁,方圆鼻头,平直唇,嘴角平直,左颊浅疤,柔和方脸（颌角强调），低眉骨/宽浅眼窝，窄杏眼·眼尾下压·宽眼距，窄鼻根/宽骨鼻梁/方圆鼻头，平直唇·嘴角平直，骨感下颌
FD00351,上宽下窄脸,面中立体化,饱满额,内侧突出眉骨,深眼窝,柔和颧骨,薄面颊,窄下颌,短杏眼,眼尾微挑,宽眼距,环状虹膜,中鼻根,柔和鼻梁,骨感鼻头,宽嘴,嘴角下垂,单侧虎牙,上宽下窄脸（面中立体化），内侧突出眉骨/深眼窝，短杏眼·眼尾微挑·宽眼距，中鼻根/柔和鼻梁/骨感鼻头，宽嘴·嘴角下垂，窄下颌
FD00352,幼态圆脸,颧部外扩,宽额,压迫感眉骨,宽浅眼窝,窄颧骨,轻凹面颊,收敛下颌,鹰隼眼,眼尾下压,窄眼距,环状虹膜,高鼻根,轻微偏左鼻梁,骨感鼻头,成熟长唇,嘴角紧收,左颊浅疤,幼态圆脸（颧部外扩），压迫感眉骨/宽浅眼窝，鹰隼眼·眼尾下压·窄眼距，高鼻根/轻微偏左鼻梁/骨感鼻头，成熟长唇·嘴角紧收，收敛下颌
FD00353,上窄下宽脸,偏锐收窄,窄额,内侧突出眉骨,窄深眼窝,柔和颧骨,幼态柔软面颊,方下颌,鹤系眼,眼尾明显挑,宽眼距,碎裂虹膜,中鼻根,中直鼻梁,小圆鼻头,上厚下薄,嘴角上扬,单侧虎牙,上窄下宽脸（偏锐收窄），内侧突出眉骨/窄深眼窝，鹤系眼·眼尾明显挑·宽眼距，中鼻根/中直鼻梁/小圆鼻头，上厚下薄·嘴角上扬，方下颌
FD00354,短方脸,下颌线清晰化,平直额,薄眉骨,宽浅眼窝,柔和颧骨,薄面颊,窄下颌,上扬凤眼,眼尾微挑,宽眼距,灰蓝瞳,低鼻根,宽骨鼻梁,微钝鼻头,宽嘴,嘴角平直,眉尾旧疤,短方脸（下颌线清晰化），薄眉骨/宽浅眼窝，上扬凤眼·眼尾微挑·宽眼距，低鼻根/宽骨鼻梁/微钝鼻头，宽嘴·嘴角平直，窄下颌
FD00355,梨形脸,中轴微长,低额,内侧突出眉骨,宽浅眼窝,宽颧骨,成熟收紧面颊,方下颌,成熟长眼,眼尾明显挑,标准眼距,碎裂虹膜,低鼻根,轻鹰钩鼻梁,窄翼鼻头,平直唇,嘴角紧收,眼睑褶皱不对称,梨形脸（中轴微长），内侧突出眉骨/宽浅眼窝，成熟长眼·眼尾明显挑·标准眼距，低鼻根/轻鹰钩鼻梁/窄翼鼻头，平直唇·嘴角紧收，方下颌
FD00356,柔和方脸,颌角强调,骨感额,柔和眉骨,眼下饱满,低颧骨,成熟收紧面颊,宽下颌,窄杏眼,眼尾微挑,窄眼距,淡金瞳,高鼻根,中直鼻梁,下压鼻头,弓形唇,单侧上扬,双侧酒窝,柔和方脸（颌角强调），柔和眉骨/眼下饱满，窄杏眼·眼尾微挑·窄眼距，高鼻根/中直鼻梁/下压鼻头，弓形唇·单侧上扬，宽下颌
FD00357,梨形脸,颊部饱满,骨感额,低眉骨,眼下饱满,高颧骨,轻凹面颊,方下颌,短杏眼,眼尾明显挑,宽眼距,琥珀瞳,低鼻根,中直鼻梁,轻翘鼻头,成熟长唇,嘴角上扬,无标志,梨形脸（颊部饱满），低眉骨/眼下饱满，短杏眼·眼尾明显挑·宽眼距，低鼻根/中直鼻梁/轻翘鼻头，成熟长唇·嘴角上扬，方下颌
FD00358,标准菱形,下颌线柔化,骨感额,厚眉骨,中度眼窝,外扩颧骨,成熟收紧面颊,窄下颌,下垂眼,眼尾微挑,窄眼距,碎裂虹膜,中高鼻根,柔和鼻梁,微钝鼻头,宽嘴,单侧上扬,异色瞳,标准菱形（下颌线柔化），厚眉骨/中度眼窝，下垂眼·眼尾微挑·窄眼距，中高鼻根/柔和鼻梁/微钝鼻头，宽嘴·单侧上扬，窄下颌
FD00359,长菱形,中轴微长,窄额,低眉骨,深眼窝,高颧骨,轻凹面颊,收敛下颌,狭长眼,眼尾平直,标准眼距,异色瞳,宽鼻根,轻微偏左鼻梁,下压鼻头,成熟长唇,单侧上扬,眼睑褶皱不对称,长菱形（中轴微长），低眉骨/深眼窝，狭长眼·眼尾平直·标准眼距，宽鼻根/轻微偏左鼻梁/下压鼻头，成熟长唇·单侧上扬，收敛下颌
FD00360,长心形脸,骨点外显,宽额,外侧突出眉骨,窄深眼窝,窄颧骨,成熟收紧面颊,宽下颌,半睁懒眼,眼尾下压,标准眼距,深色瞳,高鼻根,轻微偏右鼻梁,轻翘鼻头,平直唇,单侧上扬,右眼下浅泪痣,长心形脸（骨点外显），外侧突出眉骨/窄深眼窝，半睁懒眼·眼尾下压·标准眼距，高鼻根/轻微偏右鼻梁/轻翘鼻头，平直唇·单侧上扬，宽下颌
FD00361,倒三角脸,下颌线柔化,高额,高眉骨,深眼窝,外扩颧骨,成熟收紧面颊,窄下颌,狼系眼,眼尾微挑,宽眼距,灰蓝瞳,中高鼻根,轻鹰钩鼻梁,下压鼻头,平直唇,嘴角上扬,碎裂虹膜,倒三角脸（下颌线柔化），高眉骨/深眼窝，狼系眼·眼尾微挑·宽眼距，中高鼻根/轻鹰钩鼻梁/下压鼻头，平直唇·嘴角上扬，窄下颌
FD00362,短圆脸,下庭加重,低额,高眉骨,窄深眼窝,低颧骨,成熟收紧面颊,骨感下颌,狭长眼,眼尾平直,标准眼距,碎裂虹膜,宽鼻根,高直鼻梁,轻翘鼻头,薄唇,单侧上扬,指节薄茧,短圆脸（下庭加重），高眉骨/窄深眼窝，狭长眼·眼尾平直·标准眼距，宽鼻根/高直鼻梁/轻翘鼻头，薄唇·单侧上扬，骨感下颌
FD00363,圆脸,中庭拉长,窄额,高眉骨,宽浅眼窝,低颧骨,幼态柔软面颊,骨感下颌,短杏眼,眼尾微挑,窄眼距,淡金瞳,中鼻根,高直鼻梁,方圆鼻头,上厚下薄,嘴角上扬,左眼下浅泪痣,圆脸（中庭拉长），高眉骨/宽浅眼窝，短杏眼·眼尾微挑·窄眼距，中鼻根/高直鼻梁/方圆鼻头，上厚下薄·嘴角上扬，骨感下颌
FD00364,骨感方脸,颊部略凹,骨感额,内侧突出眉骨,宽浅眼窝,外扩颧骨,幼态柔软面颊,柔和下颌,短杏眼,眼尾平直,宽眼距,深色瞳,低鼻根,轻鹰钩鼻梁,下压鼻头,宽嘴,嘴角紧收,唇下小痣,骨感方脸（颊部略凹），内侧突出眉骨/宽浅眼窝，短杏眼·眼尾平直·宽眼距，低鼻根/轻鹰钩鼻梁/下压鼻头，宽嘴·嘴角紧收，柔和下颌
FD00365,宽方脸,骨点外显,高额,低眉骨,眼下骨感,外扩颧骨,幼态柔软面颊,骨感下颌,柳叶眼,眼尾下沉,宽眼距,环状虹膜,中高鼻根,柔和鼻梁,下压鼻头,厚唇,嘴角下垂,环状虹膜,宽方脸（骨点外显），低眉骨/眼下骨感，柳叶眼·眼尾下沉·宽眼距，中高鼻根/柔和鼻梁/下压鼻头，厚唇·嘴角下垂，骨感下颌
FD00366,柔和方脸,上庭收窄,饱满额,厚眉骨,宽浅眼窝,高颧骨,幼态柔软面颊,圆方下颌,上扬凤眼,眼尾延展,窄眼距,碎裂虹膜,窄鼻根,中直鼻梁,骨感鼻头,厚唇,单侧上扬,无标志,柔和方脸（上庭收窄），厚眉骨/宽浅眼窝，上扬凤眼·眼尾延展·窄眼距，窄鼻根/中直鼻梁/骨感鼻头，厚唇·单侧上扬，圆方下颌
FD00367,心形脸,下庭收窄,平直额,内侧突出眉骨,深眼窝,外扩颧骨,幼态柔软面颊,明显下颌角,短杏眼,眼尾明显挑,宽眼距,碎裂虹膜,中鼻根,高直鼻梁,下压鼻头,宽嘴,嘴角上扬,碎裂虹膜,心形脸（下庭收窄），内侧突出眉骨/深眼窝，短杏眼·眼尾明显挑·宽眼距，中鼻根/高直鼻梁/下压鼻头，宽嘴·嘴角上扬，明显下颌角
FD00368,宽方脸,中庭展宽,高额,厚眉骨,深眼窝,外扩颧骨,成熟收紧面颊,骨感下颌,桃花眼,眼尾微挑,窄眼距,琥珀瞳,高鼻根,宽骨鼻梁,小圆鼻头,小嘴,嘴角上扬,单侧酒窝,宽方脸（中庭展宽），厚眉骨/深眼窝，桃花眼·眼尾微挑·窄眼距，高鼻根/宽骨鼻梁/小圆鼻头，小嘴·嘴角上扬，骨感下颌
FD00369,下颌突出脸,颈部线条延长,微凸额,压迫感眉骨,眼下骨感,窄颧骨,薄面颊,柔和下颌,成熟长眼,眼尾明显挑,宽眼距,碎裂虹膜,中高鼻根,轻微偏左鼻梁,下压鼻头,薄唇,单侧上扬,指节薄茧,下颌突出脸（颈部线条延长），压迫感眉骨/眼下骨感，成熟长眼·眼尾明显挑·宽眼距，中高鼻根/轻微偏左鼻梁/下压鼻头，薄唇·单侧上扬，柔和下颌
FD00370,短方脸,中轴微长,骨感额,压迫感眉骨,眼下骨感,宽颧骨,薄面颊,骨感下颌,瑞凤眼,眼尾平直,标准眼距,深色瞳,宽鼻根,高直鼻梁,小圆鼻头,上厚下薄,单侧上扬,唇下小痣,短方脸（中轴微长），压迫感眉骨/眼下骨感，瑞凤眼·眼尾平直·标准眼距，宽鼻根/高直鼻梁/小圆鼻头，上厚下薄·单侧上扬，骨感下颌
FD00371,下颌突出脸,颊部略凹,平直额,高眉骨,宽浅眼窝,宽颧骨,成熟收紧面颊,圆方下颌,短杏眼,眼尾下压,窄眼距,琥珀瞳,高鼻根,微弧鼻梁,骨感鼻头,弓形唇,嘴角紧收,额角旧痕,下颌突出脸（颊部略凹），高眉骨/宽浅眼窝，短杏眼·眼尾下压·窄眼距，高鼻根/微弧鼻梁/骨感鼻头，弓形唇·嘴角紧收，圆方下颌
FD00372,长圆脸,下庭收窄,窄额,厚眉骨,深眼窝,柔和颧骨,成熟收紧面颊,方下颌,少年圆眼,眼尾平直,宽眼距,星点虹膜,低鼻根,轻鹰钩鼻梁,轻翘鼻头,上厚下薄,嘴角上扬,右眼下浅泪痣,长圆脸（下庭收窄），厚眉骨/深眼窝，少年圆眼·眼尾平直·宽眼距，低鼻根/轻鹰钩鼻梁/轻翘鼻头，上厚下薄·嘴角上扬，方下颌
FD00373,方菱过渡脸,颌角弱化,低额,厚眉骨,眼下饱满,宽颧骨,饱满面颊,收敛下颌,柳叶眼,眼尾平直,宽眼距,环状虹膜,中鼻根,高直鼻梁,肉感鼻头,平直唇,单侧上扬,耳后小痣,方菱过渡脸（颌角弱化），厚眉骨/眼下饱满，柳叶眼·眼尾平直·宽眼距，中鼻根/高直鼻梁/肉感鼻头，平直唇·单侧上扬，收敛下颌
FD00374,上窄下宽脸,中庭展宽,微凸额,低眉骨,窄深眼窝,高颧骨,幼态柔软面颊,圆方下颌,鹿系眼,眼尾下沉,窄眼距,星点虹膜,窄鼻根,微弧鼻梁,轻翘鼻头,上薄下厚,嘴角紧收,左眼下浅泪痣,上窄下宽脸（中庭展宽），低眉骨/窄深眼窝，鹿系眼·眼尾下沉·窄眼距，窄鼻根/微弧鼻梁/轻翘鼻头，上薄下厚·嘴角紧收，圆方下颌
FD00375,柔和方脸,中庭展宽,饱满额,薄眉骨,窄深眼窝,窄颧骨,薄面颊,圆方下颌,狐狸系眼,眼尾延展,宽眼距,灰蓝瞳,中高鼻根,宽骨鼻梁,方圆鼻头,宽嘴,嘴角平直,无标志,柔和方脸（中庭展宽），薄眉骨/窄深眼窝，狐狸系眼·眼尾延展·宽眼距，中高鼻根/宽骨鼻梁/方圆鼻头，宽嘴·嘴角平直，圆方下颌
FD00376,骨感窄脸,中轴微长,饱满额,柔和眉骨,窄深眼窝,高颧骨,薄面颊,方下颌,窄杏眼,眼尾延展,标准眼距,灰蓝瞳,低鼻根,中直鼻梁,微钝鼻头,成熟长唇,嘴角下垂,左眼下浅泪痣,骨感窄脸（中轴微长），柔和眉骨/窄深眼窝，窄杏眼·眼尾延展·标准眼距，低鼻根/中直鼻梁/微钝鼻头，成熟长唇·嘴角下垂，方下颌
FD00377,长菱形,下庭收窄,高额,外侧突出眉骨,浅眼窝,柔和颧骨,幼态柔软面颊,骨感下颌,宽杏眼,眼尾下压,宽眼距,碎裂虹膜,中鼻根,轻微偏左鼻梁,方圆鼻头,小嘴,嘴角紧收,唇下小痣,长菱形（下庭收窄），外侧突出眉骨/浅眼窝，宽杏眼·眼尾下压·宽眼距，中鼻根/轻微偏左鼻梁/方圆鼻头，小嘴·嘴角紧收，骨感下颌
FD00378,清瘦圆脸,中轴收紧,平直额,外侧突出眉骨,眼下骨感,低颧骨,幼态柔软面颊,圆方下颌,瑞凤眼,眼尾延展,宽眼距,淡金瞳,窄鼻根,轻微偏左鼻梁,方圆鼻头,宽嘴,嘴角下垂,唇下小痣,清瘦圆脸（中轴收紧），外侧突出眉骨/眼下骨感，瑞凤眼·眼尾延展·宽眼距，窄鼻根/轻微偏左鼻梁/方圆鼻头，宽嘴·嘴角下垂，圆方下颌
FD00379,倒梯形脸,颈部线条延长,宽额,内侧突出眉骨,浅眼窝,宽颧骨,成熟收紧面颊,圆方下颌,短杏眼,眼尾明显挑,宽眼距,星点虹膜,高鼻根,微弧鼻梁,骨感鼻头,成熟长唇,嘴角平直,眉尾旧疤,倒梯形脸（颈部线条延长），内侧突出眉骨/浅眼窝，短杏眼·眼尾明显挑·宽眼距，高鼻根/微弧鼻梁/骨感鼻头，成熟长唇·嘴角平直，圆方下颌
FD00380,长菱形,颊部略凹,骨感额,厚眉骨,中度眼窝,窄颧骨,轻凹面颊,圆方下颌,冷感眼,眼尾延展,窄眼距,碎裂虹膜,窄鼻根,高直鼻梁,骨感鼻头,小嘴,嘴角平直,颈侧细疤,长菱形（颊部略凹），厚眉骨/中度眼窝，冷感眼·眼尾延展·窄眼距，窄鼻根/高直鼻梁/骨感鼻头，小嘴·嘴角平直，圆方下颌
FD00381,圆方脸,颌角弱化,骨感额,高眉骨,深眼窝,高颧骨,成熟收紧面颊,宽下颌,平直杏眼,眼尾明显挑,窄眼距,星点虹膜,中高鼻根,微弧鼻梁,下压鼻头,上厚下薄,嘴角上扬,异色瞳,圆方脸（颌角弱化），高眉骨/深眼窝，平直杏眼·眼尾明显挑·窄眼距，中高鼻根/微弧鼻梁/下压鼻头，上厚下薄·嘴角上扬，宽下颌
FD00382,骨感窄脸,面中平缓,低额,压迫感眉骨,宽浅眼窝,高颧骨,轻凹面颊,收敛下颌,鹿系眼,眼尾延展,窄眼距,灰蓝瞳,高鼻根,轻鹰钩鼻梁,方圆鼻头,上薄下厚,嘴角平直,环状虹膜,骨感窄脸（面中平缓），压迫感眉骨/宽浅眼窝，鹿系眼·眼尾延展·窄眼距，高鼻根/轻鹰钩鼻梁/方圆鼻头，上薄下厚·嘴角平直，收敛下颌
FD00383,清瘦圆脸,骨点内敛,骨感额,高眉骨,眼下饱满,宽颧骨,幼态柔软面颊,收敛下颌,狐狸系眼,眼尾下压,窄眼距,碎裂虹膜,宽鼻根,微弧鼻梁,小圆鼻头,小嘴,嘴角平直,瞳孔残缺,清瘦圆脸（骨点内敛），高眉骨/眼下饱满，狐狸系眼·眼尾下压·窄眼距，宽鼻根/微弧鼻梁/小圆鼻头，小嘴·嘴角平直，收敛下颌
FD00384,成熟方脸,下颌线清晰化,饱满额,压迫感眉骨,眼下饱满,窄颧骨,幼态柔软面颊,收敛下颌,疲惫眼,眼尾下沉,窄眼距,异色瞳,中高鼻根,轻鹰钩鼻梁,轻翘鼻头,平直唇,嘴角下垂,眼角小痣,成熟方脸（下颌线清晰化），压迫感眉骨/眼下饱满，疲惫眼·眼尾下沉·窄眼距，中高鼻根/轻鹰钩鼻梁/轻翘鼻头，平直唇·嘴角下垂，收敛下颌
FD00385,正梯形脸,颈部线条延长,微凸额,内侧突出眉骨,中度眼窝,柔和颧骨,轻凹面颊,窄下颌,半睁懒眼,眼尾微挑,窄眼距,环状虹膜,窄鼻根,轻微偏右鼻梁,轻翘鼻头,宽嘴,嘴角平直,环状虹膜,正梯形脸（颈部线条延长），内侧突出眉骨/中度眼窝，半睁懒眼·眼尾微挑·窄眼距，窄鼻根/轻微偏右鼻梁/轻翘鼻头，宽嘴·嘴角平直，窄下颌
FD00386,长圆脸,颈部线条收短,饱满额,低眉骨,中度眼窝,外扩颧骨,幼态柔软面颊,骨感下颌,瑞凤眼,眼尾明显挑,宽眼距,灰蓝瞳,窄鼻根,轻微偏左鼻梁,小圆鼻头,薄唇,嘴角上扬,碎裂虹膜,长圆脸（颈部线条收短），低眉骨/中度眼窝，瑞凤眼·眼尾明显挑·宽眼距，窄鼻根/轻微偏左鼻梁/小圆鼻头，薄唇·嘴角上扬，骨感下颌
FD00387,倒三角脸,偏柔圆润,微凸额,厚眉骨,窄深眼窝,高颧骨,幼态柔软面颊,柔和下颌,狭长瑞凤眼,眼尾延展,标准眼距,星点虹膜,中高鼻根,中直鼻梁,骨感鼻头,弓形唇,嘴角平直,额角旧痕,倒三角脸（偏柔圆润），厚眉骨/窄深眼窝，狭长瑞凤眼·眼尾延展·标准眼距，中高鼻根/中直鼻梁/骨感鼻头，弓形唇·嘴角平直，柔和下颌
FD00388,骨感窄脸,中轴收紧,骨感额,厚眉骨,宽浅眼窝,外扩颧骨,薄面颊,明显下颌角,下垂眼,眼尾下压,窄眼距,碎裂虹膜,低鼻根,轻微偏左鼻梁,方圆鼻头,上厚下薄,嘴角下垂,眼睑褶皱不对称,骨感窄脸（中轴收紧），厚眉骨/宽浅眼窝，下垂眼·眼尾下压·窄眼距，低鼻根/轻微偏左鼻梁/方圆鼻头，上厚下薄·嘴角下垂，明显下颌角
FD00389,长菱形,下颌线清晰化,低额,薄眉骨,窄深眼窝,宽颧骨,成熟收紧面颊,方下颌,疲惫眼,眼尾下沉,宽眼距,碎裂虹膜,宽鼻根,轻微偏左鼻梁,骨感鼻头,成熟长唇,嘴角紧收,眉尾旧疤,长菱形（下颌线清晰化），薄眉骨/窄深眼窝，疲惫眼·眼尾下沉·宽眼距，宽鼻根/轻微偏左鼻梁/骨感鼻头，成熟长唇·嘴角紧收，方下颌
FD00390,倒梯形脸,下庭加重,微凸额,压迫感眉骨,窄深眼窝,窄颧骨,成熟收紧面颊,方下颌,窄杏眼,眼尾下沉,标准眼距,星点虹膜,中高鼻根,宽骨鼻梁,微钝鼻头,成熟长唇,嘴角紧收,碎裂虹膜,倒梯形脸（下庭加重），压迫感眉骨/窄深眼窝，窄杏眼·眼尾下沉·标准眼距，中高鼻根/宽骨鼻梁/微钝鼻头，成熟长唇·嘴角紧收，方下颌
FD00391,短方脸,偏锐收窄,高额,低眉骨,宽浅眼窝,低颧骨,幼态柔软面颊,骨感下颌,瑞凤眼,眼尾下沉,标准眼距,淡金瞳,窄鼻根,微弧鼻梁,窄翼鼻头,成熟长唇,嘴角紧收,耳后小痣,短方脸（偏锐收窄），低眉骨/宽浅眼窝，瑞凤眼·眼尾下沉·标准眼距，窄鼻根/微弧鼻梁/窄翼鼻头，成熟长唇·嘴角紧收，骨感下颌
FD00392,双颌匀称脸,下颌线清晰化,微凸额,内侧突出眉骨,眼下骨感,高颧骨,幼态柔软面颊,圆方下颌,瑞凤眼,眼尾平直,宽眼距,浅褐瞳,中鼻根,轻微偏左鼻梁,方圆鼻头,小嘴,单侧上扬,环状虹膜,双颌匀称脸（下颌线清晰化），内侧突出眉骨/眼下骨感，瑞凤眼·眼尾平直·宽眼距，中鼻根/轻微偏左鼻梁/方圆鼻头，小嘴·单侧上扬，圆方下颌
FD00393,幼态方脸,骨点外显,饱满额,内侧突出眉骨,眼下饱满,外扩颧骨,薄面颊,明显下颌角,狼系眼,眼尾明显挑,标准眼距,深色瞳,中高鼻根,轻鹰钩鼻梁,方圆鼻头,平直唇,嘴角上扬,左眼下浅泪痣,幼态方脸（骨点外显），内侧突出眉骨/眼下饱满，狼系眼·眼尾明显挑·标准眼距，中高鼻根/轻鹰钩鼻梁/方圆鼻头，平直唇·嘴角上扬，明显下颌角
FD00394,上宽下窄脸,颊部饱满,骨感额,内侧突出眉骨,窄深眼窝,高颧骨,薄面颊,明显下颌角,短杏眼,眼尾下压,宽眼距,浅褐瞳,高鼻根,轻鹰钩鼻梁,轻翘鼻头,小嘴,单侧上扬,眉尾旧疤,上宽下窄脸（颊部饱满），内侧突出眉骨/窄深眼窝，短杏眼·眼尾下压·宽眼距，高鼻根/轻鹰钩鼻梁/轻翘鼻头，小嘴·单侧上扬，明显下颌角
FD00395,幼态圆脸,中轴收紧,骨感额,柔和眉骨,眼下骨感,低颧骨,薄面颊,宽下颌,短圆杏眼,眼尾延展,窄眼距,淡金瞳,中鼻根,宽骨鼻梁,微钝鼻头,上薄下厚,嘴角紧收,眉尾旧疤,幼态圆脸（中轴收紧），柔和眉骨/眼下骨感，短圆杏眼·眼尾延展·窄眼距，中鼻根/宽骨鼻梁/微钝鼻头，上薄下厚·嘴角紧收，宽下颌
FD00396,短圆脸,骨点外显,低额,低眉骨,中度眼窝,柔和颧骨,成熟收紧面颊,柔和下颌,冷感眼,眼尾平直,宽眼距,灰蓝瞳,宽鼻根,高直鼻梁,窄翼鼻头,弓形唇,嘴角上扬,右眉轻断,短圆脸（骨点外显），低眉骨/中度眼窝，冷感眼·眼尾平直·宽眼距，宽鼻根/高直鼻梁/窄翼鼻头，弓形唇·嘴角上扬，柔和下颌
FD00397,骨感菱形,下庭加重,饱满额,厚眉骨,深眼窝,窄颧骨,成熟收紧面颊,柔和下颌,短杏眼,眼尾明显挑,宽眼距,灰蓝瞳,中鼻根,轻鹰钩鼻梁,小圆鼻头,薄唇,嘴角上扬,眉尾旧疤,骨感菱形（下庭加重），厚眉骨/深眼窝，短杏眼·眼尾明显挑·宽眼距，中鼻根/轻鹰钩鼻梁/小圆鼻头，薄唇·嘴角上扬，柔和下颌
FD00398,清瘦圆脸,骨点外显,窄额,压迫感眉骨,浅眼窝,低颧骨,成熟收紧面颊,窄下颌,冷感眼,眼尾平直,宽眼距,淡金瞳,中鼻根,柔和鼻梁,微钝鼻头,厚唇,嘴角上扬,眉心竖纹浅痕,清瘦圆脸（骨点外显），压迫感眉骨/浅眼窝，冷感眼·眼尾平直·宽眼距，中鼻根/柔和鼻梁/微钝鼻头，厚唇·嘴角上扬，窄下颌
FD00399,清瘦圆脸,颊部略凹,微凸额,低眉骨,眼下骨感,低颧骨,饱满面颊,收敛下颌,平直杏眼,眼尾微挑,标准眼距,深色瞳,中鼻根,中直鼻梁,方圆鼻头,厚唇,嘴角上扬,指节薄茧,清瘦圆脸（颊部略凹），低眉骨/眼下骨感，平直杏眼·眼尾微挑·标准眼距，中鼻根/中直鼻梁/方圆鼻头，厚唇·嘴角上扬，收敛下颌
FD00400,骨感菱形,下颌线柔化,骨感额,压迫感眉骨,眼下骨感,高颧骨,饱满面颊,柔和下颌,冷感眼,眼尾明显挑,标准眼距,淡金瞳,低鼻根,柔和鼻梁,肉感鼻头,薄唇,嘴角上扬,眉上小疤,骨感菱形（下颌线柔化），压迫感眉骨/眼下骨感，冷感眼·眼尾明显挑·标准眼距，低鼻根/柔和鼻梁/肉感鼻头，薄唇·嘴角上扬，柔和下颌
FD00401,方菱过渡脸,下颌线柔化,微凸额,薄眉骨,深眼窝,低颧骨,薄面颊,明显下颌角,平凤眼,眼尾平直,窄眼距,碎裂虹膜,窄鼻根,宽骨鼻梁,下压鼻头,薄唇,嘴角上扬,眉上小疤,方菱过渡脸（下颌线柔化），薄眉骨/深眼窝，平凤眼·眼尾平直·窄眼距，窄鼻根/宽骨鼻梁/下压鼻头，薄唇·嘴角上扬，明显下颌角
FD00402,骨感菱形,颧部外扩,窄额,高眉骨,浅眼窝,窄颧骨,成熟收紧面颊,柔和下颌,宽杏眼,眼尾下压,标准眼距,深色瞳,低鼻根,宽骨鼻梁,轻翘鼻头,平直唇,嘴角下垂,瞳孔残缺,骨感菱形（颧部外扩），高眉骨/浅眼窝，宽杏眼·眼尾下压·标准眼距，低鼻根/宽骨鼻梁/轻翘鼻头，平直唇·嘴角下垂，柔和下颌
FD00403,倒三角脸,颈部线条收短,微凸额,内侧突出眉骨,眼下饱满,低颧骨,薄面颊,圆方下颌,窄杏眼,眼尾明显挑,宽眼距,浅褐瞳,中鼻根,宽骨鼻梁,方圆鼻头,上厚下薄,单侧上扬,眼睑褶皱不对称,倒三角脸（颈部线条收短），内侧突出眉骨/眼下饱满，窄杏眼·眼尾明显挑·宽眼距，中鼻根/宽骨鼻梁/方圆鼻头，上厚下薄·单侧上扬，圆方下颌
FD00404,心形脸,颊部略凹,饱满额,压迫感眉骨,窄深眼窝,低颧骨,成熟收紧面颊,骨感下颌,狭长眼,眼尾下压,窄眼距,环状虹膜,窄鼻根,轻微偏右鼻梁,微钝鼻头,成熟长唇,嘴角紧收,右眉轻断,心形脸（颊部略凹），压迫感眉骨/窄深眼窝，狭长眼·眼尾下压·窄眼距，窄鼻根/轻微偏右鼻梁/微钝鼻头，成熟长唇·嘴角紧收，骨感下颌
FD00405,圆脸,下颌线清晰化,低额,厚眉骨,宽浅眼窝,低颧骨,饱满面颊,柔和下颌,猫系眼,眼尾延展,标准眼距,星点虹膜,低鼻根,轻微偏左鼻梁,骨感鼻头,弓形唇,嘴角平直,无标志,圆脸（下颌线清晰化），厚眉骨/宽浅眼窝，猫系眼·眼尾延展·标准眼距，低鼻根/轻微偏左鼻梁/骨感鼻头，弓形唇·嘴角平直，柔和下颌
FD00406,宽方脸,上庭展开,骨感额,内侧突出眉骨,窄深眼窝,高颧骨,饱满面颊,明显下颌角,少年圆眼,眼尾下沉,宽眼距,墨玉瞳,宽鼻根,微弧鼻梁,微钝鼻头,宽嘴,嘴角上扬,颈侧细疤,宽方脸（上庭展开），内侧突出眉骨/窄深眼窝，少年圆眼·眼尾下沉·宽眼距，宽鼻根/微弧鼻梁/微钝鼻头，宽嘴·嘴角上扬，明显下颌角
FD00407,长圆脸,颈部线条收短,高额,外侧突出眉骨,宽浅眼窝,低颧骨,成熟收紧面颊,方下颌,丹凤眼,眼尾平直,宽眼距,灰蓝瞳,中鼻根,轻微偏左鼻梁,骨感鼻头,小嘴,嘴角上扬,颈侧细疤,长圆脸（颈部线条收短），外侧突出眉骨/宽浅眼窝，丹凤眼·眼尾平直·宽眼距，中鼻根/轻微偏左鼻梁/骨感鼻头，小嘴·嘴角上扬，方下颌
FD00408,下颌突出脸,下颌线清晰化,饱满额,低眉骨,中度眼窝,低颧骨,轻凹面颊,收敛下颌,圆长眼,眼尾下沉,窄眼距,异色瞳,低鼻根,中直鼻梁,小圆鼻头,小嘴,嘴角下垂,碎裂虹膜,下颌突出脸（下颌线清晰化），低眉骨/中度眼窝，圆长眼·眼尾下沉·窄眼距，低鼻根/中直鼻梁/小圆鼻头，小嘴·嘴角下垂，收敛下颌
FD00409,宽菱形,颧部微收,窄额,薄眉骨,深眼窝,高颧骨,幼态柔软面颊,柔和下颌,下垂眼,眼尾延展,宽眼距,墨玉瞳,中高鼻根,轻微偏右鼻梁,小圆鼻头,薄唇,嘴角上扬,指节薄茧,宽菱形（颧部微收），薄眉骨/深眼窝，下垂眼·眼尾延展·宽眼距，中高鼻根/轻微偏右鼻梁/小圆鼻头，薄唇·嘴角上扬，柔和下颌
FD00410,宽心形脸,颧部微收,高额,薄眉骨,窄深眼窝,窄颧骨,幼态柔软面颊,宽下颌,冷感眼,眼尾平直,窄眼距,灰蓝瞳,低鼻根,轻微偏左鼻梁,骨感鼻头,宽嘴,单侧上扬,碎裂虹膜,宽心形脸（颧部微收），薄眉骨/窄深眼窝，冷感眼·眼尾平直·窄眼距，低鼻根/轻微偏左鼻梁/骨感鼻头，宽嘴·单侧上扬，宽下颌
FD00411,梨形脸,颊部略凹,微凸额,低眉骨,宽浅眼窝,柔和颧骨,饱满面颊,收敛下颌,鹰隼眼,眼尾平直,标准眼距,琥珀瞳,高鼻根,宽骨鼻梁,微钝鼻头,宽嘴,嘴角平直,耳后小痣,梨形脸（颊部略凹），低眉骨/宽浅眼窝，鹰隼眼·眼尾平直·标准眼距，高鼻根/宽骨鼻梁/微钝鼻头，宽嘴·嘴角平直，收敛下颌
FD00412,成熟方脸,上庭收窄,饱满额,外侧突出眉骨,窄深眼窝,宽颧骨,幼态柔软面颊,柔和下颌,狭长瑞凤眼,眼尾延展,标准眼距,浅褐瞳,宽鼻根,微弧鼻梁,下压鼻头,上厚下薄,嘴角下垂,无标志,成熟方脸（上庭收窄），外侧突出眉骨/窄深眼窝，狭长瑞凤眼·眼尾延展·标准眼距，宽鼻根/微弧鼻梁/下压鼻头，上厚下薄·嘴角下垂，柔和下颌
FD00413,柔和菱形,颌角强调,骨感额,柔和眉骨,宽浅眼窝,窄颧骨,饱满面颊,柔和下颌,成熟长眼,眼尾延展,标准眼距,深色瞳,中高鼻根,高直鼻梁,方圆鼻头,宽嘴,嘴角下垂,单侧酒窝,柔和菱形（颌角强调），柔和眉骨/宽浅眼窝，成熟长眼·眼尾延展·标准眼距，中高鼻根/高直鼻梁/方圆鼻头，宽嘴·嘴角下垂，柔和下颌
FD00414,下颌突出脸,中轴微长,骨感额,薄眉骨,深眼窝,宽颧骨,饱满面颊,明显下颌角,平直杏眼,眼尾微挑,标准眼距,浅褐瞳,窄鼻根,轻微偏左鼻梁,骨感鼻头,平直唇,单侧上扬,指节薄茧,下颌突出脸（中轴微长），薄眉骨/深眼窝，平直杏眼·眼尾微挑·标准眼距，窄鼻根/轻微偏左鼻梁/骨感鼻头，平直唇·单侧上扬，明显下颌角
FD00415,宽方脸,上庭展开,高额,压迫感眉骨,眼下饱满,外扩颧骨,薄面颊,宽下颌,少年圆眼,眼尾平直,窄眼距,深色瞳,宽鼻根,高直鼻梁,下压鼻头,小嘴,嘴角平直,环状虹膜,宽方脸（上庭展开），压迫感眉骨/眼下饱满，少年圆眼·眼尾平直·窄眼距，宽鼻根/高直鼻梁/下压鼻头，小嘴·嘴角平直，宽下颌
FD00416,正梯形脸,骨点内敛,低额,内侧突出眉骨,窄深眼窝,宽颧骨,幼态柔软面颊,宽下颌,鹤系眼,眼尾微挑,标准眼距,异色瞳,中高鼻根,轻鹰钩鼻梁,微钝鼻头,小嘴,单侧上扬,眉上小疤,正梯形脸（骨点内敛），内侧突出眉骨/窄深眼窝，鹤系眼·眼尾微挑·标准眼距，中高鼻根/轻鹰钩鼻梁/微钝鼻头，小嘴·单侧上扬，宽下颌
FD00417,圆脸,颈部线条延长,窄额,高眉骨,眼下饱满,低颧骨,薄面颊,窄下颌,猫系眼,眼尾下压,窄眼距,异色瞳,中高鼻根,轻微偏右鼻梁,轻翘鼻头,平直唇,嘴角平直,唇下小痣,圆脸（颈部线条延长），高眉骨/眼下饱满，猫系眼·眼尾下压·窄眼距，中高鼻根/轻微偏右鼻梁/轻翘鼻头，平直唇·嘴角平直，窄下颌
FD00418,短方脸,中轴收紧,微凸额,压迫感眉骨,宽浅眼窝,外扩颧骨,饱满面颊,收敛下颌,鹰隼眼,眼尾下沉,标准眼距,浅褐瞳,中鼻根,轻鹰钩鼻梁,小圆鼻头,弓形唇,嘴角紧收,眼睑褶皱不对称,短方脸（中轴收紧），压迫感眉骨/宽浅眼窝，鹰隼眼·眼尾下沉·标准眼距，中鼻根/轻鹰钩鼻梁/小圆鼻头，弓形唇·嘴角紧收，收敛下颌
FD00419,长心形脸,下颌线清晰化,平直额,柔和眉骨,中度眼窝,窄颧骨,轻凹面颊,宽下颌,疲惫眼,眼尾延展,宽眼距,深色瞳,中高鼻根,高直鼻梁,窄翼鼻头,上厚下薄,嘴角下垂,眉心竖纹浅痕,长心形脸（下颌线清晰化），柔和眉骨/中度眼窝，疲惫眼·眼尾延展·宽眼距，中高鼻根/高直鼻梁/窄翼鼻头，上厚下薄·嘴角下垂，宽下颌
FD00420,骨感菱形,下颌线清晰化,宽额,压迫感眉骨,中度眼窝,窄颧骨,薄面颊,骨感下颌,宽杏眼,眼尾延展,宽眼距,淡金瞳,宽鼻根,高直鼻梁,下压鼻头,薄唇,嘴角平直,右眉轻断,骨感菱形（下颌线清晰化），压迫感眉骨/中度眼窝，宽杏眼·眼尾延展·宽眼距，宽鼻根/高直鼻梁/下压鼻头，薄唇·嘴角平直，骨感下颌
FD00421,长圆脸,颧部外扩,骨感额,厚眉骨,浅眼窝,高颧骨,薄面颊,明显下颌角,少年圆眼,眼尾微挑,窄眼距,环状虹膜,低鼻根,宽骨鼻梁,微钝鼻头,薄唇,嘴角上扬,瞳孔残缺,长圆脸（颧部外扩），厚眉骨/浅眼窝，少年圆眼·眼尾微挑·窄眼距，低鼻根/宽骨鼻梁/微钝鼻头，薄唇·嘴角上扬，明显下颌角
FD00422,骨感菱形,中庭展宽,宽额,低眉骨,窄深眼窝,窄颧骨,轻凹面颊,方下颌,猫系眼,眼尾延展,标准眼距,琥珀瞳,高鼻根,轻鹰钩鼻梁,骨感鼻头,平直唇,单侧上扬,无标志,骨感菱形（中庭展宽），低眉骨/窄深眼窝，猫系眼·眼尾延展·标准眼距，高鼻根/轻鹰钩鼻梁/骨感鼻头，平直唇·单侧上扬，方下颌
FD00423,心形脸,骨点内敛,骨感额,压迫感眉骨,眼下饱满,窄颧骨,饱满面颊,收敛下颌,鹰隼眼,眼尾下沉,窄眼距,星点虹膜,高鼻根,微弧鼻梁,肉感鼻头,小嘴,嘴角下垂,异色瞳,心形脸（骨点内敛），压迫感眉骨/眼下饱满，鹰隼眼·眼尾下沉·窄眼距，高鼻根/微弧鼻梁/肉感鼻头，小嘴·嘴角下垂，收敛下颌
FD00424,倒梯形脸,下颌线柔化,窄额,低眉骨,眼下骨感,高颧骨,轻凹面颊,柔和下颌,狭长眼,眼尾明显挑,窄眼距,环状虹膜,中高鼻根,轻鹰钩鼻梁,方圆鼻头,弓形唇,嘴角平直,耳后小痣,倒梯形脸（下颌线柔化），低眉骨/眼下骨感，狭长眼·眼尾明显挑·窄眼距，中高鼻根/轻鹰钩鼻梁/方圆鼻头，弓形唇·嘴角平直，柔和下颌
FD00425,梨形脸,上庭收窄,高额,柔和眉骨,深眼窝,外扩颧骨,饱满面颊,骨感下颌,成熟长眼,眼尾下沉,窄眼距,浅褐瞳,中鼻根,轻微偏右鼻梁,小圆鼻头,成熟长唇,嘴角紧收,眉尾旧疤,梨形脸（上庭收窄），柔和眉骨/深眼窝，成熟长眼·眼尾下沉·窄眼距，中鼻根/轻微偏右鼻梁/小圆鼻头，成熟长唇·嘴角紧收，骨感下颌
FD00426,双颌匀称脸,颈部线条延长,高额,柔和眉骨,中度眼窝,外扩颧骨,成熟收紧面颊,柔和下颌,平凤眼,眼尾延展,窄眼距,灰蓝瞳,高鼻根,轻微偏右鼻梁,轻翘鼻头,薄唇,嘴角紧收,异色瞳,双颌匀称脸（颈部线条延长），柔和眉骨/中度眼窝，平凤眼·眼尾延展·窄眼距，高鼻根/轻微偏右鼻梁/轻翘鼻头，薄唇·嘴角紧收，柔和下颌
FD00427,标准菱形,上庭展开,低额,内侧突出眉骨,深眼窝,低颧骨,饱满面颊,柔和下颌,疲惫眼,眼尾下沉,宽眼距,碎裂虹膜,宽鼻根,轻鹰钩鼻梁,骨感鼻头,薄唇,嘴角上扬,颈侧细疤,标准菱形（上庭展开），内侧突出眉骨/深眼窝，疲惫眼·眼尾下沉·宽眼距，宽鼻根/轻鹰钩鼻梁/骨感鼻头，薄唇·嘴角上扬，柔和下颌
FD00428,长菱形,中庭展宽,平直额,压迫感眉骨,宽浅眼窝,外扩颧骨,轻凹面颊,柔和下颌,短圆杏眼,眼尾明显挑,标准眼距,淡金瞳,高鼻根,轻微偏左鼻梁,窄翼鼻头,宽嘴,嘴角紧收,无标志,长菱形（中庭展宽），压迫感眉骨/宽浅眼窝，短圆杏眼·眼尾明显挑·标准眼距，高鼻根/轻微偏左鼻梁/窄翼鼻头，宽嘴·嘴角紧收，柔和下颌
FD00429,颧部展开脸,下庭收窄,窄额,压迫感眉骨,中度眼窝,宽颧骨,轻凹面颊,骨感下颌,狭长眼,眼尾明显挑,标准眼距,星点虹膜,高鼻根,柔和鼻梁,肉感鼻头,弓形唇,单侧上扬,眉上小疤,颧部展开脸（下庭收窄），压迫感眉骨/中度眼窝，狭长眼·眼尾明显挑·标准眼距，高鼻根/柔和鼻梁/肉感鼻头，弓形唇·单侧上扬，骨感下颌
FD00430,双颌匀称脸,颌角强调,窄额,厚眉骨,窄深眼窝,高颧骨,幼态柔软面颊,宽下颌,长杏眼,眼尾下压,窄眼距,淡金瞳,高鼻根,轻鹰钩鼻梁,下压鼻头,薄唇,嘴角上扬,单侧酒窝,双颌匀称脸（颌角强调），厚眉骨/窄深眼窝，长杏眼·眼尾下压·窄眼距，高鼻根/轻鹰钩鼻梁/下压鼻头，薄唇·嘴角上扬，宽下颌
FD00431,宽方脸,颧部外扩,高额,低眉骨,浅眼窝,柔和颧骨,薄面颊,骨感下颌,上扬凤眼,眼尾下压,窄眼距,星点虹膜,宽鼻根,柔和鼻梁,肉感鼻头,上厚下薄,单侧上扬,眉上小疤,宽方脸（颧部外扩），低眉骨/浅眼窝，上扬凤眼·眼尾下压·窄眼距，宽鼻根/柔和鼻梁/肉感鼻头，上厚下薄·单侧上扬，骨感下颌
FD00432,颧部展开脸,下庭收窄,窄额,薄眉骨,深眼窝,低颧骨,薄面颊,窄下颌,长杏眼,眼尾微挑,窄眼距,星点虹膜,中鼻根,轻微偏左鼻梁,窄翼鼻头,宽嘴,单侧上扬,单侧虎牙,颧部展开脸（下庭收窄），薄眉骨/深眼窝，长杏眼·眼尾微挑·窄眼距，中鼻根/轻微偏左鼻梁/窄翼鼻头，宽嘴·单侧上扬，窄下颌
FD00433,上窄下宽脸,面中立体化,饱满额,薄眉骨,眼下饱满,窄颧骨,饱满面颊,收敛下颌,下垂眼,眼尾明显挑,窄眼距,星点虹膜,高鼻根,轻微偏左鼻梁,窄翼鼻头,宽嘴,嘴角下垂,眼角小痣,上窄下宽脸（面中立体化），薄眉骨/眼下饱满，下垂眼·眼尾明显挑·窄眼距，高鼻根/轻微偏左鼻梁/窄翼鼻头，宽嘴·嘴角下垂，收敛下颌
FD00434,长圆脸,面中平缓,微凸额,高眉骨,深眼窝,外扩颧骨,轻凹面颊,方下颌,下垂眼,眼尾微挑,标准眼距,琥珀瞳,窄鼻根,轻微偏右鼻梁,肉感鼻头,平直唇,单侧上扬,下颌浅疤,长圆脸（面中平缓），高眉骨/深眼窝，下垂眼·眼尾微挑·标准眼距，窄鼻根/轻微偏右鼻梁/肉感鼻头，平直唇·单侧上扬，方下颌
FD00435,双颌匀称脸,颌角强调,骨感额,压迫感眉骨,眼下骨感,窄颧骨,薄面颊,柔和下颌,猫系眼,眼尾微挑,标准眼距,淡金瞳,低鼻根,微弧鼻梁,骨感鼻头,弓形唇,嘴角平直,左颊浅疤,双颌匀称脸（颌角强调），压迫感眉骨/眼下骨感，猫系眼·眼尾微挑·标准眼距，低鼻根/微弧鼻梁/骨感鼻头，弓形唇·嘴角平直，柔和下颌
FD00436,长方脸,中轴收紧,骨感额,柔和眉骨,眼下饱满,宽颧骨,幼态柔软面颊,明显下颌角,桃花眼,眼尾延展,标准眼距,淡金瞳,窄鼻根,轻微偏右鼻梁,下压鼻头,小嘴,单侧上扬,眉心竖纹浅痕,长方脸（中轴收紧），柔和眉骨/眼下饱满，桃花眼·眼尾延展·标准眼距，窄鼻根/轻微偏右鼻梁/下压鼻头，小嘴·单侧上扬，明显下颌角
FD00437,梨形脸,下颌线清晰化,宽额,压迫感眉骨,眼下骨感,高颧骨,幼态柔软面颊,窄下颌,少年圆眼,眼尾下沉,标准眼距,星点虹膜,宽鼻根,柔和鼻梁,轻翘鼻头,平直唇,嘴角下垂,单侧虎牙,梨形脸（下颌线清晰化），压迫感眉骨/眼下骨感，少年圆眼·眼尾下沉·标准眼距，宽鼻根/柔和鼻梁/轻翘鼻头，平直唇·嘴角下垂，窄下颌
FD00438,梨形脸,颌角弱化,平直额,内侧突出眉骨,浅眼窝,外扩颧骨,轻凹面颊,柔和下颌,圆长眼,眼尾下沉,窄眼距,琥珀瞳,高鼻根,轻鹰钩鼻梁,骨感鼻头,平直唇,嘴角紧收,无标志,梨形脸（颌角弱化），内侧突出眉骨/浅眼窝，圆长眼·眼尾下沉·窄眼距，高鼻根/轻鹰钩鼻梁/骨感鼻头，平直唇·嘴角紧收，柔和下颌
FD00439,颧部展开脸,颊部饱满,宽额,低眉骨,眼下饱满,窄颧骨,成熟收紧面颊,宽下颌,宽杏眼,眼尾下沉,标准眼距,灰蓝瞳,宽鼻根,轻微偏左鼻梁,方圆鼻头,宽嘴,嘴角下垂,眉心竖纹浅痕,颧部展开脸（颊部饱满），低眉骨/眼下饱满，宽杏眼·眼尾下沉·标准眼距，宽鼻根/轻微偏左鼻梁/方圆鼻头，宽嘴·嘴角下垂，宽下颌
FD00440,梨形脸,颊部略凹,高额,柔和眉骨,宽浅眼窝,低颧骨,饱满面颊,骨感下颌,狼系眼,眼尾下压,窄眼距,琥珀瞳,窄鼻根,高直鼻梁,微钝鼻头,小嘴,嘴角上扬,眉上小疤,梨形脸（颊部略凹），柔和眉骨/宽浅眼窝，狼系眼·眼尾下压·窄眼距，窄鼻根/高直鼻梁/微钝鼻头，小嘴·嘴角上扬，骨感下颌
FD00441,颧部展开脸,上庭收窄,微凸额,压迫感眉骨,深眼窝,窄颧骨,饱满面颊,收敛下颌,半睁懒眼,眼尾延展,标准眼距,墨玉瞳,宽鼻根,高直鼻梁,肉感鼻头,上薄下厚,嘴角下垂,左眼下浅泪痣,颧部展开脸（上庭收窄），压迫感眉骨/深眼窝，半睁懒眼·眼尾延展·标准眼距，宽鼻根/高直鼻梁/肉感鼻头，上薄下厚·嘴角下垂，收敛下颌
FD00442,短方脸,颌角弱化,平直额,外侧突出眉骨,宽浅眼窝,窄颧骨,薄面颊,骨感下颌,成熟长眼,眼尾平直,标准眼距,深色瞳,高鼻根,轻鹰钩鼻梁,窄翼鼻头,厚唇,嘴角平直,瞳孔残缺,短方脸（颌角弱化），外侧突出眉骨/宽浅眼窝，成熟长眼·眼尾平直·标准眼距，高鼻根/轻鹰钩鼻梁/窄翼鼻头，厚唇·嘴角平直，骨感下颌
FD00443,正梯形脸,下庭加重,骨感额,高眉骨,深眼窝,外扩颧骨,轻凹面颊,宽下颌,宽杏眼,眼尾平直,宽眼距,淡金瞳,低鼻根,微弧鼻梁,轻翘鼻头,成熟长唇,嘴角上扬,无标志,正梯形脸（下庭加重），高眉骨/深眼窝，宽杏眼·眼尾平直·宽眼距，低鼻根/微弧鼻梁/轻翘鼻头，成熟长唇·嘴角上扬，宽下颌
FD00444,倒三角脸,偏柔圆润,微凸额,厚眉骨,窄深眼窝,柔和颧骨,幼态柔软面颊,圆方下颌,蛇系眼,眼尾延展,窄眼距,深色瞳,低鼻根,宽骨鼻梁,微钝鼻头,厚唇,嘴角上扬,双侧酒窝,倒三角脸（偏柔圆润），厚眉骨/窄深眼窝，蛇系眼·眼尾延展·窄眼距，低鼻根/宽骨鼻梁/微钝鼻头，厚唇·嘴角上扬，圆方下颌
FD00445,成熟方脸,下颌线柔化,平直额,薄眉骨,中度眼窝,宽颧骨,薄面颊,圆方下颌,短杏眼,眼尾平直,窄眼距,深色瞳,中鼻根,中直鼻梁,轻翘鼻头,薄唇,嘴角下垂,无标志,成熟方脸（下颌线柔化），薄眉骨/中度眼窝，短杏眼·眼尾平直·窄眼距，中鼻根/中直鼻梁/轻翘鼻头，薄唇·嘴角下垂，圆方下颌
FD00446,宽菱形,颧部外扩,饱满额,低眉骨,眼下骨感,柔和颧骨,轻凹面颊,柔和下颌,窄杏眼,眼尾下压,宽眼距,异色瞳,中高鼻根,柔和鼻梁,小圆鼻头,弓形唇,单侧上扬,下颌浅疤,宽菱形（颧部外扩），低眉骨/眼下骨感，窄杏眼·眼尾下压·宽眼距，中高鼻根/柔和鼻梁/小圆鼻头，弓形唇·单侧上扬，柔和下颌
FD00447,颧部展开脸,下庭加重,骨感额,厚眉骨,宽浅眼窝,柔和颧骨,饱满面颊,柔和下颌,疲惫眼,眼尾微挑,标准眼距,环状虹膜,高鼻根,微弧鼻梁,小圆鼻头,上薄下厚,嘴角上扬,下颌浅疤,颧部展开脸（下庭加重），厚眉骨/宽浅眼窝，疲惫眼·眼尾微挑·标准眼距，高鼻根/微弧鼻梁/小圆鼻头，上薄下厚·嘴角上扬，柔和下颌
FD00448,长方脸,颌角弱化,高额,内侧突出眉骨,窄深眼窝,柔和颧骨,饱满面颊,窄下颌,成熟长眼,眼尾明显挑,标准眼距,深色瞳,窄鼻根,轻微偏右鼻梁,小圆鼻头,上薄下厚,嘴角平直,双侧酒窝,长方脸（颌角弱化），内侧突出眉骨/窄深眼窝，成熟长眼·眼尾明显挑·标准眼距，窄鼻根/轻微偏右鼻梁/小圆鼻头，上薄下厚·嘴角平直，窄下颌
FD00449,长方脸,偏锐收窄,窄额,低眉骨,宽浅眼窝,窄颧骨,幼态柔软面颊,柔和下颌,宽杏眼,眼尾微挑,宽眼距,深色瞳,高鼻根,轻微偏左鼻梁,下压鼻头,上厚下薄,嘴角紧收,眉上小疤,长方脸（偏锐收窄），低眉骨/宽浅眼窝，宽杏眼·眼尾微挑·宽眼距，高鼻根/轻微偏左鼻梁/下压鼻头，上厚下薄·嘴角紧收，柔和下颌
FD00450,双颌匀称脸,面中立体化,高额,薄眉骨,深眼窝,柔和颧骨,成熟收紧面颊,明显下颌角,少年圆眼,眼尾明显挑,宽眼距,灰蓝瞳,窄鼻根,微弧鼻梁,肉感鼻头,小嘴,嘴角上扬,无标志,双颌匀称脸（面中立体化），薄眉骨/深眼窝，少年圆眼·眼尾明显挑·宽眼距，窄鼻根/微弧鼻梁/肉感鼻头，小嘴·嘴角上扬，明显下颌角
FD00451,上窄下宽脸,面中平缓,宽额,内侧突出眉骨,中度眼窝,低颧骨,幼态柔软面颊,收敛下颌,窄杏眼,眼尾明显挑,宽眼距,淡金瞳,窄鼻根,柔和鼻梁,小圆鼻头,小嘴,嘴角上扬,单侧酒窝,上窄下宽脸（面中平缓），内侧突出眉骨/中度眼窝，窄杏眼·眼尾明显挑·宽眼距，窄鼻根/柔和鼻梁/小圆鼻头，小嘴·嘴角上扬，收敛下颌
FD00452,柔和菱形,下庭加重,饱满额,柔和眉骨,眼下饱满,宽颧骨,薄面颊,骨感下颌,狐狸系眼,眼尾延展,窄眼距,深色瞳,宽鼻根,轻微偏右鼻梁,微钝鼻头,上薄下厚,嘴角平直,单侧酒窝,柔和菱形（下庭加重），柔和眉骨/眼下饱满，狐狸系眼·眼尾延展·窄眼距，宽鼻根/轻微偏右鼻梁/微钝鼻头，上薄下厚·嘴角平直，骨感下颌
FD00453,骨感窄脸,上庭展开,骨感额,外侧突出眉骨,浅眼窝,窄颧骨,饱满面颊,方下颌,猫系眼,眼尾平直,宽眼距,深色瞳,窄鼻根,微弧鼻梁,窄翼鼻头,宽嘴,嘴角下垂,碎裂虹膜,骨感窄脸（上庭展开），外侧突出眉骨/浅眼窝，猫系眼·眼尾平直·宽眼距，窄鼻根/微弧鼻梁/窄翼鼻头，宽嘴·嘴角下垂，方下颌
FD00454,长方脸,中轴微长,窄额,薄眉骨,深眼窝,窄颧骨,轻凹面颊,窄下颌,短杏眼,眼尾微挑,宽眼距,浅褐瞳,中高鼻根,轻微偏左鼻梁,窄翼鼻头,弓形唇,嘴角紧收,右眉轻断,长方脸（中轴微长），薄眉骨/深眼窝，短杏眼·眼尾微挑·宽眼距，中高鼻根/轻微偏左鼻梁/窄翼鼻头，弓形唇·嘴角紧收，窄下颌
FD00455,长菱形,颊部略凹,骨感额,厚眉骨,中度眼窝,柔和颧骨,饱满面颊,明显下颌角,长杏眼,眼尾明显挑,标准眼距,淡金瞳,中鼻根,轻微偏左鼻梁,轻翘鼻头,平直唇,嘴角平直,单侧虎牙,长菱形（颊部略凹），厚眉骨/中度眼窝，长杏眼·眼尾明显挑·标准眼距，中鼻根/轻微偏左鼻梁/轻翘鼻头，平直唇·嘴角平直，明显下颌角
FD00456,宽方脸,中庭展宽,微凸额,厚眉骨,中度眼窝,柔和颧骨,幼态柔软面颊,骨感下颌,丹凤眼,眼尾下沉,窄眼距,深色瞳,中鼻根,高直鼻梁,方圆鼻头,薄唇,嘴角紧收,唇下小痣,宽方脸（中庭展宽），厚眉骨/中度眼窝，丹凤眼·眼尾下沉·窄眼距，中鼻根/高直鼻梁/方圆鼻头，薄唇·嘴角紧收，骨感下颌
FD00457,柔和菱形,偏柔圆润,低额,内侧突出眉骨,窄深眼窝,低颧骨,幼态柔软面颊,方下颌,丹凤眼,眼尾平直,窄眼距,深色瞳,宽鼻根,高直鼻梁,窄翼鼻头,小嘴,嘴角上扬,右眉轻断,柔和菱形（偏柔圆润），内侧突出眉骨/窄深眼窝，丹凤眼·眼尾平直·窄眼距，宽鼻根/高直鼻梁/窄翼鼻头，小嘴·嘴角上扬，方下颌
FD00458,圆脸,下庭收窄,宽额,柔和眉骨,眼下骨感,高颧骨,成熟收紧面颊,圆方下颌,瑞凤眼,眼尾下压,窄眼距,环状虹膜,中高鼻根,柔和鼻梁,下压鼻头,上厚下薄,嘴角紧收,双侧酒窝,圆脸（下庭收窄），柔和眉骨/眼下骨感，瑞凤眼·眼尾下压·窄眼距，中高鼻根/柔和鼻梁/下压鼻头，上厚下薄·嘴角紧收，圆方下颌
FD00459,长菱形,颌角强调,平直额,柔和眉骨,浅眼窝,高颧骨,薄面颊,窄下颌,冷感眼,眼尾明显挑,窄眼距,异色瞳,宽鼻根,高直鼻梁,肉感鼻头,薄唇,单侧上扬,眼角小痣,长菱形（颌角强调），柔和眉骨/浅眼窝，冷感眼·眼尾明显挑·窄眼距，宽鼻根/高直鼻梁/肉感鼻头，薄唇·单侧上扬，窄下颌
FD00460,正梯形脸,面中立体化,窄额,高眉骨,眼下饱满,柔和颧骨,轻凹面颊,宽下颌,狭长瑞凤眼,眼尾下沉,标准眼距,琥珀瞳,宽鼻根,轻鹰钩鼻梁,方圆鼻头,成熟长唇,嘴角平直,碎裂虹膜,正梯形脸（面中立体化），高眉骨/眼下饱满，狭长瑞凤眼·眼尾下沉·标准眼距，宽鼻根/轻鹰钩鼻梁/方圆鼻头，成熟长唇·嘴角平直，宽下颌
FD00461,幼态方脸,下庭收窄,宽额,柔和眉骨,眼下骨感,高颧骨,饱满面颊,方下颌,猫系眼,眼尾微挑,宽眼距,环状虹膜,宽鼻根,柔和鼻梁,小圆鼻头,平直唇,嘴角上扬,指节薄茧,幼态方脸（下庭收窄），柔和眉骨/眼下骨感，猫系眼·眼尾微挑·宽眼距，宽鼻根/柔和鼻梁/小圆鼻头，平直唇·嘴角上扬，方下颌
FD00462,长方脸,颌角弱化,微凸额,内侧突出眉骨,眼下饱满,低颧骨,幼态柔软面颊,骨感下颌,丹凤眼,眼尾下压,标准眼距,浅褐瞳,中鼻根,宽骨鼻梁,小圆鼻头,弓形唇,嘴角上扬,眼睑褶皱不对称,长方脸（颌角弱化），内侧突出眉骨/眼下饱满，丹凤眼·眼尾下压·标准眼距，中鼻根/宽骨鼻梁/小圆鼻头，弓形唇·嘴角上扬，骨感下颌
FD00463,柔和菱形,上庭收窄,饱满额,柔和眉骨,深眼窝,外扩颧骨,薄面颊,窄下颌,柳叶眼,眼尾下沉,标准眼距,浅褐瞳,中鼻根,轻鹰钩鼻梁,肉感鼻头,上薄下厚,单侧上扬,双侧酒窝,柔和菱形（上庭收窄），柔和眉骨/深眼窝，柳叶眼·眼尾下沉·标准眼距，中鼻根/轻鹰钩鼻梁/肉感鼻头，上薄下厚·单侧上扬，窄下颌
FD00464,成熟方脸,下庭加重,宽额,内侧突出眉骨,浅眼窝,高颧骨,饱满面颊,明显下颌角,下垂眼,眼尾明显挑,标准眼距,墨玉瞳,中鼻根,轻微偏左鼻梁,方圆鼻头,弓形唇,嘴角上扬,唇下小痣,成熟方脸（下庭加重），内侧突出眉骨/浅眼窝，下垂眼·眼尾明显挑·标准眼距，中鼻根/轻微偏左鼻梁/方圆鼻头，弓形唇·嘴角上扬，明显下颌角
FD00465,短方脸,下颌线清晰化,骨感额,外侧突出眉骨,浅眼窝,外扩颧骨,薄面颊,柔和下颌,狼系眼,眼尾明显挑,宽眼距,淡金瞳,中高鼻根,中直鼻梁,肉感鼻头,平直唇,嘴角下垂,眼睑褶皱不对称,短方脸（下颌线清晰化），外侧突出眉骨/浅眼窝，狼系眼·眼尾明显挑·宽眼距，中高鼻根/中直鼻梁/肉感鼻头，平直唇·嘴角下垂，柔和下颌
FD00466,长方脸,下庭收窄,平直额,外侧突出眉骨,眼下骨感,外扩颧骨,轻凹面颊,窄下颌,平凤眼,眼尾延展,标准眼距,碎裂虹膜,低鼻根,轻微偏左鼻梁,小圆鼻头,弓形唇,嘴角紧收,下颌浅疤,长方脸（下庭收窄），外侧突出眉骨/眼下骨感，平凤眼·眼尾延展·标准眼距，低鼻根/轻微偏左鼻梁/小圆鼻头，弓形唇·嘴角紧收，窄下颌
FD00467,方菱过渡脸,颈部线条延长,微凸额,柔和眉骨,眼下饱满,高颧骨,薄面颊,窄下颌,冷感眼,眼尾平直,窄眼距,星点虹膜,宽鼻根,轻微偏右鼻梁,窄翼鼻头,薄唇,嘴角紧收,眉心竖纹浅痕,方菱过渡脸（颈部线条延长），柔和眉骨/眼下饱满，冷感眼·眼尾平直·窄眼距，宽鼻根/轻微偏右鼻梁/窄翼鼻头，薄唇·嘴角紧收，窄下颌
FD00468,骨感菱形,下庭加重,窄额,内侧突出眉骨,深眼窝,窄颧骨,幼态柔软面颊,明显下颌角,鹿系眼,眼尾下沉,标准眼距,墨玉瞳,中高鼻根,柔和鼻梁,微钝鼻头,薄唇,嘴角紧收,额角旧痕,骨感菱形（下庭加重），内侧突出眉骨/深眼窝，鹿系眼·眼尾下沉·标准眼距，中高鼻根/柔和鼻梁/微钝鼻头，薄唇·嘴角紧收，明显下颌角
FD00469,倒梯形脸,中轴微长,微凸额,压迫感眉骨,宽浅眼窝,窄颧骨,薄面颊,方下颌,圆长眼,眼尾下沉,窄眼距,淡金瞳,中鼻根,高直鼻梁,小圆鼻头,薄唇,单侧上扬,眉心竖纹浅痕,倒梯形脸（中轴微长），压迫感眉骨/宽浅眼窝，圆长眼·眼尾下沉·窄眼距，中鼻根/高直鼻梁/小圆鼻头，薄唇·单侧上扬，方下颌
FD00470,宽方脸,颈部线条延长,饱满额,压迫感眉骨,中度眼窝,低颧骨,成熟收紧面颊,窄下颌,狐狸系眼,眼尾下沉,标准眼距,异色瞳,中鼻根,轻微偏左鼻梁,肉感鼻头,上薄下厚,嘴角下垂,无标志,宽方脸（颈部线条延长），压迫感眉骨/中度眼窝，狐狸系眼·眼尾下沉·标准眼距，中鼻根/轻微偏左鼻梁/肉感鼻头，上薄下厚·嘴角下垂，窄下颌
FD00471,长心形脸,颈部线条收短,骨感额,压迫感眉骨,宽浅眼窝,高颧骨,饱满面颊,窄下颌,下垂眼,眼尾延展,标准眼距,星点虹膜,低鼻根,轻微偏右鼻梁,方圆鼻头,宽嘴,嘴角上扬,下颌浅疤,长心形脸（颈部线条收短），压迫感眉骨/宽浅眼窝，下垂眼·眼尾延展·标准眼距，低鼻根/轻微偏右鼻梁/方圆鼻头，宽嘴·嘴角上扬，窄下颌
FD00472,肉感短脸,面中平缓,平直额,高眉骨,宽浅眼窝,宽颧骨,轻凹面颊,柔和下颌,下垂眼,眼尾延展,标准眼距,碎裂虹膜,高鼻根,微弧鼻梁,微钝鼻头,厚唇,嘴角上扬,耳后小痣,肉感短脸（面中平缓），高眉骨/宽浅眼窝，下垂眼·眼尾延展·标准眼距，高鼻根/微弧鼻梁/微钝鼻头，厚唇·嘴角上扬，柔和下颌
FD00473,肉感短脸,颈部线条延长,低额,压迫感眉骨,眼下饱满,窄颧骨,饱满面颊,柔和下颌,少年圆眼,眼尾下压,标准眼距,深色瞳,低鼻根,高直鼻梁,方圆鼻头,厚唇,嘴角平直,左眼下浅泪痣,肉感短脸（颈部线条延长），压迫感眉骨/眼下饱满，少年圆眼·眼尾下压·标准眼距，低鼻根/高直鼻梁/方圆鼻头，厚唇·嘴角平直，柔和下颌
FD00474,骨感方脸,颊部饱满,宽额,压迫感眉骨,中度眼窝,窄颧骨,饱满面颊,圆方下颌,鹰隼眼,眼尾微挑,窄眼距,浅褐瞳,中高鼻根,宽骨鼻梁,小圆鼻头,小嘴,嘴角平直,下颌浅疤,骨感方脸（颊部饱满），压迫感眉骨/中度眼窝，鹰隼眼·眼尾微挑·窄眼距，中高鼻根/宽骨鼻梁/小圆鼻头，小嘴·嘴角平直，圆方下颌
FD00475,下颌突出脸,颧部微收,高额,薄眉骨,眼下饱满,低颧骨,饱满面颊,柔和下颌,圆长眼,眼尾平直,宽眼距,碎裂虹膜,低鼻根,微弧鼻梁,肉感鼻头,薄唇,嘴角平直,单侧酒窝,下颌突出脸（颧部微收），薄眉骨/眼下饱满，圆长眼·眼尾平直·宽眼距，低鼻根/微弧鼻梁/肉感鼻头，薄唇·嘴角平直，柔和下颌
FD00476,方菱过渡脸,偏柔圆润,低额,高眉骨,眼下饱满,窄颧骨,幼态柔软面颊,宽下颌,狭长眼,眼尾明显挑,宽眼距,灰蓝瞳,低鼻根,高直鼻梁,小圆鼻头,薄唇,嘴角下垂,双侧酒窝,方菱过渡脸（偏柔圆润），高眉骨/眼下饱满，狭长眼·眼尾明显挑·宽眼距，低鼻根/高直鼻梁/小圆鼻头，薄唇·嘴角下垂，宽下颌
FD00477,柔和方脸,颊部略凹,低额,厚眉骨,眼下饱满,高颧骨,成熟收紧面颊,窄下颌,疲惫眼,眼尾下压,标准眼距,深色瞳,宽鼻根,高直鼻梁,方圆鼻头,薄唇,嘴角紧收,异色瞳,柔和方脸（颊部略凹），厚眉骨/眼下饱满，疲惫眼·眼尾下压·标准眼距，宽鼻根/高直鼻梁/方圆鼻头，薄唇·嘴角紧收，窄下颌
FD00478,宽方脸,下颌线柔化,低额,外侧突出眉骨,浅眼窝,高颧骨,轻凹面颊,收敛下颌,瑞凤眼,眼尾平直,宽眼距,浅褐瞳,高鼻根,轻鹰钩鼻梁,方圆鼻头,宽嘴,嘴角紧收,右眼下浅泪痣,宽方脸（下颌线柔化），外侧突出眉骨/浅眼窝，瑞凤眼·眼尾平直·宽眼距，高鼻根/轻鹰钩鼻梁/方圆鼻头，宽嘴·嘴角紧收，收敛下颌
FD00479,骨感菱形,偏锐收窄,平直额,薄眉骨,中度眼窝,外扩颧骨,薄面颊,收敛下颌,少年圆眼,眼尾平直,宽眼距,琥珀瞳,中高鼻根,宽骨鼻梁,肉感鼻头,弓形唇,嘴角紧收,无标志,骨感菱形（偏锐收窄），薄眉骨/中度眼窝，少年圆眼·眼尾平直·宽眼距，中高鼻根/宽骨鼻梁/肉感鼻头，弓形唇·嘴角紧收，收敛下颌
FD00480,清瘦圆脸,上庭收窄,高额,外侧突出眉骨,窄深眼窝,外扩颧骨,轻凹面颊,方下颌,长杏眼,眼尾明显挑,窄眼距,异色瞳,窄鼻根,微弧鼻梁,肉感鼻头,厚唇,嘴角下垂,指节薄茧,清瘦圆脸（上庭收窄），外侧突出眉骨/窄深眼窝，长杏眼·眼尾明显挑·窄眼距，窄鼻根/微弧鼻梁/肉感鼻头，厚唇·嘴角下垂，方下颌
FD00481,上宽下窄脸,上庭展开,高额,高眉骨,窄深眼窝,宽颧骨,成熟收紧面颊,柔和下颌,长杏眼,眼尾延展,窄眼距,灰蓝瞳,窄鼻根,轻微偏左鼻梁,窄翼鼻头,小嘴,嘴角紧收,无标志,上宽下窄脸（上庭展开），高眉骨/窄深眼窝，长杏眼·眼尾延展·窄眼距，窄鼻根/轻微偏左鼻梁/窄翼鼻头，小嘴·嘴角紧收，柔和下颌
FD00482,宽方脸,颈部线条延长,微凸额,外侧突出眉骨,眼下骨感,宽颧骨,成熟收紧面颊,圆方下颌,圆长眼,眼尾明显挑,宽眼距,星点虹膜,窄鼻根,柔和鼻梁,方圆鼻头,厚唇,嘴角平直,耳后小痣,宽方脸（颈部线条延长），外侧突出眉骨/眼下骨感，圆长眼·眼尾明显挑·宽眼距，窄鼻根/柔和鼻梁/方圆鼻头，厚唇·嘴角平直，圆方下颌
FD00483,清瘦圆脸,中庭拉长,宽额,薄眉骨,中度眼窝,柔和颧骨,薄面颊,窄下颌,瑞凤眼,眼尾明显挑,标准眼距,深色瞳,窄鼻根,轻微偏右鼻梁,下压鼻头,上厚下薄,嘴角上扬,眉上小疤,清瘦圆脸（中庭拉长），薄眉骨/中度眼窝，瑞凤眼·眼尾明显挑·标准眼距，窄鼻根/轻微偏右鼻梁/下压鼻头，上厚下薄·嘴角上扬，窄下颌
FD00484,窄方脸,中轴收紧,宽额,厚眉骨,中度眼窝,低颧骨,饱满面颊,骨感下颌,成熟长眼,眼尾明显挑,窄眼距,星点虹膜,中高鼻根,轻微偏左鼻梁,方圆鼻头,成熟长唇,嘴角下垂,碎裂虹膜,窄方脸（中轴收紧），厚眉骨/中度眼窝，成熟长眼·眼尾明显挑·窄眼距，中高鼻根/轻微偏左鼻梁/方圆鼻头，成熟长唇·嘴角下垂，骨感下颌
FD00485,肉感短脸,颧部微收,平直额,柔和眉骨,窄深眼窝,宽颧骨,薄面颊,明显下颌角,狼系眼,眼尾微挑,宽眼距,异色瞳,中鼻根,宽骨鼻梁,方圆鼻头,薄唇,嘴角紧收,眉心竖纹浅痕,肉感短脸（颧部微收），柔和眉骨/窄深眼窝，狼系眼·眼尾微挑·宽眼距，中鼻根/宽骨鼻梁/方圆鼻头，薄唇·嘴角紧收，明显下颌角
FD00486,方菱过渡脸,下颌线柔化,饱满额,厚眉骨,眼下骨感,宽颧骨,轻凹面颊,窄下颌,宽杏眼,眼尾明显挑,窄眼距,碎裂虹膜,中高鼻根,高直鼻梁,微钝鼻头,小嘴,嘴角平直,碎裂虹膜,方菱过渡脸（下颌线柔化），厚眉骨/眼下骨感，宽杏眼·眼尾明显挑·窄眼距，中高鼻根/高直鼻梁/微钝鼻头，小嘴·嘴角平直，窄下颌
FD00487,宽菱形,上庭展开,饱满额,厚眉骨,眼下饱满,柔和颧骨,轻凹面颊,柔和下颌,半睁懒眼,眼尾平直,窄眼距,环状虹膜,中高鼻根,轻微偏右鼻梁,下压鼻头,上薄下厚,嘴角上扬,异色瞳,宽菱形（上庭展开），厚眉骨/眼下饱满，半睁懒眼·眼尾平直·窄眼距，中高鼻根/轻微偏右鼻梁/下压鼻头，上薄下厚·嘴角上扬，柔和下颌
FD00488,宽心形脸,偏锐收窄,窄额,柔和眉骨,眼下饱满,窄颧骨,幼态柔软面颊,收敛下颌,狼系眼,眼尾明显挑,标准眼距,环状虹膜,宽鼻根,轻鹰钩鼻梁,骨感鼻头,小嘴,嘴角紧收,无标志,宽心形脸（偏锐收窄），柔和眉骨/眼下饱满，狼系眼·眼尾明显挑·标准眼距，宽鼻根/轻鹰钩鼻梁/骨感鼻头，小嘴·嘴角紧收，收敛下颌
FD00489,柔和方脸,骨点外显,骨感额,高眉骨,宽浅眼窝,高颧骨,饱满面颊,方下颌,狭长瑞凤眼,眼尾微挑,窄眼距,墨玉瞳,高鼻根,高直鼻梁,下压鼻头,成熟长唇,嘴角上扬,异色瞳,柔和方脸（骨点外显），高眉骨/宽浅眼窝，狭长瑞凤眼·眼尾微挑·窄眼距，高鼻根/高直鼻梁/下压鼻头，成熟长唇·嘴角上扬，方下颌
FD00490,短圆脸,颊部略凹,饱满额,外侧突出眉骨,浅眼窝,窄颧骨,幼态柔软面颊,宽下颌,蛇系眼,眼尾平直,宽眼距,星点虹膜,中鼻根,宽骨鼻梁,窄翼鼻头,平直唇,嘴角下垂,左眼下浅泪痣,短圆脸（颊部略凹），外侧突出眉骨/浅眼窝，蛇系眼·眼尾平直·宽眼距，中鼻根/宽骨鼻梁/窄翼鼻头，平直唇·嘴角下垂，宽下颌
FD00491,肉感短脸,骨点外显,低额,外侧突出眉骨,眼下饱满,窄颧骨,成熟收紧面颊,方下颌,成熟长眼,眼尾下压,窄眼距,异色瞳,高鼻根,柔和鼻梁,肉感鼻头,宽嘴,嘴角平直,眼睑褶皱不对称,肉感短脸（骨点外显），外侧突出眉骨/眼下饱满，成熟长眼·眼尾下压·窄眼距，高鼻根/柔和鼻梁/肉感鼻头，宽嘴·嘴角平直，方下颌
FD00492,清瘦圆脸,颌角弱化,高额,柔和眉骨,宽浅眼窝,窄颧骨,轻凹面颊,柔和下颌,桃花眼,眼尾下压,窄眼距,环状虹膜,宽鼻根,柔和鼻梁,方圆鼻头,厚唇,嘴角下垂,无标志,清瘦圆脸（颌角弱化），柔和眉骨/宽浅眼窝，桃花眼·眼尾下压·窄眼距，宽鼻根/柔和鼻梁/方圆鼻头，厚唇·嘴角下垂，柔和下颌
FD00493,幼态方脸,中轴微长,骨感额,外侧突出眉骨,窄深眼窝,外扩颧骨,幼态柔软面颊,柔和下颌,柳叶眼,眼尾微挑,标准眼距,深色瞳,中鼻根,轻微偏左鼻梁,轻翘鼻头,上薄下厚,嘴角紧收,眼睑褶皱不对称,幼态方脸（中轴微长），外侧突出眉骨/窄深眼窝，柳叶眼·眼尾微挑·标准眼距，中鼻根/轻微偏左鼻梁/轻翘鼻头，上薄下厚·嘴角紧收，柔和下颌
FD00494,幼态方脸,颧部微收,低额,柔和眉骨,眼下骨感,高颧骨,成熟收紧面颊,明显下颌角,平凤眼,眼尾平直,标准眼距,淡金瞳,中高鼻根,中直鼻梁,窄翼鼻头,弓形唇,嘴角下垂,眉心竖纹浅痕,幼态方脸（颧部微收），柔和眉骨/眼下骨感，平凤眼·眼尾平直·标准眼距，中高鼻根/中直鼻梁/窄翼鼻头，弓形唇·嘴角下垂，明显下颌角
FD00495,长圆脸,颌角强调,宽额,外侧突出眉骨,眼下骨感,柔和颧骨,薄面颊,骨感下颌,鹰隼眼,眼尾延展,宽眼距,环状虹膜,中鼻根,宽骨鼻梁,轻翘鼻头,平直唇,嘴角平直,异色瞳,长圆脸（颌角强调），外侧突出眉骨/眼下骨感，鹰隼眼·眼尾延展·宽眼距，中鼻根/宽骨鼻梁/轻翘鼻头，平直唇·嘴角平直，骨感下颌
FD00496,窄方脸,下庭收窄,饱满额,内侧突出眉骨,深眼窝,宽颧骨,成熟收紧面颊,圆方下颌,圆长眼,眼尾明显挑,宽眼距,碎裂虹膜,高鼻根,柔和鼻梁,肉感鼻头,薄唇,嘴角紧收,唇下小痣,窄方脸（下庭收窄），内侧突出眉骨/深眼窝，圆长眼·眼尾明显挑·宽眼距，高鼻根/柔和鼻梁/肉感鼻头，薄唇·嘴角紧收，圆方下颌
FD00497,圆方脸,骨点外显,宽额,低眉骨,深眼窝,柔和颧骨,成熟收紧面颊,明显下颌角,上扬凤眼,眼尾平直,标准眼距,碎裂虹膜,高鼻根,中直鼻梁,骨感鼻头,弓形唇,嘴角平直,环状虹膜,圆方脸（骨点外显），低眉骨/深眼窝，上扬凤眼·眼尾平直·标准眼距，高鼻根/中直鼻梁/骨感鼻头，弓形唇·嘴角平直，明显下颌角
FD00498,宽方脸,中庭拉长,微凸额,高眉骨,中度眼窝,窄颧骨,轻凹面颊,方下颌,狭长眼,眼尾延展,窄眼距,环状虹膜,宽鼻根,高直鼻梁,骨感鼻头,厚唇,嘴角下垂,左颊浅疤,宽方脸（中庭拉长），高眉骨/中度眼窝，狭长眼·眼尾延展·窄眼距，宽鼻根/高直鼻梁/骨感鼻头，厚唇·嘴角下垂，方下颌
FD00499,骨感菱形,颈部线条收短,窄额,内侧突出眉骨,窄深眼窝,窄颧骨,饱满面颊,方下颌,上扬凤眼,眼尾延展,标准眼距,琥珀瞳,中高鼻根,宽骨鼻梁,窄翼鼻头,薄唇,嘴角下垂,无标志,骨感菱形（颈部线条收短），内侧突出眉骨/窄深眼窝，上扬凤眼·眼尾延展·标准眼距，中高鼻根/宽骨鼻梁/窄翼鼻头，薄唇·嘴角下垂，方下颌
FD00500,柔和菱形,中轴微长,低额,厚眉骨,眼下骨感,宽颧骨,幼态柔软面颊,骨感下颌,狭长眼,眼尾下沉,标准眼距,异色瞳,窄鼻根,柔和鼻梁,下压鼻头,成熟长唇,嘴角平直,瞳孔残缺,柔和菱形（中轴微长），厚眉骨/眼下骨感，狭长眼·眼尾下沉·标准眼距，窄鼻根/柔和鼻梁/下压鼻头，成熟长唇·嘴角平直，骨感下颌
FD00501,柔和方脸,颊部饱满,饱满额,柔和眉骨,窄深眼窝,宽颧骨,薄面颊,窄下颌,长杏眼,眼尾下压,窄眼距,异色瞳,低鼻根,中直鼻梁,方圆鼻头,上厚下薄,嘴角上扬,左眼下浅泪痣,柔和方脸（颊部饱满），柔和眉骨/窄深眼窝，长杏眼·眼尾下压·窄眼距，低鼻根/中直鼻梁/方圆鼻头，上厚下薄·嘴角上扬，窄下颌
FD00502,倒三角脸,下庭收窄,微凸额,外侧突出眉骨,窄深眼窝,高颧骨,饱满面颊,柔和下颌,鹰隼眼,眼尾明显挑,标准眼距,异色瞳,低鼻根,中直鼻梁,下压鼻头,薄唇,嘴角紧收,眉上小疤,倒三角脸（下庭收窄），外侧突出眉骨/窄深眼窝，鹰隼眼·眼尾明显挑·标准眼距，低鼻根/中直鼻梁/下压鼻头，薄唇·嘴角紧收，柔和下颌
FD00503,颧部展开脸,骨点内敛,饱满额,压迫感眉骨,眼下饱满,高颧骨,幼态柔软面颊,收敛下颌,宽杏眼,眼尾下沉,窄眼距,星点虹膜,低鼻根,中直鼻梁,方圆鼻头,上薄下厚,嘴角下垂,右眉轻断,颧部展开脸（骨点内敛），压迫感眉骨/眼下饱满，宽杏眼·眼尾下沉·窄眼距，低鼻根/中直鼻梁/方圆鼻头，上薄下厚·嘴角下垂，收敛下颌
FD00504,幼态方脸,中轴微长,低额,柔和眉骨,浅眼窝,低颧骨,轻凹面颊,柔和下颌,长杏眼,眼尾平直,标准眼距,墨玉瞳,高鼻根,微弧鼻梁,肉感鼻头,宽嘴,单侧上扬,无标志,幼态方脸（中轴微长），柔和眉骨/浅眼窝，长杏眼·眼尾平直·标准眼距，高鼻根/微弧鼻梁/肉感鼻头，宽嘴·单侧上扬，柔和下颌
FD00505,长菱形,颊部略凹,微凸额,柔和眉骨,眼下饱满,宽颧骨,饱满面颊,收敛下颌,短圆杏眼,眼尾明显挑,宽眼距,星点虹膜,宽鼻根,柔和鼻梁,肉感鼻头,上薄下厚,嘴角上扬,右眉轻断,长菱形（颊部略凹），柔和眉骨/眼下饱满，短圆杏眼·眼尾明显挑·宽眼距，宽鼻根/柔和鼻梁/肉感鼻头，上薄下厚·嘴角上扬，收敛下颌
FD00506,清瘦圆脸,下颌线柔化,窄额,压迫感眉骨,浅眼窝,窄颧骨,幼态柔软面颊,柔和下颌,短杏眼,眼尾明显挑,标准眼距,深色瞳,高鼻根,轻鹰钩鼻梁,窄翼鼻头,上厚下薄,嘴角平直,无标志,清瘦圆脸（下颌线柔化），压迫感眉骨/浅眼窝，短杏眼·眼尾明显挑·标准眼距，高鼻根/轻鹰钩鼻梁/窄翼鼻头，上厚下薄·嘴角平直，柔和下颌
FD00507,柔和菱形,下颌线清晰化,骨感额,柔和眉骨,宽浅眼窝,外扩颧骨,饱满面颊,柔和下颌,成熟长眼,眼尾延展,标准眼距,灰蓝瞳,低鼻根,柔和鼻梁,方圆鼻头,弓形唇,嘴角下垂,单侧虎牙,柔和菱形（下颌线清晰化），柔和眉骨/宽浅眼窝，成熟长眼·眼尾延展·标准眼距，低鼻根/柔和鼻梁/方圆鼻头，弓形唇·嘴角下垂，柔和下颌
FD00508,宽心形脸,骨点内敛,宽额,薄眉骨,眼下饱满,柔和颧骨,薄面颊,骨感下颌,长杏眼,眼尾微挑,窄眼距,环状虹膜,窄鼻根,中直鼻梁,窄翼鼻头,厚唇,嘴角紧收,无标志,宽心形脸（骨点内敛），薄眉骨/眼下饱满，长杏眼·眼尾微挑·窄眼距，窄鼻根/中直鼻梁/窄翼鼻头，厚唇·嘴角紧收，骨感下颌
FD00509,上宽下窄脸,偏柔圆润,微凸额,内侧突出眉骨,窄深眼窝,低颧骨,薄面颊,柔和下颌,宽杏眼,眼尾平直,标准眼距,淡金瞳,低鼻根,高直鼻梁,方圆鼻头,薄唇,嘴角平直,无标志,上宽下窄脸（偏柔圆润），内侧突出眉骨/窄深眼窝，宽杏眼·眼尾平直·标准眼距，低鼻根/高直鼻梁/方圆鼻头，薄唇·嘴角平直，柔和下颌
FD00510,短圆脸,中庭展宽,低额,压迫感眉骨,眼下饱满,高颧骨,幼态柔软面颊,方下颌,柳叶眼,眼尾明显挑,宽眼距,淡金瞳,窄鼻根,中直鼻梁,轻翘鼻头,上厚下薄,单侧上扬,无标志,短圆脸（中庭展宽），压迫感眉骨/眼下饱满，柳叶眼·眼尾明显挑·宽眼距，窄鼻根/中直鼻梁/轻翘鼻头，上厚下薄·单侧上扬，方下颌
FD00511,正梯形脸,颈部线条延长,饱满额,高眉骨,眼下饱满,窄颧骨,幼态柔软面颊,明显下颌角,长杏眼,眼尾微挑,窄眼距,淡金瞳,窄鼻根,轻微偏右鼻梁,窄翼鼻头,上薄下厚,嘴角上扬,环状虹膜,正梯形脸（颈部线条延长），高眉骨/眼下饱满，长杏眼·眼尾微挑·窄眼距，窄鼻根/轻微偏右鼻梁/窄翼鼻头，上薄下厚·嘴角上扬，明显下颌角
FD00512,宽心形脸,下颌线清晰化,宽额,压迫感眉骨,中度眼窝,柔和颧骨,成熟收紧面颊,收敛下颌,半睁懒眼,眼尾延展,宽眼距,墨玉瞳,窄鼻根,宽骨鼻梁,轻翘鼻头,成熟长唇,嘴角平直,指节薄茧,宽心形脸（下颌线清晰化），压迫感眉骨/中度眼窝，半睁懒眼·眼尾延展·宽眼距，窄鼻根/宽骨鼻梁/轻翘鼻头，成熟长唇·嘴角平直，收敛下颌
FD00513,宽心形脸,面中立体化,低额,高眉骨,中度眼窝,低颧骨,成熟收紧面颊,圆方下颌,狐狸系眼,眼尾微挑,标准眼距,碎裂虹膜,高鼻根,轻微偏左鼻梁,方圆鼻头,厚唇,嘴角下垂,右眼下浅泪痣,宽心形脸（面中立体化），高眉骨/中度眼窝，狐狸系眼·眼尾微挑·标准眼距，高鼻根/轻微偏左鼻梁/方圆鼻头，厚唇·嘴角下垂，圆方下颌
FD00514,短方脸,颌角强调,微凸额,薄眉骨,深眼窝,高颧骨,成熟收紧面颊,骨感下颌,丹凤眼,眼尾下压,标准眼距,灰蓝瞳,窄鼻根,轻鹰钩鼻梁,下压鼻头,上薄下厚,嘴角平直,眉尾旧疤,短方脸（颌角强调），薄眉骨/深眼窝，丹凤眼·眼尾下压·标准眼距，窄鼻根/轻鹰钩鼻梁/下压鼻头，上薄下厚·嘴角平直，骨感下颌
FD00515,骨感方脸,中轴收紧,微凸额,压迫感眉骨,浅眼窝,外扩颧骨,幼态柔软面颊,柔和下颌,狼系眼,眼尾下压,宽眼距,灰蓝瞳,宽鼻根,轻微偏左鼻梁,小圆鼻头,上薄下厚,嘴角上扬,右眉轻断,骨感方脸（中轴收紧），压迫感眉骨/浅眼窝，狼系眼·眼尾下压·宽眼距，宽鼻根/轻微偏左鼻梁/小圆鼻头，上薄下厚·嘴角上扬，柔和下颌
FD00516,骨感方脸,颈部线条延长,宽额,低眉骨,深眼窝,高颧骨,幼态柔软面颊,柔和下颌,平凤眼,眼尾延展,宽眼距,环状虹膜,中高鼻根,高直鼻梁,肉感鼻头,宽嘴,嘴角紧收,颈侧细疤,骨感方脸（颈部线条延长），低眉骨/深眼窝，平凤眼·眼尾延展·宽眼距，中高鼻根/高直鼻梁/肉感鼻头，宽嘴·嘴角紧收，柔和下颌
FD00517,肉感短脸,颌角弱化,窄额,内侧突出眉骨,眼下饱满,窄颧骨,幼态柔软面颊,窄下颌,长杏眼,眼尾明显挑,标准眼距,墨玉瞳,中鼻根,微弧鼻梁,下压鼻头,成熟长唇,单侧上扬,眉上小疤,肉感短脸（颌角弱化），内侧突出眉骨/眼下饱满，长杏眼·眼尾明显挑·标准眼距，中鼻根/微弧鼻梁/下压鼻头，成熟长唇·单侧上扬，窄下颌
FD00518,长心形脸,颈部线条收短,高额,压迫感眉骨,中度眼窝,窄颧骨,幼态柔软面颊,骨感下颌,窄杏眼,眼尾下压,窄眼距,异色瞳,高鼻根,中直鼻梁,小圆鼻头,上薄下厚,嘴角平直,眼角小痣,长心形脸（颈部线条收短），压迫感眉骨/中度眼窝，窄杏眼·眼尾下压·窄眼距，高鼻根/中直鼻梁/小圆鼻头，上薄下厚·嘴角平直，骨感下颌
FD00519,宽方脸,颈部线条收短,微凸额,外侧突出眉骨,眼下骨感,高颧骨,薄面颊,窄下颌,鹤系眼,眼尾微挑,窄眼距,淡金瞳,宽鼻根,中直鼻梁,轻翘鼻头,成熟长唇,嘴角紧收,耳后小痣,宽方脸（颈部线条收短），外侧突出眉骨/眼下骨感，鹤系眼·眼尾微挑·窄眼距，宽鼻根/中直鼻梁/轻翘鼻头，成熟长唇·嘴角紧收，窄下颌
FD00520,幼态圆脸,颧部微收,高额,高眉骨,深眼窝,高颧骨,轻凹面颊,窄下颌,鹤系眼,眼尾平直,宽眼距,深色瞳,低鼻根,宽骨鼻梁,骨感鼻头,平直唇,嘴角上扬,眼睑褶皱不对称,幼态圆脸（颧部微收），高眉骨/深眼窝，鹤系眼·眼尾平直·宽眼距，低鼻根/宽骨鼻梁/骨感鼻头，平直唇·嘴角上扬，窄下颌
FD00521,柔和菱形,颊部饱满,平直额,低眉骨,窄深眼窝,低颧骨,轻凹面颊,圆方下颌,柳叶眼,眼尾明显挑,窄眼距,碎裂虹膜,高鼻根,宽骨鼻梁,轻翘鼻头,薄唇,嘴角平直,额角旧痕,柔和菱形（颊部饱满），低眉骨/窄深眼窝，柳叶眼·眼尾明显挑·窄眼距，高鼻根/宽骨鼻梁/轻翘鼻头，薄唇·嘴角平直，圆方下颌
FD00522,圆脸,骨点内敛,宽额,内侧突出眉骨,眼下骨感,窄颧骨,成熟收紧面颊,方下颌,狭长瑞凤眼,眼尾延展,宽眼距,碎裂虹膜,中鼻根,微弧鼻梁,骨感鼻头,薄唇,嘴角上扬,环状虹膜,圆脸（骨点内敛），内侧突出眉骨/眼下骨感，狭长瑞凤眼·眼尾延展·宽眼距，中鼻根/微弧鼻梁/骨感鼻头，薄唇·嘴角上扬，方下颌
FD00523,长菱形,颧部微收,饱满额,外侧突出眉骨,眼下饱满,高颧骨,成熟收紧面颊,宽下颌,狼系眼,眼尾下压,窄眼距,琥珀瞳,宽鼻根,微弧鼻梁,骨感鼻头,平直唇,单侧上扬,无标志,长菱形（颧部微收），外侧突出眉骨/眼下饱满，狼系眼·眼尾下压·窄眼距，宽鼻根/微弧鼻梁/骨感鼻头，平直唇·单侧上扬，宽下颌
FD00524,清瘦圆脸,颊部饱满,饱满额,高眉骨,窄深眼窝,窄颧骨,幼态柔软面颊,柔和下颌,狭长瑞凤眼,眼尾延展,宽眼距,异色瞳,低鼻根,宽骨鼻梁,方圆鼻头,平直唇,嘴角紧收,左颊浅疤,清瘦圆脸（颊部饱满），高眉骨/窄深眼窝，狭长瑞凤眼·眼尾延展·宽眼距，低鼻根/宽骨鼻梁/方圆鼻头，平直唇·嘴角紧收，柔和下颌
FD00525,长圆脸,颌角弱化,宽额,柔和眉骨,宽浅眼窝,外扩颧骨,成熟收紧面颊,窄下颌,鹰隼眼,眼尾平直,窄眼距,深色瞳,中鼻根,轻微偏左鼻梁,微钝鼻头,上薄下厚,嘴角平直,环状虹膜,长圆脸（颌角弱化），柔和眉骨/宽浅眼窝，鹰隼眼·眼尾平直·窄眼距，中鼻根/轻微偏左鼻梁/微钝鼻头，上薄下厚·嘴角平直，窄下颌
FD00526,成熟方脸,颌角弱化,高额,内侧突出眉骨,浅眼窝,高颧骨,幼态柔软面颊,柔和下颌,疲惫眼,眼尾平直,窄眼距,星点虹膜,低鼻根,高直鼻梁,肉感鼻头,上薄下厚,嘴角平直,右眼下浅泪痣,成熟方脸（颌角弱化），内侧突出眉骨/浅眼窝，疲惫眼·眼尾平直·窄眼距，低鼻根/高直鼻梁/肉感鼻头，上薄下厚·嘴角平直，柔和下颌
FD00527,圆方脸,颧部外扩,骨感额,高眉骨,宽浅眼窝,高颧骨,薄面颊,柔和下颌,短杏眼,眼尾微挑,窄眼距,灰蓝瞳,中鼻根,微弧鼻梁,下压鼻头,小嘴,单侧上扬,唇下小痣,圆方脸（颧部外扩），高眉骨/宽浅眼窝，短杏眼·眼尾微挑·窄眼距，中鼻根/微弧鼻梁/下压鼻头，小嘴·单侧上扬，柔和下颌
FD00528,标准菱形,中轴收紧,宽额,高眉骨,窄深眼窝,窄颧骨,成熟收紧面颊,柔和下颌,桃花眼,眼尾平直,宽眼距,灰蓝瞳,中高鼻根,柔和鼻梁,微钝鼻头,厚唇,单侧上扬,耳后小痣,标准菱形（中轴收紧），高眉骨/窄深眼窝，桃花眼·眼尾平直·宽眼距，中高鼻根/柔和鼻梁/微钝鼻头，厚唇·单侧上扬，柔和下颌
FD00529,肉感短脸,上庭收窄,宽额,柔和眉骨,深眼窝,宽颧骨,饱满面颊,窄下颌,鹤系眼,眼尾下压,窄眼距,浅褐瞳,低鼻根,轻微偏右鼻梁,轻翘鼻头,宽嘴,嘴角平直,无标志,肉感短脸（上庭收窄），柔和眉骨/深眼窝，鹤系眼·眼尾下压·窄眼距，低鼻根/轻微偏右鼻梁/轻翘鼻头，宽嘴·嘴角平直，窄下颌
FD00530,成熟方脸,颊部饱满,微凸额,内侧突出眉骨,浅眼窝,宽颧骨,轻凹面颊,柔和下颌,平直杏眼,眼尾平直,宽眼距,星点虹膜,中高鼻根,微弧鼻梁,骨感鼻头,厚唇,单侧上扬,下颌浅疤,成熟方脸（颊部饱满），内侧突出眉骨/浅眼窝，平直杏眼·眼尾平直·宽眼距，中高鼻根/微弧鼻梁/骨感鼻头，厚唇·单侧上扬，柔和下颌
FD00531,双颌匀称脸,下颌线清晰化,微凸额,高眉骨,眼下骨感,窄颧骨,轻凹面颊,方下颌,短杏眼,眼尾下沉,标准眼距,异色瞳,中鼻根,轻鹰钩鼻梁,下压鼻头,宽嘴,嘴角下垂,碎裂虹膜,双颌匀称脸（下颌线清晰化），高眉骨/眼下骨感，短杏眼·眼尾下沉·标准眼距，中鼻根/轻鹰钩鼻梁/下压鼻头，宽嘴·嘴角下垂，方下颌
FD00532,圆脸,偏锐收窄,宽额,低眉骨,眼下骨感,低颧骨,轻凹面颊,柔和下颌,鹰隼眼,眼尾平直,窄眼距,琥珀瞳,宽鼻根,中直鼻梁,轻翘鼻头,平直唇,嘴角上扬,右眉轻断,圆脸（偏锐收窄），低眉骨/眼下骨感，鹰隼眼·眼尾平直·窄眼距，宽鼻根/中直鼻梁/轻翘鼻头，平直唇·嘴角上扬，柔和下颌
FD00533,双颌匀称脸,上庭展开,骨感额,柔和眉骨,深眼窝,窄颧骨,饱满面颊,圆方下颌,狐狸系眼,眼尾平直,窄眼距,淡金瞳,宽鼻根,轻鹰钩鼻梁,轻翘鼻头,弓形唇,单侧上扬,眉心竖纹浅痕,双颌匀称脸（上庭展开），柔和眉骨/深眼窝，狐狸系眼·眼尾平直·窄眼距，宽鼻根/轻鹰钩鼻梁/轻翘鼻头，弓形唇·单侧上扬，圆方下颌
FD00534,方菱过渡脸,下颌线柔化,微凸额,薄眉骨,眼下骨感,宽颧骨,成熟收紧面颊,柔和下颌,少年圆眼,眼尾微挑,窄眼距,琥珀瞳,宽鼻根,高直鼻梁,微钝鼻头,厚唇,嘴角下垂,异色瞳,方菱过渡脸（下颌线柔化），薄眉骨/眼下骨感，少年圆眼·眼尾微挑·窄眼距，宽鼻根/高直鼻梁/微钝鼻头，厚唇·嘴角下垂，柔和下颌
FD00535,幼态方脸,下颌线柔化,低额,高眉骨,眼下骨感,高颧骨,幼态柔软面颊,收敛下颌,短杏眼,眼尾微挑,窄眼距,星点虹膜,窄鼻根,轻微偏左鼻梁,下压鼻头,薄唇,嘴角平直,无标志,幼态方脸（下颌线柔化），高眉骨/眼下骨感，短杏眼·眼尾微挑·窄眼距，窄鼻根/轻微偏左鼻梁/下压鼻头，薄唇·嘴角平直，收敛下颌
FD00536,短圆脸,中庭展宽,平直额,柔和眉骨,眼下饱满,低颧骨,饱满面颊,柔和下颌,狭长眼,眼尾下沉,宽眼距,浅褐瞳,窄鼻根,宽骨鼻梁,下压鼻头,薄唇,嘴角紧收,颈侧细疤,短圆脸（中庭展宽），柔和眉骨/眼下饱满，狭长眼·眼尾下沉·宽眼距，窄鼻根/宽骨鼻梁/下压鼻头，薄唇·嘴角紧收，柔和下颌
FD00537,短圆脸,骨点外显,窄额,内侧突出眉骨,中度眼窝,高颧骨,饱满面颊,柔和下颌,瑞凤眼,眼尾微挑,窄眼距,星点虹膜,中高鼻根,轻微偏左鼻梁,轻翘鼻头,平直唇,单侧上扬,无标志,短圆脸（骨点外显），内侧突出眉骨/中度眼窝，瑞凤眼·眼尾微挑·窄眼距，中高鼻根/轻微偏左鼻梁/轻翘鼻头，平直唇·单侧上扬，柔和下颌
FD00538,宽方脸,中轴收紧,骨感额,外侧突出眉骨,中度眼窝,外扩颧骨,饱满面颊,明显下颌角,成熟长眼,眼尾平直,宽眼距,深色瞳,窄鼻根,宽骨鼻梁,肉感鼻头,上厚下薄,嘴角平直,瞳孔残缺,宽方脸（中轴收紧），外侧突出眉骨/中度眼窝，成熟长眼·眼尾平直·宽眼距，窄鼻根/宽骨鼻梁/肉感鼻头，上厚下薄·嘴角平直，明显下颌角
FD00539,下颌突出脸,中轴微长,平直额,薄眉骨,浅眼窝,外扩颧骨,饱满面颊,柔和下颌,狭长瑞凤眼,眼尾平直,窄眼距,碎裂虹膜,中高鼻根,柔和鼻梁,骨感鼻头,成熟长唇,嘴角紧收,异色瞳,下颌突出脸（中轴微长），薄眉骨/浅眼窝，狭长瑞凤眼·眼尾平直·窄眼距，中高鼻根/柔和鼻梁/骨感鼻头，成熟长唇·嘴角紧收，柔和下颌
FD00540,长心形脸,上庭收窄,饱满额,外侧突出眉骨,眼下饱满,高颧骨,成熟收紧面颊,宽下颌,瑞凤眼,眼尾下沉,窄眼距,墨玉瞳,中高鼻根,宽骨鼻梁,下压鼻头,宽嘴,嘴角紧收,眉心竖纹浅痕,长心形脸（上庭收窄），外侧突出眉骨/眼下饱满，瑞凤眼·眼尾下沉·窄眼距，中高鼻根/宽骨鼻梁/下压鼻头，宽嘴·嘴角紧收，宽下颌
FD00541,肉感短脸,颊部饱满,骨感额,厚眉骨,浅眼窝,低颧骨,幼态柔软面颊,骨感下颌,鹰隼眼,眼尾下沉,窄眼距,异色瞳,高鼻根,高直鼻梁,窄翼鼻头,小嘴,嘴角上扬,异色瞳,肉感短脸（颊部饱满），厚眉骨/浅眼窝，鹰隼眼·眼尾下沉·窄眼距，高鼻根/高直鼻梁/窄翼鼻头，小嘴·嘴角上扬，骨感下颌
FD00542,上宽下窄脸,中庭展宽,高额,低眉骨,眼下饱满,外扩颧骨,成熟收紧面颊,骨感下颌,瑞凤眼,眼尾明显挑,标准眼距,异色瞳,中高鼻根,轻微偏右鼻梁,肉感鼻头,弓形唇,嘴角平直,左眼下浅泪痣,上宽下窄脸（中庭展宽），低眉骨/眼下饱满，瑞凤眼·眼尾明显挑·标准眼距，中高鼻根/轻微偏右鼻梁/肉感鼻头，弓形唇·嘴角平直，骨感下颌
FD00543,上窄下宽脸,颊部饱满,饱满额,内侧突出眉骨,眼下骨感,宽颧骨,饱满面颊,收敛下颌,蛇系眼,眼尾平直,窄眼距,灰蓝瞳,高鼻根,轻鹰钩鼻梁,轻翘鼻头,小嘴,单侧上扬,唇下小痣,上窄下宽脸（颊部饱满），内侧突出眉骨/眼下骨感，蛇系眼·眼尾平直·窄眼距，高鼻根/轻鹰钩鼻梁/轻翘鼻头，小嘴·单侧上扬，收敛下颌
FD00544,标准菱形,下庭收窄,低额,内侧突出眉骨,眼下饱满,宽颧骨,饱满面颊,圆方下颌,半睁懒眼,眼尾明显挑,窄眼距,深色瞳,窄鼻根,轻微偏右鼻梁,骨感鼻头,成熟长唇,单侧上扬,眉尾旧疤,标准菱形（下庭收窄），内侧突出眉骨/眼下饱满，半睁懒眼·眼尾明显挑·窄眼距，窄鼻根/轻微偏右鼻梁/骨感鼻头，成熟长唇·单侧上扬，圆方下颌
FD00545,幼态方脸,下颌线清晰化,低额,外侧突出眉骨,深眼窝,柔和颧骨,轻凹面颊,方下颌,宽杏眼,眼尾平直,标准眼距,环状虹膜,中鼻根,轻鹰钩鼻梁,骨感鼻头,小嘴,嘴角下垂,眼睑褶皱不对称,幼态方脸（下颌线清晰化），外侧突出眉骨/深眼窝，宽杏眼·眼尾平直·标准眼距，中鼻根/轻鹰钩鼻梁/骨感鼻头，小嘴·嘴角下垂，方下颌
FD00546,倒三角脸,上庭展开,窄额,压迫感眉骨,深眼窝,柔和颧骨,幼态柔软面颊,收敛下颌,窄杏眼,眼尾明显挑,宽眼距,深色瞳,中高鼻根,轻微偏右鼻梁,下压鼻头,弓形唇,嘴角紧收,眼角小痣,倒三角脸（上庭展开），压迫感眉骨/深眼窝，窄杏眼·眼尾明显挑·宽眼距，中高鼻根/轻微偏右鼻梁/下压鼻头，弓形唇·嘴角紧收，收敛下颌
FD00547,标准菱形,偏柔圆润,微凸额,柔和眉骨,浅眼窝,外扩颧骨,成熟收紧面颊,明显下颌角,瑞凤眼,眼尾微挑,窄眼距,星点虹膜,高鼻根,宽骨鼻梁,轻翘鼻头,厚唇,嘴角上扬,异色瞳,标准菱形（偏柔圆润），柔和眉骨/浅眼窝，瑞凤眼·眼尾微挑·窄眼距，高鼻根/宽骨鼻梁/轻翘鼻头，厚唇·嘴角上扬，明显下颌角
FD00548,下颌突出脸,偏锐收窄,窄额,高眉骨,深眼窝,外扩颧骨,成熟收紧面颊,窄下颌,上扬凤眼,眼尾平直,标准眼距,墨玉瞳,高鼻根,轻鹰钩鼻梁,小圆鼻头,成熟长唇,嘴角下垂,下颌浅疤,下颌突出脸（偏锐收窄），高眉骨/深眼窝，上扬凤眼·眼尾平直·标准眼距，高鼻根/轻鹰钩鼻梁/小圆鼻头，成熟长唇·嘴角下垂，窄下颌
FD00549,骨感方脸,颧部外扩,骨感额,内侧突出眉骨,窄深眼窝,低颧骨,薄面颊,柔和下颌,疲惫眼,眼尾延展,标准眼距,星点虹膜,高鼻根,轻微偏右鼻梁,下压鼻头,上薄下厚,嘴角紧收,单侧虎牙,骨感方脸（颧部外扩），内侧突出眉骨/窄深眼窝，疲惫眼·眼尾延展·标准眼距，高鼻根/轻微偏右鼻梁/下压鼻头，上薄下厚·嘴角紧收，柔和下颌
FD00550,长方脸,骨点外显,宽额,高眉骨,眼下骨感,低颧骨,薄面颊,宽下颌,冷感眼,眼尾平直,标准眼距,浅褐瞳,中鼻根,高直鼻梁,微钝鼻头,平直唇,单侧上扬,耳后小痣,长方脸（骨点外显），高眉骨/眼下骨感，冷感眼·眼尾平直·标准眼距，中鼻根/高直鼻梁/微钝鼻头，平直唇·单侧上扬，宽下颌
FD00551,颧部展开脸,中庭展宽,平直额,外侧突出眉骨,中度眼窝,窄颧骨,成熟收紧面颊,收敛下颌,鹰隼眼,眼尾平直,宽眼距,星点虹膜,宽鼻根,轻微偏右鼻梁,微钝鼻头,上薄下厚,嘴角平直,眼角小痣,颧部展开脸（中庭展宽），外侧突出眉骨/中度眼窝，鹰隼眼·眼尾平直·宽眼距，宽鼻根/轻微偏右鼻梁/微钝鼻头，上薄下厚·嘴角平直，收敛下颌
FD00552,上窄下宽脸,骨点外显,高额,厚眉骨,浅眼窝,窄颧骨,幼态柔软面颊,宽下颌,宽杏眼,眼尾平直,标准眼距,灰蓝瞳,窄鼻根,柔和鼻梁,微钝鼻头,上薄下厚,单侧上扬,耳后小痣,上窄下宽脸（骨点外显），厚眉骨/浅眼窝，宽杏眼·眼尾平直·标准眼距，窄鼻根/柔和鼻梁/微钝鼻头，上薄下厚·单侧上扬，宽下颌
FD00553,骨感窄脸,下颌线清晰化,骨感额,高眉骨,宽浅眼窝,柔和颧骨,轻凹面颊,宽下颌,鹰隼眼,眼尾微挑,宽眼距,浅褐瞳,低鼻根,高直鼻梁,微钝鼻头,上厚下薄,嘴角下垂,唇下小痣,骨感窄脸（下颌线清晰化），高眉骨/宽浅眼窝，鹰隼眼·眼尾微挑·宽眼距，低鼻根/高直鼻梁/微钝鼻头，上厚下薄·嘴角下垂，宽下颌
FD00554,柔和方脸,颈部线条收短,窄额,厚眉骨,深眼窝,宽颧骨,薄面颊,收敛下颌,鹤系眼,眼尾微挑,窄眼距,浅褐瞳,中高鼻根,轻微偏左鼻梁,骨感鼻头,上薄下厚,嘴角上扬,碎裂虹膜,柔和方脸（颈部线条收短），厚眉骨/深眼窝，鹤系眼·眼尾微挑·窄眼距，中高鼻根/轻微偏左鼻梁/骨感鼻头，上薄下厚·嘴角上扬，收敛下颌
FD00555,长方脸,颊部饱满,微凸额,柔和眉骨,窄深眼窝,外扩颧骨,轻凹面颊,方下颌,上扬凤眼,眼尾下沉,宽眼距,环状虹膜,中高鼻根,轻鹰钩鼻梁,下压鼻头,厚唇,嘴角上扬,单侧虎牙,长方脸（颊部饱满），柔和眉骨/窄深眼窝，上扬凤眼·眼尾下沉·宽眼距，中高鼻根/轻鹰钩鼻梁/下压鼻头，厚唇·嘴角上扬，方下颌
FD00556,宽方脸,下庭加重,微凸额,内侧突出眉骨,窄深眼窝,高颧骨,轻凹面颊,宽下颌,短杏眼,眼尾平直,宽眼距,淡金瞳,中高鼻根,轻微偏右鼻梁,肉感鼻头,宽嘴,嘴角下垂,眉心竖纹浅痕,宽方脸（下庭加重），内侧突出眉骨/窄深眼窝，短杏眼·眼尾平直·宽眼距，中高鼻根/轻微偏右鼻梁/肉感鼻头，宽嘴·嘴角下垂，宽下颌
FD00557,上窄下宽脸,偏柔圆润,微凸额,低眉骨,中度眼窝,宽颧骨,幼态柔软面颊,明显下颌角,狐狸系眼,眼尾微挑,窄眼距,浅褐瞳,宽鼻根,高直鼻梁,骨感鼻头,厚唇,嘴角紧收,额角旧痕,上窄下宽脸（偏柔圆润），低眉骨/中度眼窝，狐狸系眼·眼尾微挑·窄眼距，宽鼻根/高直鼻梁/骨感鼻头，厚唇·嘴角紧收，明显下颌角
FD00558,颧部展开脸,下颌线清晰化,低额,厚眉骨,眼下饱满,宽颧骨,饱满面颊,圆方下颌,半睁懒眼,眼尾微挑,标准眼距,星点虹膜,高鼻根,中直鼻梁,轻翘鼻头,薄唇,嘴角紧收,鼻梁旧伤,颧部展开脸（下颌线清晰化），厚眉骨/眼下饱满，半睁懒眼·眼尾微挑·标准眼距，高鼻根/中直鼻梁/轻翘鼻头，薄唇·嘴角紧收，圆方下颌
FD00559,柔和方脸,中庭拉长,低额,薄眉骨,浅眼窝,高颧骨,饱满面颊,骨感下颌,疲惫眼,眼尾下压,标准眼距,深色瞳,低鼻根,中直鼻梁,下压鼻头,宽嘴,嘴角平直,额角旧痕,柔和方脸（中庭拉长），薄眉骨/浅眼窝，疲惫眼·眼尾下压·标准眼距，低鼻根/中直鼻梁/下压鼻头，宽嘴·嘴角平直，骨感下颌
FD00560,成熟方脸,中轴收紧,微凸额,内侧突出眉骨,浅眼窝,低颧骨,成熟收紧面颊,圆方下颌,狼系眼,眼尾微挑,宽眼距,碎裂虹膜,低鼻根,宽骨鼻梁,微钝鼻头,宽嘴,嘴角上扬,眼睑褶皱不对称,成熟方脸（中轴收紧），内侧突出眉骨/浅眼窝，狼系眼·眼尾微挑·宽眼距，低鼻根/宽骨鼻梁/微钝鼻头，宽嘴·嘴角上扬，圆方下颌
FD00561,上宽下窄脸,下颌线清晰化,饱满额,薄眉骨,眼下骨感,宽颧骨,成熟收紧面颊,明显下颌角,成熟长眼,眼尾明显挑,标准眼距,碎裂虹膜,中高鼻根,微弧鼻梁,下压鼻头,薄唇,单侧上扬,眉心竖纹浅痕,上宽下窄脸（下颌线清晰化），薄眉骨/眼下骨感，成熟长眼·眼尾明显挑·标准眼距，中高鼻根/微弧鼻梁/下压鼻头，薄唇·单侧上扬，明显下颌角
FD00562,上窄下宽脸,中轴微长,骨感额,压迫感眉骨,窄深眼窝,外扩颧骨,幼态柔软面颊,宽下颌,冷感眼,眼尾平直,标准眼距,环状虹膜,中高鼻根,中直鼻梁,轻翘鼻头,厚唇,嘴角紧收,右眉轻断,上窄下宽脸（中轴微长），压迫感眉骨/窄深眼窝，冷感眼·眼尾平直·标准眼距，中高鼻根/中直鼻梁/轻翘鼻头，厚唇·嘴角紧收，宽下颌
FD00563,下颌突出脸,颈部线条收短,微凸额,高眉骨,宽浅眼窝,窄颧骨,轻凹面颊,明显下颌角,平凤眼,眼尾明显挑,窄眼距,淡金瞳,低鼻根,柔和鼻梁,微钝鼻头,上薄下厚,嘴角紧收,左眼下浅泪痣,下颌突出脸（颈部线条收短），高眉骨/宽浅眼窝，平凤眼·眼尾明显挑·窄眼距，低鼻根/柔和鼻梁/微钝鼻头，上薄下厚·嘴角紧收，明显下颌角
FD00564,正梯形脸,颊部饱满,微凸额,外侧突出眉骨,浅眼窝,外扩颧骨,轻凹面颊,圆方下颌,狭长眼,眼尾平直,宽眼距,碎裂虹膜,宽鼻根,轻微偏右鼻梁,微钝鼻头,平直唇,嘴角平直,双侧酒窝,正梯形脸（颊部饱满），外侧突出眉骨/浅眼窝，狭长眼·眼尾平直·宽眼距，宽鼻根/轻微偏右鼻梁/微钝鼻头，平直唇·嘴角平直，圆方下颌
FD00565,骨感窄脸,下颌线清晰化,饱满额,压迫感眉骨,深眼窝,窄颧骨,成熟收紧面颊,圆方下颌,鹤系眼,眼尾微挑,标准眼距,琥珀瞳,高鼻根,微弧鼻梁,方圆鼻头,上薄下厚,嘴角下垂,左眼下浅泪痣,骨感窄脸（下颌线清晰化），压迫感眉骨/深眼窝，鹤系眼·眼尾微挑·标准眼距，高鼻根/微弧鼻梁/方圆鼻头，上薄下厚·嘴角下垂，圆方下颌
FD00566,短圆脸,颧部微收,低额,薄眉骨,中度眼窝,柔和颧骨,薄面颊,方下颌,狭长眼,眼尾微挑,窄眼距,深色瞳,宽鼻根,轻鹰钩鼻梁,微钝鼻头,小嘴,嘴角紧收,额角旧痕,短圆脸（颧部微收），薄眉骨/中度眼窝，狭长眼·眼尾微挑·窄眼距，宽鼻根/轻鹰钩鼻梁/微钝鼻头，小嘴·嘴角紧收，方下颌
FD00567,心形脸,面中立体化,低额,高眉骨,中度眼窝,外扩颧骨,轻凹面颊,圆方下颌,宽杏眼,眼尾下沉,标准眼距,浅褐瞳,低鼻根,轻微偏右鼻梁,方圆鼻头,厚唇,嘴角下垂,额角旧痕,心形脸（面中立体化），高眉骨/中度眼窝，宽杏眼·眼尾下沉·标准眼距，低鼻根/轻微偏右鼻梁/方圆鼻头，厚唇·嘴角下垂，圆方下颌
FD00568,上窄下宽脸,中轴微长,骨感额,厚眉骨,深眼窝,低颧骨,成熟收紧面颊,柔和下颌,狐狸系眼,眼尾下沉,窄眼距,浅褐瞳,窄鼻根,高直鼻梁,骨感鼻头,成熟长唇,嘴角平直,眉尾旧疤,上窄下宽脸（中轴微长），厚眉骨/深眼窝，狐狸系眼·眼尾下沉·窄眼距，窄鼻根/高直鼻梁/骨感鼻头，成熟长唇·嘴角平直，柔和下颌
FD00569,上窄下宽脸,下颌线清晰化,平直额,高眉骨,眼下饱满,柔和颧骨,幼态柔软面颊,明显下颌角,鹰隼眼,眼尾平直,窄眼距,深色瞳,中高鼻根,柔和鼻梁,轻翘鼻头,小嘴,嘴角平直,异色瞳,上窄下宽脸（下颌线清晰化），高眉骨/眼下饱满，鹰隼眼·眼尾平直·窄眼距，中高鼻根/柔和鼻梁/轻翘鼻头，小嘴·嘴角平直，明显下颌角
FD00570,骨感窄脸,中轴收紧,饱满额,厚眉骨,中度眼窝,宽颧骨,成熟收紧面颊,窄下颌,少年圆眼,眼尾平直,宽眼距,琥珀瞳,宽鼻根,微弧鼻梁,窄翼鼻头,弓形唇,单侧上扬,环状虹膜,骨感窄脸（中轴收紧），厚眉骨/中度眼窝，少年圆眼·眼尾平直·宽眼距，宽鼻根/微弧鼻梁/窄翼鼻头，弓形唇·单侧上扬，窄下颌
FD00571,清瘦圆脸,骨点外显,骨感额,低眉骨,深眼窝,柔和颧骨,薄面颊,明显下颌角,蛇系眼,眼尾下沉,窄眼距,深色瞳,低鼻根,宽骨鼻梁,轻翘鼻头,薄唇,嘴角下垂,指节薄茧,清瘦圆脸（骨点外显），低眉骨/深眼窝，蛇系眼·眼尾下沉·窄眼距，低鼻根/宽骨鼻梁/轻翘鼻头，薄唇·嘴角下垂，明显下颌角
FD00572,骨感菱形,中轴微长,低额,压迫感眉骨,中度眼窝,窄颧骨,幼态柔软面颊,宽下颌,少年圆眼,眼尾下沉,宽眼距,异色瞳,低鼻根,微弧鼻梁,轻翘鼻头,小嘴,嘴角平直,眉尾旧疤,骨感菱形（中轴微长），压迫感眉骨/中度眼窝，少年圆眼·眼尾下沉·宽眼距，低鼻根/微弧鼻梁/轻翘鼻头，小嘴·嘴角平直，宽下颌
FD00573,方菱过渡脸,骨点外显,窄额,低眉骨,宽浅眼窝,低颧骨,薄面颊,圆方下颌,窄杏眼,眼尾下压,标准眼距,灰蓝瞳,宽鼻根,轻鹰钩鼻梁,微钝鼻头,上厚下薄,嘴角下垂,鼻梁旧伤,方菱过渡脸（骨点外显），低眉骨/宽浅眼窝，窄杏眼·眼尾下压·标准眼距，宽鼻根/轻鹰钩鼻梁/微钝鼻头，上厚下薄·嘴角下垂，圆方下颌
FD00574,骨感菱形,骨点内敛,微凸额,低眉骨,眼下饱满,外扩颧骨,成熟收紧面颊,明显下颌角,短杏眼,眼尾微挑,标准眼距,碎裂虹膜,中鼻根,高直鼻梁,小圆鼻头,上薄下厚,嘴角紧收,无标志,骨感菱形（骨点内敛），低眉骨/眼下饱满，短杏眼·眼尾微挑·标准眼距，中鼻根/高直鼻梁/小圆鼻头，上薄下厚·嘴角紧收，明显下颌角
FD00575,倒三角脸,中轴收紧,饱满额,高眉骨,中度眼窝,柔和颧骨,轻凹面颊,收敛下颌,窄杏眼,眼尾下压,宽眼距,环状虹膜,宽鼻根,宽骨鼻梁,下压鼻头,薄唇,嘴角下垂,碎裂虹膜,倒三角脸（中轴收紧），高眉骨/中度眼窝，窄杏眼·眼尾下压·宽眼距，宽鼻根/宽骨鼻梁/下压鼻头，薄唇·嘴角下垂，收敛下颌
FD00576,梨形脸,面中平缓,平直额,薄眉骨,窄深眼窝,低颧骨,饱满面颊,柔和下颌,圆长眼,眼尾延展,窄眼距,淡金瞳,低鼻根,轻鹰钩鼻梁,微钝鼻头,平直唇,单侧上扬,单侧酒窝,梨形脸（面中平缓），薄眉骨/窄深眼窝，圆长眼·眼尾延展·窄眼距，低鼻根/轻鹰钩鼻梁/微钝鼻头，平直唇·单侧上扬，柔和下颌
FD00577,骨感窄脸,面中平缓,低额,柔和眉骨,中度眼窝,柔和颧骨,轻凹面颊,骨感下颌,鹤系眼,眼尾下压,窄眼距,星点虹膜,低鼻根,柔和鼻梁,轻翘鼻头,平直唇,单侧上扬,下颌浅疤,骨感窄脸（面中平缓），柔和眉骨/中度眼窝，鹤系眼·眼尾下压·窄眼距，低鼻根/柔和鼻梁/轻翘鼻头，平直唇·单侧上扬，骨感下颌
FD00578,长心形脸,颈部线条延长,宽额,低眉骨,宽浅眼窝,外扩颧骨,幼态柔软面颊,窄下颌,蛇系眼,眼尾下压,标准眼距,灰蓝瞳,中高鼻根,轻微偏左鼻梁,下压鼻头,厚唇,嘴角下垂,单侧虎牙,长心形脸（颈部线条延长），低眉骨/宽浅眼窝，蛇系眼·眼尾下压·标准眼距，中高鼻根/轻微偏左鼻梁/下压鼻头，厚唇·嘴角下垂，窄下颌
FD00579,倒三角脸,下颌线柔化,饱满额,外侧突出眉骨,眼下饱满,宽颧骨,幼态柔软面颊,骨感下颌,鹿系眼,眼尾微挑,宽眼距,环状虹膜,中鼻根,轻微偏左鼻梁,小圆鼻头,弓形唇,嘴角平直,左眼下浅泪痣,倒三角脸（下颌线柔化），外侧突出眉骨/眼下饱满，鹿系眼·眼尾微挑·宽眼距，中鼻根/轻微偏左鼻梁/小圆鼻头，弓形唇·嘴角平直，骨感下颌
FD00580,骨感方脸,颊部饱满,饱满额,厚眉骨,浅眼窝,宽颧骨,幼态柔软面颊,柔和下颌,上扬凤眼,眼尾延展,宽眼距,墨玉瞳,中鼻根,中直鼻梁,方圆鼻头,平直唇,嘴角平直,鼻梁旧伤,骨感方脸（颊部饱满），厚眉骨/浅眼窝，上扬凤眼·眼尾延展·宽眼距，中鼻根/中直鼻梁/方圆鼻头，平直唇·嘴角平直，柔和下颌
FD00581,宽方脸,中庭拉长,低额,高眉骨,中度眼窝,宽颧骨,轻凹面颊,骨感下颌,狭长眼,眼尾明显挑,标准眼距,星点虹膜,中高鼻根,轻鹰钩鼻梁,轻翘鼻头,薄唇,嘴角上扬,指节薄茧,宽方脸（中庭拉长），高眉骨/中度眼窝，狭长眼·眼尾明显挑·标准眼距，中高鼻根/轻鹰钩鼻梁/轻翘鼻头，薄唇·嘴角上扬，骨感下颌
FD00582,长心形脸,颊部饱满,宽额,压迫感眉骨,窄深眼窝,高颧骨,轻凹面颊,方下颌,疲惫眼,眼尾明显挑,宽眼距,灰蓝瞳,窄鼻根,轻微偏左鼻梁,肉感鼻头,宽嘴,单侧上扬,眼睑褶皱不对称,长心形脸（颊部饱满），压迫感眉骨/窄深眼窝，疲惫眼·眼尾明显挑·宽眼距，窄鼻根/轻微偏左鼻梁/肉感鼻头，宽嘴·单侧上扬，方下颌
FD00583,骨感菱形,骨点内敛,平直额,压迫感眉骨,宽浅眼窝,外扩颧骨,薄面颊,圆方下颌,丹凤眼,眼尾延展,标准眼距,淡金瞳,窄鼻根,轻鹰钩鼻梁,轻翘鼻头,宽嘴,嘴角紧收,眼角小痣,骨感菱形（骨点内敛），压迫感眉骨/宽浅眼窝，丹凤眼·眼尾延展·标准眼距，窄鼻根/轻鹰钩鼻梁/轻翘鼻头，宽嘴·嘴角紧收，圆方下颌
FD00584,方菱过渡脸,骨点外显,宽额,内侧突出眉骨,眼下饱满,柔和颧骨,轻凹面颊,骨感下颌,半睁懒眼,眼尾下沉,宽眼距,墨玉瞳,中高鼻根,轻微偏右鼻梁,微钝鼻头,宽嘴,嘴角上扬,指节薄茧,方菱过渡脸（骨点外显），内侧突出眉骨/眼下饱满，半睁懒眼·眼尾下沉·宽眼距，中高鼻根/轻微偏右鼻梁/微钝鼻头，宽嘴·嘴角上扬，骨感下颌
FD00585,倒三角脸,偏锐收窄,高额,压迫感眉骨,窄深眼窝,窄颧骨,薄面颊,柔和下颌,丹凤眼,眼尾明显挑,宽眼距,深色瞳,窄鼻根,轻微偏右鼻梁,方圆鼻头,上薄下厚,嘴角下垂,眉心竖纹浅痕,倒三角脸（偏锐收窄），压迫感眉骨/窄深眼窝，丹凤眼·眼尾明显挑·宽眼距，窄鼻根/轻微偏右鼻梁/方圆鼻头，上薄下厚·嘴角下垂，柔和下颌
FD00586,幼态方脸,骨点内敛,饱满额,薄眉骨,中度眼窝,低颧骨,饱满面颊,宽下颌,长杏眼,眼尾下压,窄眼距,淡金瞳,中鼻根,微弧鼻梁,下压鼻头,弓形唇,单侧上扬,额角旧痕,幼态方脸（骨点内敛），薄眉骨/中度眼窝，长杏眼·眼尾下压·窄眼距，中鼻根/微弧鼻梁/下压鼻头，弓形唇·单侧上扬，宽下颌
FD00587,梨形脸,下颌线柔化,宽额,薄眉骨,窄深眼窝,高颧骨,成熟收紧面颊,方下颌,狐狸系眼,眼尾延展,宽眼距,深色瞳,低鼻根,轻微偏右鼻梁,下压鼻头,上厚下薄,嘴角下垂,鼻梁旧伤,梨形脸（下颌线柔化），薄眉骨/窄深眼窝，狐狸系眼·眼尾延展·宽眼距，低鼻根/轻微偏右鼻梁/下压鼻头，上厚下薄·嘴角下垂，方下颌
FD00588,长方脸,下庭收窄,高额,低眉骨,深眼窝,外扩颧骨,饱满面颊,方下颌,桃花眼,眼尾延展,窄眼距,淡金瞳,低鼻根,微弧鼻梁,骨感鼻头,薄唇,嘴角上扬,碎裂虹膜,长方脸（下庭收窄），低眉骨/深眼窝，桃花眼·眼尾延展·窄眼距，低鼻根/微弧鼻梁/骨感鼻头，薄唇·嘴角上扬，方下颌
FD00589,窄方脸,中庭展宽,高额,薄眉骨,窄深眼窝,低颧骨,饱满面颊,宽下颌,圆长眼,眼尾平直,标准眼距,淡金瞳,低鼻根,轻微偏右鼻梁,骨感鼻头,上薄下厚,嘴角平直,瞳孔残缺,窄方脸（中庭展宽），薄眉骨/窄深眼窝，圆长眼·眼尾平直·标准眼距，低鼻根/轻微偏右鼻梁/骨感鼻头，上薄下厚·嘴角平直，宽下颌
FD00590,骨感菱形,下庭收窄,窄额,柔和眉骨,中度眼窝,高颧骨,幼态柔软面颊,骨感下颌,鹤系眼,眼尾延展,窄眼距,墨玉瞳,宽鼻根,宽骨鼻梁,小圆鼻头,成熟长唇,单侧上扬,右眉轻断,骨感菱形（下庭收窄），柔和眉骨/中度眼窝，鹤系眼·眼尾延展·窄眼距，宽鼻根/宽骨鼻梁/小圆鼻头，成熟长唇·单侧上扬，骨感下颌
FD00591,骨感窄脸,颊部略凹,窄额,厚眉骨,宽浅眼窝,宽颧骨,轻凹面颊,窄下颌,狐狸系眼,眼尾下沉,宽眼距,碎裂虹膜,中鼻根,轻鹰钩鼻梁,方圆鼻头,弓形唇,单侧上扬,单侧酒窝,骨感窄脸（颊部略凹），厚眉骨/宽浅眼窝，狐狸系眼·眼尾下沉·宽眼距，中鼻根/轻鹰钩鼻梁/方圆鼻头，弓形唇·单侧上扬，窄下颌
FD00592,窄方脸,下庭加重,骨感额,厚眉骨,深眼窝,宽颧骨,成熟收紧面颊,明显下颌角,上扬凤眼,眼尾微挑,窄眼距,星点虹膜,中高鼻根,宽骨鼻梁,肉感鼻头,成熟长唇,单侧上扬,眼角小痣,窄方脸（下庭加重），厚眉骨/深眼窝，上扬凤眼·眼尾微挑·窄眼距，中高鼻根/宽骨鼻梁/肉感鼻头，成熟长唇·单侧上扬，明显下颌角
FD00593,骨感窄脸,中庭拉长,高额,内侧突出眉骨,眼下骨感,低颧骨,成熟收紧面颊,明显下颌角,猫系眼,眼尾平直,窄眼距,异色瞳,中鼻根,微弧鼻梁,轻翘鼻头,小嘴,嘴角上扬,指节薄茧,骨感窄脸（中庭拉长），内侧突出眉骨/眼下骨感，猫系眼·眼尾平直·窄眼距，中鼻根/微弧鼻梁/轻翘鼻头，小嘴·嘴角上扬，明显下颌角
FD00594,幼态圆脸,颧部微收,饱满额,压迫感眉骨,深眼窝,宽颧骨,薄面颊,明显下颌角,平直杏眼,眼尾延展,宽眼距,灰蓝瞳,低鼻根,柔和鼻梁,肉感鼻头,小嘴,嘴角下垂,无标志,幼态圆脸（颧部微收），压迫感眉骨/深眼窝，平直杏眼·眼尾延展·宽眼距，低鼻根/柔和鼻梁/肉感鼻头，小嘴·嘴角下垂，明显下颌角
FD00595,清瘦圆脸,中轴收紧,宽额,薄眉骨,宽浅眼窝,外扩颧骨,轻凹面颊,明显下颌角,半睁懒眼,眼尾延展,宽眼距,星点虹膜,低鼻根,轻微偏右鼻梁,下压鼻头,薄唇,嘴角上扬,耳后小痣,清瘦圆脸（中轴收紧），薄眉骨/宽浅眼窝，半睁懒眼·眼尾延展·宽眼距，低鼻根/轻微偏右鼻梁/下压鼻头，薄唇·嘴角上扬，明显下颌角
FD00596,颧部展开脸,骨点外显,宽额,高眉骨,浅眼窝,低颧骨,轻凹面颊,骨感下颌,猫系眼,眼尾明显挑,标准眼距,环状虹膜,中鼻根,微弧鼻梁,微钝鼻头,弓形唇,嘴角平直,额角旧痕,颧部展开脸（骨点外显），高眉骨/浅眼窝，猫系眼·眼尾明显挑·标准眼距，中鼻根/微弧鼻梁/微钝鼻头，弓形唇·嘴角平直，骨感下颌
FD00597,窄方脸,偏锐收窄,窄额,外侧突出眉骨,浅眼窝,低颧骨,轻凹面颊,宽下颌,鹤系眼,眼尾平直,标准眼距,碎裂虹膜,中高鼻根,宽骨鼻梁,肉感鼻头,小嘴,嘴角紧收,左颊浅疤,窄方脸（偏锐收窄），外侧突出眉骨/浅眼窝，鹤系眼·眼尾平直·标准眼距，中高鼻根/宽骨鼻梁/肉感鼻头，小嘴·嘴角紧收，宽下颌
FD00598,倒三角脸,中轴微长,高额,高眉骨,眼下饱满,低颧骨,饱满面颊,方下颌,鹰隼眼,眼尾明显挑,宽眼距,墨玉瞳,高鼻根,轻鹰钩鼻梁,窄翼鼻头,平直唇,嘴角紧收,眼角小痣,倒三角脸（中轴微长），高眉骨/眼下饱满，鹰隼眼·眼尾明显挑·宽眼距，高鼻根/轻鹰钩鼻梁/窄翼鼻头，平直唇·嘴角紧收，方下颌
FD00599,骨感方脸,颌角强调,平直额,厚眉骨,浅眼窝,窄颧骨,幼态柔软面颊,方下颌,鹿系眼,眼尾微挑,宽眼距,墨玉瞳,中高鼻根,柔和鼻梁,肉感鼻头,上厚下薄,嘴角上扬,无标志,骨感方脸（颌角强调），厚眉骨/浅眼窝，鹿系眼·眼尾微挑·宽眼距，中高鼻根/柔和鼻梁/肉感鼻头，上厚下薄·嘴角上扬，方下颌
FD00600,骨感方脸,下庭加重,骨感额,柔和眉骨,中度眼窝,窄颧骨,幼态柔软面颊,窄下颌,短杏眼,眼尾下压,宽眼距,异色瞳,窄鼻根,轻微偏右鼻梁,微钝鼻头,平直唇,单侧上扬,耳后小痣,骨感方脸（下庭加重），柔和眉骨/中度眼窝，短杏眼·眼尾下压·宽眼距，窄鼻根/轻微偏右鼻梁/微钝鼻头，平直唇·单侧上扬，窄下颌
FD00601,双颌匀称脸,下颌线柔化,低额,薄眉骨,窄深眼窝,窄颧骨,成熟收紧面颊,骨感下颌,平凤眼,眼尾平直,窄眼距,琥珀瞳,宽鼻根,轻微偏左鼻梁,轻翘鼻头,上薄下厚,单侧上扬,双侧酒窝,双颌匀称脸（下颌线柔化），薄眉骨/窄深眼窝，平凤眼·眼尾平直·窄眼距，宽鼻根/轻微偏左鼻梁/轻翘鼻头，上薄下厚·单侧上扬，骨感下颌
FD00602,柔和菱形,上庭展开,窄额,内侧突出眉骨,浅眼窝,宽颧骨,饱满面颊,骨感下颌,瑞凤眼,眼尾延展,宽眼距,星点虹膜,中鼻根,宽骨鼻梁,肉感鼻头,薄唇,嘴角下垂,鼻梁旧伤,柔和菱形（上庭展开），内侧突出眉骨/浅眼窝，瑞凤眼·眼尾延展·宽眼距，中鼻根/宽骨鼻梁/肉感鼻头，薄唇·嘴角下垂，骨感下颌
FD00603,长圆脸,中轴收紧,窄额,低眉骨,宽浅眼窝,外扩颧骨,成熟收紧面颊,明显下颌角,窄杏眼,眼尾延展,宽眼距,浅褐瞳,高鼻根,微弧鼻梁,轻翘鼻头,上薄下厚,嘴角上扬,右眉轻断,长圆脸（中轴收紧），低眉骨/宽浅眼窝，窄杏眼·眼尾延展·宽眼距，高鼻根/微弧鼻梁/轻翘鼻头，上薄下厚·嘴角上扬，明显下颌角
FD00604,柔和菱形,偏柔圆润,饱满额,低眉骨,浅眼窝,宽颧骨,饱满面颊,宽下颌,狭长瑞凤眼,眼尾平直,宽眼距,异色瞳,窄鼻根,柔和鼻梁,下压鼻头,成熟长唇,嘴角平直,眉尾旧疤,柔和菱形（偏柔圆润），低眉骨/浅眼窝，狭长瑞凤眼·眼尾平直·宽眼距，窄鼻根/柔和鼻梁/下压鼻头，成熟长唇·嘴角平直，宽下颌
FD00605,短方脸,颈部线条收短,高额,外侧突出眉骨,眼下饱满,低颧骨,轻凹面颊,柔和下颌,柳叶眼,眼尾下沉,标准眼距,墨玉瞳,低鼻根,柔和鼻梁,轻翘鼻头,宽嘴,嘴角紧收,无标志,短方脸（颈部线条收短），外侧突出眉骨/眼下饱满，柳叶眼·眼尾下沉·标准眼距，低鼻根/柔和鼻梁/轻翘鼻头，宽嘴·嘴角紧收，柔和下颌
FD00606,清瘦圆脸,面中立体化,微凸额,内侧突出眉骨,中度眼窝,高颧骨,成熟收紧面颊,圆方下颌,柳叶眼,眼尾明显挑,标准眼距,星点虹膜,窄鼻根,中直鼻梁,肉感鼻头,厚唇,嘴角下垂,无标志,清瘦圆脸（面中立体化），内侧突出眉骨/中度眼窝，柳叶眼·眼尾明显挑·标准眼距，窄鼻根/中直鼻梁/肉感鼻头，厚唇·嘴角下垂，圆方下颌
FD00607,长圆脸,中庭拉长,低额,高眉骨,深眼窝,窄颧骨,薄面颊,宽下颌,窄杏眼,眼尾平直,宽眼距,淡金瞳,中高鼻根,高直鼻梁,骨感鼻头,小嘴,单侧上扬,下颌浅疤,长圆脸（中庭拉长），高眉骨/深眼窝，窄杏眼·眼尾平直·宽眼距，中高鼻根/高直鼻梁/骨感鼻头，小嘴·单侧上扬，宽下颌
FD00608,短方脸,颊部饱满,骨感额,厚眉骨,眼下骨感,窄颧骨,饱满面颊,骨感下颌,狭长眼,眼尾微挑,宽眼距,环状虹膜,中鼻根,轻鹰钩鼻梁,方圆鼻头,上厚下薄,嘴角上扬,眉上小疤,短方脸（颊部饱满），厚眉骨/眼下骨感，狭长眼·眼尾微挑·宽眼距，中鼻根/轻鹰钩鼻梁/方圆鼻头，上厚下薄·嘴角上扬，骨感下颌
FD00609,幼态方脸,颊部略凹,高额,低眉骨,宽浅眼窝,高颧骨,轻凹面颊,明显下颌角,鹤系眼,眼尾下沉,窄眼距,灰蓝瞳,宽鼻根,宽骨鼻梁,小圆鼻头,宽嘴,嘴角平直,环状虹膜,幼态方脸（颊部略凹），低眉骨/宽浅眼窝，鹤系眼·眼尾下沉·窄眼距，宽鼻根/宽骨鼻梁/小圆鼻头，宽嘴·嘴角平直，明显下颌角
FD00610,柔和菱形,下庭加重,微凸额,薄眉骨,深眼窝,低颧骨,成熟收紧面颊,圆方下颌,长杏眼,眼尾下压,窄眼距,深色瞳,中高鼻根,中直鼻梁,骨感鼻头,小嘴,嘴角紧收,左颊浅疤,柔和菱形（下庭加重），薄眉骨/深眼窝，长杏眼·眼尾下压·窄眼距，中高鼻根/中直鼻梁/骨感鼻头，小嘴·嘴角紧收，圆方下颌
FD00611,梨形脸,面中平缓,窄额,厚眉骨,中度眼窝,宽颧骨,成熟收紧面颊,柔和下颌,疲惫眼,眼尾微挑,窄眼距,墨玉瞳,高鼻根,高直鼻梁,肉感鼻头,弓形唇,嘴角上扬,无标志,梨形脸（面中平缓），厚眉骨/中度眼窝，疲惫眼·眼尾微挑·窄眼距，高鼻根/高直鼻梁/肉感鼻头，弓形唇·嘴角上扬，柔和下颌
FD00612,倒梯形脸,偏锐收窄,宽额,内侧突出眉骨,窄深眼窝,窄颧骨,轻凹面颊,骨感下颌,丹凤眼,眼尾下沉,宽眼距,灰蓝瞳,中高鼻根,微弧鼻梁,下压鼻头,厚唇,嘴角平直,左眼下浅泪痣,倒梯形脸（偏锐收窄），内侧突出眉骨/窄深眼窝，丹凤眼·眼尾下沉·宽眼距，中高鼻根/微弧鼻梁/下压鼻头，厚唇·嘴角平直，骨感下颌
FD00613,颧部展开脸,中轴收紧,饱满额,厚眉骨,浅眼窝,高颧骨,饱满面颊,窄下颌,狐狸系眼,眼尾延展,标准眼距,异色瞳,宽鼻根,柔和鼻梁,窄翼鼻头,小嘴,嘴角上扬,左颊浅疤,颧部展开脸（中轴收紧），厚眉骨/浅眼窝，狐狸系眼·眼尾延展·标准眼距，宽鼻根/柔和鼻梁/窄翼鼻头，小嘴·嘴角上扬，窄下颌
FD00614,成熟方脸,颈部线条收短,窄额,压迫感眉骨,窄深眼窝,低颧骨,薄面颊,圆方下颌,短圆杏眼,眼尾下沉,宽眼距,碎裂虹膜,中鼻根,中直鼻梁,下压鼻头,薄唇,单侧上扬,唇下小痣,成熟方脸（颈部线条收短），压迫感眉骨/窄深眼窝，短圆杏眼·眼尾下沉·宽眼距，中鼻根/中直鼻梁/下压鼻头，薄唇·单侧上扬，圆方下颌
FD00615,宽方脸,颌角弱化,宽额,低眉骨,宽浅眼窝,低颧骨,饱满面颊,明显下颌角,狐狸系眼,眼尾明显挑,窄眼距,淡金瞳,宽鼻根,轻微偏左鼻梁,下压鼻头,厚唇,嘴角上扬,单侧酒窝,宽方脸（颌角弱化），低眉骨/宽浅眼窝，狐狸系眼·眼尾明显挑·窄眼距，宽鼻根/轻微偏左鼻梁/下压鼻头，厚唇·嘴角上扬，明显下颌角
FD00616,骨感窄脸,颊部略凹,骨感额,外侧突出眉骨,眼下饱满,外扩颧骨,轻凹面颊,圆方下颌,鹿系眼,眼尾微挑,窄眼距,琥珀瞳,窄鼻根,轻微偏左鼻梁,骨感鼻头,小嘴,嘴角平直,无标志,骨感窄脸（颊部略凹），外侧突出眉骨/眼下饱满，鹿系眼·眼尾微挑·窄眼距，窄鼻根/轻微偏左鼻梁/骨感鼻头，小嘴·嘴角平直，圆方下颌
FD00617,长圆脸,面中平缓,低额,外侧突出眉骨,中度眼窝,柔和颧骨,饱满面颊,柔和下颌,柳叶眼,眼尾平直,标准眼距,碎裂虹膜,中高鼻根,轻微偏左鼻梁,轻翘鼻头,厚唇,嘴角下垂,眉上小疤,长圆脸（面中平缓），外侧突出眉骨/中度眼窝，柳叶眼·眼尾平直·标准眼距，中高鼻根/轻微偏左鼻梁/轻翘鼻头，厚唇·嘴角下垂，柔和下颌
FD00618,清瘦圆脸,面中平缓,宽额,柔和眉骨,浅眼窝,柔和颧骨,饱满面颊,明显下颌角,半睁懒眼,眼尾延展,窄眼距,淡金瞳,窄鼻根,宽骨鼻梁,下压鼻头,上薄下厚,嘴角平直,左颊浅疤,清瘦圆脸（面中平缓），柔和眉骨/浅眼窝，半睁懒眼·眼尾延展·窄眼距，窄鼻根/宽骨鼻梁/下压鼻头，上薄下厚·嘴角平直，明显下颌角
FD00619,短方脸,骨点内敛,微凸额,内侧突出眉骨,眼下饱满,柔和颧骨,饱满面颊,窄下颌,桃花眼,眼尾延展,窄眼距,碎裂虹膜,高鼻根,宽骨鼻梁,微钝鼻头,宽嘴,嘴角下垂,双侧酒窝,短方脸（骨点内敛），内侧突出眉骨/眼下饱满，桃花眼·眼尾延展·窄眼距，高鼻根/宽骨鼻梁/微钝鼻头，宽嘴·嘴角下垂，窄下颌
FD00620,骨感方脸,下颌线清晰化,低额,厚眉骨,深眼窝,高颧骨,成熟收紧面颊,柔和下颌,疲惫眼,眼尾平直,窄眼距,淡金瞳,中鼻根,中直鼻梁,窄翼鼻头,厚唇,嘴角上扬,右眉轻断,骨感方脸（下颌线清晰化），厚眉骨/深眼窝，疲惫眼·眼尾平直·窄眼距，中鼻根/中直鼻梁/窄翼鼻头，厚唇·嘴角上扬，柔和下颌
FD00621,正梯形脸,骨点外显,微凸额,低眉骨,中度眼窝,外扩颧骨,饱满面颊,圆方下颌,平直杏眼,眼尾明显挑,宽眼距,深色瞳,宽鼻根,高直鼻梁,方圆鼻头,上薄下厚,嘴角平直,眉尾旧疤,正梯形脸（骨点外显），低眉骨/中度眼窝，平直杏眼·眼尾明显挑·宽眼距，宽鼻根/高直鼻梁/方圆鼻头，上薄下厚·嘴角平直，圆方下颌
FD00622,心形脸,面中立体化,低额,内侧突出眉骨,窄深眼窝,外扩颧骨,薄面颊,方下颌,疲惫眼,眼尾下沉,窄眼距,环状虹膜,窄鼻根,柔和鼻梁,方圆鼻头,上薄下厚,嘴角平直,右眼下浅泪痣,心形脸（面中立体化），内侧突出眉骨/窄深眼窝，疲惫眼·眼尾下沉·窄眼距，窄鼻根/柔和鼻梁/方圆鼻头，上薄下厚·嘴角平直，方下颌
FD00623,方菱过渡脸,骨点外显,宽额,柔和眉骨,中度眼窝,低颧骨,幼态柔软面颊,宽下颌,平凤眼,眼尾延展,标准眼距,碎裂虹膜,低鼻根,宽骨鼻梁,窄翼鼻头,上厚下薄,嘴角下垂,碎裂虹膜,方菱过渡脸（骨点外显），柔和眉骨/中度眼窝，平凤眼·眼尾延展·标准眼距，低鼻根/宽骨鼻梁/窄翼鼻头，上厚下薄·嘴角下垂，宽下颌
FD00624,短圆脸,颈部线条延长,饱满额,薄眉骨,浅眼窝,宽颧骨,饱满面颊,方下颌,蛇系眼,眼尾下压,标准眼距,环状虹膜,窄鼻根,高直鼻梁,轻翘鼻头,宽嘴,嘴角下垂,单侧酒窝,短圆脸（颈部线条延长），薄眉骨/浅眼窝，蛇系眼·眼尾下压·标准眼距，窄鼻根/高直鼻梁/轻翘鼻头，宽嘴·嘴角下垂，方下颌
FD00625,骨感窄脸,颌角强调,骨感额,厚眉骨,窄深眼窝,外扩颧骨,轻凹面颊,收敛下颌,狭长瑞凤眼,眼尾下压,标准眼距,碎裂虹膜,窄鼻根,柔和鼻梁,下压鼻头,成熟长唇,嘴角紧收,颈侧细疤,骨感窄脸（颌角强调），厚眉骨/窄深眼窝，狭长瑞凤眼·眼尾下压·标准眼距，窄鼻根/柔和鼻梁/下压鼻头，成熟长唇·嘴角紧收，收敛下颌
FD00626,上窄下宽脸,中庭展宽,平直额,柔和眉骨,深眼窝,柔和颧骨,成熟收紧面颊,宽下颌,鹤系眼,眼尾延展,标准眼距,淡金瞳,宽鼻根,轻鹰钩鼻梁,下压鼻头,薄唇,嘴角紧收,右眼下浅泪痣,上窄下宽脸（中庭展宽），柔和眉骨/深眼窝，鹤系眼·眼尾延展·标准眼距，宽鼻根/轻鹰钩鼻梁/下压鼻头，薄唇·嘴角紧收，宽下颌
FD00627,骨感方脸,面中平缓,窄额,压迫感眉骨,眼下骨感,柔和颧骨,成熟收紧面颊,收敛下颌,瑞凤眼,眼尾下沉,宽眼距,深色瞳,低鼻根,柔和鼻梁,小圆鼻头,平直唇,嘴角下垂,下颌浅疤,骨感方脸（面中平缓），压迫感眉骨/眼下骨感，瑞凤眼·眼尾下沉·宽眼距，低鼻根/柔和鼻梁/小圆鼻头，平直唇·嘴角下垂，收敛下颌
FD00628,圆脸,下颌线清晰化,高额,低眉骨,深眼窝,高颧骨,饱满面颊,柔和下颌,下垂眼,眼尾明显挑,标准眼距,淡金瞳,宽鼻根,轻微偏左鼻梁,骨感鼻头,成熟长唇,嘴角平直,鼻梁旧伤,圆脸（下颌线清晰化），低眉骨/深眼窝，下垂眼·眼尾明显挑·标准眼距，宽鼻根/轻微偏左鼻梁/骨感鼻头，成熟长唇·嘴角平直，柔和下颌
FD00629,短方脸,下庭加重,宽额,厚眉骨,眼下饱满,外扩颧骨,薄面颊,宽下颌,丹凤眼,眼尾明显挑,宽眼距,淡金瞳,中高鼻根,高直鼻梁,方圆鼻头,厚唇,嘴角平直,额角旧痕,短方脸（下庭加重），厚眉骨/眼下饱满，丹凤眼·眼尾明显挑·宽眼距，中高鼻根/高直鼻梁/方圆鼻头，厚唇·嘴角平直，宽下颌
FD00630,宽心形脸,上庭展开,窄额,高眉骨,眼下饱满,柔和颧骨,幼态柔软面颊,骨感下颌,狭长瑞凤眼,眼尾平直,宽眼距,环状虹膜,中鼻根,中直鼻梁,方圆鼻头,厚唇,嘴角上扬,环状虹膜,宽心形脸（上庭展开），高眉骨/眼下饱满，狭长瑞凤眼·眼尾平直·宽眼距，中鼻根/中直鼻梁/方圆鼻头，厚唇·嘴角上扬，骨感下颌
FD00631,颧部展开脸,颧部外扩,宽额,高眉骨,中度眼窝,柔和颧骨,薄面颊,明显下颌角,猫系眼,眼尾平直,宽眼距,星点虹膜,高鼻根,轻微偏右鼻梁,小圆鼻头,宽嘴,嘴角上扬,无标志,颧部展开脸（颧部外扩），高眉骨/中度眼窝，猫系眼·眼尾平直·宽眼距，高鼻根/轻微偏右鼻梁/小圆鼻头，宽嘴·嘴角上扬，明显下颌角
FD00632,倒三角脸,下庭收窄,饱满额,高眉骨,中度眼窝,窄颧骨,幼态柔软面颊,方下颌,宽杏眼,眼尾平直,宽眼距,灰蓝瞳,中高鼻根,微弧鼻梁,微钝鼻头,弓形唇,嘴角上扬,指节薄茧,倒三角脸（下庭收窄），高眉骨/中度眼窝，宽杏眼·眼尾平直·宽眼距，中高鼻根/微弧鼻梁/微钝鼻头，弓形唇·嘴角上扬，方下颌
FD00633,倒梯形脸,下庭加重,宽额,外侧突出眉骨,眼下骨感,窄颧骨,薄面颊,窄下颌,圆长眼,眼尾下压,标准眼距,浅褐瞳,高鼻根,高直鼻梁,轻翘鼻头,厚唇,嘴角下垂,单侧酒窝,倒梯形脸（下庭加重），外侧突出眉骨/眼下骨感，圆长眼·眼尾下压·标准眼距，高鼻根/高直鼻梁/轻翘鼻头，厚唇·嘴角下垂，窄下颌
FD00634,幼态圆脸,颈部线条延长,窄额,厚眉骨,窄深眼窝,低颧骨,成熟收紧面颊,骨感下颌,半睁懒眼,眼尾延展,标准眼距,浅褐瞳,中鼻根,中直鼻梁,下压鼻头,上厚下薄,嘴角平直,左眼下浅泪痣,幼态圆脸（颈部线条延长），厚眉骨/窄深眼窝，半睁懒眼·眼尾延展·标准眼距，中鼻根/中直鼻梁/下压鼻头，上厚下薄·嘴角平直，骨感下颌
FD00635,方菱过渡脸,中庭拉长,低额,薄眉骨,眼下骨感,低颧骨,轻凹面颊,圆方下颌,鹿系眼,眼尾平直,窄眼距,墨玉瞳,中高鼻根,高直鼻梁,方圆鼻头,宽嘴,嘴角下垂,左眼下浅泪痣,方菱过渡脸（中庭拉长），薄眉骨/眼下骨感，鹿系眼·眼尾平直·窄眼距，中高鼻根/高直鼻梁/方圆鼻头，宽嘴·嘴角下垂，圆方下颌
FD00636,圆方脸,颧部微收,窄额,薄眉骨,眼下骨感,柔和颧骨,成熟收紧面颊,宽下颌,鹤系眼,眼尾延展,窄眼距,深色瞳,中鼻根,轻鹰钩鼻梁,肉感鼻头,平直唇,嘴角紧收,下颌浅疤,圆方脸（颧部微收），薄眉骨/眼下骨感，鹤系眼·眼尾延展·窄眼距，中鼻根/轻鹰钩鼻梁/肉感鼻头，平直唇·嘴角紧收，宽下颌
FD00637,窄方脸,下庭加重,高额,内侧突出眉骨,宽浅眼窝,宽颧骨,薄面颊,明显下颌角,上扬凤眼,眼尾明显挑,标准眼距,淡金瞳,中高鼻根,轻微偏左鼻梁,微钝鼻头,厚唇,嘴角紧收,异色瞳,窄方脸（下庭加重），内侧突出眉骨/宽浅眼窝，上扬凤眼·眼尾明显挑·标准眼距，中高鼻根/轻微偏左鼻梁/微钝鼻头，厚唇·嘴角紧收，明显下颌角
FD00638,颧部展开脸,颈部线条收短,骨感额,柔和眉骨,深眼窝,高颧骨,薄面颊,明显下颌角,长杏眼,眼尾延展,宽眼距,深色瞳,中鼻根,宽骨鼻梁,小圆鼻头,弓形唇,嘴角平直,鼻梁旧伤,颧部展开脸（颈部线条收短），柔和眉骨/深眼窝，长杏眼·眼尾延展·宽眼距，中鼻根/宽骨鼻梁/小圆鼻头，弓形唇·嘴角平直，明显下颌角
FD00639,短圆脸,中庭展宽,微凸额,低眉骨,眼下骨感,低颧骨,轻凹面颊,宽下颌,猫系眼,眼尾下压,宽眼距,墨玉瞳,窄鼻根,中直鼻梁,窄翼鼻头,成熟长唇,嘴角上扬,环状虹膜,短圆脸（中庭展宽），低眉骨/眼下骨感，猫系眼·眼尾下压·宽眼距，窄鼻根/中直鼻梁/窄翼鼻头，成熟长唇·嘴角上扬，宽下颌
FD00640,长圆脸,中庭拉长,宽额,内侧突出眉骨,宽浅眼窝,柔和颧骨,轻凹面颊,窄下颌,短杏眼,眼尾下压,标准眼距,墨玉瞳,高鼻根,中直鼻梁,下压鼻头,成熟长唇,嘴角上扬,异色瞳,长圆脸（中庭拉长），内侧突出眉骨/宽浅眼窝，短杏眼·眼尾下压·标准眼距，高鼻根/中直鼻梁/下压鼻头，成熟长唇·嘴角上扬，窄下颌
FD00641,幼态圆脸,偏锐收窄,高额,薄眉骨,中度眼窝,柔和颧骨,饱满面颊,骨感下颌,狼系眼,眼尾微挑,标准眼距,琥珀瞳,高鼻根,轻微偏右鼻梁,小圆鼻头,小嘴,嘴角上扬,双侧酒窝,幼态圆脸（偏锐收窄），薄眉骨/中度眼窝，狼系眼·眼尾微挑·标准眼距，高鼻根/轻微偏右鼻梁/小圆鼻头，小嘴·嘴角上扬，骨感下颌
FD00642,下颌突出脸,颈部线条收短,平直额,薄眉骨,窄深眼窝,柔和颧骨,幼态柔软面颊,宽下颌,桃花眼,眼尾微挑,窄眼距,碎裂虹膜,中鼻根,中直鼻梁,窄翼鼻头,上薄下厚,嘴角平直,双侧酒窝,下颌突出脸（颈部线条收短），薄眉骨/窄深眼窝，桃花眼·眼尾微挑·窄眼距，中鼻根/中直鼻梁/窄翼鼻头，上薄下厚·嘴角平直，宽下颌
FD00643,骨感窄脸,颈部线条延长,宽额,厚眉骨,浅眼窝,高颧骨,幼态柔软面颊,收敛下颌,下垂眼,眼尾下沉,标准眼距,墨玉瞳,窄鼻根,轻鹰钩鼻梁,骨感鼻头,厚唇,嘴角紧收,左眼下浅泪痣,骨感窄脸（颈部线条延长），厚眉骨/浅眼窝，下垂眼·眼尾下沉·标准眼距，窄鼻根/轻鹰钩鼻梁/骨感鼻头，厚唇·嘴角紧收，收敛下颌
FD00644,宽心形脸,下颌线柔化,骨感额,柔和眉骨,窄深眼窝,低颧骨,薄面颊,明显下颌角,狭长瑞凤眼,眼尾明显挑,宽眼距,环状虹膜,窄鼻根,高直鼻梁,肉感鼻头,弓形唇,嘴角上扬,额角旧痕,宽心形脸（下颌线柔化），柔和眉骨/窄深眼窝，狭长瑞凤眼·眼尾明显挑·宽眼距，窄鼻根/高直鼻梁/肉感鼻头，弓形唇·嘴角上扬，明显下颌角
FD00645,宽方脸,面中立体化,高额,内侧突出眉骨,浅眼窝,窄颧骨,幼态柔软面颊,宽下颌,短杏眼,眼尾平直,标准眼距,墨玉瞳,宽鼻根,高直鼻梁,轻翘鼻头,小嘴,嘴角上扬,无标志,宽方脸（面中立体化），内侧突出眉骨/浅眼窝，短杏眼·眼尾平直·标准眼距，宽鼻根/高直鼻梁/轻翘鼻头，小嘴·嘴角上扬，宽下颌
FD00646,幼态圆脸,颊部略凹,高额,压迫感眉骨,眼下骨感,柔和颧骨,轻凹面颊,柔和下颌,冷感眼,眼尾明显挑,窄眼距,淡金瞳,低鼻根,宽骨鼻梁,微钝鼻头,厚唇,嘴角紧收,额角旧痕,幼态圆脸（颊部略凹），压迫感眉骨/眼下骨感，冷感眼·眼尾明显挑·窄眼距，低鼻根/宽骨鼻梁/微钝鼻头，厚唇·嘴角紧收，柔和下颌
FD00647,长菱形,中轴收紧,宽额,外侧突出眉骨,眼下骨感,柔和颧骨,薄面颊,明显下颌角,圆长眼,眼尾平直,窄眼距,异色瞳,窄鼻根,轻鹰钩鼻梁,肉感鼻头,上厚下薄,嘴角上扬,瞳孔残缺,长菱形（中轴收紧），外侧突出眉骨/眼下骨感，圆长眼·眼尾平直·窄眼距，窄鼻根/轻鹰钩鼻梁/肉感鼻头，上厚下薄·嘴角上扬，明显下颌角
FD00648,宽方脸,下庭收窄,平直额,高眉骨,深眼窝,窄颧骨,幼态柔软面颊,圆方下颌,蛇系眼,眼尾微挑,窄眼距,琥珀瞳,宽鼻根,中直鼻梁,方圆鼻头,宽嘴,单侧上扬,环状虹膜,宽方脸（下庭收窄），高眉骨/深眼窝，蛇系眼·眼尾微挑·窄眼距，宽鼻根/中直鼻梁/方圆鼻头，宽嘴·单侧上扬，圆方下颌
FD00649,柔和方脸,下庭收窄,骨感额,高眉骨,窄深眼窝,低颧骨,饱满面颊,圆方下颌,短圆杏眼,眼尾下沉,标准眼距,琥珀瞳,宽鼻根,柔和鼻梁,方圆鼻头,薄唇,嘴角下垂,额角旧痕,柔和方脸（下庭收窄），高眉骨/窄深眼窝，短圆杏眼·眼尾下沉·标准眼距，宽鼻根/柔和鼻梁/方圆鼻头，薄唇·嘴角下垂，圆方下颌
FD00650,短圆脸,上庭展开,低额,薄眉骨,浅眼窝,窄颧骨,幼态柔软面颊,骨感下颌,短圆杏眼,眼尾下压,宽眼距,碎裂虹膜,高鼻根,高直鼻梁,微钝鼻头,宽嘴,嘴角上扬,鼻梁旧伤,短圆脸（上庭展开），薄眉骨/浅眼窝，短圆杏眼·眼尾下压·宽眼距，高鼻根/高直鼻梁/微钝鼻头，宽嘴·嘴角上扬，骨感下颌
FD00651,短圆脸,下颌线清晰化,骨感额,高眉骨,窄深眼窝,低颧骨,成熟收紧面颊,圆方下颌,蛇系眼,眼尾下压,标准眼距,星点虹膜,窄鼻根,中直鼻梁,微钝鼻头,上薄下厚,嘴角紧收,异色瞳,短圆脸（下颌线清晰化），高眉骨/窄深眼窝，蛇系眼·眼尾下压·标准眼距，窄鼻根/中直鼻梁/微钝鼻头，上薄下厚·嘴角紧收，圆方下颌
FD00652,标准菱形,下颌线柔化,低额,内侧突出眉骨,浅眼窝,窄颧骨,饱满面颊,骨感下颌,丹凤眼,眼尾平直,标准眼距,环状虹膜,中高鼻根,微弧鼻梁,小圆鼻头,小嘴,嘴角平直,额角旧痕,标准菱形（下颌线柔化），内侧突出眉骨/浅眼窝，丹凤眼·眼尾平直·标准眼距，中高鼻根/微弧鼻梁/小圆鼻头，小嘴·嘴角平直，骨感下颌
FD00653,窄方脸,颊部饱满,窄额,低眉骨,眼下饱满,外扩颧骨,轻凹面颊,方下颌,半睁懒眼,眼尾延展,窄眼距,碎裂虹膜,窄鼻根,宽骨鼻梁,下压鼻头,上薄下厚,嘴角紧收,无标志,窄方脸（颊部饱满），低眉骨/眼下饱满，半睁懒眼·眼尾延展·窄眼距，窄鼻根/宽骨鼻梁/下压鼻头，上薄下厚·嘴角紧收，方下颌
FD00654,肉感短脸,中庭拉长,骨感额,厚眉骨,深眼窝,宽颧骨,薄面颊,柔和下颌,鹿系眼,眼尾延展,宽眼距,浅褐瞳,宽鼻根,微弧鼻梁,小圆鼻头,上厚下薄,嘴角下垂,瞳孔残缺,肉感短脸（中庭拉长），厚眉骨/深眼窝，鹿系眼·眼尾延展·宽眼距，宽鼻根/微弧鼻梁/小圆鼻头，上厚下薄·嘴角下垂，柔和下颌
FD00655,骨感窄脸,下庭加重,平直额,外侧突出眉骨,眼下饱满,外扩颧骨,幼态柔软面颊,圆方下颌,桃花眼,眼尾延展,标准眼距,星点虹膜,中高鼻根,轻微偏左鼻梁,窄翼鼻头,宽嘴,嘴角下垂,眉心竖纹浅痕,骨感窄脸（下庭加重），外侧突出眉骨/眼下饱满，桃花眼·眼尾延展·标准眼距，中高鼻根/轻微偏左鼻梁/窄翼鼻头，宽嘴·嘴角下垂，圆方下颌
FD00656,幼态圆脸,中轴微长,窄额,柔和眉骨,宽浅眼窝,外扩颧骨,轻凹面颊,方下颌,圆长眼,眼尾明显挑,标准眼距,淡金瞳,高鼻根,轻微偏左鼻梁,骨感鼻头,上薄下厚,嘴角下垂,无标志,幼态圆脸（中轴微长），柔和眉骨/宽浅眼窝，圆长眼·眼尾明显挑·标准眼距，高鼻根/轻微偏左鼻梁/骨感鼻头，上薄下厚·嘴角下垂，方下颌
FD00657,骨感菱形,下颌线清晰化,低额,厚眉骨,宽浅眼窝,高颧骨,成熟收紧面颊,圆方下颌,鹰隼眼,眼尾平直,窄眼距,浅褐瞳,低鼻根,轻鹰钩鼻梁,轻翘鼻头,上厚下薄,嘴角上扬,无标志,骨感菱形（下颌线清晰化），厚眉骨/宽浅眼窝，鹰隼眼·眼尾平直·窄眼距，低鼻根/轻鹰钩鼻梁/轻翘鼻头，上厚下薄·嘴角上扬，圆方下颌
FD00658,圆方脸,偏柔圆润,高额,柔和眉骨,眼下骨感,宽颧骨,成熟收紧面颊,窄下颌,鹿系眼,眼尾下沉,窄眼距,异色瞳,中高鼻根,轻微偏左鼻梁,小圆鼻头,小嘴,嘴角紧收,眉上小疤,圆方脸（偏柔圆润），柔和眉骨/眼下骨感，鹿系眼·眼尾下沉·窄眼距，中高鼻根/轻微偏左鼻梁/小圆鼻头，小嘴·嘴角紧收，窄下颌
FD00659,骨感菱形,颌角弱化,宽额,高眉骨,浅眼窝,高颧骨,幼态柔软面颊,宽下颌,短杏眼,眼尾明显挑,窄眼距,灰蓝瞳,高鼻根,轻鹰钩鼻梁,下压鼻头,弓形唇,嘴角紧收,左眼下浅泪痣,骨感菱形（颌角弱化），高眉骨/浅眼窝，短杏眼·眼尾明显挑·窄眼距，高鼻根/轻鹰钩鼻梁/下压鼻头，弓形唇·嘴角紧收，宽下颌
FD00660,幼态圆脸,偏锐收窄,微凸额,薄眉骨,深眼窝,柔和颧骨,饱满面颊,窄下颌,短杏眼,眼尾平直,标准眼距,琥珀瞳,中鼻根,柔和鼻梁,小圆鼻头,上厚下薄,嘴角紧收,右眼下浅泪痣,幼态圆脸（偏锐收窄），薄眉骨/深眼窝，短杏眼·眼尾平直·标准眼距，中鼻根/柔和鼻梁/小圆鼻头，上厚下薄·嘴角紧收，窄下颌
FD00661,宽方脸,中轴收紧,低额,薄眉骨,眼下骨感,宽颧骨,饱满面颊,明显下颌角,桃花眼,眼尾微挑,窄眼距,浅褐瞳,宽鼻根,轻微偏右鼻梁,骨感鼻头,成熟长唇,嘴角紧收,鼻梁旧伤,宽方脸（中轴收紧），薄眉骨/眼下骨感，桃花眼·眼尾微挑·窄眼距，宽鼻根/轻微偏右鼻梁/骨感鼻头，成熟长唇·嘴角紧收，明显下颌角
FD00662,幼态圆脸,偏锐收窄,骨感额,内侧突出眉骨,中度眼窝,高颧骨,成熟收紧面颊,窄下颌,鹤系眼,眼尾明显挑,宽眼距,淡金瞳,宽鼻根,微弧鼻梁,微钝鼻头,厚唇,嘴角紧收,单侧酒窝,幼态圆脸（偏锐收窄），内侧突出眉骨/中度眼窝，鹤系眼·眼尾明显挑·宽眼距，宽鼻根/微弧鼻梁/微钝鼻头，厚唇·嘴角紧收，窄下颌
FD00663,倒三角脸,颊部饱满,窄额,内侧突出眉骨,窄深眼窝,低颧骨,薄面颊,窄下颌,下垂眼,眼尾微挑,窄眼距,墨玉瞳,窄鼻根,轻鹰钩鼻梁,方圆鼻头,厚唇,嘴角紧收,单侧虎牙,倒三角脸（颊部饱满），内侧突出眉骨/窄深眼窝，下垂眼·眼尾微挑·窄眼距，窄鼻根/轻鹰钩鼻梁/方圆鼻头，厚唇·嘴角紧收，窄下颌
FD00664,正梯形脸,下颌线清晰化,骨感额,薄眉骨,中度眼窝,宽颧骨,轻凹面颊,宽下颌,短杏眼,眼尾下沉,标准眼距,异色瞳,中鼻根,高直鼻梁,肉感鼻头,弓形唇,嘴角紧收,单侧虎牙,正梯形脸（下颌线清晰化），薄眉骨/中度眼窝，短杏眼·眼尾下沉·标准眼距，中鼻根/高直鼻梁/肉感鼻头，弓形唇·嘴角紧收，宽下颌
FD00665,长心形脸,中庭展宽,窄额,低眉骨,浅眼窝,柔和颧骨,成熟收紧面颊,宽下颌,窄杏眼,眼尾下沉,标准眼距,星点虹膜,高鼻根,宽骨鼻梁,小圆鼻头,平直唇,嘴角平直,环状虹膜,长心形脸（中庭展宽），低眉骨/浅眼窝，窄杏眼·眼尾下沉·标准眼距，高鼻根/宽骨鼻梁/小圆鼻头，平直唇·嘴角平直，宽下颌
FD00666,倒梯形脸,颧部微收,平直额,低眉骨,深眼窝,窄颧骨,幼态柔软面颊,骨感下颌,柳叶眼,眼尾下压,标准眼距,星点虹膜,窄鼻根,微弧鼻梁,轻翘鼻头,平直唇,嘴角紧收,右眉轻断,倒梯形脸（颧部微收），低眉骨/深眼窝，柳叶眼·眼尾下压·标准眼距，窄鼻根/微弧鼻梁/轻翘鼻头，平直唇·嘴角紧收，骨感下颌
FD00667,双颌匀称脸,中庭拉长,高额,高眉骨,浅眼窝,宽颧骨,薄面颊,方下颌,蛇系眼,眼尾平直,宽眼距,环状虹膜,中鼻根,轻微偏右鼻梁,下压鼻头,小嘴,嘴角平直,耳后小痣,双颌匀称脸（中庭拉长），高眉骨/浅眼窝，蛇系眼·眼尾平直·宽眼距，中鼻根/轻微偏右鼻梁/下压鼻头，小嘴·嘴角平直，方下颌
FD00668,下颌突出脸,中轴收紧,平直额,薄眉骨,深眼窝,柔和颧骨,成熟收紧面颊,收敛下颌,鹰隼眼,眼尾明显挑,标准眼距,碎裂虹膜,中高鼻根,轻微偏左鼻梁,肉感鼻头,上厚下薄,嘴角紧收,无标志,下颌突出脸（中轴收紧），薄眉骨/深眼窝，鹰隼眼·眼尾明显挑·标准眼距，中高鼻根/轻微偏左鼻梁/肉感鼻头，上厚下薄·嘴角紧收，收敛下颌
FD00669,双颌匀称脸,面中平缓,低额,低眉骨,窄深眼窝,外扩颧骨,轻凹面颊,宽下颌,上扬凤眼,眼尾延展,宽眼距,深色瞳,低鼻根,宽骨鼻梁,骨感鼻头,厚唇,嘴角下垂,异色瞳,双颌匀称脸（面中平缓），低眉骨/窄深眼窝，上扬凤眼·眼尾延展·宽眼距，低鼻根/宽骨鼻梁/骨感鼻头，厚唇·嘴角下垂，宽下颌
FD00670,上宽下窄脸,中庭展宽,宽额,高眉骨,中度眼窝,外扩颧骨,幼态柔软面颊,方下颌,窄杏眼,眼尾下沉,宽眼距,异色瞳,低鼻根,中直鼻梁,肉感鼻头,上薄下厚,嘴角上扬,右眉轻断,上宽下窄脸（中庭展宽），高眉骨/中度眼窝，窄杏眼·眼尾下沉·宽眼距，低鼻根/中直鼻梁/肉感鼻头，上薄下厚·嘴角上扬，方下颌
FD00671,长心形脸,颊部略凹,窄额,厚眉骨,眼下骨感,外扩颧骨,轻凹面颊,柔和下颌,狭长瑞凤眼,眼尾延展,标准眼距,淡金瞳,中鼻根,宽骨鼻梁,骨感鼻头,薄唇,单侧上扬,单侧酒窝,长心形脸（颊部略凹），厚眉骨/眼下骨感，狭长瑞凤眼·眼尾延展·标准眼距，中鼻根/宽骨鼻梁/骨感鼻头，薄唇·单侧上扬，柔和下颌
FD00672,骨感菱形,面中平缓,宽额,厚眉骨,深眼窝,低颧骨,幼态柔软面颊,骨感下颌,平凤眼,眼尾明显挑,宽眼距,灰蓝瞳,中高鼻根,高直鼻梁,窄翼鼻头,平直唇,嘴角平直,眼睑褶皱不对称,骨感菱形（面中平缓），厚眉骨/深眼窝，平凤眼·眼尾明显挑·宽眼距，中高鼻根/高直鼻梁/窄翼鼻头，平直唇·嘴角平直，骨感下颌
FD00673,成熟方脸,面中平缓,平直额,高眉骨,宽浅眼窝,窄颧骨,轻凹面颊,柔和下颌,猫系眼,眼尾下压,宽眼距,墨玉瞳,中高鼻根,中直鼻梁,窄翼鼻头,小嘴,嘴角下垂,碎裂虹膜,成熟方脸（面中平缓），高眉骨/宽浅眼窝，猫系眼·眼尾下压·宽眼距，中高鼻根/中直鼻梁/窄翼鼻头，小嘴·嘴角下垂，柔和下颌
FD00674,方菱过渡脸,中轴收紧,宽额,薄眉骨,眼下饱满,柔和颧骨,幼态柔软面颊,收敛下颌,平直杏眼,眼尾微挑,宽眼距,淡金瞳,窄鼻根,轻鹰钩鼻梁,骨感鼻头,小嘴,嘴角紧收,额角旧痕,方菱过渡脸（中轴收紧），薄眉骨/眼下饱满，平直杏眼·眼尾微挑·宽眼距，窄鼻根/轻鹰钩鼻梁/骨感鼻头，小嘴·嘴角紧收，收敛下颌
FD00675,柔和菱形,颌角弱化,高额,薄眉骨,浅眼窝,外扩颧骨,幼态柔软面颊,圆方下颌,短圆杏眼,眼尾微挑,窄眼距,浅褐瞳,中高鼻根,轻微偏左鼻梁,肉感鼻头,平直唇,嘴角紧收,眼角小痣,柔和菱形（颌角弱化），薄眉骨/浅眼窝，短圆杏眼·眼尾微挑·窄眼距，中高鼻根/轻微偏左鼻梁/肉感鼻头，平直唇·嘴角紧收，圆方下颌
FD00676,颧部展开脸,骨点外显,平直额,低眉骨,深眼窝,柔和颧骨,饱满面颊,柔和下颌,鹰隼眼,眼尾下沉,窄眼距,深色瞳,中高鼻根,微弧鼻梁,骨感鼻头,小嘴,嘴角紧收,无标志,颧部展开脸（骨点外显），低眉骨/深眼窝，鹰隼眼·眼尾下沉·窄眼距，中高鼻根/微弧鼻梁/骨感鼻头，小嘴·嘴角紧收，柔和下颌
FD00677,清瘦圆脸,颊部略凹,微凸额,薄眉骨,眼下骨感,外扩颧骨,轻凹面颊,方下颌,狐狸系眼,眼尾下压,窄眼距,浅褐瞳,中鼻根,高直鼻梁,骨感鼻头,厚唇,嘴角紧收,碎裂虹膜,清瘦圆脸（颊部略凹），薄眉骨/眼下骨感，狐狸系眼·眼尾下压·窄眼距，中鼻根/高直鼻梁/骨感鼻头，厚唇·嘴角紧收，方下颌
FD00678,成熟方脸,上庭展开,平直额,高眉骨,眼下饱满,窄颧骨,饱满面颊,窄下颌,瑞凤眼,眼尾平直,标准眼距,灰蓝瞳,高鼻根,微弧鼻梁,下压鼻头,平直唇,单侧上扬,左颊浅疤,成熟方脸（上庭展开），高眉骨/眼下饱满，瑞凤眼·眼尾平直·标准眼距，高鼻根/微弧鼻梁/下压鼻头，平直唇·单侧上扬，窄下颌
FD00679,骨感菱形,下颌线柔化,窄额,低眉骨,眼下饱满,外扩颧骨,幼态柔软面颊,明显下颌角,少年圆眼,眼尾下沉,窄眼距,浅褐瞳,窄鼻根,柔和鼻梁,窄翼鼻头,上薄下厚,嘴角上扬,耳后小痣,骨感菱形（下颌线柔化），低眉骨/眼下饱满，少年圆眼·眼尾下沉·窄眼距，窄鼻根/柔和鼻梁/窄翼鼻头，上薄下厚·嘴角上扬，明显下颌角
FD00680,宽心形脸,上庭收窄,宽额,柔和眉骨,窄深眼窝,低颧骨,成熟收紧面颊,方下颌,半睁懒眼,眼尾下压,宽眼距,墨玉瞳,低鼻根,高直鼻梁,肉感鼻头,厚唇,嘴角上扬,右眼下浅泪痣,宽心形脸（上庭收窄），柔和眉骨/窄深眼窝，半睁懒眼·眼尾下压·宽眼距，低鼻根/高直鼻梁/肉感鼻头，厚唇·嘴角上扬，方下颌
FD00681,长方脸,颊部饱满,宽额,厚眉骨,窄深眼窝,外扩颧骨,饱满面颊,柔和下颌,鹿系眼,眼尾微挑,标准眼距,深色瞳,中鼻根,轻微偏右鼻梁,窄翼鼻头,薄唇,嘴角平直,眉上小疤,长方脸（颊部饱满），厚眉骨/窄深眼窝，鹿系眼·眼尾微挑·标准眼距，中鼻根/轻微偏右鼻梁/窄翼鼻头，薄唇·嘴角平直，柔和下颌
FD00682,倒梯形脸,下庭收窄,饱满额,高眉骨,中度眼窝,高颧骨,薄面颊,方下颌,柳叶眼,眼尾微挑,窄眼距,浅褐瞳,低鼻根,轻微偏左鼻梁,方圆鼻头,弓形唇,嘴角紧收,指节薄茧,倒梯形脸（下庭收窄），高眉骨/中度眼窝，柳叶眼·眼尾微挑·窄眼距，低鼻根/轻微偏左鼻梁/方圆鼻头，弓形唇·嘴角紧收，方下颌
FD00683,宽心形脸,上庭展开,窄额,内侧突出眉骨,浅眼窝,窄颧骨,轻凹面颊,收敛下颌,狼系眼,眼尾平直,标准眼距,环状虹膜,低鼻根,轻微偏右鼻梁,肉感鼻头,上薄下厚,单侧上扬,指节薄茧,宽心形脸（上庭展开），内侧突出眉骨/浅眼窝，狼系眼·眼尾平直·标准眼距，低鼻根/轻微偏右鼻梁/肉感鼻头，上薄下厚·单侧上扬，收敛下颌
FD00684,上宽下窄脸,骨点内敛,宽额,外侧突出眉骨,眼下饱满,外扩颧骨,薄面颊,方下颌,桃花眼,眼尾下沉,窄眼距,墨玉瞳,中高鼻根,中直鼻梁,骨感鼻头,平直唇,单侧上扬,左颊浅疤,上宽下窄脸（骨点内敛），外侧突出眉骨/眼下饱满，桃花眼·眼尾下沉·窄眼距，中高鼻根/中直鼻梁/骨感鼻头，平直唇·单侧上扬，方下颌
FD00685,宽心形脸,下庭加重,低额,外侧突出眉骨,浅眼窝,窄颧骨,轻凹面颊,明显下颌角,圆长眼,眼尾明显挑,标准眼距,琥珀瞳,宽鼻根,宽骨鼻梁,下压鼻头,厚唇,嘴角下垂,唇下小痣,宽心形脸（下庭加重），外侧突出眉骨/浅眼窝，圆长眼·眼尾明显挑·标准眼距，宽鼻根/宽骨鼻梁/下压鼻头，厚唇·嘴角下垂，明显下颌角
FD00686,短圆脸,颧部外扩,平直额,厚眉骨,浅眼窝,外扩颧骨,薄面颊,宽下颌,短圆杏眼,眼尾微挑,宽眼距,异色瞳,中高鼻根,中直鼻梁,下压鼻头,薄唇,嘴角下垂,鼻梁旧伤,短圆脸（颧部外扩），厚眉骨/浅眼窝，短圆杏眼·眼尾微挑·宽眼距，中高鼻根/中直鼻梁/下压鼻头，薄唇·嘴角下垂，宽下颌
FD00687,标准菱形,颊部略凹,高额,压迫感眉骨,中度眼窝,窄颧骨,轻凹面颊,收敛下颌,窄杏眼,眼尾下压,标准眼距,碎裂虹膜,高鼻根,微弧鼻梁,骨感鼻头,弓形唇,嘴角平直,指节薄茧,标准菱形（颊部略凹），压迫感眉骨/中度眼窝，窄杏眼·眼尾下压·标准眼距，高鼻根/微弧鼻梁/骨感鼻头，弓形唇·嘴角平直，收敛下颌
FD00688,梨形脸,颈部线条延长,低额,外侧突出眉骨,宽浅眼窝,外扩颧骨,饱满面颊,明显下颌角,短杏眼,眼尾明显挑,宽眼距,灰蓝瞳,窄鼻根,高直鼻梁,微钝鼻头,宽嘴,嘴角平直,眼睑褶皱不对称,梨形脸（颈部线条延长），外侧突出眉骨/宽浅眼窝，短杏眼·眼尾明显挑·宽眼距，窄鼻根/高直鼻梁/微钝鼻头，宽嘴·嘴角平直，明显下颌角
FD00689,上窄下宽脸,颊部略凹,平直额,厚眉骨,宽浅眼窝,窄颧骨,饱满面颊,圆方下颌,短圆杏眼,眼尾延展,窄眼距,环状虹膜,宽鼻根,微弧鼻梁,下压鼻头,平直唇,嘴角平直,眼睑褶皱不对称,上窄下宽脸（颊部略凹），厚眉骨/宽浅眼窝，短圆杏眼·眼尾延展·窄眼距，宽鼻根/微弧鼻梁/下压鼻头，平直唇·嘴角平直，圆方下颌
FD00690,长菱形,面中平缓,骨感额,内侧突出眉骨,中度眼窝,低颧骨,薄面颊,柔和下颌,柳叶眼,眼尾平直,窄眼距,淡金瞳,中高鼻根,轻微偏左鼻梁,轻翘鼻头,上厚下薄,嘴角下垂,眉上小疤,长菱形（面中平缓），内侧突出眉骨/中度眼窝，柳叶眼·眼尾平直·窄眼距，中高鼻根/轻微偏左鼻梁/轻翘鼻头，上厚下薄·嘴角下垂，柔和下颌
FD00691,上宽下窄脸,颧部微收,窄额,压迫感眉骨,眼下骨感,高颧骨,幼态柔软面颊,窄下颌,猫系眼,眼尾明显挑,标准眼距,碎裂虹膜,高鼻根,轻微偏右鼻梁,窄翼鼻头,上薄下厚,嘴角上扬,双侧酒窝,上宽下窄脸（颧部微收），压迫感眉骨/眼下骨感，猫系眼·眼尾明显挑·标准眼距，高鼻根/轻微偏右鼻梁/窄翼鼻头，上薄下厚·嘴角上扬，窄下颌
FD00692,颧部展开脸,颈部线条收短,微凸额,厚眉骨,眼下骨感,高颧骨,薄面颊,骨感下颌,狭长瑞凤眼,眼尾下压,标准眼距,灰蓝瞳,宽鼻根,轻鹰钩鼻梁,肉感鼻头,弓形唇,嘴角下垂,单侧虎牙,颧部展开脸（颈部线条收短），厚眉骨/眼下骨感，狭长瑞凤眼·眼尾下压·标准眼距，宽鼻根/轻鹰钩鼻梁/肉感鼻头，弓形唇·嘴角下垂，骨感下颌
FD00693,骨感方脸,偏柔圆润,饱满额,外侧突出眉骨,窄深眼窝,高颧骨,成熟收紧面颊,柔和下颌,成熟长眼,眼尾下沉,窄眼距,灰蓝瞳,高鼻根,轻微偏右鼻梁,方圆鼻头,成熟长唇,单侧上扬,指节薄茧,骨感方脸（偏柔圆润），外侧突出眉骨/窄深眼窝，成熟长眼·眼尾下沉·窄眼距，高鼻根/轻微偏右鼻梁/方圆鼻头，成熟长唇·单侧上扬，柔和下颌
FD00694,正梯形脸,偏锐收窄,宽额,外侧突出眉骨,宽浅眼窝,外扩颧骨,饱满面颊,收敛下颌,少年圆眼,眼尾下沉,标准眼距,淡金瞳,中鼻根,轻鹰钩鼻梁,下压鼻头,成熟长唇,嘴角紧收,耳后小痣,正梯形脸（偏锐收窄），外侧突出眉骨/宽浅眼窝，少年圆眼·眼尾下沉·标准眼距，中鼻根/轻鹰钩鼻梁/下压鼻头，成熟长唇·嘴角紧收，收敛下颌
FD00695,颧部展开脸,下颌线柔化,骨感额,低眉骨,浅眼窝,柔和颧骨,饱满面颊,宽下颌,柳叶眼,眼尾平直,标准眼距,环状虹膜,宽鼻根,轻鹰钩鼻梁,微钝鼻头,弓形唇,嘴角紧收,碎裂虹膜,颧部展开脸（下颌线柔化），低眉骨/浅眼窝，柳叶眼·眼尾平直·标准眼距，宽鼻根/轻鹰钩鼻梁/微钝鼻头，弓形唇·嘴角紧收，宽下颌
FD00696,骨感菱形,偏锐收窄,宽额,内侧突出眉骨,窄深眼窝,高颧骨,薄面颊,宽下颌,半睁懒眼,眼尾下沉,标准眼距,淡金瞳,中鼻根,微弧鼻梁,下压鼻头,上薄下厚,嘴角下垂,右眼下浅泪痣,骨感菱形（偏锐收窄），内侧突出眉骨/窄深眼窝，半睁懒眼·眼尾下沉·标准眼距，中鼻根/微弧鼻梁/下压鼻头，上薄下厚·嘴角下垂，宽下颌
FD00697,梨形脸,下庭加重,宽额,内侧突出眉骨,浅眼窝,外扩颧骨,成熟收紧面颊,柔和下颌,狭长眼,眼尾平直,宽眼距,碎裂虹膜,宽鼻根,柔和鼻梁,下压鼻头,上薄下厚,嘴角紧收,颈侧细疤,梨形脸（下庭加重），内侧突出眉骨/浅眼窝，狭长眼·眼尾平直·宽眼距，宽鼻根/柔和鼻梁/下压鼻头，上薄下厚·嘴角紧收，柔和下颌
FD00698,心形脸,颈部线条延长,饱满额,薄眉骨,深眼窝,窄颧骨,幼态柔软面颊,窄下颌,鹿系眼,眼尾平直,窄眼距,淡金瞳,中高鼻根,柔和鼻梁,微钝鼻头,上厚下薄,嘴角平直,双侧酒窝,心形脸（颈部线条延长），薄眉骨/深眼窝，鹿系眼·眼尾平直·窄眼距，中高鼻根/柔和鼻梁/微钝鼻头，上厚下薄·嘴角平直，窄下颌
FD00699,倒三角脸,中轴收紧,高额,内侧突出眉骨,深眼窝,宽颧骨,轻凹面颊,柔和下颌,长杏眼,眼尾微挑,窄眼距,墨玉瞳,低鼻根,高直鼻梁,微钝鼻头,弓形唇,嘴角平直,环状虹膜,倒三角脸（中轴收紧），内侧突出眉骨/深眼窝，长杏眼·眼尾微挑·窄眼距，低鼻根/高直鼻梁/微钝鼻头，弓形唇·嘴角平直，柔和下颌
FD00700,幼态圆脸,颊部饱满,低额,内侧突出眉骨,窄深眼窝,外扩颧骨,成熟收紧面颊,明显下颌角,鹤系眼,眼尾明显挑,宽眼距,淡金瞳,宽鼻根,轻微偏右鼻梁,微钝鼻头,薄唇,嘴角下垂,碎裂虹膜,幼态圆脸（颊部饱满），内侧突出眉骨/窄深眼窝，鹤系眼·眼尾明显挑·宽眼距，宽鼻根/轻微偏右鼻梁/微钝鼻头，薄唇·嘴角下垂，明显下颌角
FD00701,幼态方脸,中庭拉长,高额,压迫感眉骨,浅眼窝,柔和颧骨,成熟收紧面颊,圆方下颌,平凤眼,眼尾明显挑,标准眼距,灰蓝瞳,宽鼻根,轻微偏左鼻梁,小圆鼻头,小嘴,嘴角紧收,无标志,幼态方脸（中庭拉长），压迫感眉骨/浅眼窝，平凤眼·眼尾明显挑·标准眼距，宽鼻根/轻微偏左鼻梁/小圆鼻头，小嘴·嘴角紧收，圆方下颌
FD00702,肉感短脸,骨点内敛,低额,内侧突出眉骨,中度眼窝,窄颧骨,成熟收紧面颊,窄下颌,下垂眼,眼尾明显挑,宽眼距,墨玉瞳,中鼻根,轻鹰钩鼻梁,骨感鼻头,小嘴,嘴角紧收,鼻梁旧伤,肉感短脸（骨点内敛），内侧突出眉骨/中度眼窝，下垂眼·眼尾明显挑·宽眼距，中鼻根/轻鹰钩鼻梁/骨感鼻头，小嘴·嘴角紧收，窄下颌
FD00703,骨感方脸,中轴收紧,低额,内侧突出眉骨,浅眼窝,宽颧骨,轻凹面颊,明显下颌角,下垂眼,眼尾下沉,标准眼距,琥珀瞳,中鼻根,中直鼻梁,下压鼻头,厚唇,单侧上扬,下颌浅疤,骨感方脸（中轴收紧），内侧突出眉骨/浅眼窝，下垂眼·眼尾下沉·标准眼距，中鼻根/中直鼻梁/下压鼻头，厚唇·单侧上扬，明显下颌角
FD00704,幼态方脸,偏锐收窄,高额,低眉骨,窄深眼窝,窄颧骨,成熟收紧面颊,窄下颌,短圆杏眼,眼尾延展,标准眼距,环状虹膜,窄鼻根,中直鼻梁,微钝鼻头,厚唇,嘴角紧收,右眼下浅泪痣,幼态方脸（偏锐收窄），低眉骨/窄深眼窝，短圆杏眼·眼尾延展·标准眼距，窄鼻根/中直鼻梁/微钝鼻头，厚唇·嘴角紧收，窄下颌
FD00705,长心形脸,面中平缓,微凸额,薄眉骨,窄深眼窝,窄颧骨,饱满面颊,宽下颌,猫系眼,眼尾延展,窄眼距,环状虹膜,中高鼻根,宽骨鼻梁,方圆鼻头,平直唇,嘴角下垂,眉上小疤,长心形脸（面中平缓），薄眉骨/窄深眼窝，猫系眼·眼尾延展·窄眼距，中高鼻根/宽骨鼻梁/方圆鼻头，平直唇·嘴角下垂，宽下颌
FD00706,长心形脸,面中立体化,窄额,低眉骨,眼下骨感,低颧骨,轻凹面颊,窄下颌,猫系眼,眼尾明显挑,标准眼距,环状虹膜,中高鼻根,中直鼻梁,方圆鼻头,弓形唇,单侧上扬,无标志,长心形脸（面中立体化），低眉骨/眼下骨感，猫系眼·眼尾明显挑·标准眼距，中高鼻根/中直鼻梁/方圆鼻头，弓形唇·单侧上扬，窄下颌
FD00707,幼态方脸,中轴收紧,低额,外侧突出眉骨,眼下骨感,柔和颧骨,饱满面颊,骨感下颌,桃花眼,眼尾微挑,窄眼距,环状虹膜,宽鼻根,轻鹰钩鼻梁,骨感鼻头,成熟长唇,嘴角上扬,下颌浅疤,幼态方脸（中轴收紧），外侧突出眉骨/眼下骨感，桃花眼·眼尾微挑·窄眼距，宽鼻根/轻鹰钩鼻梁/骨感鼻头，成熟长唇·嘴角上扬，骨感下颌
FD00708,颧部展开脸,骨点内敛,高额,低眉骨,浅眼窝,柔和颧骨,饱满面颊,圆方下颌,宽杏眼,眼尾明显挑,宽眼距,环状虹膜,中高鼻根,轻微偏左鼻梁,下压鼻头,上薄下厚,嘴角上扬,眼睑褶皱不对称,颧部展开脸（骨点内敛），低眉骨/浅眼窝，宽杏眼·眼尾明显挑·宽眼距，中高鼻根/轻微偏左鼻梁/下压鼻头，上薄下厚·嘴角上扬，圆方下颌
FD00709,长心形脸,下颌线清晰化,骨感额,薄眉骨,眼下骨感,低颧骨,饱满面颊,柔和下颌,少年圆眼,眼尾延展,标准眼距,碎裂虹膜,中高鼻根,轻鹰钩鼻梁,微钝鼻头,平直唇,单侧上扬,眼睑褶皱不对称,长心形脸（下颌线清晰化），薄眉骨/眼下骨感，少年圆眼·眼尾延展·标准眼距，中高鼻根/轻鹰钩鼻梁/微钝鼻头，平直唇·单侧上扬，柔和下颌
FD00710,标准菱形,颧部外扩,宽额,高眉骨,深眼窝,窄颧骨,饱满面颊,骨感下颌,冷感眼,眼尾下压,标准眼距,异色瞳,窄鼻根,高直鼻梁,下压鼻头,上薄下厚,嘴角紧收,单侧虎牙,标准菱形（颧部外扩），高眉骨/深眼窝，冷感眼·眼尾下压·标准眼距，窄鼻根/高直鼻梁/下压鼻头，上薄下厚·嘴角紧收，骨感下颌
FD00711,圆方脸,颧部微收,高额,柔和眉骨,窄深眼窝,柔和颧骨,幼态柔软面颊,方下颌,下垂眼,眼尾延展,标准眼距,灰蓝瞳,中鼻根,宽骨鼻梁,小圆鼻头,上厚下薄,嘴角紧收,左颊浅疤,圆方脸（颧部微收），柔和眉骨/窄深眼窝，下垂眼·眼尾延展·标准眼距，中鼻根/宽骨鼻梁/小圆鼻头，上厚下薄·嘴角紧收，方下颌
FD00712,宽方脸,中庭展宽,饱满额,高眉骨,眼下骨感,宽颧骨,幼态柔软面颊,明显下颌角,瑞凤眼,眼尾下沉,宽眼距,星点虹膜,中鼻根,轻微偏右鼻梁,骨感鼻头,上薄下厚,单侧上扬,无标志,宽方脸（中庭展宽），高眉骨/眼下骨感，瑞凤眼·眼尾下沉·宽眼距，中鼻根/轻微偏右鼻梁/骨感鼻头，上薄下厚·单侧上扬，明显下颌角
FD00713,长菱形,偏锐收窄,骨感额,高眉骨,眼下骨感,宽颧骨,饱满面颊,宽下颌,丹凤眼,眼尾下压,窄眼距,浅褐瞳,中鼻根,轻微偏右鼻梁,方圆鼻头,成熟长唇,嘴角下垂,异色瞳,长菱形（偏锐收窄），高眉骨/眼下骨感，丹凤眼·眼尾下压·窄眼距，中鼻根/轻微偏右鼻梁/方圆鼻头，成熟长唇·嘴角下垂，宽下颌
FD00714,长菱形,下颌线清晰化,低额,内侧突出眉骨,眼下饱满,外扩颧骨,轻凹面颊,柔和下颌,柳叶眼,眼尾延展,宽眼距,灰蓝瞳,高鼻根,柔和鼻梁,骨感鼻头,小嘴,嘴角上扬,眉心竖纹浅痕,长菱形（下颌线清晰化），内侧突出眉骨/眼下饱满，柳叶眼·眼尾延展·宽眼距，高鼻根/柔和鼻梁/骨感鼻头，小嘴·嘴角上扬，柔和下颌
FD00715,宽心形脸,下庭加重,宽额,薄眉骨,中度眼窝,低颧骨,轻凹面颊,窄下颌,短圆杏眼,眼尾平直,标准眼距,星点虹膜,窄鼻根,轻鹰钩鼻梁,小圆鼻头,平直唇,嘴角上扬,额角旧痕,宽心形脸（下庭加重），薄眉骨/中度眼窝，短圆杏眼·眼尾平直·标准眼距，窄鼻根/轻鹰钩鼻梁/小圆鼻头，平直唇·嘴角上扬，窄下颌
FD00716,宽心形脸,下庭收窄,微凸额,外侧突出眉骨,眼下骨感,宽颧骨,饱满面颊,柔和下颌,少年圆眼,眼尾下压,宽眼距,环状虹膜,窄鼻根,柔和鼻梁,小圆鼻头,薄唇,嘴角下垂,唇下小痣,宽心形脸（下庭收窄），外侧突出眉骨/眼下骨感，少年圆眼·眼尾下压·宽眼距，窄鼻根/柔和鼻梁/小圆鼻头，薄唇·嘴角下垂，柔和下颌
FD00717,倒梯形脸,面中平缓,饱满额,低眉骨,浅眼窝,外扩颧骨,轻凹面颊,收敛下颌,狭长眼,眼尾下压,标准眼距,环状虹膜,窄鼻根,中直鼻梁,骨感鼻头,宽嘴,单侧上扬,无标志,倒梯形脸（面中平缓），低眉骨/浅眼窝，狭长眼·眼尾下压·标准眼距，窄鼻根/中直鼻梁/骨感鼻头，宽嘴·单侧上扬，收敛下颌
FD00718,圆脸,颈部线条延长,骨感额,厚眉骨,中度眼窝,外扩颧骨,轻凹面颊,柔和下颌,鹿系眼,眼尾平直,宽眼距,异色瞳,中鼻根,宽骨鼻梁,肉感鼻头,上薄下厚,嘴角平直,额角旧痕,圆脸（颈部线条延长），厚眉骨/中度眼窝，鹿系眼·眼尾平直·宽眼距，中鼻根/宽骨鼻梁/肉感鼻头，上薄下厚·嘴角平直，柔和下颌
FD00719,下颌突出脸,颌角强调,饱满额,内侧突出眉骨,宽浅眼窝,宽颧骨,轻凹面颊,圆方下颌,冷感眼,眼尾下沉,标准眼距,琥珀瞳,高鼻根,宽骨鼻梁,窄翼鼻头,弓形唇,单侧上扬,额角旧痕,下颌突出脸（颌角强调），内侧突出眉骨/宽浅眼窝，冷感眼·眼尾下沉·标准眼距，高鼻根/宽骨鼻梁/窄翼鼻头，弓形唇·单侧上扬，圆方下颌
FD00720,圆方脸,中庭拉长,平直额,高眉骨,中度眼窝,柔和颧骨,成熟收紧面颊,宽下颌,平凤眼,眼尾下压,窄眼距,环状虹膜,高鼻根,中直鼻梁,下压鼻头,小嘴,嘴角紧收,双侧酒窝,圆方脸（中庭拉长），高眉骨/中度眼窝，平凤眼·眼尾下压·窄眼距，高鼻根/中直鼻梁/下压鼻头，小嘴·嘴角紧收，宽下颌
FD00721,宽菱形,下庭收窄,平直额,高眉骨,深眼窝,宽颧骨,幼态柔软面颊,柔和下颌,疲惫眼,眼尾下压,标准眼距,碎裂虹膜,高鼻根,轻微偏右鼻梁,下压鼻头,上薄下厚,嘴角紧收,耳后小痣,宽菱形（下庭收窄），高眉骨/深眼窝，疲惫眼·眼尾下压·标准眼距，高鼻根/轻微偏右鼻梁/下压鼻头，上薄下厚·嘴角紧收，柔和下颌
FD00722,宽心形脸,下颌线清晰化,平直额,薄眉骨,宽浅眼窝,宽颧骨,幼态柔软面颊,窄下颌,窄杏眼,眼尾明显挑,窄眼距,琥珀瞳,中高鼻根,轻微偏右鼻梁,窄翼鼻头,成熟长唇,单侧上扬,唇下小痣,宽心形脸（下颌线清晰化），薄眉骨/宽浅眼窝，窄杏眼·眼尾明显挑·窄眼距，中高鼻根/轻微偏右鼻梁/窄翼鼻头，成熟长唇·单侧上扬，窄下颌
FD00723,倒三角脸,下颌线清晰化,高额,高眉骨,窄深眼窝,高颧骨,成熟收紧面颊,圆方下颌,桃花眼,眼尾微挑,标准眼距,星点虹膜,中鼻根,宽骨鼻梁,微钝鼻头,小嘴,嘴角上扬,异色瞳,倒三角脸（下颌线清晰化），高眉骨/窄深眼窝，桃花眼·眼尾微挑·标准眼距，中鼻根/宽骨鼻梁/微钝鼻头，小嘴·嘴角上扬，圆方下颌
FD00724,宽方脸,颌角弱化,窄额,低眉骨,中度眼窝,窄颧骨,薄面颊,明显下颌角,狭长眼,眼尾微挑,标准眼距,浅褐瞳,中高鼻根,宽骨鼻梁,窄翼鼻头,平直唇,嘴角下垂,唇下小痣,宽方脸（颌角弱化），低眉骨/中度眼窝，狭长眼·眼尾微挑·标准眼距，中高鼻根/宽骨鼻梁/窄翼鼻头，平直唇·嘴角下垂，明显下颌角
FD00725,幼态方脸,中轴微长,平直额,外侧突出眉骨,窄深眼窝,外扩颧骨,成熟收紧面颊,圆方下颌,下垂眼,眼尾平直,标准眼距,淡金瞳,窄鼻根,中直鼻梁,窄翼鼻头,上厚下薄,嘴角下垂,异色瞳,幼态方脸（中轴微长），外侧突出眉骨/窄深眼窝，下垂眼·眼尾平直·标准眼距，窄鼻根/中直鼻梁/窄翼鼻头，上厚下薄·嘴角下垂，圆方下颌
FD00726,正梯形脸,颧部微收,低额,压迫感眉骨,眼下骨感,低颧骨,饱满面颊,收敛下颌,瑞凤眼,眼尾下沉,宽眼距,浅褐瞳,高鼻根,柔和鼻梁,骨感鼻头,小嘴,嘴角上扬,指节薄茧,正梯形脸（颧部微收），压迫感眉骨/眼下骨感，瑞凤眼·眼尾下沉·宽眼距，高鼻根/柔和鼻梁/骨感鼻头，小嘴·嘴角上扬，收敛下颌
FD00727,窄方脸,下颌线清晰化,宽额,厚眉骨,眼下骨感,外扩颧骨,饱满面颊,宽下颌,狭长眼,眼尾明显挑,宽眼距,琥珀瞳,中高鼻根,中直鼻梁,轻翘鼻头,弓形唇,嘴角下垂,眉尾旧疤,窄方脸（下颌线清晰化），厚眉骨/眼下骨感，狭长眼·眼尾明显挑·宽眼距，中高鼻根/中直鼻梁/轻翘鼻头，弓形唇·嘴角下垂，宽下颌
FD00728,柔和方脸,下庭收窄,低额,压迫感眉骨,浅眼窝,柔和颧骨,幼态柔软面颊,柔和下颌,丹凤眼,眼尾平直,窄眼距,灰蓝瞳,中鼻根,轻微偏左鼻梁,方圆鼻头,上薄下厚,嘴角下垂,鼻梁旧伤,柔和方脸（下庭收窄），压迫感眉骨/浅眼窝，丹凤眼·眼尾平直·窄眼距，中鼻根/轻微偏左鼻梁/方圆鼻头，上薄下厚·嘴角下垂，柔和下颌
FD00729,方菱过渡脸,偏锐收窄,平直额,薄眉骨,眼下饱满,宽颧骨,薄面颊,柔和下颌,鹰隼眼,眼尾微挑,宽眼距,星点虹膜,高鼻根,轻微偏左鼻梁,微钝鼻头,平直唇,嘴角紧收,无标志,方菱过渡脸（偏锐收窄），薄眉骨/眼下饱满，鹰隼眼·眼尾微挑·宽眼距，高鼻根/轻微偏左鼻梁/微钝鼻头，平直唇·嘴角紧收，柔和下颌
FD00730,长菱形,颈部线条收短,低额,薄眉骨,眼下饱满,柔和颧骨,薄面颊,明显下颌角,短圆杏眼,眼尾下沉,宽眼距,淡金瞳,窄鼻根,高直鼻梁,微钝鼻头,宽嘴,嘴角下垂,碎裂虹膜,长菱形（颈部线条收短），薄眉骨/眼下饱满，短圆杏眼·眼尾下沉·宽眼距，窄鼻根/高直鼻梁/微钝鼻头，宽嘴·嘴角下垂，明显下颌角
FD00731,幼态圆脸,颈部线条收短,骨感额,柔和眉骨,眼下骨感,窄颧骨,幼态柔软面颊,窄下颌,鹿系眼,眼尾明显挑,窄眼距,环状虹膜,中鼻根,轻微偏右鼻梁,下压鼻头,小嘴,单侧上扬,颈侧细疤,幼态圆脸（颈部线条收短），柔和眉骨/眼下骨感，鹿系眼·眼尾明显挑·窄眼距，中鼻根/轻微偏右鼻梁/下压鼻头，小嘴·单侧上扬，窄下颌
FD00732,肉感短脸,骨点内敛,低额,高眉骨,浅眼窝,高颧骨,幼态柔软面颊,骨感下颌,半睁懒眼,眼尾平直,窄眼距,碎裂虹膜,窄鼻根,柔和鼻梁,微钝鼻头,薄唇,嘴角上扬,单侧酒窝,肉感短脸（骨点内敛），高眉骨/浅眼窝，半睁懒眼·眼尾平直·窄眼距，窄鼻根/柔和鼻梁/微钝鼻头，薄唇·嘴角上扬，骨感下颌
FD00733,长方脸,颊部饱满,骨感额,薄眉骨,深眼窝,柔和颧骨,饱满面颊,柔和下颌,鹿系眼,眼尾下压,标准眼距,碎裂虹膜,中高鼻根,轻微偏左鼻梁,轻翘鼻头,成熟长唇,嘴角紧收,鼻梁旧伤,长方脸（颊部饱满），薄眉骨/深眼窝，鹿系眼·眼尾下压·标准眼距，中高鼻根/轻微偏左鼻梁/轻翘鼻头，成熟长唇·嘴角紧收，柔和下颌
FD00734,成熟方脸,颌角弱化,窄额,外侧突出眉骨,浅眼窝,外扩颧骨,饱满面颊,圆方下颌,成熟长眼,眼尾下压,窄眼距,深色瞳,高鼻根,中直鼻梁,下压鼻头,小嘴,嘴角紧收,颈侧细疤,成熟方脸（颌角弱化），外侧突出眉骨/浅眼窝，成熟长眼·眼尾下压·窄眼距，高鼻根/中直鼻梁/下压鼻头，小嘴·嘴角紧收，圆方下颌
FD00735,长方脸,面中平缓,低额,内侧突出眉骨,眼下骨感,窄颧骨,轻凹面颊,明显下颌角,狭长眼,眼尾明显挑,标准眼距,碎裂虹膜,宽鼻根,中直鼻梁,方圆鼻头,弓形唇,嘴角平直,环状虹膜,长方脸（面中平缓），内侧突出眉骨/眼下骨感，狭长眼·眼尾明显挑·标准眼距，宽鼻根/中直鼻梁/方圆鼻头，弓形唇·嘴角平直，明显下颌角
FD00736,肉感短脸,偏柔圆润,高额,压迫感眉骨,深眼窝,窄颧骨,饱满面颊,方下颌,成熟长眼,眼尾平直,宽眼距,墨玉瞳,窄鼻根,柔和鼻梁,骨感鼻头,宽嘴,单侧上扬,左眼下浅泪痣,肉感短脸（偏柔圆润），压迫感眉骨/深眼窝，成熟长眼·眼尾平直·宽眼距，窄鼻根/柔和鼻梁/骨感鼻头，宽嘴·单侧上扬，方下颌
FD00737,圆脸,颌角强调,窄额,外侧突出眉骨,眼下饱满,宽颧骨,幼态柔软面颊,方下颌,半睁懒眼,眼尾下沉,宽眼距,环状虹膜,高鼻根,柔和鼻梁,小圆鼻头,平直唇,嘴角下垂,单侧酒窝,圆脸（颌角强调），外侧突出眉骨/眼下饱满，半睁懒眼·眼尾下沉·宽眼距，高鼻根/柔和鼻梁/小圆鼻头，平直唇·嘴角下垂，方下颌
FD00738,倒三角脸,偏柔圆润,窄额,低眉骨,眼下骨感,窄颧骨,成熟收紧面颊,方下颌,下垂眼,眼尾明显挑,窄眼距,环状虹膜,低鼻根,微弧鼻梁,小圆鼻头,薄唇,嘴角平直,眉尾旧疤,倒三角脸（偏柔圆润），低眉骨/眼下骨感，下垂眼·眼尾明显挑·窄眼距，低鼻根/微弧鼻梁/小圆鼻头，薄唇·嘴角平直，方下颌
FD00739,肉感短脸,下庭加重,低额,压迫感眉骨,眼下饱满,高颧骨,轻凹面颊,明显下颌角,下垂眼,眼尾微挑,标准眼距,异色瞳,中高鼻根,柔和鼻梁,骨感鼻头,厚唇,单侧上扬,单侧虎牙,肉感短脸（下庭加重），压迫感眉骨/眼下饱满，下垂眼·眼尾微挑·标准眼距，中高鼻根/柔和鼻梁/骨感鼻头，厚唇·单侧上扬，明显下颌角
FD00740,心形脸,颌角强调,高额,柔和眉骨,窄深眼窝,宽颧骨,薄面颊,柔和下颌,疲惫眼,眼尾微挑,宽眼距,异色瞳,低鼻根,轻微偏左鼻梁,窄翼鼻头,小嘴,单侧上扬,环状虹膜,心形脸（颌角强调），柔和眉骨/窄深眼窝，疲惫眼·眼尾微挑·宽眼距，低鼻根/轻微偏左鼻梁/窄翼鼻头，小嘴·单侧上扬，柔和下颌
FD00741,成熟方脸,颧部微收,骨感额,薄眉骨,眼下饱满,窄颧骨,饱满面颊,窄下颌,长杏眼,眼尾平直,标准眼距,淡金瞳,中高鼻根,柔和鼻梁,小圆鼻头,上薄下厚,嘴角下垂,左眼下浅泪痣,成熟方脸（颧部微收），薄眉骨/眼下饱满，长杏眼·眼尾平直·标准眼距，中高鼻根/柔和鼻梁/小圆鼻头，上薄下厚·嘴角下垂，窄下颌
FD00742,长菱形,颈部线条收短,低额,薄眉骨,中度眼窝,外扩颧骨,薄面颊,方下颌,短圆杏眼,眼尾平直,标准眼距,环状虹膜,窄鼻根,高直鼻梁,下压鼻头,成熟长唇,嘴角下垂,耳后小痣,长菱形（颈部线条收短），薄眉骨/中度眼窝，短圆杏眼·眼尾平直·标准眼距，窄鼻根/高直鼻梁/下压鼻头，成熟长唇·嘴角下垂，方下颌
FD00743,上宽下窄脸,颊部略凹,高额,高眉骨,深眼窝,外扩颧骨,饱满面颊,柔和下颌,猫系眼,眼尾下压,标准眼距,环状虹膜,中高鼻根,轻微偏右鼻梁,微钝鼻头,成熟长唇,嘴角下垂,异色瞳,上宽下窄脸（颊部略凹），高眉骨/深眼窝，猫系眼·眼尾下压·标准眼距，中高鼻根/轻微偏右鼻梁/微钝鼻头，成熟长唇·嘴角下垂，柔和下颌
FD00744,长圆脸,颧部外扩,低额,内侧突出眉骨,浅眼窝,低颧骨,幼态柔软面颊,明显下颌角,鹿系眼,眼尾微挑,宽眼距,墨玉瞳,宽鼻根,微弧鼻梁,小圆鼻头,成熟长唇,单侧上扬,碎裂虹膜,长圆脸（颧部外扩），内侧突出眉骨/浅眼窝，鹿系眼·眼尾微挑·宽眼距，宽鼻根/微弧鼻梁/小圆鼻头，成熟长唇·单侧上扬，明显下颌角
FD00745,双颌匀称脸,面中立体化,高额,柔和眉骨,深眼窝,低颧骨,幼态柔软面颊,宽下颌,桃花眼,眼尾下沉,标准眼距,异色瞳,中鼻根,宽骨鼻梁,小圆鼻头,平直唇,单侧上扬,眼睑褶皱不对称,双颌匀称脸（面中立体化），柔和眉骨/深眼窝，桃花眼·眼尾下沉·标准眼距，中鼻根/宽骨鼻梁/小圆鼻头，平直唇·单侧上扬，宽下颌
FD00746,圆脸,颈部线条收短,高额,高眉骨,浅眼窝,窄颧骨,轻凹面颊,柔和下颌,桃花眼,眼尾延展,窄眼距,深色瞳,中鼻根,微弧鼻梁,下压鼻头,薄唇,嘴角紧收,指节薄茧,圆脸（颈部线条收短），高眉骨/浅眼窝，桃花眼·眼尾延展·窄眼距，中鼻根/微弧鼻梁/下压鼻头，薄唇·嘴角紧收，柔和下颌
FD00747,骨感方脸,颧部外扩,宽额,内侧突出眉骨,浅眼窝,柔和颧骨,轻凹面颊,宽下颌,柳叶眼,眼尾平直,宽眼距,琥珀瞳,窄鼻根,中直鼻梁,肉感鼻头,上厚下薄,嘴角平直,眉上小疤,骨感方脸（颧部外扩），内侧突出眉骨/浅眼窝，柳叶眼·眼尾平直·宽眼距，窄鼻根/中直鼻梁/肉感鼻头，上厚下薄·嘴角平直，宽下颌
FD00748,宽心形脸,中轴收紧,饱满额,薄眉骨,眼下饱满,柔和颧骨,薄面颊,明显下颌角,上扬凤眼,眼尾微挑,窄眼距,淡金瞳,低鼻根,宽骨鼻梁,骨感鼻头,上薄下厚,嘴角下垂,瞳孔残缺,宽心形脸（中轴收紧），薄眉骨/眼下饱满，上扬凤眼·眼尾微挑·窄眼距，低鼻根/宽骨鼻梁/骨感鼻头，上薄下厚·嘴角下垂，明显下颌角
FD00749,倒三角脸,下庭加重,高额,压迫感眉骨,浅眼窝,外扩颧骨,饱满面颊,宽下颌,狭长瑞凤眼,眼尾下压,标准眼距,星点虹膜,中高鼻根,宽骨鼻梁,下压鼻头,薄唇,嘴角下垂,右眼下浅泪痣,倒三角脸（下庭加重），压迫感眉骨/浅眼窝，狭长瑞凤眼·眼尾下压·标准眼距，中高鼻根/宽骨鼻梁/下压鼻头，薄唇·嘴角下垂，宽下颌
FD00750,圆脸,下颌线柔化,低额,高眉骨,眼下骨感,外扩颧骨,轻凹面颊,骨感下颌,狐狸系眼,眼尾微挑,窄眼距,浅褐瞳,窄鼻根,轻微偏右鼻梁,下压鼻头,弓形唇,嘴角紧收,左颊浅疤,圆脸（下颌线柔化），高眉骨/眼下骨感，狐狸系眼·眼尾微挑·窄眼距，窄鼻根/轻微偏右鼻梁/下压鼻头，弓形唇·嘴角紧收，骨感下颌
FD00751,宽菱形,下颌线清晰化,饱满额,薄眉骨,浅眼窝,窄颧骨,成熟收紧面颊,宽下颌,桃花眼,眼尾下沉,宽眼距,星点虹膜,中高鼻根,高直鼻梁,下压鼻头,小嘴,嘴角下垂,眉心竖纹浅痕,宽菱形（下颌线清晰化），薄眉骨/浅眼窝，桃花眼·眼尾下沉·宽眼距，中高鼻根/高直鼻梁/下压鼻头，小嘴·嘴角下垂，宽下颌
FD00752,心形脸,面中平缓,窄额,外侧突出眉骨,浅眼窝,低颧骨,轻凹面颊,圆方下颌,猫系眼,眼尾下沉,窄眼距,浅褐瞳,低鼻根,中直鼻梁,骨感鼻头,厚唇,单侧上扬,无标志,心形脸（面中平缓），外侧突出眉骨/浅眼窝，猫系眼·眼尾下沉·窄眼距，低鼻根/中直鼻梁/骨感鼻头，厚唇·单侧上扬，圆方下颌
FD00753,柔和菱形,中庭展宽,窄额,柔和眉骨,眼下饱满,低颧骨,饱满面颊,骨感下颌,鹤系眼,眼尾延展,宽眼距,琥珀瞳,高鼻根,轻微偏左鼻梁,肉感鼻头,薄唇,嘴角紧收,颈侧细疤,柔和菱形（中庭展宽），柔和眉骨/眼下饱满，鹤系眼·眼尾延展·宽眼距，高鼻根/轻微偏左鼻梁/肉感鼻头，薄唇·嘴角紧收，骨感下颌
FD00754,长方脸,颊部略凹,饱满额,压迫感眉骨,眼下骨感,宽颧骨,薄面颊,骨感下颌,冷感眼,眼尾下压,宽眼距,深色瞳,宽鼻根,轻微偏右鼻梁,方圆鼻头,小嘴,单侧上扬,单侧酒窝,长方脸（颊部略凹），压迫感眉骨/眼下骨感，冷感眼·眼尾下压·宽眼距，宽鼻根/轻微偏右鼻梁/方圆鼻头，小嘴·单侧上扬，骨感下颌
FD00755,上窄下宽脸,下庭加重,宽额,高眉骨,宽浅眼窝,低颧骨,饱满面颊,明显下颌角,长杏眼,眼尾平直,宽眼距,异色瞳,中高鼻根,高直鼻梁,肉感鼻头,弓形唇,嘴角下垂,额角旧痕,上窄下宽脸（下庭加重），高眉骨/宽浅眼窝，长杏眼·眼尾平直·宽眼距，中高鼻根/高直鼻梁/肉感鼻头，弓形唇·嘴角下垂，明显下颌角
FD00756,心形脸,下颌线清晰化,骨感额,外侧突出眉骨,深眼窝,外扩颧骨,饱满面颊,窄下颌,瑞凤眼,眼尾延展,窄眼距,环状虹膜,中高鼻根,柔和鼻梁,方圆鼻头,小嘴,嘴角下垂,无标志,心形脸（下颌线清晰化），外侧突出眉骨/深眼窝，瑞凤眼·眼尾延展·窄眼距，中高鼻根/柔和鼻梁/方圆鼻头，小嘴·嘴角下垂，窄下颌
FD00757,颧部展开脸,颌角强调,宽额,厚眉骨,眼下骨感,宽颧骨,成熟收紧面颊,方下颌,狐狸系眼,眼尾明显挑,标准眼距,灰蓝瞳,宽鼻根,中直鼻梁,轻翘鼻头,上厚下薄,嘴角紧收,碎裂虹膜,颧部展开脸（颌角强调），厚眉骨/眼下骨感，狐狸系眼·眼尾明显挑·标准眼距，宽鼻根/中直鼻梁/轻翘鼻头，上厚下薄·嘴角紧收，方下颌
FD00758,圆脸,中庭拉长,低额,柔和眉骨,眼下饱满,外扩颧骨,幼态柔软面颊,柔和下颌,圆长眼,眼尾延展,标准眼距,碎裂虹膜,中高鼻根,高直鼻梁,下压鼻头,薄唇,嘴角平直,眼睑褶皱不对称,圆脸（中庭拉长），柔和眉骨/眼下饱满，圆长眼·眼尾延展·标准眼距，中高鼻根/高直鼻梁/下压鼻头，薄唇·嘴角平直，柔和下颌
FD00759,清瘦圆脸,偏锐收窄,低额,厚眉骨,浅眼窝,低颧骨,薄面颊,收敛下颌,柳叶眼,眼尾下沉,标准眼距,碎裂虹膜,中高鼻根,宽骨鼻梁,下压鼻头,弓形唇,嘴角上扬,鼻梁旧伤,清瘦圆脸（偏锐收窄），厚眉骨/浅眼窝，柳叶眼·眼尾下沉·标准眼距，中高鼻根/宽骨鼻梁/下压鼻头，弓形唇·嘴角上扬，收敛下颌
FD00760,心形脸,下庭收窄,平直额,厚眉骨,浅眼窝,宽颧骨,成熟收紧面颊,圆方下颌,狭长眼,眼尾下压,标准眼距,异色瞳,窄鼻根,中直鼻梁,微钝鼻头,弓形唇,嘴角紧收,指节薄茧,心形脸（下庭收窄），厚眉骨/浅眼窝，狭长眼·眼尾下压·标准眼距，窄鼻根/中直鼻梁/微钝鼻头，弓形唇·嘴角紧收，圆方下颌
FD00761,圆方脸,偏柔圆润,窄额,柔和眉骨,宽浅眼窝,窄颧骨,轻凹面颊,方下颌,半睁懒眼,眼尾明显挑,宽眼距,碎裂虹膜,高鼻根,中直鼻梁,小圆鼻头,厚唇,嘴角下垂,异色瞳,圆方脸（偏柔圆润），柔和眉骨/宽浅眼窝，半睁懒眼·眼尾明显挑·宽眼距，高鼻根/中直鼻梁/小圆鼻头，厚唇·嘴角下垂，方下颌
FD00762,圆脸,下庭加重,高额,高眉骨,眼下骨感,高颧骨,幼态柔软面颊,明显下颌角,圆长眼,眼尾明显挑,标准眼距,星点虹膜,窄鼻根,轻微偏左鼻梁,下压鼻头,成熟长唇,嘴角紧收,碎裂虹膜,圆脸（下庭加重），高眉骨/眼下骨感，圆长眼·眼尾明显挑·标准眼距，窄鼻根/轻微偏左鼻梁/下压鼻头，成熟长唇·嘴角紧收，明显下颌角
FD00763,柔和菱形,颊部略凹,微凸额,薄眉骨,中度眼窝,高颧骨,幼态柔软面颊,柔和下颌,柳叶眼,眼尾平直,窄眼距,灰蓝瞳,高鼻根,中直鼻梁,骨感鼻头,小嘴,嘴角紧收,无标志,柔和菱形（颊部略凹），薄眉骨/中度眼窝，柳叶眼·眼尾平直·窄眼距，高鼻根/中直鼻梁/骨感鼻头，小嘴·嘴角紧收，柔和下颌
FD00764,柔和方脸,骨点外显,微凸额,柔和眉骨,深眼窝,外扩颧骨,薄面颊,圆方下颌,短杏眼,眼尾延展,标准眼距,星点虹膜,窄鼻根,微弧鼻梁,肉感鼻头,小嘴,嘴角平直,环状虹膜,柔和方脸（骨点外显），柔和眉骨/深眼窝，短杏眼·眼尾延展·标准眼距，窄鼻根/微弧鼻梁/肉感鼻头，小嘴·嘴角平直，圆方下颌
FD00765,短圆脸,颈部线条延长,低额,压迫感眉骨,窄深眼窝,窄颧骨,薄面颊,明显下颌角,宽杏眼,眼尾平直,宽眼距,淡金瞳,高鼻根,高直鼻梁,下压鼻头,上厚下薄,单侧上扬,额角旧痕,短圆脸（颈部线条延长），压迫感眉骨/窄深眼窝，宽杏眼·眼尾平直·宽眼距，高鼻根/高直鼻梁/下压鼻头，上厚下薄·单侧上扬，明显下颌角
FD00766,清瘦圆脸,偏柔圆润,高额,高眉骨,眼下饱满,外扩颧骨,幼态柔软面颊,宽下颌,狭长瑞凤眼,眼尾下沉,宽眼距,灰蓝瞳,高鼻根,宽骨鼻梁,窄翼鼻头,厚唇,嘴角紧收,耳后小痣,清瘦圆脸（偏柔圆润），高眉骨/眼下饱满，狭长瑞凤眼·眼尾下沉·宽眼距，高鼻根/宽骨鼻梁/窄翼鼻头，厚唇·嘴角紧收，宽下颌
FD00767,长心形脸,上庭展开,窄额,低眉骨,眼下饱满,宽颧骨,饱满面颊,明显下颌角,上扬凤眼,眼尾延展,标准眼距,环状虹膜,高鼻根,宽骨鼻梁,微钝鼻头,平直唇,嘴角紧收,左眼下浅泪痣,长心形脸（上庭展开），低眉骨/眼下饱满，上扬凤眼·眼尾延展·标准眼距，高鼻根/宽骨鼻梁/微钝鼻头，平直唇·嘴角紧收，明显下颌角
FD00768,成熟方脸,颌角强调,饱满额,低眉骨,深眼窝,柔和颧骨,饱满面颊,圆方下颌,丹凤眼,眼尾微挑,宽眼距,深色瞳,宽鼻根,轻鹰钩鼻梁,小圆鼻头,成熟长唇,嘴角紧收,眼睑褶皱不对称,成熟方脸（颌角强调），低眉骨/深眼窝，丹凤眼·眼尾微挑·宽眼距，宽鼻根/轻鹰钩鼻梁/小圆鼻头，成熟长唇·嘴角紧收，圆方下颌
FD00769,双颌匀称脸,上庭展开,高额,高眉骨,深眼窝,柔和颧骨,幼态柔软面颊,窄下颌,冷感眼,眼尾明显挑,宽眼距,星点虹膜,低鼻根,宽骨鼻梁,小圆鼻头,上厚下薄,嘴角上扬,单侧酒窝,双颌匀称脸（上庭展开），高眉骨/深眼窝，冷感眼·眼尾明显挑·宽眼距，低鼻根/宽骨鼻梁/小圆鼻头，上厚下薄·嘴角上扬，窄下颌
FD00770,肉感短脸,骨点内敛,窄额,厚眉骨,浅眼窝,宽颧骨,成熟收紧面颊,骨感下颌,蛇系眼,眼尾明显挑,标准眼距,浅褐瞳,中高鼻根,微弧鼻梁,下压鼻头,厚唇,嘴角上扬,异色瞳,肉感短脸（骨点内敛），厚眉骨/浅眼窝，蛇系眼·眼尾明显挑·标准眼距，中高鼻根/微弧鼻梁/下压鼻头，厚唇·嘴角上扬，骨感下颌
FD00771,下颌突出脸,颈部线条收短,窄额,柔和眉骨,深眼窝,窄颧骨,薄面颊,骨感下颌,狭长眼,眼尾平直,标准眼距,灰蓝瞳,窄鼻根,微弧鼻梁,方圆鼻头,成熟长唇,嘴角上扬,眼睑褶皱不对称,下颌突出脸（颈部线条收短），柔和眉骨/深眼窝，狭长眼·眼尾平直·标准眼距，窄鼻根/微弧鼻梁/方圆鼻头，成熟长唇·嘴角上扬，骨感下颌
FD00772,颧部展开脸,中庭展宽,平直额,高眉骨,中度眼窝,外扩颧骨,幼态柔软面颊,圆方下颌,疲惫眼,眼尾平直,宽眼距,灰蓝瞳,宽鼻根,微弧鼻梁,方圆鼻头,平直唇,嘴角上扬,单侧虎牙,颧部展开脸（中庭展宽），高眉骨/中度眼窝，疲惫眼·眼尾平直·宽眼距，宽鼻根/微弧鼻梁/方圆鼻头，平直唇·嘴角上扬，圆方下颌
FD00773,短方脸,骨点内敛,低额,高眉骨,窄深眼窝,窄颧骨,轻凹面颊,柔和下颌,鹿系眼,眼尾明显挑,标准眼距,琥珀瞳,宽鼻根,微弧鼻梁,微钝鼻头,上厚下薄,嘴角下垂,双侧酒窝,短方脸（骨点内敛），高眉骨/窄深眼窝，鹿系眼·眼尾明显挑·标准眼距，宽鼻根/微弧鼻梁/微钝鼻头，上厚下薄·嘴角下垂，柔和下颌
FD00774,倒三角脸,下庭加重,饱满额,厚眉骨,窄深眼窝,窄颧骨,轻凹面颊,宽下颌,冷感眼,眼尾明显挑,窄眼距,浅褐瞳,宽鼻根,宽骨鼻梁,轻翘鼻头,小嘴,嘴角紧收,唇下小痣,倒三角脸（下庭加重），厚眉骨/窄深眼窝，冷感眼·眼尾明显挑·窄眼距，宽鼻根/宽骨鼻梁/轻翘鼻头，小嘴·嘴角紧收，宽下颌
FD00775,宽菱形,上庭收窄,高额,低眉骨,浅眼窝,窄颧骨,幼态柔软面颊,骨感下颌,平凤眼,眼尾下沉,窄眼距,灰蓝瞳,宽鼻根,中直鼻梁,微钝鼻头,平直唇,嘴角平直,眉心竖纹浅痕,宽菱形（上庭收窄），低眉骨/浅眼窝，平凤眼·眼尾下沉·窄眼距，宽鼻根/中直鼻梁/微钝鼻头，平直唇·嘴角平直，骨感下颌
FD00776,幼态圆脸,下颌线柔化,低额,薄眉骨,深眼窝,窄颧骨,成熟收紧面颊,骨感下颌,狐狸系眼,眼尾平直,窄眼距,碎裂虹膜,中鼻根,柔和鼻梁,微钝鼻头,弓形唇,嘴角平直,唇下小痣,幼态圆脸（下颌线柔化），薄眉骨/深眼窝，狐狸系眼·眼尾平直·窄眼距，中鼻根/柔和鼻梁/微钝鼻头，弓形唇·嘴角平直，骨感下颌
FD00777,倒梯形脸,上庭收窄,平直额,厚眉骨,中度眼窝,窄颧骨,饱满面颊,方下颌,圆长眼,眼尾下压,标准眼距,碎裂虹膜,低鼻根,轻微偏右鼻梁,窄翼鼻头,成熟长唇,单侧上扬,双侧酒窝,倒梯形脸（上庭收窄），厚眉骨/中度眼窝，圆长眼·眼尾下压·标准眼距，低鼻根/轻微偏右鼻梁/窄翼鼻头，成熟长唇·单侧上扬，方下颌
FD00778,柔和菱形,面中立体化,微凸额,压迫感眉骨,宽浅眼窝,低颧骨,薄面颊,宽下颌,蛇系眼,眼尾延展,窄眼距,墨玉瞳,中鼻根,宽骨鼻梁,小圆鼻头,上厚下薄,嘴角下垂,眉上小疤,柔和菱形（面中立体化），压迫感眉骨/宽浅眼窝，蛇系眼·眼尾延展·窄眼距，中鼻根/宽骨鼻梁/小圆鼻头，上厚下薄·嘴角下垂，宽下颌
FD00779,柔和菱形,颌角强调,宽额,低眉骨,深眼窝,宽颧骨,成熟收紧面颊,窄下颌,成熟长眼,眼尾下压,窄眼距,星点虹膜,高鼻根,微弧鼻梁,小圆鼻头,小嘴,嘴角平直,环状虹膜,柔和菱形（颌角强调），低眉骨/深眼窝，成熟长眼·眼尾下压·窄眼距，高鼻根/微弧鼻梁/小圆鼻头，小嘴·嘴角平直，窄下颌
FD00780,正梯形脸,颊部饱满,骨感额,低眉骨,深眼窝,高颧骨,饱满面颊,骨感下颌,短圆杏眼,眼尾延展,标准眼距,星点虹膜,窄鼻根,微弧鼻梁,肉感鼻头,弓形唇,单侧上扬,左颊浅疤,正梯形脸（颊部饱满），低眉骨/深眼窝，短圆杏眼·眼尾延展·标准眼距，窄鼻根/微弧鼻梁/肉感鼻头，弓形唇·单侧上扬，骨感下颌
FD00781,长菱形,颌角弱化,低额,低眉骨,中度眼窝,低颧骨,成熟收紧面颊,柔和下颌,宽杏眼,眼尾微挑,窄眼距,深色瞳,宽鼻根,轻微偏右鼻梁,小圆鼻头,小嘴,单侧上扬,无标志,长菱形（颌角弱化），低眉骨/中度眼窝，宽杏眼·眼尾微挑·窄眼距，宽鼻根/轻微偏右鼻梁/小圆鼻头，小嘴·单侧上扬，柔和下颌
FD00782,下颌突出脸,偏柔圆润,高额,高眉骨,浅眼窝,宽颧骨,成熟收紧面颊,柔和下颌,瑞凤眼,眼尾明显挑,标准眼距,灰蓝瞳,中鼻根,宽骨鼻梁,轻翘鼻头,上薄下厚,嘴角上扬,下颌浅疤,下颌突出脸（偏柔圆润），高眉骨/浅眼窝，瑞凤眼·眼尾明显挑·标准眼距，中鼻根/宽骨鼻梁/轻翘鼻头，上薄下厚·嘴角上扬，柔和下颌
FD00783,圆脸,中庭拉长,窄额,内侧突出眉骨,宽浅眼窝,低颧骨,成熟收紧面颊,明显下颌角,上扬凤眼,眼尾明显挑,标准眼距,星点虹膜,高鼻根,轻微偏右鼻梁,肉感鼻头,上薄下厚,单侧上扬,环状虹膜,圆脸（中庭拉长），内侧突出眉骨/宽浅眼窝，上扬凤眼·眼尾明显挑·标准眼距，高鼻根/轻微偏右鼻梁/肉感鼻头，上薄下厚·单侧上扬，明显下颌角
FD00784,肉感短脸,下颌线柔化,高额,柔和眉骨,窄深眼窝,外扩颧骨,饱满面颊,窄下颌,宽杏眼,眼尾下沉,宽眼距,琥珀瞳,中高鼻根,轻鹰钩鼻梁,窄翼鼻头,厚唇,嘴角紧收,瞳孔残缺,肉感短脸（下颌线柔化），柔和眉骨/窄深眼窝，宽杏眼·眼尾下沉·宽眼距，中高鼻根/轻鹰钩鼻梁/窄翼鼻头，厚唇·嘴角紧收，窄下颌
FD00785,骨感方脸,偏柔圆润,低额,内侧突出眉骨,窄深眼窝,柔和颧骨,幼态柔软面颊,圆方下颌,狐狸系眼,眼尾微挑,窄眼距,环状虹膜,中鼻根,柔和鼻梁,微钝鼻头,薄唇,嘴角紧收,无标志,骨感方脸（偏柔圆润），内侧突出眉骨/窄深眼窝，狐狸系眼·眼尾微挑·窄眼距，中鼻根/柔和鼻梁/微钝鼻头，薄唇·嘴角紧收，圆方下颌
FD00786,窄方脸,下庭收窄,微凸额,低眉骨,眼下饱满,窄颧骨,轻凹面颊,柔和下颌,狐狸系眼,眼尾明显挑,窄眼距,淡金瞳,宽鼻根,微弧鼻梁,骨感鼻头,薄唇,嘴角下垂,无标志,窄方脸（下庭收窄），低眉骨/眼下饱满，狐狸系眼·眼尾明显挑·窄眼距，宽鼻根/微弧鼻梁/骨感鼻头，薄唇·嘴角下垂，柔和下颌
FD00787,幼态方脸,中庭展宽,高额,低眉骨,宽浅眼窝,宽颧骨,幼态柔软面颊,柔和下颌,狭长瑞凤眼,眼尾下沉,窄眼距,星点虹膜,窄鼻根,微弧鼻梁,小圆鼻头,小嘴,嘴角紧收,单侧虎牙,幼态方脸（中庭展宽），低眉骨/宽浅眼窝，狭长瑞凤眼·眼尾下沉·窄眼距，窄鼻根/微弧鼻梁/小圆鼻头，小嘴·嘴角紧收，柔和下颌
FD00788,上宽下窄脸,上庭收窄,窄额,厚眉骨,眼下骨感,外扩颧骨,轻凹面颊,明显下颌角,冷感眼,眼尾微挑,窄眼距,星点虹膜,中高鼻根,轻微偏左鼻梁,下压鼻头,弓形唇,嘴角紧收,右眉轻断,上宽下窄脸（上庭收窄），厚眉骨/眼下骨感，冷感眼·眼尾微挑·窄眼距，中高鼻根/轻微偏左鼻梁/下压鼻头，弓形唇·嘴角紧收，明显下颌角
FD00789,柔和菱形,下颌线柔化,微凸额,高眉骨,中度眼窝,高颧骨,薄面颊,收敛下颌,鹿系眼,眼尾下沉,宽眼距,墨玉瞳,中鼻根,高直鼻梁,肉感鼻头,上厚下薄,嘴角上扬,左颊浅疤,柔和菱形（下颌线柔化），高眉骨/中度眼窝，鹿系眼·眼尾下沉·宽眼距，中鼻根/高直鼻梁/肉感鼻头，上厚下薄·嘴角上扬，收敛下颌
FD00790,颧部展开脸,下庭收窄,高额,外侧突出眉骨,窄深眼窝,高颧骨,薄面颊,窄下颌,冷感眼,眼尾明显挑,窄眼距,星点虹膜,中鼻根,轻微偏左鼻梁,骨感鼻头,成熟长唇,嘴角下垂,指节薄茧,颧部展开脸（下庭收窄），外侧突出眉骨/窄深眼窝，冷感眼·眼尾明显挑·窄眼距，中鼻根/轻微偏左鼻梁/骨感鼻头，成熟长唇·嘴角下垂，窄下颌
FD00791,圆脸,偏锐收窄,窄额,压迫感眉骨,深眼窝,宽颧骨,轻凹面颊,明显下颌角,瑞凤眼,眼尾平直,标准眼距,异色瞳,中高鼻根,柔和鼻梁,小圆鼻头,上厚下薄,嘴角上扬,眼角小痣,圆脸（偏锐收窄），压迫感眉骨/深眼窝，瑞凤眼·眼尾平直·标准眼距，中高鼻根/柔和鼻梁/小圆鼻头，上厚下薄·嘴角上扬，明显下颌角
FD00792,圆方脸,下庭加重,窄额,柔和眉骨,浅眼窝,宽颧骨,幼态柔软面颊,圆方下颌,短杏眼,眼尾微挑,宽眼距,异色瞳,中高鼻根,轻微偏右鼻梁,肉感鼻头,厚唇,嘴角上扬,异色瞳,圆方脸（下庭加重），柔和眉骨/浅眼窝，短杏眼·眼尾微挑·宽眼距，中高鼻根/轻微偏右鼻梁/肉感鼻头，厚唇·嘴角上扬，圆方下颌
FD00793,长方脸,颈部线条延长,窄额,压迫感眉骨,中度眼窝,高颧骨,轻凹面颊,柔和下颌,平直杏眼,眼尾下沉,窄眼距,深色瞳,中高鼻根,轻微偏右鼻梁,小圆鼻头,上薄下厚,单侧上扬,耳后小痣,长方脸（颈部线条延长），压迫感眉骨/中度眼窝，平直杏眼·眼尾下沉·窄眼距，中高鼻根/轻微偏右鼻梁/小圆鼻头，上薄下厚·单侧上扬，柔和下颌
FD00794,长方脸,偏柔圆润,低额,压迫感眉骨,浅眼窝,柔和颧骨,薄面颊,收敛下颌,短杏眼,眼尾微挑,窄眼距,淡金瞳,窄鼻根,高直鼻梁,下压鼻头,弓形唇,单侧上扬,眼睑褶皱不对称,长方脸（偏柔圆润），压迫感眉骨/浅眼窝，短杏眼·眼尾微挑·窄眼距，窄鼻根/高直鼻梁/下压鼻头，弓形唇·单侧上扬，收敛下颌
FD00795,宽心形脸,下颌线清晰化,宽额,压迫感眉骨,眼下骨感,宽颧骨,幼态柔软面颊,骨感下颌,窄杏眼,眼尾微挑,宽眼距,星点虹膜,中鼻根,高直鼻梁,肉感鼻头,薄唇,嘴角上扬,眼睑褶皱不对称,宽心形脸（下颌线清晰化），压迫感眉骨/眼下骨感，窄杏眼·眼尾微挑·宽眼距，中鼻根/高直鼻梁/肉感鼻头，薄唇·嘴角上扬，骨感下颌
FD00796,柔和菱形,上庭展开,高额,内侧突出眉骨,浅眼窝,低颧骨,轻凹面颊,明显下颌角,窄杏眼,眼尾平直,标准眼距,异色瞳,中高鼻根,轻微偏右鼻梁,窄翼鼻头,厚唇,嘴角平直,眉心竖纹浅痕,柔和菱形（上庭展开），内侧突出眉骨/浅眼窝，窄杏眼·眼尾平直·标准眼距，中高鼻根/轻微偏右鼻梁/窄翼鼻头，厚唇·嘴角平直，明显下颌角
FD00797,骨感窄脸,下颌线清晰化,宽额,薄眉骨,中度眼窝,低颧骨,轻凹面颊,收敛下颌,短圆杏眼,眼尾延展,宽眼距,星点虹膜,宽鼻根,微弧鼻梁,轻翘鼻头,小嘴,嘴角平直,环状虹膜,骨感窄脸（下颌线清晰化），薄眉骨/中度眼窝，短圆杏眼·眼尾延展·宽眼距，宽鼻根/微弧鼻梁/轻翘鼻头，小嘴·嘴角平直，收敛下颌
FD00798,幼态圆脸,上庭展开,微凸额,柔和眉骨,宽浅眼窝,宽颧骨,饱满面颊,骨感下颌,短杏眼,眼尾延展,宽眼距,异色瞳,低鼻根,柔和鼻梁,方圆鼻头,薄唇,嘴角紧收,眼睑褶皱不对称,幼态圆脸（上庭展开），柔和眉骨/宽浅眼窝，短杏眼·眼尾延展·宽眼距，低鼻根/柔和鼻梁/方圆鼻头，薄唇·嘴角紧收，骨感下颌
FD00799,颧部展开脸,骨点外显,窄额,高眉骨,眼下饱满,宽颧骨,幼态柔软面颊,柔和下颌,狼系眼,眼尾明显挑,标准眼距,淡金瞳,宽鼻根,微弧鼻梁,小圆鼻头,上厚下薄,嘴角上扬,单侧虎牙,颧部展开脸（骨点外显），高眉骨/眼下饱满，狼系眼·眼尾明显挑·标准眼距，宽鼻根/微弧鼻梁/小圆鼻头，上厚下薄·嘴角上扬，柔和下颌
FD00800,幼态方脸,偏锐收窄,高额,薄眉骨,宽浅眼窝,外扩颧骨,成熟收紧面颊,收敛下颌,冷感眼,眼尾下沉,窄眼距,淡金瞳,中鼻根,高直鼻梁,肉感鼻头,上厚下薄,嘴角紧收,单侧虎牙,幼态方脸（偏锐收窄），薄眉骨/宽浅眼窝，冷感眼·眼尾下沉·窄眼距，中鼻根/高直鼻梁/肉感鼻头，上厚下薄·嘴角紧收，收敛下颌
FD00801,上窄下宽脸,颊部略凹,高额,低眉骨,眼下饱满,窄颧骨,薄面颊,收敛下颌,鹤系眼,眼尾平直,窄眼距,环状虹膜,低鼻根,高直鼻梁,小圆鼻头,宽嘴,嘴角紧收,单侧虎牙,上窄下宽脸（颊部略凹），低眉骨/眼下饱满，鹤系眼·眼尾平直·窄眼距，低鼻根/高直鼻梁/小圆鼻头，宽嘴·嘴角紧收，收敛下颌
FD00802,短方脸,颌角强调,饱满额,内侧突出眉骨,深眼窝,宽颧骨,饱满面颊,柔和下颌,平直杏眼,眼尾明显挑,标准眼距,墨玉瞳,宽鼻根,柔和鼻梁,方圆鼻头,小嘴,嘴角平直,眼睑褶皱不对称,短方脸（颌角强调），内侧突出眉骨/深眼窝，平直杏眼·眼尾明显挑·标准眼距，宽鼻根/柔和鼻梁/方圆鼻头，小嘴·嘴角平直，柔和下颌
FD00803,幼态圆脸,颌角弱化,窄额,柔和眉骨,深眼窝,柔和颧骨,轻凹面颊,收敛下颌,下垂眼,眼尾延展,窄眼距,琥珀瞳,低鼻根,轻微偏右鼻梁,骨感鼻头,宽嘴,嘴角下垂,无标志,幼态圆脸（颌角弱化），柔和眉骨/深眼窝，下垂眼·眼尾延展·窄眼距，低鼻根/轻微偏右鼻梁/骨感鼻头，宽嘴·嘴角下垂，收敛下颌
FD00804,圆方脸,颊部饱满,平直额,柔和眉骨,眼下饱满,外扩颧骨,薄面颊,明显下颌角,狭长瑞凤眼,眼尾明显挑,标准眼距,灰蓝瞳,中高鼻根,高直鼻梁,轻翘鼻头,薄唇,嘴角紧收,唇下小痣,圆方脸（颊部饱满），柔和眉骨/眼下饱满，狭长瑞凤眼·眼尾明显挑·标准眼距，中高鼻根/高直鼻梁/轻翘鼻头，薄唇·嘴角紧收，明显下颌角
FD00805,长方脸,下颌线清晰化,饱满额,厚眉骨,中度眼窝,高颧骨,成熟收紧面颊,收敛下颌,狭长瑞凤眼,眼尾下沉,标准眼距,淡金瞳,中高鼻根,中直鼻梁,小圆鼻头,弓形唇,嘴角下垂,无标志,长方脸（下颌线清晰化），厚眉骨/中度眼窝，狭长瑞凤眼·眼尾下沉·标准眼距，中高鼻根/中直鼻梁/小圆鼻头，弓形唇·嘴角下垂，收敛下颌
FD00806,柔和菱形,下庭收窄,高额,薄眉骨,窄深眼窝,高颧骨,轻凹面颊,骨感下颌,少年圆眼,眼尾明显挑,标准眼距,琥珀瞳,高鼻根,中直鼻梁,肉感鼻头,平直唇,嘴角平直,额角旧痕,柔和菱形（下庭收窄），薄眉骨/窄深眼窝，少年圆眼·眼尾明显挑·标准眼距，高鼻根/中直鼻梁/肉感鼻头，平直唇·嘴角平直，骨感下颌
FD00807,短方脸,上庭收窄,饱满额,高眉骨,窄深眼窝,外扩颧骨,轻凹面颊,骨感下颌,圆长眼,眼尾明显挑,标准眼距,星点虹膜,中高鼻根,柔和鼻梁,方圆鼻头,小嘴,嘴角平直,眉心竖纹浅痕,短方脸（上庭收窄），高眉骨/窄深眼窝，圆长眼·眼尾明显挑·标准眼距，中高鼻根/柔和鼻梁/方圆鼻头，小嘴·嘴角平直，骨感下颌
FD00808,心形脸,颈部线条延长,低额,内侧突出眉骨,宽浅眼窝,高颧骨,成熟收紧面颊,圆方下颌,丹凤眼,眼尾微挑,窄眼距,琥珀瞳,宽鼻根,高直鼻梁,小圆鼻头,厚唇,单侧上扬,眉上小疤,心形脸（颈部线条延长），内侧突出眉骨/宽浅眼窝，丹凤眼·眼尾微挑·窄眼距，宽鼻根/高直鼻梁/小圆鼻头，厚唇·单侧上扬，圆方下颌
FD00809,成熟方脸,上庭收窄,平直额,内侧突出眉骨,眼下饱满,柔和颧骨,成熟收紧面颊,收敛下颌,平凤眼,眼尾微挑,窄眼距,异色瞳,宽鼻根,高直鼻梁,小圆鼻头,弓形唇,单侧上扬,颈侧细疤,成熟方脸（上庭收窄），内侧突出眉骨/眼下饱满，平凤眼·眼尾微挑·窄眼距，宽鼻根/高直鼻梁/小圆鼻头，弓形唇·单侧上扬，收敛下颌
FD00810,肉感短脸,颌角弱化,饱满额,厚眉骨,眼下骨感,柔和颧骨,轻凹面颊,圆方下颌,半睁懒眼,眼尾下沉,宽眼距,星点虹膜,中鼻根,高直鼻梁,骨感鼻头,上薄下厚,嘴角上扬,唇下小痣,肉感短脸（颌角弱化），厚眉骨/眼下骨感，半睁懒眼·眼尾下沉·宽眼距，中鼻根/高直鼻梁/骨感鼻头，上薄下厚·嘴角上扬，圆方下颌
FD00811,窄方脸,下颌线柔化,高额,厚眉骨,宽浅眼窝,低颧骨,薄面颊,收敛下颌,窄杏眼,眼尾微挑,窄眼距,淡金瞳,窄鼻根,中直鼻梁,小圆鼻头,弓形唇,嘴角紧收,眼睑褶皱不对称,窄方脸（下颌线柔化），厚眉骨/宽浅眼窝，窄杏眼·眼尾微挑·窄眼距，窄鼻根/中直鼻梁/小圆鼻头，弓形唇·嘴角紧收，收敛下颌
FD00812,肉感短脸,面中平缓,窄额,压迫感眉骨,眼下饱满,外扩颧骨,薄面颊,骨感下颌,平直杏眼,眼尾平直,窄眼距,浅褐瞳,窄鼻根,微弧鼻梁,肉感鼻头,平直唇,嘴角紧收,环状虹膜,肉感短脸（面中平缓），压迫感眉骨/眼下饱满，平直杏眼·眼尾平直·窄眼距，窄鼻根/微弧鼻梁/肉感鼻头，平直唇·嘴角紧收，骨感下颌
FD00813,窄方脸,下颌线柔化,宽额,低眉骨,眼下骨感,高颧骨,饱满面颊,柔和下颌,半睁懒眼,眼尾明显挑,标准眼距,浅褐瞳,窄鼻根,中直鼻梁,微钝鼻头,弓形唇,嘴角平直,双侧酒窝,窄方脸（下颌线柔化），低眉骨/眼下骨感，半睁懒眼·眼尾明显挑·标准眼距，窄鼻根/中直鼻梁/微钝鼻头，弓形唇·嘴角平直，柔和下颌
FD00814,长心形脸,颌角强调,骨感额,厚眉骨,深眼窝,宽颧骨,薄面颊,窄下颌,半睁懒眼,眼尾下压,标准眼距,环状虹膜,低鼻根,轻鹰钩鼻梁,下压鼻头,小嘴,嘴角平直,右眉轻断,长心形脸（颌角强调），厚眉骨/深眼窝，半睁懒眼·眼尾下压·标准眼距，低鼻根/轻鹰钩鼻梁/下压鼻头，小嘴·嘴角平直，窄下颌
FD00815,标准菱形,面中立体化,窄额,内侧突出眉骨,浅眼窝,宽颧骨,轻凹面颊,圆方下颌,宽杏眼,眼尾明显挑,标准眼距,淡金瞳,中高鼻根,柔和鼻梁,肉感鼻头,厚唇,嘴角下垂,额角旧痕,标准菱形（面中立体化），内侧突出眉骨/浅眼窝，宽杏眼·眼尾明显挑·标准眼距，中高鼻根/柔和鼻梁/肉感鼻头，厚唇·嘴角下垂，圆方下颌
FD00816,短圆脸,上庭收窄,平直额,柔和眉骨,眼下骨感,外扩颧骨,饱满面颊,窄下颌,狐狸系眼,眼尾下沉,窄眼距,碎裂虹膜,宽鼻根,轻鹰钩鼻梁,微钝鼻头,成熟长唇,嘴角平直,眉上小疤,短圆脸（上庭收窄），柔和眉骨/眼下骨感，狐狸系眼·眼尾下沉·窄眼距，宽鼻根/轻鹰钩鼻梁/微钝鼻头，成熟长唇·嘴角平直，窄下颌
FD00817,倒梯形脸,下颌线清晰化,饱满额,高眉骨,眼下骨感,柔和颧骨,薄面颊,骨感下颌,桃花眼,眼尾延展,标准眼距,浅褐瞳,中高鼻根,轻鹰钩鼻梁,下压鼻头,小嘴,嘴角平直,左眼下浅泪痣,倒梯形脸（下颌线清晰化），高眉骨/眼下骨感，桃花眼·眼尾延展·标准眼距，中高鼻根/轻鹰钩鼻梁/下压鼻头，小嘴·嘴角平直，骨感下颌
FD00818,骨感窄脸,颌角强调,饱满额,外侧突出眉骨,深眼窝,高颧骨,饱满面颊,明显下颌角,短圆杏眼,眼尾微挑,标准眼距,环状虹膜,窄鼻根,微弧鼻梁,方圆鼻头,上薄下厚,嘴角下垂,唇下小痣,骨感窄脸（颌角强调），外侧突出眉骨/深眼窝，短圆杏眼·眼尾微挑·标准眼距，窄鼻根/微弧鼻梁/方圆鼻头，上薄下厚·嘴角下垂，明显下颌角
FD00819,方菱过渡脸,上庭展开,宽额,压迫感眉骨,眼下骨感,窄颧骨,成熟收紧面颊,骨感下颌,狼系眼,眼尾明显挑,标准眼距,异色瞳,低鼻根,中直鼻梁,下压鼻头,宽嘴,嘴角下垂,眉尾旧疤,方菱过渡脸（上庭展开），压迫感眉骨/眼下骨感，狼系眼·眼尾明显挑·标准眼距，低鼻根/中直鼻梁/下压鼻头，宽嘴·嘴角下垂，骨感下颌
FD00820,倒三角脸,中庭展宽,骨感额,内侧突出眉骨,宽浅眼窝,窄颧骨,成熟收紧面颊,窄下颌,下垂眼,眼尾微挑,标准眼距,碎裂虹膜,高鼻根,柔和鼻梁,轻翘鼻头,弓形唇,嘴角平直,颈侧细疤,倒三角脸（中庭展宽），内侧突出眉骨/宽浅眼窝，下垂眼·眼尾微挑·标准眼距，高鼻根/柔和鼻梁/轻翘鼻头，弓形唇·嘴角平直，窄下颌
FD00821,长心形脸,颊部饱满,饱满额,低眉骨,浅眼窝,宽颧骨,轻凹面颊,圆方下颌,长杏眼,眼尾下压,标准眼距,浅褐瞳,中鼻根,宽骨鼻梁,轻翘鼻头,弓形唇,单侧上扬,眉心竖纹浅痕,长心形脸（颊部饱满），低眉骨/浅眼窝，长杏眼·眼尾下压·标准眼距，中鼻根/宽骨鼻梁/轻翘鼻头，弓形唇·单侧上扬，圆方下颌
FD00822,短方脸,骨点外显,高额,柔和眉骨,眼下饱满,高颧骨,轻凹面颊,柔和下颌,下垂眼,眼尾延展,窄眼距,星点虹膜,低鼻根,中直鼻梁,微钝鼻头,宽嘴,嘴角平直,单侧酒窝,短方脸（骨点外显），柔和眉骨/眼下饱满，下垂眼·眼尾延展·窄眼距，低鼻根/中直鼻梁/微钝鼻头，宽嘴·嘴角平直，柔和下颌
FD00823,肉感短脸,下庭加重,宽额,内侧突出眉骨,眼下骨感,高颧骨,饱满面颊,柔和下颌,成熟长眼,眼尾下沉,宽眼距,琥珀瞳,宽鼻根,轻微偏左鼻梁,下压鼻头,薄唇,单侧上扬,无标志,肉感短脸（下庭加重），内侧突出眉骨/眼下骨感，成熟长眼·眼尾下沉·宽眼距，宽鼻根/轻微偏左鼻梁/下压鼻头，薄唇·单侧上扬，柔和下颌
FD00824,骨感方脸,颧部微收,窄额,外侧突出眉骨,浅眼窝,外扩颧骨,成熟收紧面颊,骨感下颌,下垂眼,眼尾明显挑,窄眼距,异色瞳,窄鼻根,轻鹰钩鼻梁,肉感鼻头,成熟长唇,单侧上扬,无标志,骨感方脸（颧部微收），外侧突出眉骨/浅眼窝，下垂眼·眼尾明显挑·窄眼距，窄鼻根/轻鹰钩鼻梁/肉感鼻头，成熟长唇·单侧上扬，骨感下颌
FD00825,下颌突出脸,中庭拉长,骨感额,压迫感眉骨,眼下饱满,柔和颧骨,轻凹面颊,骨感下颌,鹿系眼,眼尾平直,宽眼距,琥珀瞳,低鼻根,微弧鼻梁,小圆鼻头,上厚下薄,嘴角下垂,瞳孔残缺,下颌突出脸（中庭拉长），压迫感眉骨/眼下饱满，鹿系眼·眼尾平直·宽眼距，低鼻根/微弧鼻梁/小圆鼻头，上厚下薄·嘴角下垂，骨感下颌
FD00826,上窄下宽脸,中轴收紧,微凸额,薄眉骨,中度眼窝,柔和颧骨,饱满面颊,明显下颌角,疲惫眼,眼尾下沉,标准眼距,浅褐瞳,宽鼻根,轻微偏左鼻梁,微钝鼻头,弓形唇,嘴角紧收,无标志,上窄下宽脸（中轴收紧），薄眉骨/中度眼窝，疲惫眼·眼尾下沉·标准眼距，宽鼻根/轻微偏左鼻梁/微钝鼻头，弓形唇·嘴角紧收，明显下颌角
FD00827,倒三角脸,偏柔圆润,微凸额,低眉骨,宽浅眼窝,窄颧骨,幼态柔软面颊,柔和下颌,窄杏眼,眼尾延展,标准眼距,环状虹膜,高鼻根,轻鹰钩鼻梁,轻翘鼻头,厚唇,嘴角紧收,双侧酒窝,倒三角脸（偏柔圆润），低眉骨/宽浅眼窝，窄杏眼·眼尾延展·标准眼距，高鼻根/轻鹰钩鼻梁/轻翘鼻头，厚唇·嘴角紧收，柔和下颌
FD00828,长方脸,颈部线条延长,宽额,内侧突出眉骨,中度眼窝,宽颧骨,成熟收紧面颊,窄下颌,半睁懒眼,眼尾平直,标准眼距,碎裂虹膜,窄鼻根,柔和鼻梁,轻翘鼻头,弓形唇,单侧上扬,眼角小痣,长方脸（颈部线条延长），内侧突出眉骨/中度眼窝，半睁懒眼·眼尾平直·标准眼距，窄鼻根/柔和鼻梁/轻翘鼻头，弓形唇·单侧上扬，窄下颌
FD00829,短方脸,颊部饱满,骨感额,压迫感眉骨,眼下骨感,高颧骨,饱满面颊,柔和下颌,短圆杏眼,眼尾下压,宽眼距,淡金瞳,中高鼻根,微弧鼻梁,轻翘鼻头,薄唇,嘴角下垂,瞳孔残缺,短方脸（颊部饱满），压迫感眉骨/眼下骨感，短圆杏眼·眼尾下压·宽眼距，中高鼻根/微弧鼻梁/轻翘鼻头，薄唇·嘴角下垂，柔和下颌
FD00830,下颌突出脸,偏锐收窄,低额,薄眉骨,宽浅眼窝,宽颧骨,饱满面颊,柔和下颌,圆长眼,眼尾微挑,窄眼距,深色瞳,中高鼻根,轻微偏右鼻梁,方圆鼻头,弓形唇,嘴角平直,眉尾旧疤,下颌突出脸（偏锐收窄），薄眉骨/宽浅眼窝，圆长眼·眼尾微挑·窄眼距，中高鼻根/轻微偏右鼻梁/方圆鼻头，弓形唇·嘴角平直，柔和下颌
FD00831,心形脸,颊部饱满,饱满额,内侧突出眉骨,眼下饱满,柔和颧骨,幼态柔软面颊,圆方下颌,圆长眼,眼尾平直,窄眼距,灰蓝瞳,中高鼻根,微弧鼻梁,下压鼻头,弓形唇,单侧上扬,眉尾旧疤,心形脸（颊部饱满），内侧突出眉骨/眼下饱满，圆长眼·眼尾平直·窄眼距，中高鼻根/微弧鼻梁/下压鼻头，弓形唇·单侧上扬，圆方下颌
FD00832,圆脸,中庭展宽,骨感额,内侧突出眉骨,深眼窝,高颧骨,薄面颊,宽下颌,少年圆眼,眼尾延展,标准眼距,墨玉瞳,中高鼻根,中直鼻梁,窄翼鼻头,弓形唇,嘴角上扬,额角旧痕,圆脸（中庭展宽），内侧突出眉骨/深眼窝，少年圆眼·眼尾延展·标准眼距，中高鼻根/中直鼻梁/窄翼鼻头，弓形唇·嘴角上扬，宽下颌
FD00833,宽方脸,颊部饱满,宽额,厚眉骨,宽浅眼窝,窄颧骨,幼态柔软面颊,收敛下颌,半睁懒眼,眼尾微挑,宽眼距,碎裂虹膜,中鼻根,高直鼻梁,肉感鼻头,上薄下厚,嘴角下垂,右眉轻断,宽方脸（颊部饱满），厚眉骨/宽浅眼窝，半睁懒眼·眼尾微挑·宽眼距，中鼻根/高直鼻梁/肉感鼻头，上薄下厚·嘴角下垂，收敛下颌
FD00834,成熟方脸,下颌线柔化,饱满额,柔和眉骨,深眼窝,外扩颧骨,成熟收紧面颊,圆方下颌,瑞凤眼,眼尾微挑,窄眼距,碎裂虹膜,中鼻根,中直鼻梁,肉感鼻头,上薄下厚,嘴角平直,双侧酒窝,成熟方脸（下颌线柔化），柔和眉骨/深眼窝，瑞凤眼·眼尾微挑·窄眼距，中鼻根/中直鼻梁/肉感鼻头，上薄下厚·嘴角平直，圆方下颌
FD00835,幼态方脸,颈部线条延长,低额,低眉骨,浅眼窝,外扩颧骨,饱满面颊,柔和下颌,上扬凤眼,眼尾下压,窄眼距,星点虹膜,高鼻根,轻鹰钩鼻梁,肉感鼻头,平直唇,单侧上扬,单侧虎牙,幼态方脸（颈部线条延长），低眉骨/浅眼窝，上扬凤眼·眼尾下压·窄眼距，高鼻根/轻鹰钩鼻梁/肉感鼻头，平直唇·单侧上扬，柔和下颌
FD00836,宽心形脸,上庭展开,窄额,柔和眉骨,窄深眼窝,窄颧骨,轻凹面颊,骨感下颌,鹤系眼,眼尾微挑,标准眼距,环状虹膜,中鼻根,轻鹰钩鼻梁,方圆鼻头,弓形唇,嘴角平直,右眉轻断,宽心形脸（上庭展开），柔和眉骨/窄深眼窝，鹤系眼·眼尾微挑·标准眼距，中鼻根/轻鹰钩鼻梁/方圆鼻头，弓形唇·嘴角平直，骨感下颌
FD00837,肉感短脸,下庭收窄,饱满额,内侧突出眉骨,浅眼窝,高颧骨,幼态柔软面颊,骨感下颌,瑞凤眼,眼尾微挑,窄眼距,墨玉瞳,高鼻根,高直鼻梁,方圆鼻头,平直唇,嘴角平直,左颊浅疤,肉感短脸（下庭收窄），内侧突出眉骨/浅眼窝，瑞凤眼·眼尾微挑·窄眼距，高鼻根/高直鼻梁/方圆鼻头，平直唇·嘴角平直，骨感下颌
FD00838,长圆脸,上庭收窄,窄额,外侧突出眉骨,中度眼窝,高颧骨,成熟收紧面颊,宽下颌,半睁懒眼,眼尾下压,窄眼距,异色瞳,宽鼻根,轻鹰钩鼻梁,窄翼鼻头,平直唇,嘴角紧收,右眉轻断,长圆脸（上庭收窄），外侧突出眉骨/中度眼窝，半睁懒眼·眼尾下压·窄眼距，宽鼻根/轻鹰钩鼻梁/窄翼鼻头，平直唇·嘴角紧收，宽下颌
FD00839,肉感短脸,中轴收紧,饱满额,内侧突出眉骨,浅眼窝,窄颧骨,饱满面颊,窄下颌,狼系眼,眼尾延展,标准眼距,琥珀瞳,窄鼻根,轻微偏右鼻梁,微钝鼻头,厚唇,嘴角紧收,单侧酒窝,肉感短脸（中轴收紧），内侧突出眉骨/浅眼窝，狼系眼·眼尾延展·标准眼距，窄鼻根/轻微偏右鼻梁/微钝鼻头，厚唇·嘴角紧收，窄下颌
FD00840,短圆脸,中轴微长,窄额,低眉骨,窄深眼窝,低颧骨,成熟收紧面颊,窄下颌,蛇系眼,眼尾下沉,标准眼距,异色瞳,中鼻根,轻鹰钩鼻梁,窄翼鼻头,宽嘴,嘴角上扬,左颊浅疤,短圆脸（中轴微长），低眉骨/窄深眼窝，蛇系眼·眼尾下沉·标准眼距，中鼻根/轻鹰钩鼻梁/窄翼鼻头，宽嘴·嘴角上扬，窄下颌
FD00841,宽方脸,骨点外显,微凸额,高眉骨,宽浅眼窝,宽颧骨,成熟收紧面颊,宽下颌,窄杏眼,眼尾明显挑,标准眼距,灰蓝瞳,窄鼻根,轻微偏右鼻梁,下压鼻头,上厚下薄,单侧上扬,眼睑褶皱不对称,宽方脸（骨点外显），高眉骨/宽浅眼窝，窄杏眼·眼尾明显挑·标准眼距，窄鼻根/轻微偏右鼻梁/下压鼻头，上厚下薄·单侧上扬，宽下颌
FD00842,颧部展开脸,偏柔圆润,饱满额,压迫感眉骨,眼下饱满,窄颧骨,饱满面颊,圆方下颌,鹤系眼,眼尾明显挑,窄眼距,墨玉瞳,中高鼻根,轻鹰钩鼻梁,窄翼鼻头,薄唇,嘴角平直,耳后小痣,颧部展开脸（偏柔圆润），压迫感眉骨/眼下饱满，鹤系眼·眼尾明显挑·窄眼距，中高鼻根/轻鹰钩鼻梁/窄翼鼻头，薄唇·嘴角平直，圆方下颌
FD00843,柔和方脸,颊部略凹,高额,柔和眉骨,眼下饱满,外扩颧骨,薄面颊,柔和下颌,长杏眼,眼尾明显挑,窄眼距,环状虹膜,中鼻根,中直鼻梁,肉感鼻头,成熟长唇,嘴角上扬,眉心竖纹浅痕,柔和方脸（颊部略凹），柔和眉骨/眼下饱满，长杏眼·眼尾明显挑·窄眼距，中鼻根/中直鼻梁/肉感鼻头，成熟长唇·嘴角上扬，柔和下颌
FD00844,幼态圆脸,颊部略凹,高额,高眉骨,眼下骨感,外扩颧骨,幼态柔软面颊,收敛下颌,桃花眼,眼尾明显挑,宽眼距,墨玉瞳,高鼻根,微弧鼻梁,微钝鼻头,弓形唇,嘴角平直,双侧酒窝,幼态圆脸（颊部略凹），高眉骨/眼下骨感，桃花眼·眼尾明显挑·宽眼距，高鼻根/微弧鼻梁/微钝鼻头，弓形唇·嘴角平直，收敛下颌
FD00845,宽心形脸,下颌线柔化,平直额,压迫感眉骨,眼下骨感,低颧骨,轻凹面颊,宽下颌,狐狸系眼,眼尾平直,窄眼距,星点虹膜,中高鼻根,中直鼻梁,下压鼻头,上厚下薄,嘴角紧收,异色瞳,宽心形脸（下颌线柔化），压迫感眉骨/眼下骨感，狐狸系眼·眼尾平直·窄眼距，中高鼻根/中直鼻梁/下压鼻头，上厚下薄·嘴角紧收，宽下颌
FD00846,幼态方脸,骨点外显,平直额,内侧突出眉骨,浅眼窝,窄颧骨,轻凹面颊,明显下颌角,瑞凤眼,眼尾下压,标准眼距,深色瞳,低鼻根,高直鼻梁,小圆鼻头,成熟长唇,单侧上扬,异色瞳,幼态方脸（骨点外显），内侧突出眉骨/浅眼窝，瑞凤眼·眼尾下压·标准眼距，低鼻根/高直鼻梁/小圆鼻头，成熟长唇·单侧上扬，明显下颌角
FD00847,上宽下窄脸,面中平缓,骨感额,高眉骨,浅眼窝,柔和颧骨,薄面颊,收敛下颌,下垂眼,眼尾平直,标准眼距,星点虹膜,窄鼻根,中直鼻梁,下压鼻头,厚唇,嘴角紧收,异色瞳,上宽下窄脸（面中平缓），高眉骨/浅眼窝，下垂眼·眼尾平直·标准眼距，窄鼻根/中直鼻梁/下压鼻头，厚唇·嘴角紧收，收敛下颌
FD00848,宽菱形,颧部微收,高额,柔和眉骨,宽浅眼窝,柔和颧骨,轻凹面颊,明显下颌角,宽杏眼,眼尾明显挑,宽眼距,异色瞳,窄鼻根,轻微偏左鼻梁,肉感鼻头,厚唇,单侧上扬,单侧虎牙,宽菱形（颧部微收），柔和眉骨/宽浅眼窝，宽杏眼·眼尾明显挑·宽眼距，窄鼻根/轻微偏左鼻梁/肉感鼻头，厚唇·单侧上扬，明显下颌角
FD00849,骨感方脸,中轴收紧,微凸额,高眉骨,眼下骨感,宽颧骨,薄面颊,方下颌,疲惫眼,眼尾延展,窄眼距,环状虹膜,窄鼻根,轻微偏左鼻梁,小圆鼻头,成熟长唇,嘴角上扬,无标志,骨感方脸（中轴收紧），高眉骨/眼下骨感，疲惫眼·眼尾延展·窄眼距，窄鼻根/轻微偏左鼻梁/小圆鼻头，成熟长唇·嘴角上扬，方下颌
FD00850,宽方脸,下颌线清晰化,平直额,外侧突出眉骨,眼下饱满,柔和颧骨,饱满面颊,窄下颌,狐狸系眼,眼尾微挑,窄眼距,淡金瞳,窄鼻根,微弧鼻梁,窄翼鼻头,宽嘴,单侧上扬,鼻梁旧伤,宽方脸（下颌线清晰化），外侧突出眉骨/眼下饱满，狐狸系眼·眼尾微挑·窄眼距，窄鼻根/微弧鼻梁/窄翼鼻头，宽嘴·单侧上扬，窄下颌
FD00851,幼态圆脸,颈部线条延长,微凸额,薄眉骨,宽浅眼窝,低颧骨,薄面颊,方下颌,冷感眼,眼尾下压,标准眼距,星点虹膜,高鼻根,轻微偏左鼻梁,轻翘鼻头,上厚下薄,嘴角平直,单侧酒窝,幼态圆脸（颈部线条延长），薄眉骨/宽浅眼窝，冷感眼·眼尾下压·标准眼距，高鼻根/轻微偏左鼻梁/轻翘鼻头，上厚下薄·嘴角平直，方下颌
FD00852,圆方脸,骨点外显,高额,外侧突出眉骨,眼下饱满,低颧骨,幼态柔软面颊,柔和下颌,成熟长眼,眼尾微挑,标准眼距,深色瞳,低鼻根,微弧鼻梁,轻翘鼻头,弓形唇,嘴角下垂,右眉轻断,圆方脸（骨点外显），外侧突出眉骨/眼下饱满，成熟长眼·眼尾微挑·标准眼距，低鼻根/微弧鼻梁/轻翘鼻头，弓形唇·嘴角下垂，柔和下颌
FD00853,宽菱形,中庭展宽,饱满额,外侧突出眉骨,中度眼窝,宽颧骨,轻凹面颊,宽下颌,狼系眼,眼尾下压,窄眼距,墨玉瞳,宽鼻根,柔和鼻梁,小圆鼻头,小嘴,嘴角紧收,眼角小痣,宽菱形（中庭展宽），外侧突出眉骨/中度眼窝，狼系眼·眼尾下压·窄眼距，宽鼻根/柔和鼻梁/小圆鼻头，小嘴·嘴角紧收，宽下颌
FD00854,幼态方脸,中轴微长,微凸额,柔和眉骨,眼下饱满,柔和颧骨,幼态柔软面颊,窄下颌,短圆杏眼,眼尾延展,标准眼距,环状虹膜,宽鼻根,中直鼻梁,窄翼鼻头,平直唇,嘴角紧收,耳后小痣,幼态方脸（中轴微长），柔和眉骨/眼下饱满，短圆杏眼·眼尾延展·标准眼距，宽鼻根/中直鼻梁/窄翼鼻头，平直唇·嘴角紧收，窄下颌
FD00855,柔和方脸,中轴收紧,宽额,高眉骨,中度眼窝,高颧骨,幼态柔软面颊,圆方下颌,鹿系眼,眼尾下沉,标准眼距,碎裂虹膜,宽鼻根,高直鼻梁,骨感鼻头,上厚下薄,嘴角平直,单侧虎牙,柔和方脸（中轴收紧），高眉骨/中度眼窝，鹿系眼·眼尾下沉·标准眼距，宽鼻根/高直鼻梁/骨感鼻头，上厚下薄·嘴角平直，圆方下颌
FD00856,倒梯形脸,下庭收窄,饱满额,外侧突出眉骨,眼下骨感,宽颧骨,薄面颊,圆方下颌,上扬凤眼,眼尾下压,标准眼距,星点虹膜,中高鼻根,微弧鼻梁,轻翘鼻头,平直唇,嘴角上扬,右眼下浅泪痣,倒梯形脸（下庭收窄），外侧突出眉骨/眼下骨感，上扬凤眼·眼尾下压·标准眼距，中高鼻根/微弧鼻梁/轻翘鼻头，平直唇·嘴角上扬，圆方下颌
FD00857,方菱过渡脸,颧部外扩,宽额,压迫感眉骨,眼下饱满,柔和颧骨,轻凹面颊,宽下颌,狼系眼,眼尾微挑,宽眼距,星点虹膜,窄鼻根,中直鼻梁,方圆鼻头,弓形唇,嘴角上扬,颈侧细疤,方菱过渡脸（颧部外扩），压迫感眉骨/眼下饱满，狼系眼·眼尾微挑·宽眼距，窄鼻根/中直鼻梁/方圆鼻头，弓形唇·嘴角上扬，宽下颌
FD00858,下颌突出脸,下颌线柔化,窄额,厚眉骨,眼下骨感,高颧骨,成熟收紧面颊,骨感下颌,平凤眼,眼尾微挑,标准眼距,琥珀瞳,中高鼻根,宽骨鼻梁,小圆鼻头,上厚下薄,单侧上扬,眼角小痣,下颌突出脸（下颌线柔化），厚眉骨/眼下骨感，平凤眼·眼尾微挑·标准眼距，中高鼻根/宽骨鼻梁/小圆鼻头，上厚下薄·单侧上扬，骨感下颌
FD00859,下颌突出脸,上庭收窄,低额,内侧突出眉骨,眼下骨感,外扩颧骨,薄面颊,收敛下颌,桃花眼,眼尾延展,窄眼距,浅褐瞳,宽鼻根,微弧鼻梁,下压鼻头,宽嘴,嘴角平直,碎裂虹膜,下颌突出脸（上庭收窄），内侧突出眉骨/眼下骨感，桃花眼·眼尾延展·窄眼距，宽鼻根/微弧鼻梁/下压鼻头，宽嘴·嘴角平直，收敛下颌
FD00860,圆方脸,颧部微收,宽额,外侧突出眉骨,中度眼窝,低颧骨,成熟收紧面颊,窄下颌,平凤眼,眼尾微挑,宽眼距,浅褐瞳,中鼻根,轻微偏左鼻梁,肉感鼻头,平直唇,单侧上扬,右眼下浅泪痣,圆方脸（颧部微收），外侧突出眉骨/中度眼窝，平凤眼·眼尾微挑·宽眼距，中鼻根/轻微偏左鼻梁/肉感鼻头，平直唇·单侧上扬，窄下颌
FD00861,方菱过渡脸,颧部微收,微凸额,外侧突出眉骨,中度眼窝,柔和颧骨,饱满面颊,柔和下颌,狭长眼,眼尾延展,窄眼距,深色瞳,低鼻根,宽骨鼻梁,窄翼鼻头,薄唇,嘴角下垂,指节薄茧,方菱过渡脸（颧部微收），外侧突出眉骨/中度眼窝，狭长眼·眼尾延展·窄眼距，低鼻根/宽骨鼻梁/窄翼鼻头，薄唇·嘴角下垂，柔和下颌
FD00862,上窄下宽脸,下庭加重,饱满额,外侧突出眉骨,中度眼窝,窄颧骨,轻凹面颊,窄下颌,狭长瑞凤眼,眼尾延展,宽眼距,琥珀瞳,低鼻根,微弧鼻梁,微钝鼻头,平直唇,嘴角上扬,眉尾旧疤,上窄下宽脸（下庭加重），外侧突出眉骨/中度眼窝，狭长瑞凤眼·眼尾延展·宽眼距，低鼻根/微弧鼻梁/微钝鼻头，平直唇·嘴角上扬，窄下颌
FD00863,骨感方脸,中庭展宽,宽额,厚眉骨,窄深眼窝,外扩颧骨,薄面颊,骨感下颌,短圆杏眼,眼尾下沉,宽眼距,环状虹膜,低鼻根,宽骨鼻梁,下压鼻头,上薄下厚,嘴角下垂,左颊浅疤,骨感方脸（中庭展宽），厚眉骨/窄深眼窝，短圆杏眼·眼尾下沉·宽眼距，低鼻根/宽骨鼻梁/下压鼻头，上薄下厚·嘴角下垂，骨感下颌
FD00864,窄方脸,面中立体化,窄额,薄眉骨,窄深眼窝,窄颧骨,饱满面颊,骨感下颌,狭长眼,眼尾微挑,标准眼距,浅褐瞳,中高鼻根,轻微偏左鼻梁,窄翼鼻头,平直唇,嘴角上扬,异色瞳,窄方脸（面中立体化），薄眉骨/窄深眼窝，狭长眼·眼尾微挑·标准眼距，中高鼻根/轻微偏左鼻梁/窄翼鼻头，平直唇·嘴角上扬，骨感下颌
FD00865,骨感菱形,颊部饱满,饱满额,厚眉骨,浅眼窝,宽颧骨,成熟收紧面颊,宽下颌,鹿系眼,眼尾延展,窄眼距,环状虹膜,低鼻根,柔和鼻梁,骨感鼻头,宽嘴,嘴角上扬,无标志,骨感菱形（颊部饱满），厚眉骨/浅眼窝，鹿系眼·眼尾延展·窄眼距，低鼻根/柔和鼻梁/骨感鼻头，宽嘴·嘴角上扬，宽下颌
FD00866,长菱形,颈部线条收短,低额,低眉骨,宽浅眼窝,柔和颧骨,薄面颊,柔和下颌,下垂眼,眼尾微挑,宽眼距,碎裂虹膜,中鼻根,轻微偏右鼻梁,小圆鼻头,上厚下薄,嘴角紧收,右眼下浅泪痣,长菱形（颈部线条收短），低眉骨/宽浅眼窝，下垂眼·眼尾微挑·宽眼距，中鼻根/轻微偏右鼻梁/小圆鼻头，上厚下薄·嘴角紧收，柔和下颌
FD00867,长心形脸,中庭展宽,宽额,厚眉骨,中度眼窝,高颧骨,幼态柔软面颊,柔和下颌,下垂眼,眼尾下压,窄眼距,灰蓝瞳,宽鼻根,宽骨鼻梁,窄翼鼻头,成熟长唇,嘴角平直,环状虹膜,长心形脸（中庭展宽），厚眉骨/中度眼窝，下垂眼·眼尾下压·窄眼距，宽鼻根/宽骨鼻梁/窄翼鼻头，成熟长唇·嘴角平直，柔和下颌
FD00868,正梯形脸,中轴微长,窄额,压迫感眉骨,窄深眼窝,窄颧骨,饱满面颊,窄下颌,平凤眼,眼尾下压,窄眼距,淡金瞳,高鼻根,中直鼻梁,骨感鼻头,厚唇,嘴角紧收,唇下小痣,正梯形脸（中轴微长），压迫感眉骨/窄深眼窝，平凤眼·眼尾下压·窄眼距，高鼻根/中直鼻梁/骨感鼻头，厚唇·嘴角紧收，窄下颌
FD00869,倒三角脸,颧部微收,微凸额,薄眉骨,中度眼窝,低颧骨,成熟收紧面颊,方下颌,平直杏眼,眼尾延展,宽眼距,浅褐瞳,高鼻根,轻微偏左鼻梁,肉感鼻头,成熟长唇,嘴角平直,单侧酒窝,倒三角脸（颧部微收），薄眉骨/中度眼窝，平直杏眼·眼尾延展·宽眼距，高鼻根/轻微偏左鼻梁/肉感鼻头，成熟长唇·嘴角平直，方下颌
FD00870,骨感窄脸,下颌线柔化,宽额,压迫感眉骨,窄深眼窝,柔和颧骨,成熟收紧面颊,柔和下颌,狐狸系眼,眼尾延展,窄眼距,碎裂虹膜,宽鼻根,轻鹰钩鼻梁,肉感鼻头,宽嘴,嘴角上扬,异色瞳,骨感窄脸（下颌线柔化），压迫感眉骨/窄深眼窝，狐狸系眼·眼尾延展·窄眼距，宽鼻根/轻鹰钩鼻梁/肉感鼻头，宽嘴·嘴角上扬，柔和下颌
FD00871,长菱形,中轴微长,骨感额,压迫感眉骨,眼下骨感,窄颧骨,幼态柔软面颊,收敛下颌,平凤眼,眼尾下沉,窄眼距,墨玉瞳,中高鼻根,宽骨鼻梁,肉感鼻头,小嘴,嘴角平直,下颌浅疤,长菱形（中轴微长），压迫感眉骨/眼下骨感，平凤眼·眼尾下沉·窄眼距，中高鼻根/宽骨鼻梁/肉感鼻头，小嘴·嘴角平直，收敛下颌
FD00872,下颌突出脸,中轴收紧,饱满额,厚眉骨,深眼窝,窄颧骨,成熟收紧面颊,宽下颌,狭长眼,眼尾明显挑,窄眼距,环状虹膜,中高鼻根,宽骨鼻梁,肉感鼻头,上厚下薄,嘴角平直,唇下小痣,下颌突出脸（中轴收紧），厚眉骨/深眼窝，狭长眼·眼尾明显挑·窄眼距，中高鼻根/宽骨鼻梁/肉感鼻头，上厚下薄·嘴角平直，宽下颌
FD00873,短方脸,颌角弱化,宽额,压迫感眉骨,中度眼窝,高颧骨,成熟收紧面颊,明显下颌角,上扬凤眼,眼尾下沉,窄眼距,浅褐瞳,中鼻根,轻微偏右鼻梁,骨感鼻头,上薄下厚,嘴角下垂,无标志,短方脸（颌角弱化），压迫感眉骨/中度眼窝，上扬凤眼·眼尾下沉·窄眼距，中鼻根/轻微偏右鼻梁/骨感鼻头，上薄下厚·嘴角下垂，明显下颌角
FD00874,上窄下宽脸,颌角强调,高额,外侧突出眉骨,眼下饱满,柔和颧骨,成熟收紧面颊,明显下颌角,短圆杏眼,眼尾平直,窄眼距,环状虹膜,低鼻根,轻鹰钩鼻梁,窄翼鼻头,平直唇,嘴角平直,单侧虎牙,上窄下宽脸（颌角强调），外侧突出眉骨/眼下饱满，短圆杏眼·眼尾平直·窄眼距，低鼻根/轻鹰钩鼻梁/窄翼鼻头，平直唇·嘴角平直，明显下颌角
FD00875,宽方脸,下颌线清晰化,窄额,外侧突出眉骨,眼下饱满,柔和颧骨,饱满面颊,柔和下颌,蛇系眼,眼尾下沉,窄眼距,异色瞳,高鼻根,中直鼻梁,下压鼻头,弓形唇,嘴角紧收,眼角小痣,宽方脸（下颌线清晰化），外侧突出眉骨/眼下饱满，蛇系眼·眼尾下沉·窄眼距，高鼻根/中直鼻梁/下压鼻头，弓形唇·嘴角紧收，柔和下颌
FD00876,骨感窄脸,颈部线条延长,饱满额,内侧突出眉骨,深眼窝,高颧骨,薄面颊,骨感下颌,窄杏眼,眼尾平直,标准眼距,深色瞳,窄鼻根,柔和鼻梁,微钝鼻头,上薄下厚,嘴角下垂,无标志,骨感窄脸（颈部线条延长），内侧突出眉骨/深眼窝，窄杏眼·眼尾平直·标准眼距，窄鼻根/柔和鼻梁/微钝鼻头，上薄下厚·嘴角下垂，骨感下颌
FD00877,颧部展开脸,颊部饱满,骨感额,外侧突出眉骨,眼下骨感,低颧骨,轻凹面颊,明显下颌角,平直杏眼,眼尾明显挑,窄眼距,星点虹膜,低鼻根,轻微偏左鼻梁,轻翘鼻头,厚唇,嘴角紧收,眉上小疤,颧部展开脸（颊部饱满），外侧突出眉骨/眼下骨感，平直杏眼·眼尾明显挑·窄眼距，低鼻根/轻微偏左鼻梁/轻翘鼻头，厚唇·嘴角紧收，明显下颌角
FD00878,正梯形脸,上庭展开,高额,柔和眉骨,窄深眼窝,窄颧骨,成熟收紧面颊,柔和下颌,圆长眼,眼尾下压,宽眼距,碎裂虹膜,低鼻根,高直鼻梁,下压鼻头,厚唇,嘴角平直,环状虹膜,正梯形脸（上庭展开），柔和眉骨/窄深眼窝，圆长眼·眼尾下压·宽眼距，低鼻根/高直鼻梁/下压鼻头，厚唇·嘴角平直，柔和下颌
FD00879,长心形脸,颈部线条延长,骨感额,柔和眉骨,浅眼窝,柔和颧骨,饱满面颊,宽下颌,丹凤眼,眼尾延展,标准眼距,异色瞳,低鼻根,宽骨鼻梁,小圆鼻头,平直唇,嘴角上扬,鼻梁旧伤,长心形脸（颈部线条延长），柔和眉骨/浅眼窝，丹凤眼·眼尾延展·标准眼距，低鼻根/宽骨鼻梁/小圆鼻头，平直唇·嘴角上扬，宽下颌
FD00880,上窄下宽脸,偏柔圆润,平直额,柔和眉骨,眼下骨感,低颧骨,薄面颊,窄下颌,上扬凤眼,眼尾平直,标准眼距,碎裂虹膜,低鼻根,宽骨鼻梁,轻翘鼻头,成熟长唇,嘴角下垂,异色瞳,上窄下宽脸（偏柔圆润），柔和眉骨/眼下骨感，上扬凤眼·眼尾平直·标准眼距，低鼻根/宽骨鼻梁/轻翘鼻头，成熟长唇·嘴角下垂，窄下颌
FD00881,下颌突出脸,中轴微长,微凸额,柔和眉骨,中度眼窝,低颧骨,薄面颊,明显下颌角,宽杏眼,眼尾微挑,窄眼距,环状虹膜,高鼻根,轻微偏右鼻梁,下压鼻头,薄唇,嘴角平直,耳后小痣,下颌突出脸（中轴微长），柔和眉骨/中度眼窝，宽杏眼·眼尾微挑·窄眼距，高鼻根/轻微偏右鼻梁/下压鼻头，薄唇·嘴角平直，明显下颌角
FD00882,倒梯形脸,颌角弱化,骨感额,高眉骨,深眼窝,低颧骨,薄面颊,柔和下颌,猫系眼,眼尾下压,窄眼距,灰蓝瞳,低鼻根,中直鼻梁,轻翘鼻头,平直唇,嘴角平直,颈侧细疤,倒梯形脸（颌角弱化），高眉骨/深眼窝，猫系眼·眼尾下压·窄眼距，低鼻根/中直鼻梁/轻翘鼻头，平直唇·嘴角平直，柔和下颌
FD00883,下颌突出脸,上庭收窄,饱满额,外侧突出眉骨,眼下饱满,外扩颧骨,饱满面颊,明显下颌角,长杏眼,眼尾下沉,标准眼距,灰蓝瞳,高鼻根,宽骨鼻梁,小圆鼻头,厚唇,嘴角平直,双侧酒窝,下颌突出脸（上庭收窄），外侧突出眉骨/眼下饱满，长杏眼·眼尾下沉·标准眼距，高鼻根/宽骨鼻梁/小圆鼻头，厚唇·嘴角平直，明显下颌角
FD00884,倒三角脸,颊部饱满,宽额,柔和眉骨,宽浅眼窝,窄颧骨,轻凹面颊,窄下颌,平凤眼,眼尾平直,宽眼距,灰蓝瞳,低鼻根,中直鼻梁,小圆鼻头,成熟长唇,嘴角平直,无标志,倒三角脸（颊部饱满），柔和眉骨/宽浅眼窝，平凤眼·眼尾平直·宽眼距，低鼻根/中直鼻梁/小圆鼻头，成熟长唇·嘴角平直，窄下颌
FD00885,宽菱形,颈部线条延长,微凸额,柔和眉骨,浅眼窝,柔和颧骨,薄面颊,骨感下颌,短圆杏眼,眼尾下沉,标准眼距,星点虹膜,宽鼻根,中直鼻梁,小圆鼻头,上薄下厚,单侧上扬,右眉轻断,宽菱形（颈部线条延长），柔和眉骨/浅眼窝，短圆杏眼·眼尾下沉·标准眼距，宽鼻根/中直鼻梁/小圆鼻头，上薄下厚·单侧上扬，骨感下颌
FD00886,长方脸,颊部饱满,高额,压迫感眉骨,眼下骨感,外扩颧骨,薄面颊,方下颌,狭长瑞凤眼,眼尾微挑,宽眼距,浅褐瞳,中鼻根,轻鹰钩鼻梁,骨感鼻头,宽嘴,嘴角平直,眉尾旧疤,长方脸（颊部饱满），压迫感眉骨/眼下骨感，狭长瑞凤眼·眼尾微挑·宽眼距，中鼻根/轻鹰钩鼻梁/骨感鼻头，宽嘴·嘴角平直，方下颌
FD00887,上窄下宽脸,骨点外显,宽额,高眉骨,宽浅眼窝,窄颧骨,饱满面颊,柔和下颌,猫系眼,眼尾下沉,窄眼距,墨玉瞳,中鼻根,轻微偏右鼻梁,方圆鼻头,上薄下厚,单侧上扬,额角旧痕,上窄下宽脸（骨点外显），高眉骨/宽浅眼窝，猫系眼·眼尾下沉·窄眼距，中鼻根/轻微偏右鼻梁/方圆鼻头，上薄下厚·单侧上扬，柔和下颌
FD00888,圆方脸,下庭加重,窄额,低眉骨,深眼窝,低颧骨,薄面颊,收敛下颌,鹰隼眼,眼尾平直,标准眼距,淡金瞳,高鼻根,轻微偏左鼻梁,骨感鼻头,弓形唇,嘴角紧收,下颌浅疤,圆方脸（下庭加重），低眉骨/深眼窝，鹰隼眼·眼尾平直·标准眼距，高鼻根/轻微偏左鼻梁/骨感鼻头，弓形唇·嘴角紧收，收敛下颌
FD00889,梨形脸,骨点外显,微凸额,厚眉骨,眼下骨感,外扩颧骨,薄面颊,宽下颌,下垂眼,眼尾微挑,标准眼距,环状虹膜,宽鼻根,微弧鼻梁,骨感鼻头,平直唇,嘴角平直,眼角小痣,梨形脸（骨点外显），厚眉骨/眼下骨感，下垂眼·眼尾微挑·标准眼距，宽鼻根/微弧鼻梁/骨感鼻头，平直唇·嘴角平直，宽下颌
FD00890,梨形脸,下庭加重,微凸额,压迫感眉骨,中度眼窝,高颧骨,轻凹面颊,收敛下颌,狐狸系眼,眼尾微挑,宽眼距,淡金瞳,宽鼻根,轻微偏右鼻梁,窄翼鼻头,薄唇,嘴角下垂,无标志,梨形脸（下庭加重），压迫感眉骨/中度眼窝，狐狸系眼·眼尾微挑·宽眼距，宽鼻根/轻微偏右鼻梁/窄翼鼻头，薄唇·嘴角下垂，收敛下颌
FD00891,正梯形脸,颌角弱化,平直额,低眉骨,中度眼窝,宽颧骨,幼态柔软面颊,收敛下颌,丹凤眼,眼尾下沉,标准眼距,碎裂虹膜,高鼻根,微弧鼻梁,骨感鼻头,弓形唇,嘴角平直,无标志,正梯形脸（颌角弱化），低眉骨/中度眼窝，丹凤眼·眼尾下沉·标准眼距，高鼻根/微弧鼻梁/骨感鼻头，弓形唇·嘴角平直，收敛下颌
FD00892,清瘦圆脸,下颌线清晰化,高额,外侧突出眉骨,眼下骨感,高颧骨,饱满面颊,窄下颌,半睁懒眼,眼尾下沉,窄眼距,琥珀瞳,窄鼻根,轻微偏右鼻梁,肉感鼻头,上薄下厚,嘴角下垂,无标志,清瘦圆脸（下颌线清晰化），外侧突出眉骨/眼下骨感，半睁懒眼·眼尾下沉·窄眼距，窄鼻根/轻微偏右鼻梁/肉感鼻头，上薄下厚·嘴角下垂，窄下颌
FD00893,标准菱形,上庭展开,饱满额,柔和眉骨,浅眼窝,宽颧骨,薄面颊,骨感下颌,鹰隼眼,眼尾明显挑,窄眼距,环状虹膜,高鼻根,中直鼻梁,窄翼鼻头,成熟长唇,嘴角上扬,鼻梁旧伤,标准菱形（上庭展开），柔和眉骨/浅眼窝，鹰隼眼·眼尾明显挑·窄眼距，高鼻根/中直鼻梁/窄翼鼻头，成熟长唇·嘴角上扬，骨感下颌
FD00894,上宽下窄脸,中庭展宽,高额,高眉骨,眼下骨感,高颧骨,幼态柔软面颊,窄下颌,短杏眼,眼尾延展,标准眼距,琥珀瞳,中鼻根,轻微偏左鼻梁,窄翼鼻头,小嘴,嘴角上扬,环状虹膜,上宽下窄脸（中庭展宽），高眉骨/眼下骨感，短杏眼·眼尾延展·标准眼距，中鼻根/轻微偏左鼻梁/窄翼鼻头，小嘴·嘴角上扬，窄下颌
FD00895,正梯形脸,颈部线条收短,骨感额,内侧突出眉骨,窄深眼窝,外扩颧骨,成熟收紧面颊,圆方下颌,平凤眼,眼尾平直,宽眼距,异色瞳,中高鼻根,柔和鼻梁,肉感鼻头,宽嘴,嘴角上扬,右眉轻断,正梯形脸（颈部线条收短），内侧突出眉骨/窄深眼窝，平凤眼·眼尾平直·宽眼距，中高鼻根/柔和鼻梁/肉感鼻头，宽嘴·嘴角上扬，圆方下颌
FD00896,颧部展开脸,中轴微长,微凸额,柔和眉骨,窄深眼窝,柔和颧骨,幼态柔软面颊,圆方下颌,丹凤眼,眼尾明显挑,窄眼距,淡金瞳,宽鼻根,轻鹰钩鼻梁,微钝鼻头,弓形唇,嘴角平直,眉上小疤,颧部展开脸（中轴微长），柔和眉骨/窄深眼窝，丹凤眼·眼尾明显挑·窄眼距，宽鼻根/轻鹰钩鼻梁/微钝鼻头，弓形唇·嘴角平直，圆方下颌
FD00897,骨感方脸,下颌线柔化,平直额,高眉骨,宽浅眼窝,宽颧骨,成熟收紧面颊,宽下颌,窄杏眼,眼尾明显挑,标准眼距,深色瞳,中高鼻根,轻微偏左鼻梁,下压鼻头,弓形唇,单侧上扬,双侧酒窝,骨感方脸（下颌线柔化），高眉骨/宽浅眼窝，窄杏眼·眼尾明显挑·标准眼距，中高鼻根/轻微偏左鼻梁/下压鼻头，弓形唇·单侧上扬，宽下颌
FD00898,骨感窄脸,中轴微长,宽额,柔和眉骨,深眼窝,柔和颧骨,幼态柔软面颊,柔和下颌,鹿系眼,眼尾平直,标准眼距,异色瞳,宽鼻根,轻微偏右鼻梁,方圆鼻头,弓形唇,嘴角上扬,碎裂虹膜,骨感窄脸（中轴微长），柔和眉骨/深眼窝，鹿系眼·眼尾平直·标准眼距，宽鼻根/轻微偏右鼻梁/方圆鼻头，弓形唇·嘴角上扬，柔和下颌
FD00899,短圆脸,面中平缓,平直额,内侧突出眉骨,中度眼窝,窄颧骨,幼态柔软面颊,窄下颌,狼系眼,眼尾下压,窄眼距,淡金瞳,高鼻根,微弧鼻梁,小圆鼻头,平直唇,嘴角下垂,左颊浅疤,短圆脸（面中平缓），内侧突出眉骨/中度眼窝，狼系眼·眼尾下压·窄眼距，高鼻根/微弧鼻梁/小圆鼻头，平直唇·嘴角下垂，窄下颌
FD00900,幼态圆脸,颊部略凹,骨感额,高眉骨,深眼窝,外扩颧骨,幼态柔软面颊,明显下颌角,狐狸系眼,眼尾延展,标准眼距,碎裂虹膜,宽鼻根,柔和鼻梁,轻翘鼻头,宽嘴,嘴角下垂,下颌浅疤,幼态圆脸（颊部略凹），高眉骨/深眼窝，狐狸系眼·眼尾延展·标准眼距，宽鼻根/柔和鼻梁/轻翘鼻头，宽嘴·嘴角下垂，明显下颌角
FD00901,幼态圆脸,下颌线清晰化,饱满额,薄眉骨,浅眼窝,外扩颧骨,饱满面颊,圆方下颌,冷感眼,眼尾平直,宽眼距,琥珀瞳,高鼻根,高直鼻梁,微钝鼻头,成熟长唇,单侧上扬,唇下小痣,幼态圆脸（下颌线清晰化），薄眉骨/浅眼窝，冷感眼·眼尾平直·宽眼距，高鼻根/高直鼻梁/微钝鼻头，成熟长唇·单侧上扬，圆方下颌
FD00902,颧部展开脸,颈部线条延长,骨感额,内侧突出眉骨,中度眼窝,低颧骨,饱满面颊,窄下颌,圆长眼,眼尾延展,标准眼距,灰蓝瞳,宽鼻根,轻微偏右鼻梁,骨感鼻头,小嘴,嘴角下垂,单侧酒窝,颧部展开脸（颈部线条延长），内侧突出眉骨/中度眼窝，圆长眼·眼尾延展·标准眼距，宽鼻根/轻微偏右鼻梁/骨感鼻头，小嘴·嘴角下垂，窄下颌
FD00903,幼态方脸,上庭展开,高额,柔和眉骨,浅眼窝,柔和颧骨,轻凹面颊,明显下颌角,瑞凤眼,眼尾下压,窄眼距,浅褐瞳,中高鼻根,轻鹰钩鼻梁,肉感鼻头,成熟长唇,嘴角上扬,无标志,幼态方脸（上庭展开），柔和眉骨/浅眼窝，瑞凤眼·眼尾下压·窄眼距，中高鼻根/轻鹰钩鼻梁/肉感鼻头，成熟长唇·嘴角上扬，明显下颌角
FD00904,正梯形脸,颈部线条延长,宽额,低眉骨,深眼窝,外扩颧骨,轻凹面颊,明显下颌角,蛇系眼,眼尾明显挑,宽眼距,灰蓝瞳,中鼻根,中直鼻梁,小圆鼻头,厚唇,嘴角紧收,左眼下浅泪痣,正梯形脸（颈部线条延长），低眉骨/深眼窝，蛇系眼·眼尾明显挑·宽眼距，中鼻根/中直鼻梁/小圆鼻头，厚唇·嘴角紧收，明显下颌角
FD00905,柔和方脸,中轴微长,窄额,内侧突出眉骨,浅眼窝,低颧骨,饱满面颊,方下颌,蛇系眼,眼尾下沉,标准眼距,灰蓝瞳,中高鼻根,宽骨鼻梁,骨感鼻头,平直唇,嘴角下垂,眼角小痣,柔和方脸（中轴微长），内侧突出眉骨/浅眼窝，蛇系眼·眼尾下沉·标准眼距，中高鼻根/宽骨鼻梁/骨感鼻头，平直唇·嘴角下垂，方下颌
FD00906,成熟方脸,偏锐收窄,骨感额,压迫感眉骨,宽浅眼窝,低颧骨,幼态柔软面颊,窄下颌,鹤系眼,眼尾微挑,标准眼距,浅褐瞳,中鼻根,轻微偏右鼻梁,肉感鼻头,平直唇,嘴角上扬,环状虹膜,成熟方脸（偏锐收窄），压迫感眉骨/宽浅眼窝，鹤系眼·眼尾微挑·标准眼距，中鼻根/轻微偏右鼻梁/肉感鼻头，平直唇·嘴角上扬，窄下颌
FD00907,长方脸,骨点外显,宽额,厚眉骨,浅眼窝,宽颧骨,幼态柔软面颊,明显下颌角,疲惫眼,眼尾下沉,窄眼距,环状虹膜,高鼻根,微弧鼻梁,小圆鼻头,小嘴,嘴角平直,眉心竖纹浅痕,长方脸（骨点外显），厚眉骨/浅眼窝，疲惫眼·眼尾下沉·窄眼距，高鼻根/微弧鼻梁/小圆鼻头，小嘴·嘴角平直，明显下颌角
FD00908,骨感菱形,骨点内敛,窄额,薄眉骨,深眼窝,柔和颧骨,幼态柔软面颊,窄下颌,半睁懒眼,眼尾明显挑,标准眼距,星点虹膜,中鼻根,轻微偏右鼻梁,骨感鼻头,厚唇,嘴角紧收,单侧酒窝,骨感菱形（骨点内敛），薄眉骨/深眼窝，半睁懒眼·眼尾明显挑·标准眼距，中鼻根/轻微偏右鼻梁/骨感鼻头，厚唇·嘴角紧收，窄下颌
FD00909,长方脸,颧部微收,宽额,薄眉骨,眼下骨感,宽颧骨,成熟收紧面颊,窄下颌,宽杏眼,眼尾平直,窄眼距,淡金瞳,高鼻根,中直鼻梁,肉感鼻头,薄唇,嘴角紧收,眼睑褶皱不对称,长方脸（颧部微收），薄眉骨/眼下骨感，宽杏眼·眼尾平直·窄眼距，高鼻根/中直鼻梁/肉感鼻头，薄唇·嘴角紧收，窄下颌
FD00910,上窄下宽脸,骨点外显,低额,压迫感眉骨,眼下骨感,低颧骨,幼态柔软面颊,收敛下颌,狭长瑞凤眼,眼尾延展,宽眼距,浅褐瞳,中鼻根,轻微偏右鼻梁,骨感鼻头,宽嘴,单侧上扬,单侧酒窝,上窄下宽脸（骨点外显），压迫感眉骨/眼下骨感，狭长瑞凤眼·眼尾延展·宽眼距，中鼻根/轻微偏右鼻梁/骨感鼻头，宽嘴·单侧上扬，收敛下颌
FD00911,方菱过渡脸,下颌线清晰化,饱满额,高眉骨,眼下骨感,柔和颧骨,成熟收紧面颊,方下颌,短杏眼,眼尾延展,标准眼距,墨玉瞳,高鼻根,微弧鼻梁,窄翼鼻头,宽嘴,嘴角紧收,碎裂虹膜,方菱过渡脸（下颌线清晰化），高眉骨/眼下骨感，短杏眼·眼尾延展·标准眼距，高鼻根/微弧鼻梁/窄翼鼻头，宽嘴·嘴角紧收，方下颌
FD00912,长方脸,中庭拉长,窄额,压迫感眉骨,宽浅眼窝,外扩颧骨,薄面颊,宽下颌,短杏眼,眼尾明显挑,宽眼距,灰蓝瞳,宽鼻根,轻微偏右鼻梁,微钝鼻头,薄唇,嘴角紧收,双侧酒窝,长方脸（中庭拉长），压迫感眉骨/宽浅眼窝，短杏眼·眼尾明显挑·宽眼距，宽鼻根/轻微偏右鼻梁/微钝鼻头，薄唇·嘴角紧收，宽下颌
FD00913,心形脸,颧部外扩,饱满额,内侧突出眉骨,浅眼窝,外扩颧骨,轻凹面颊,窄下颌,冷感眼,眼尾下压,窄眼距,灰蓝瞳,高鼻根,轻鹰钩鼻梁,微钝鼻头,厚唇,嘴角平直,额角旧痕,心形脸（颧部外扩），内侧突出眉骨/浅眼窝，冷感眼·眼尾下压·窄眼距，高鼻根/轻鹰钩鼻梁/微钝鼻头，厚唇·嘴角平直，窄下颌
FD00914,正梯形脸,偏锐收窄,窄额,厚眉骨,眼下骨感,高颧骨,轻凹面颊,窄下颌,疲惫眼,眼尾明显挑,标准眼距,异色瞳,低鼻根,柔和鼻梁,小圆鼻头,小嘴,嘴角下垂,瞳孔残缺,正梯形脸（偏锐收窄），厚眉骨/眼下骨感，疲惫眼·眼尾明显挑·标准眼距，低鼻根/柔和鼻梁/小圆鼻头，小嘴·嘴角下垂，窄下颌
FD00915,成熟方脸,骨点外显,宽额,压迫感眉骨,窄深眼窝,低颧骨,幼态柔软面颊,收敛下颌,柳叶眼,眼尾下压,宽眼距,琥珀瞳,低鼻根,中直鼻梁,微钝鼻头,平直唇,嘴角紧收,右眼下浅泪痣,成熟方脸（骨点外显），压迫感眉骨/窄深眼窝，柳叶眼·眼尾下压·宽眼距，低鼻根/中直鼻梁/微钝鼻头，平直唇·嘴角紧收，收敛下颌
FD00916,颧部展开脸,下庭加重,骨感额,压迫感眉骨,窄深眼窝,低颧骨,饱满面颊,窄下颌,宽杏眼,眼尾下沉,窄眼距,灰蓝瞳,低鼻根,柔和鼻梁,骨感鼻头,上厚下薄,嘴角紧收,碎裂虹膜,颧部展开脸（下庭加重），压迫感眉骨/窄深眼窝，宽杏眼·眼尾下沉·窄眼距，低鼻根/柔和鼻梁/骨感鼻头，上厚下薄·嘴角紧收，窄下颌
FD00917,正梯形脸,中轴收紧,平直额,厚眉骨,眼下饱满,柔和颧骨,轻凹面颊,方下颌,瑞凤眼,眼尾延展,窄眼距,星点虹膜,低鼻根,宽骨鼻梁,小圆鼻头,小嘴,嘴角下垂,碎裂虹膜,正梯形脸（中轴收紧），厚眉骨/眼下饱满，瑞凤眼·眼尾延展·窄眼距，低鼻根/宽骨鼻梁/小圆鼻头，小嘴·嘴角下垂，方下颌
FD00918,宽方脸,骨点内敛,饱满额,外侧突出眉骨,宽浅眼窝,外扩颧骨,轻凹面颊,窄下颌,圆长眼,眼尾下沉,宽眼距,墨玉瞳,高鼻根,轻微偏左鼻梁,窄翼鼻头,宽嘴,嘴角下垂,鼻梁旧伤,宽方脸（骨点内敛），外侧突出眉骨/宽浅眼窝，圆长眼·眼尾下沉·宽眼距，高鼻根/轻微偏左鼻梁/窄翼鼻头，宽嘴·嘴角下垂，窄下颌
FD00919,标准菱形,中轴收紧,骨感额,外侧突出眉骨,中度眼窝,窄颧骨,饱满面颊,方下颌,上扬凤眼,眼尾延展,标准眼距,碎裂虹膜,低鼻根,轻鹰钩鼻梁,窄翼鼻头,宽嘴,嘴角下垂,异色瞳,标准菱形（中轴收紧），外侧突出眉骨/中度眼窝，上扬凤眼·眼尾延展·标准眼距，低鼻根/轻鹰钩鼻梁/窄翼鼻头，宽嘴·嘴角下垂，方下颌
FD00920,短方脸,骨点内敛,低额,高眉骨,深眼窝,外扩颧骨,薄面颊,窄下颌,鹰隼眼,眼尾下压,标准眼距,星点虹膜,宽鼻根,轻微偏右鼻梁,窄翼鼻头,上厚下薄,嘴角下垂,眉尾旧疤,短方脸（骨点内敛），高眉骨/深眼窝，鹰隼眼·眼尾下压·标准眼距，宽鼻根/轻微偏右鼻梁/窄翼鼻头，上厚下薄·嘴角下垂，窄下颌
FD00921,梨形脸,颈部线条延长,低额,压迫感眉骨,宽浅眼窝,宽颧骨,薄面颊,圆方下颌,桃花眼,眼尾平直,标准眼距,淡金瞳,高鼻根,高直鼻梁,方圆鼻头,厚唇,嘴角上扬,单侧酒窝,梨形脸（颈部线条延长），压迫感眉骨/宽浅眼窝，桃花眼·眼尾平直·标准眼距，高鼻根/高直鼻梁/方圆鼻头，厚唇·嘴角上扬，圆方下颌
FD00922,骨感方脸,颧部微收,饱满额,厚眉骨,深眼窝,窄颧骨,饱满面颊,明显下颌角,蛇系眼,眼尾下压,标准眼距,异色瞳,中鼻根,高直鼻梁,下压鼻头,小嘴,嘴角上扬,眉尾旧疤,骨感方脸（颧部微收），厚眉骨/深眼窝，蛇系眼·眼尾下压·标准眼距，中鼻根/高直鼻梁/下压鼻头，小嘴·嘴角上扬，明显下颌角
FD00923,骨感方脸,下颌线柔化,平直额,厚眉骨,深眼窝,窄颧骨,成熟收紧面颊,收敛下颌,长杏眼,眼尾延展,宽眼距,深色瞳,中高鼻根,轻微偏右鼻梁,窄翼鼻头,宽嘴,单侧上扬,眼睑褶皱不对称,骨感方脸（下颌线柔化），厚眉骨/深眼窝，长杏眼·眼尾延展·宽眼距，中高鼻根/轻微偏右鼻梁/窄翼鼻头，宽嘴·单侧上扬，收敛下颌
FD00924,上宽下窄脸,面中平缓,低额,柔和眉骨,浅眼窝,外扩颧骨,饱满面颊,明显下颌角,宽杏眼,眼尾下沉,窄眼距,灰蓝瞳,低鼻根,宽骨鼻梁,轻翘鼻头,平直唇,嘴角紧收,额角旧痕,上宽下窄脸（面中平缓），柔和眉骨/浅眼窝，宽杏眼·眼尾下沉·窄眼距，低鼻根/宽骨鼻梁/轻翘鼻头，平直唇·嘴角紧收，明显下颌角
FD00925,心形脸,颈部线条收短,低额,内侧突出眉骨,宽浅眼窝,宽颧骨,成熟收紧面颊,方下颌,短圆杏眼,眼尾下压,宽眼距,星点虹膜,中高鼻根,高直鼻梁,小圆鼻头,厚唇,嘴角下垂,双侧酒窝,心形脸（颈部线条收短），内侧突出眉骨/宽浅眼窝，短圆杏眼·眼尾下压·宽眼距，中高鼻根/高直鼻梁/小圆鼻头，厚唇·嘴角下垂，方下颌
FD00926,幼态圆脸,颊部略凹,低额,柔和眉骨,浅眼窝,窄颧骨,轻凹面颊,收敛下颌,宽杏眼,眼尾微挑,标准眼距,琥珀瞳,高鼻根,中直鼻梁,骨感鼻头,宽嘴,单侧上扬,无标志,幼态圆脸（颊部略凹），柔和眉骨/浅眼窝，宽杏眼·眼尾微挑·标准眼距，高鼻根/中直鼻梁/骨感鼻头，宽嘴·单侧上扬，收敛下颌
FD00927,长圆脸,骨点外显,窄额,外侧突出眉骨,深眼窝,低颧骨,轻凹面颊,收敛下颌,宽杏眼,眼尾下沉,窄眼距,深色瞳,高鼻根,轻微偏右鼻梁,小圆鼻头,上厚下薄,嘴角平直,碎裂虹膜,长圆脸（骨点外显），外侧突出眉骨/深眼窝，宽杏眼·眼尾下沉·窄眼距，高鼻根/轻微偏右鼻梁/小圆鼻头，上厚下薄·嘴角平直，收敛下颌
FD00928,标准菱形,面中平缓,低额,外侧突出眉骨,眼下骨感,窄颧骨,薄面颊,骨感下颌,上扬凤眼,眼尾延展,宽眼距,墨玉瞳,中鼻根,轻微偏右鼻梁,微钝鼻头,上薄下厚,单侧上扬,指节薄茧,标准菱形（面中平缓），外侧突出眉骨/眼下骨感，上扬凤眼·眼尾延展·宽眼距，中鼻根/轻微偏右鼻梁/微钝鼻头，上薄下厚·单侧上扬，骨感下颌
FD00929,短圆脸,颧部外扩,窄额,厚眉骨,宽浅眼窝,高颧骨,饱满面颊,收敛下颌,上扬凤眼,眼尾延展,宽眼距,灰蓝瞳,高鼻根,中直鼻梁,小圆鼻头,上薄下厚,嘴角紧收,碎裂虹膜,短圆脸（颧部外扩），厚眉骨/宽浅眼窝，上扬凤眼·眼尾延展·宽眼距，高鼻根/中直鼻梁/小圆鼻头，上薄下厚·嘴角紧收，收敛下颌
FD00930,骨感菱形,面中立体化,饱满额,内侧突出眉骨,窄深眼窝,柔和颧骨,饱满面颊,柔和下颌,平直杏眼,眼尾微挑,标准眼距,环状虹膜,窄鼻根,柔和鼻梁,方圆鼻头,小嘴,单侧上扬,指节薄茧,骨感菱形（面中立体化），内侧突出眉骨/窄深眼窝，平直杏眼·眼尾微挑·标准眼距，窄鼻根/柔和鼻梁/方圆鼻头，小嘴·单侧上扬，柔和下颌
FD00931,柔和方脸,面中立体化,低额,内侧突出眉骨,宽浅眼窝,外扩颧骨,成熟收紧面颊,方下颌,少年圆眼,眼尾下压,窄眼距,环状虹膜,中鼻根,轻鹰钩鼻梁,骨感鼻头,平直唇,嘴角上扬,双侧酒窝,柔和方脸（面中立体化），内侧突出眉骨/宽浅眼窝，少年圆眼·眼尾下压·窄眼距，中鼻根/轻鹰钩鼻梁/骨感鼻头，平直唇·嘴角上扬，方下颌
FD00932,长方脸,颊部略凹,饱满额,厚眉骨,宽浅眼窝,柔和颧骨,饱满面颊,收敛下颌,狭长眼,眼尾延展,标准眼距,星点虹膜,低鼻根,柔和鼻梁,微钝鼻头,薄唇,单侧上扬,鼻梁旧伤,长方脸（颊部略凹），厚眉骨/宽浅眼窝，狭长眼·眼尾延展·标准眼距，低鼻根/柔和鼻梁/微钝鼻头，薄唇·单侧上扬，收敛下颌
FD00933,肉感短脸,中轴微长,平直额,内侧突出眉骨,浅眼窝,柔和颧骨,成熟收紧面颊,柔和下颌,狭长眼,眼尾下压,窄眼距,灰蓝瞳,低鼻根,轻微偏右鼻梁,骨感鼻头,成熟长唇,嘴角紧收,指节薄茧,肉感短脸（中轴微长），内侧突出眉骨/浅眼窝，狭长眼·眼尾下压·窄眼距，低鼻根/轻微偏右鼻梁/骨感鼻头，成熟长唇·嘴角紧收，柔和下颌
FD00934,长方脸,颌角强调,平直额,压迫感眉骨,眼下饱满,柔和颧骨,薄面颊,圆方下颌,瑞凤眼,眼尾延展,宽眼距,异色瞳,高鼻根,宽骨鼻梁,下压鼻头,上薄下厚,嘴角紧收,额角旧痕,长方脸（颌角强调），压迫感眉骨/眼下饱满，瑞凤眼·眼尾延展·宽眼距，高鼻根/宽骨鼻梁/下压鼻头，上薄下厚·嘴角紧收，圆方下颌
FD00935,心形脸,中庭展宽,宽额,内侧突出眉骨,眼下饱满,高颧骨,薄面颊,骨感下颌,少年圆眼,眼尾下沉,标准眼距,浅褐瞳,低鼻根,宽骨鼻梁,骨感鼻头,平直唇,嘴角上扬,眉尾旧疤,心形脸（中庭展宽），内侧突出眉骨/眼下饱满，少年圆眼·眼尾下沉·标准眼距，低鼻根/宽骨鼻梁/骨感鼻头，平直唇·嘴角上扬，骨感下颌
FD00936,双颌匀称脸,偏锐收窄,窄额,低眉骨,浅眼窝,低颧骨,幼态柔软面颊,柔和下颌,少年圆眼,眼尾微挑,窄眼距,星点虹膜,高鼻根,微弧鼻梁,肉感鼻头,平直唇,嘴角紧收,双侧酒窝,双颌匀称脸（偏锐收窄），低眉骨/浅眼窝，少年圆眼·眼尾微挑·窄眼距，高鼻根/微弧鼻梁/肉感鼻头，平直唇·嘴角紧收，柔和下颌
FD00937,倒梯形脸,中轴微长,窄额,薄眉骨,眼下骨感,高颧骨,薄面颊,窄下颌,长杏眼,眼尾延展,窄眼距,灰蓝瞳,中高鼻根,轻微偏左鼻梁,窄翼鼻头,厚唇,嘴角紧收,右眉轻断,倒梯形脸（中轴微长），薄眉骨/眼下骨感，长杏眼·眼尾延展·窄眼距，中高鼻根/轻微偏左鼻梁/窄翼鼻头，厚唇·嘴角紧收，窄下颌
FD00938,下颌突出脸,上庭展开,饱满额,外侧突出眉骨,眼下饱满,低颧骨,成熟收紧面颊,骨感下颌,狼系眼,眼尾平直,宽眼距,环状虹膜,中鼻根,轻微偏右鼻梁,轻翘鼻头,厚唇,单侧上扬,耳后小痣,下颌突出脸（上庭展开），外侧突出眉骨/眼下饱满，狼系眼·眼尾平直·宽眼距，中鼻根/轻微偏右鼻梁/轻翘鼻头，厚唇·单侧上扬，骨感下颌
FD00939,梨形脸,颧部外扩,饱满额,高眉骨,眼下骨感,高颧骨,成熟收紧面颊,明显下颌角,冷感眼,眼尾下沉,宽眼距,星点虹膜,窄鼻根,中直鼻梁,小圆鼻头,薄唇,嘴角紧收,耳后小痣,梨形脸（颧部外扩），高眉骨/眼下骨感，冷感眼·眼尾下沉·宽眼距，窄鼻根/中直鼻梁/小圆鼻头，薄唇·嘴角紧收，明显下颌角
FD00940,窄方脸,偏柔圆润,骨感额,高眉骨,眼下饱满,柔和颧骨,薄面颊,明显下颌角,蛇系眼,眼尾微挑,宽眼距,灰蓝瞳,低鼻根,中直鼻梁,轻翘鼻头,宽嘴,嘴角上扬,鼻梁旧伤,窄方脸（偏柔圆润），高眉骨/眼下饱满，蛇系眼·眼尾微挑·宽眼距，低鼻根/中直鼻梁/轻翘鼻头，宽嘴·嘴角上扬，明显下颌角
FD00941,双颌匀称脸,下颌线柔化,窄额,低眉骨,深眼窝,柔和颧骨,饱满面颊,方下颌,狭长眼,眼尾明显挑,标准眼距,深色瞳,中高鼻根,轻微偏右鼻梁,小圆鼻头,弓形唇,嘴角平直,无标志,双颌匀称脸（下颌线柔化），低眉骨/深眼窝，狭长眼·眼尾明显挑·标准眼距，中高鼻根/轻微偏右鼻梁/小圆鼻头，弓形唇·嘴角平直，方下颌
FD00942,柔和方脸,骨点外显,窄额,高眉骨,浅眼窝,外扩颧骨,轻凹面颊,柔和下颌,狐狸系眼,眼尾下沉,宽眼距,淡金瞳,低鼻根,中直鼻梁,方圆鼻头,薄唇,嘴角上扬,无标志,柔和方脸（骨点外显），高眉骨/浅眼窝，狐狸系眼·眼尾下沉·宽眼距，低鼻根/中直鼻梁/方圆鼻头，薄唇·嘴角上扬，柔和下颌
FD00943,成熟方脸,偏柔圆润,平直额,外侧突出眉骨,中度眼窝,柔和颧骨,幼态柔软面颊,窄下颌,鹰隼眼,眼尾平直,标准眼距,墨玉瞳,窄鼻根,柔和鼻梁,肉感鼻头,弓形唇,嘴角平直,鼻梁旧伤,成熟方脸（偏柔圆润），外侧突出眉骨/中度眼窝，鹰隼眼·眼尾平直·标准眼距，窄鼻根/柔和鼻梁/肉感鼻头，弓形唇·嘴角平直，窄下颌
FD00944,幼态方脸,颊部饱满,窄额,低眉骨,浅眼窝,柔和颧骨,薄面颊,收敛下颌,鹤系眼,眼尾延展,标准眼距,碎裂虹膜,高鼻根,宽骨鼻梁,窄翼鼻头,厚唇,嘴角紧收,碎裂虹膜,幼态方脸（颊部饱满），低眉骨/浅眼窝，鹤系眼·眼尾延展·标准眼距，高鼻根/宽骨鼻梁/窄翼鼻头，厚唇·嘴角紧收，收敛下颌
FD00945,双颌匀称脸,下庭收窄,微凸额,薄眉骨,眼下饱满,高颧骨,薄面颊,宽下颌,窄杏眼,眼尾微挑,窄眼距,灰蓝瞳,低鼻根,轻鹰钩鼻梁,骨感鼻头,上薄下厚,嘴角平直,环状虹膜,双颌匀称脸（下庭收窄），薄眉骨/眼下饱满，窄杏眼·眼尾微挑·窄眼距，低鼻根/轻鹰钩鼻梁/骨感鼻头，上薄下厚·嘴角平直，宽下颌
FD00946,窄方脸,上庭展开,饱满额,外侧突出眉骨,浅眼窝,低颧骨,饱满面颊,柔和下颌,圆长眼,眼尾下压,标准眼距,淡金瞳,高鼻根,中直鼻梁,微钝鼻头,成熟长唇,嘴角紧收,双侧酒窝,窄方脸（上庭展开），外侧突出眉骨/浅眼窝，圆长眼·眼尾下压·标准眼距，高鼻根/中直鼻梁/微钝鼻头，成熟长唇·嘴角紧收，柔和下颌
FD00947,圆方脸,颊部略凹,骨感额,外侧突出眉骨,眼下骨感,高颧骨,饱满面颊,骨感下颌,疲惫眼,眼尾平直,宽眼距,浅褐瞳,中高鼻根,宽骨鼻梁,轻翘鼻头,上厚下薄,嘴角上扬,眼睑褶皱不对称,圆方脸（颊部略凹），外侧突出眉骨/眼下骨感，疲惫眼·眼尾平直·宽眼距，中高鼻根/宽骨鼻梁/轻翘鼻头，上厚下薄·嘴角上扬，骨感下颌
FD00948,标准菱形,颈部线条收短,窄额,薄眉骨,中度眼窝,低颧骨,幼态柔软面颊,明显下颌角,鹤系眼,眼尾下压,窄眼距,深色瞳,中鼻根,高直鼻梁,轻翘鼻头,宽嘴,嘴角下垂,单侧虎牙,标准菱形（颈部线条收短），薄眉骨/中度眼窝，鹤系眼·眼尾下压·窄眼距，中鼻根/高直鼻梁/轻翘鼻头，宽嘴·嘴角下垂，明显下颌角
FD00949,宽菱形,中轴微长,平直额,内侧突出眉骨,窄深眼窝,柔和颧骨,轻凹面颊,宽下颌,鹤系眼,眼尾延展,窄眼距,墨玉瞳,中鼻根,轻微偏右鼻梁,微钝鼻头,小嘴,嘴角平直,无标志,宽菱形（中轴微长），内侧突出眉骨/窄深眼窝，鹤系眼·眼尾延展·窄眼距，中鼻根/轻微偏右鼻梁/微钝鼻头，小嘴·嘴角平直，宽下颌
FD00950,柔和方脸,颧部外扩,高额,低眉骨,中度眼窝,低颧骨,薄面颊,圆方下颌,短杏眼,眼尾平直,标准眼距,浅褐瞳,中鼻根,轻鹰钩鼻梁,下压鼻头,薄唇,嘴角上扬,额角旧痕,柔和方脸（颧部外扩），低眉骨/中度眼窝，短杏眼·眼尾平直·标准眼距，中鼻根/轻鹰钩鼻梁/下压鼻头，薄唇·嘴角上扬，圆方下颌
FD00951,短圆脸,中庭拉长,饱满额,压迫感眉骨,深眼窝,外扩颧骨,轻凹面颊,收敛下颌,下垂眼,眼尾微挑,窄眼距,淡金瞳,中鼻根,柔和鼻梁,下压鼻头,成熟长唇,嘴角下垂,碎裂虹膜,短圆脸（中庭拉长），压迫感眉骨/深眼窝，下垂眼·眼尾微挑·窄眼距，中鼻根/柔和鼻梁/下压鼻头，成熟长唇·嘴角下垂，收敛下颌
FD00952,长方脸,骨点内敛,饱满额,厚眉骨,浅眼窝,窄颧骨,饱满面颊,宽下颌,瑞凤眼,眼尾延展,宽眼距,灰蓝瞳,高鼻根,轻微偏右鼻梁,下压鼻头,小嘴,嘴角紧收,眉上小疤,长方脸（骨点内敛），厚眉骨/浅眼窝，瑞凤眼·眼尾延展·宽眼距，高鼻根/轻微偏右鼻梁/下压鼻头，小嘴·嘴角紧收，宽下颌
FD00953,上宽下窄脸,骨点内敛,低额,内侧突出眉骨,深眼窝,宽颧骨,饱满面颊,圆方下颌,鹤系眼,眼尾微挑,标准眼距,墨玉瞳,中鼻根,微弧鼻梁,方圆鼻头,成熟长唇,嘴角紧收,指节薄茧,上宽下窄脸（骨点内敛），内侧突出眉骨/深眼窝，鹤系眼·眼尾微挑·标准眼距，中鼻根/微弧鼻梁/方圆鼻头，成熟长唇·嘴角紧收，圆方下颌
FD00954,柔和方脸,颈部线条收短,饱满额,外侧突出眉骨,宽浅眼窝,低颧骨,饱满面颊,收敛下颌,长杏眼,眼尾延展,标准眼距,琥珀瞳,窄鼻根,微弧鼻梁,小圆鼻头,平直唇,单侧上扬,唇下小痣,柔和方脸（颈部线条收短），外侧突出眉骨/宽浅眼窝，长杏眼·眼尾延展·标准眼距，窄鼻根/微弧鼻梁/小圆鼻头，平直唇·单侧上扬，收敛下颌
FD00955,宽心形脸,颊部饱满,低额,高眉骨,深眼窝,高颧骨,薄面颊,明显下颌角,疲惫眼,眼尾下沉,宽眼距,环状虹膜,中鼻根,宽骨鼻梁,肉感鼻头,小嘴,嘴角上扬,耳后小痣,宽心形脸（颊部饱满），高眉骨/深眼窝，疲惫眼·眼尾下沉·宽眼距，中鼻根/宽骨鼻梁/肉感鼻头，小嘴·嘴角上扬，明显下颌角
FD00956,柔和菱形,中庭展宽,窄额,薄眉骨,中度眼窝,外扩颧骨,幼态柔软面颊,宽下颌,鹤系眼,眼尾微挑,窄眼距,浅褐瞳,高鼻根,柔和鼻梁,骨感鼻头,成熟长唇,嘴角下垂,眉上小疤,柔和菱形（中庭展宽），薄眉骨/中度眼窝，鹤系眼·眼尾微挑·窄眼距，高鼻根/柔和鼻梁/骨感鼻头，成熟长唇·嘴角下垂，宽下颌
FD00957,宽菱形,骨点内敛,平直额,柔和眉骨,眼下骨感,高颧骨,幼态柔软面颊,明显下颌角,短圆杏眼,眼尾微挑,窄眼距,灰蓝瞳,宽鼻根,柔和鼻梁,下压鼻头,小嘴,嘴角紧收,无标志,宽菱形（骨点内敛），柔和眉骨/眼下骨感，短圆杏眼·眼尾微挑·窄眼距，宽鼻根/柔和鼻梁/下压鼻头，小嘴·嘴角紧收，明显下颌角
FD00958,清瘦圆脸,中轴收紧,饱满额,柔和眉骨,窄深眼窝,外扩颧骨,幼态柔软面颊,骨感下颌,桃花眼,眼尾明显挑,标准眼距,琥珀瞳,宽鼻根,轻微偏左鼻梁,下压鼻头,成熟长唇,嘴角下垂,左颊浅疤,清瘦圆脸（中轴收紧），柔和眉骨/窄深眼窝，桃花眼·眼尾明显挑·标准眼距，宽鼻根/轻微偏左鼻梁/下压鼻头，成熟长唇·嘴角下垂，骨感下颌
FD00959,短方脸,颧部微收,高额,厚眉骨,窄深眼窝,高颧骨,幼态柔软面颊,圆方下颌,冷感眼,眼尾下沉,标准眼距,深色瞳,低鼻根,微弧鼻梁,窄翼鼻头,宽嘴,单侧上扬,无标志,短方脸（颧部微收），厚眉骨/窄深眼窝，冷感眼·眼尾下沉·标准眼距，低鼻根/微弧鼻梁/窄翼鼻头，宽嘴·单侧上扬，圆方下颌
FD00960,肉感短脸,中轴收紧,骨感额,低眉骨,浅眼窝,低颧骨,薄面颊,明显下颌角,下垂眼,眼尾明显挑,标准眼距,环状虹膜,低鼻根,宽骨鼻梁,骨感鼻头,弓形唇,嘴角下垂,鼻梁旧伤,肉感短脸（中轴收紧），低眉骨/浅眼窝，下垂眼·眼尾明显挑·标准眼距，低鼻根/宽骨鼻梁/骨感鼻头，弓形唇·嘴角下垂，明显下颌角
FD00961,柔和菱形,下颌线柔化,窄额,高眉骨,窄深眼窝,高颧骨,薄面颊,明显下颌角,疲惫眼,眼尾平直,标准眼距,淡金瞳,宽鼻根,中直鼻梁,肉感鼻头,厚唇,嘴角上扬,无标志,柔和菱形（下颌线柔化），高眉骨/窄深眼窝，疲惫眼·眼尾平直·标准眼距，宽鼻根/中直鼻梁/肉感鼻头，厚唇·嘴角上扬，明显下颌角
FD00962,心形脸,面中立体化,微凸额,高眉骨,眼下骨感,窄颧骨,幼态柔软面颊,方下颌,柳叶眼,眼尾下沉,窄眼距,灰蓝瞳,中鼻根,轻鹰钩鼻梁,微钝鼻头,成熟长唇,嘴角上扬,单侧酒窝,心形脸（面中立体化），高眉骨/眼下骨感，柳叶眼·眼尾下沉·窄眼距，中鼻根/轻鹰钩鼻梁/微钝鼻头，成熟长唇·嘴角上扬，方下颌
FD00963,颧部展开脸,偏柔圆润,骨感额,外侧突出眉骨,窄深眼窝,窄颧骨,薄面颊,收敛下颌,疲惫眼,眼尾延展,窄眼距,星点虹膜,中鼻根,轻微偏右鼻梁,小圆鼻头,薄唇,单侧上扬,右眉轻断,颧部展开脸（偏柔圆润），外侧突出眉骨/窄深眼窝，疲惫眼·眼尾延展·窄眼距，中鼻根/轻微偏右鼻梁/小圆鼻头，薄唇·单侧上扬，收敛下颌
FD00964,双颌匀称脸,颌角强调,骨感额,压迫感眉骨,眼下饱满,窄颧骨,轻凹面颊,柔和下颌,长杏眼,眼尾延展,标准眼距,淡金瞳,窄鼻根,高直鼻梁,微钝鼻头,厚唇,嘴角上扬,颈侧细疤,双颌匀称脸（颌角强调），压迫感眉骨/眼下饱满，长杏眼·眼尾延展·标准眼距，窄鼻根/高直鼻梁/微钝鼻头，厚唇·嘴角上扬，柔和下颌
FD00965,宽心形脸,面中平缓,窄额,柔和眉骨,眼下饱满,柔和颧骨,成熟收紧面颊,明显下颌角,半睁懒眼,眼尾下压,标准眼距,深色瞳,低鼻根,高直鼻梁,方圆鼻头,平直唇,嘴角上扬,无标志,宽心形脸（面中平缓），柔和眉骨/眼下饱满，半睁懒眼·眼尾下压·标准眼距，低鼻根/高直鼻梁/方圆鼻头，平直唇·嘴角上扬，明显下颌角
FD00966,长方脸,中轴收紧,骨感额,柔和眉骨,窄深眼窝,低颧骨,薄面颊,宽下颌,柳叶眼,眼尾微挑,窄眼距,碎裂虹膜,中鼻根,轻微偏左鼻梁,轻翘鼻头,成熟长唇,嘴角平直,眼睑褶皱不对称,长方脸（中轴收紧），柔和眉骨/窄深眼窝，柳叶眼·眼尾微挑·窄眼距，中鼻根/轻微偏左鼻梁/轻翘鼻头，成熟长唇·嘴角平直，宽下颌
FD00967,宽心形脸,偏柔圆润,高额,柔和眉骨,宽浅眼窝,窄颧骨,幼态柔软面颊,圆方下颌,丹凤眼,眼尾下压,宽眼距,淡金瞳,高鼻根,轻微偏左鼻梁,窄翼鼻头,薄唇,嘴角下垂,右眉轻断,宽心形脸（偏柔圆润），柔和眉骨/宽浅眼窝，丹凤眼·眼尾下压·宽眼距，高鼻根/轻微偏左鼻梁/窄翼鼻头，薄唇·嘴角下垂，圆方下颌
FD00968,倒三角脸,颌角强调,平直额,厚眉骨,眼下骨感,外扩颧骨,幼态柔软面颊,骨感下颌,成熟长眼,眼尾延展,宽眼距,浅褐瞳,中高鼻根,轻鹰钩鼻梁,小圆鼻头,薄唇,嘴角紧收,颈侧细疤,倒三角脸（颌角强调），厚眉骨/眼下骨感，成熟长眼·眼尾延展·宽眼距，中高鼻根/轻鹰钩鼻梁/小圆鼻头，薄唇·嘴角紧收，骨感下颌
FD00969,长圆脸,中庭展宽,微凸额,低眉骨,眼下饱满,宽颧骨,幼态柔软面颊,宽下颌,冷感眼,眼尾平直,标准眼距,淡金瞳,宽鼻根,微弧鼻梁,窄翼鼻头,厚唇,嘴角紧收,颈侧细疤,长圆脸（中庭展宽），低眉骨/眼下饱满，冷感眼·眼尾平直·标准眼距，宽鼻根/微弧鼻梁/窄翼鼻头，厚唇·嘴角紧收，宽下颌
FD00970,方菱过渡脸,偏柔圆润,饱满额,低眉骨,浅眼窝,宽颧骨,饱满面颊,柔和下颌,狼系眼,眼尾明显挑,窄眼距,异色瞳,宽鼻根,微弧鼻梁,小圆鼻头,成熟长唇,嘴角平直,眉尾旧疤,方菱过渡脸（偏柔圆润），低眉骨/浅眼窝，狼系眼·眼尾明显挑·窄眼距，宽鼻根/微弧鼻梁/小圆鼻头，成熟长唇·嘴角平直，柔和下颌
FD00971,梨形脸,颧部外扩,平直额,薄眉骨,浅眼窝,低颧骨,成熟收紧面颊,宽下颌,柳叶眼,眼尾微挑,宽眼距,深色瞳,窄鼻根,轻微偏右鼻梁,轻翘鼻头,成熟长唇,嘴角紧收,单侧虎牙,梨形脸（颧部外扩），薄眉骨/浅眼窝，柳叶眼·眼尾微挑·宽眼距，窄鼻根/轻微偏右鼻梁/轻翘鼻头，成熟长唇·嘴角紧收，宽下颌
FD00972,柔和菱形,上庭收窄,平直额,厚眉骨,眼下骨感,窄颧骨,饱满面颊,柔和下颌,狭长瑞凤眼,眼尾下沉,标准眼距,墨玉瞳,中鼻根,轻微偏右鼻梁,微钝鼻头,宽嘴,嘴角下垂,颈侧细疤,柔和菱形（上庭收窄），厚眉骨/眼下骨感，狭长瑞凤眼·眼尾下沉·标准眼距，中鼻根/轻微偏右鼻梁/微钝鼻头，宽嘴·嘴角下垂，柔和下颌
FD00973,肉感短脸,偏柔圆润,微凸额,柔和眉骨,宽浅眼窝,窄颧骨,薄面颊,柔和下颌,疲惫眼,眼尾下沉,宽眼距,墨玉瞳,宽鼻根,微弧鼻梁,窄翼鼻头,平直唇,嘴角平直,眼睑褶皱不对称,肉感短脸（偏柔圆润），柔和眉骨/宽浅眼窝，疲惫眼·眼尾下沉·宽眼距，宽鼻根/微弧鼻梁/窄翼鼻头，平直唇·嘴角平直，柔和下颌
FD00974,幼态圆脸,面中立体化,骨感额,低眉骨,深眼窝,柔和颧骨,幼态柔软面颊,宽下颌,狭长瑞凤眼,眼尾下沉,宽眼距,环状虹膜,宽鼻根,轻鹰钩鼻梁,肉感鼻头,平直唇,嘴角平直,眉心竖纹浅痕,幼态圆脸（面中立体化），低眉骨/深眼窝，狭长瑞凤眼·眼尾下沉·宽眼距，宽鼻根/轻鹰钩鼻梁/肉感鼻头，平直唇·嘴角平直，宽下颌
FD00975,骨感菱形,中庭展宽,宽额,内侧突出眉骨,中度眼窝,外扩颧骨,轻凹面颊,收敛下颌,窄杏眼,眼尾延展,窄眼距,琥珀瞳,低鼻根,轻鹰钩鼻梁,骨感鼻头,小嘴,嘴角紧收,异色瞳,骨感菱形（中庭展宽），内侧突出眉骨/中度眼窝，窄杏眼·眼尾延展·窄眼距，低鼻根/轻鹰钩鼻梁/骨感鼻头，小嘴·嘴角紧收，收敛下颌
FD00976,圆方脸,颈部线条收短,宽额,厚眉骨,窄深眼窝,窄颧骨,薄面颊,方下颌,短圆杏眼,眼尾明显挑,宽眼距,碎裂虹膜,低鼻根,宽骨鼻梁,下压鼻头,上薄下厚,嘴角紧收,唇下小痣,圆方脸（颈部线条收短），厚眉骨/窄深眼窝，短圆杏眼·眼尾明显挑·宽眼距，低鼻根/宽骨鼻梁/下压鼻头，上薄下厚·嘴角紧收，方下颌
FD00977,成熟方脸,中庭展宽,宽额,内侧突出眉骨,眼下饱满,高颧骨,成熟收紧面颊,骨感下颌,长杏眼,眼尾明显挑,宽眼距,异色瞳,宽鼻根,柔和鼻梁,轻翘鼻头,小嘴,嘴角下垂,眼角小痣,成熟方脸（中庭展宽），内侧突出眉骨/眼下饱满，长杏眼·眼尾明显挑·宽眼距，宽鼻根/柔和鼻梁/轻翘鼻头，小嘴·嘴角下垂，骨感下颌
FD00978,成熟方脸,颊部略凹,宽额,薄眉骨,中度眼窝,宽颧骨,轻凹面颊,宽下颌,狭长眼,眼尾微挑,窄眼距,碎裂虹膜,窄鼻根,宽骨鼻梁,微钝鼻头,上厚下薄,嘴角上扬,碎裂虹膜,成熟方脸（颊部略凹），薄眉骨/中度眼窝，狭长眼·眼尾微挑·窄眼距，窄鼻根/宽骨鼻梁/微钝鼻头，上厚下薄·嘴角上扬，宽下颌
FD00979,长圆脸,下颌线清晰化,骨感额,内侧突出眉骨,窄深眼窝,高颧骨,成熟收紧面颊,柔和下颌,圆长眼,眼尾微挑,标准眼距,浅褐瞳,中高鼻根,轻微偏右鼻梁,肉感鼻头,薄唇,嘴角紧收,无标志,长圆脸（下颌线清晰化），内侧突出眉骨/窄深眼窝，圆长眼·眼尾微挑·标准眼距，中高鼻根/轻微偏右鼻梁/肉感鼻头，薄唇·嘴角紧收，柔和下颌
FD00980,下颌突出脸,颈部线条延长,微凸额,内侧突出眉骨,浅眼窝,柔和颧骨,薄面颊,骨感下颌,宽杏眼,眼尾平直,宽眼距,深色瞳,高鼻根,轻微偏右鼻梁,轻翘鼻头,弓形唇,嘴角上扬,眉尾旧疤,下颌突出脸（颈部线条延长），内侧突出眉骨/浅眼窝，宽杏眼·眼尾平直·宽眼距，高鼻根/轻微偏右鼻梁/轻翘鼻头，弓形唇·嘴角上扬，骨感下颌
FD00981,双颌匀称脸,面中平缓,微凸额,外侧突出眉骨,眼下骨感,外扩颧骨,幼态柔软面颊,方下颌,窄杏眼,眼尾下沉,宽眼距,异色瞳,宽鼻根,轻鹰钩鼻梁,骨感鼻头,上厚下薄,嘴角平直,眉尾旧疤,双颌匀称脸（面中平缓），外侧突出眉骨/眼下骨感，窄杏眼·眼尾下沉·宽眼距，宽鼻根/轻鹰钩鼻梁/骨感鼻头，上厚下薄·嘴角平直，方下颌
FD00982,心形脸,偏锐收窄,低额,厚眉骨,眼下骨感,柔和颧骨,饱满面颊,圆方下颌,下垂眼,眼尾下沉,宽眼距,琥珀瞳,高鼻根,轻微偏右鼻梁,肉感鼻头,小嘴,嘴角下垂,左颊浅疤,心形脸（偏锐收窄），厚眉骨/眼下骨感，下垂眼·眼尾下沉·宽眼距，高鼻根/轻微偏右鼻梁/肉感鼻头，小嘴·嘴角下垂，圆方下颌
FD00983,短方脸,面中立体化,低额,低眉骨,眼下骨感,高颧骨,轻凹面颊,宽下颌,宽杏眼,眼尾明显挑,标准眼距,碎裂虹膜,高鼻根,轻鹰钩鼻梁,方圆鼻头,薄唇,嘴角紧收,单侧酒窝,短方脸（面中立体化），低眉骨/眼下骨感，宽杏眼·眼尾明显挑·标准眼距，高鼻根/轻鹰钩鼻梁/方圆鼻头，薄唇·嘴角紧收，宽下颌
FD00984,宽方脸,下颌线柔化,高额,内侧突出眉骨,中度眼窝,低颧骨,薄面颊,宽下颌,鹰隼眼,眼尾延展,标准眼距,环状虹膜,宽鼻根,高直鼻梁,窄翼鼻头,上薄下厚,嘴角紧收,碎裂虹膜,宽方脸（下颌线柔化），内侧突出眉骨/中度眼窝，鹰隼眼·眼尾延展·标准眼距，宽鼻根/高直鼻梁/窄翼鼻头，上薄下厚·嘴角紧收，宽下颌
FD00985,长方脸,颌角弱化,宽额,柔和眉骨,深眼窝,外扩颧骨,薄面颊,骨感下颌,蛇系眼,眼尾明显挑,宽眼距,淡金瞳,高鼻根,高直鼻梁,轻翘鼻头,弓形唇,嘴角上扬,无标志,长方脸（颌角弱化），柔和眉骨/深眼窝，蛇系眼·眼尾明显挑·宽眼距，高鼻根/高直鼻梁/轻翘鼻头，弓形唇·嘴角上扬，骨感下颌
FD00986,方菱过渡脸,中轴微长,高额,压迫感眉骨,中度眼窝,低颧骨,幼态柔软面颊,圆方下颌,下垂眼,眼尾下沉,宽眼距,淡金瞳,宽鼻根,宽骨鼻梁,小圆鼻头,宽嘴,嘴角下垂,眉尾旧疤,方菱过渡脸（中轴微长），压迫感眉骨/中度眼窝，下垂眼·眼尾下沉·宽眼距，宽鼻根/宽骨鼻梁/小圆鼻头，宽嘴·嘴角下垂，圆方下颌
FD00987,柔和方脸,中庭展宽,微凸额,内侧突出眉骨,眼下饱满,柔和颧骨,成熟收紧面颊,骨感下颌,狐狸系眼,眼尾下沉,标准眼距,浅褐瞳,中鼻根,微弧鼻梁,骨感鼻头,上厚下薄,嘴角紧收,无标志,柔和方脸（中庭展宽），内侧突出眉骨/眼下饱满，狐狸系眼·眼尾下沉·标准眼距，中鼻根/微弧鼻梁/骨感鼻头，上厚下薄·嘴角紧收，骨感下颌
FD00988,梨形脸,颊部饱满,低额,外侧突出眉骨,眼下饱满,外扩颧骨,成熟收紧面颊,宽下颌,长杏眼,眼尾下沉,宽眼距,灰蓝瞳,宽鼻根,宽骨鼻梁,轻翘鼻头,弓形唇,嘴角平直,眼角小痣,梨形脸（颊部饱满），外侧突出眉骨/眼下饱满，长杏眼·眼尾下沉·宽眼距，宽鼻根/宽骨鼻梁/轻翘鼻头，弓形唇·嘴角平直，宽下颌
FD00989,短圆脸,面中立体化,饱满额,厚眉骨,眼下饱满,宽颧骨,薄面颊,圆方下颌,半睁懒眼,眼尾微挑,标准眼距,环状虹膜,中鼻根,中直鼻梁,微钝鼻头,厚唇,嘴角下垂,左眼下浅泪痣,短圆脸（面中立体化），厚眉骨/眼下饱满，半睁懒眼·眼尾微挑·标准眼距，中鼻根/中直鼻梁/微钝鼻头，厚唇·嘴角下垂，圆方下颌
FD00990,肉感短脸,上庭收窄,饱满额,柔和眉骨,宽浅眼窝,外扩颧骨,幼态柔软面颊,方下颌,瑞凤眼,眼尾微挑,标准眼距,星点虹膜,中高鼻根,宽骨鼻梁,骨感鼻头,成熟长唇,嘴角紧收,无标志,肉感短脸（上庭收窄），柔和眉骨/宽浅眼窝，瑞凤眼·眼尾微挑·标准眼距，中高鼻根/宽骨鼻梁/骨感鼻头，成熟长唇·嘴角紧收，方下颌
FD00991,标准菱形,中轴微长,高额,柔和眉骨,眼下骨感,宽颧骨,成熟收紧面颊,柔和下颌,半睁懒眼,眼尾微挑,窄眼距,星点虹膜,宽鼻根,高直鼻梁,轻翘鼻头,平直唇,嘴角平直,无标志,标准菱形（中轴微长），柔和眉骨/眼下骨感，半睁懒眼·眼尾微挑·窄眼距，宽鼻根/高直鼻梁/轻翘鼻头，平直唇·嘴角平直，柔和下颌
FD00992,骨感窄脸,颧部微收,低额,薄眉骨,深眼窝,外扩颧骨,成熟收紧面颊,宽下颌,短杏眼,眼尾平直,窄眼距,琥珀瞳,低鼻根,柔和鼻梁,轻翘鼻头,成熟长唇,单侧上扬,单侧虎牙,骨感窄脸（颧部微收），薄眉骨/深眼窝，短杏眼·眼尾平直·窄眼距，低鼻根/柔和鼻梁/轻翘鼻头，成熟长唇·单侧上扬，宽下颌
FD00993,幼态圆脸,中庭拉长,饱满额,外侧突出眉骨,窄深眼窝,宽颧骨,轻凹面颊,宽下颌,下垂眼,眼尾延展,标准眼距,墨玉瞳,低鼻根,轻微偏左鼻梁,微钝鼻头,薄唇,单侧上扬,耳后小痣,幼态圆脸（中庭拉长），外侧突出眉骨/窄深眼窝，下垂眼·眼尾延展·标准眼距，低鼻根/轻微偏左鼻梁/微钝鼻头，薄唇·单侧上扬，宽下颌
FD00994,幼态方脸,颊部略凹,骨感额,内侧突出眉骨,眼下骨感,柔和颧骨,饱满面颊,柔和下颌,猫系眼,眼尾下压,窄眼距,深色瞳,窄鼻根,柔和鼻梁,下压鼻头,成熟长唇,嘴角平直,鼻梁旧伤,幼态方脸（颊部略凹），内侧突出眉骨/眼下骨感，猫系眼·眼尾下压·窄眼距，窄鼻根/柔和鼻梁/下压鼻头，成熟长唇·嘴角平直，柔和下颌
FD00995,颧部展开脸,颈部线条延长,饱满额,薄眉骨,眼下饱满,外扩颧骨,成熟收紧面颊,圆方下颌,丹凤眼,眼尾延展,窄眼距,浅褐瞳,中鼻根,轻鹰钩鼻梁,微钝鼻头,宽嘴,嘴角紧收,眼角小痣,颧部展开脸（颈部线条延长），薄眉骨/眼下饱满，丹凤眼·眼尾延展·窄眼距，中鼻根/轻鹰钩鼻梁/微钝鼻头，宽嘴·嘴角紧收，圆方下颌
FD00996,幼态方脸,颌角强调,平直额,内侧突出眉骨,浅眼窝,宽颧骨,幼态柔软面颊,窄下颌,鹤系眼,眼尾延展,标准眼距,碎裂虹膜,窄鼻根,宽骨鼻梁,骨感鼻头,平直唇,嘴角紧收,唇下小痣,幼态方脸（颌角强调），内侧突出眉骨/浅眼窝，鹤系眼·眼尾延展·标准眼距，窄鼻根/宽骨鼻梁/骨感鼻头，平直唇·嘴角紧收，窄下颌
FD00997,骨感菱形,面中立体化,骨感额,外侧突出眉骨,眼下骨感,高颧骨,成熟收紧面颊,收敛下颌,猫系眼,眼尾明显挑,窄眼距,异色瞳,宽鼻根,柔和鼻梁,骨感鼻头,宽嘴,单侧上扬,左眼下浅泪痣,骨感菱形（面中立体化），外侧突出眉骨/眼下骨感，猫系眼·眼尾明显挑·窄眼距，宽鼻根/柔和鼻梁/骨感鼻头，宽嘴·单侧上扬，收敛下颌
FD00998,清瘦圆脸,下颌线清晰化,微凸额,外侧突出眉骨,中度眼窝,低颧骨,薄面颊,方下颌,狐狸系眼,眼尾下沉,窄眼距,异色瞳,中高鼻根,微弧鼻梁,骨感鼻头,宽嘴,嘴角上扬,单侧虎牙,清瘦圆脸（下颌线清晰化），外侧突出眉骨/中度眼窝，狐狸系眼·眼尾下沉·窄眼距，中高鼻根/微弧鼻梁/骨感鼻头，宽嘴·嘴角上扬，方下颌
FD00999,倒三角脸,面中平缓,微凸额,薄眉骨,中度眼窝,柔和颧骨,成熟收紧面颊,骨感下颌,狐狸系眼,眼尾延展,标准眼距,琥珀瞳,高鼻根,轻微偏左鼻梁,肉感鼻头,厚唇,单侧上扬,颈侧细疤,倒三角脸（面中平缓），薄眉骨/中度眼窝，狐狸系眼·眼尾延展·标准眼距，高鼻根/轻微偏左鼻梁/肉感鼻头，厚唇·单侧上扬，骨感下颌
FD01000,短方脸,中庭展宽,微凸额,内侧突出眉骨,窄深眼窝,外扩颧骨,薄面颊,方下颌,疲惫眼,眼尾下压,宽眼距,墨玉瞳,窄鼻根,宽骨鼻梁,轻翘鼻头,弓形唇,单侧上扬,右眼下浅泪痣,短方脸（中庭展宽），内侧突出眉骨/窄深眼窝，疲惫眼·眼尾下压·宽眼距，窄鼻根/宽骨鼻梁/轻翘鼻头，弓形唇·单侧上扬，方下颌
FD01001,上宽下窄脸,下庭收窄,微凸额,厚眉骨,窄深眼窝,高颧骨,饱满面颊,明显下颌角,长杏眼,眼尾下压,窄眼距,异色瞳,低鼻根,宽骨鼻梁,微钝鼻头,弓形唇,单侧上扬,鼻梁旧伤,上宽下窄脸（下庭收窄），厚眉骨/窄深眼窝，长杏眼·眼尾下压·窄眼距，低鼻根/宽骨鼻梁/微钝鼻头，弓形唇·单侧上扬，明显下颌角
FD01002,上窄下宽脸,中轴微长,宽额,压迫感眉骨,窄深眼窝,低颧骨,饱满面颊,柔和下颌,瑞凤眼,眼尾下压,标准眼距,浅褐瞳,中高鼻根,中直鼻梁,小圆鼻头,厚唇,单侧上扬,瞳孔残缺,上窄下宽脸（中轴微长），压迫感眉骨/窄深眼窝，瑞凤眼·眼尾下压·标准眼距，中高鼻根/中直鼻梁/小圆鼻头，厚唇·单侧上扬，柔和下颌
FD01003,方菱过渡脸,颈部线条收短,窄额,外侧突出眉骨,窄深眼窝,低颧骨,幼态柔软面颊,方下颌,下垂眼,眼尾下压,标准眼距,星点虹膜,中鼻根,微弧鼻梁,下压鼻头,宽嘴,嘴角平直,无标志,方菱过渡脸（颈部线条收短），外侧突出眉骨/窄深眼窝，下垂眼·眼尾下压·标准眼距，中鼻根/微弧鼻梁/下压鼻头，宽嘴·嘴角平直，方下颌
FD01004,倒三角脸,颈部线条收短,高额,压迫感眉骨,眼下骨感,高颧骨,成熟收紧面颊,宽下颌,柳叶眼,眼尾延展,宽眼距,淡金瞳,中高鼻根,柔和鼻梁,轻翘鼻头,小嘴,单侧上扬,鼻梁旧伤,倒三角脸（颈部线条收短），压迫感眉骨/眼下骨感，柳叶眼·眼尾延展·宽眼距，中高鼻根/柔和鼻梁/轻翘鼻头，小嘴·单侧上扬，宽下颌
FD01005,柔和菱形,颌角强调,高额,外侧突出眉骨,眼下骨感,低颧骨,轻凹面颊,圆方下颌,鹿系眼,眼尾明显挑,窄眼距,碎裂虹膜,窄鼻根,轻微偏右鼻梁,窄翼鼻头,上厚下薄,单侧上扬,碎裂虹膜,柔和菱形（颌角强调），外侧突出眉骨/眼下骨感，鹿系眼·眼尾明显挑·窄眼距，窄鼻根/轻微偏右鼻梁/窄翼鼻头，上厚下薄·单侧上扬，圆方下颌
FD01006,倒梯形脸,中轴微长,微凸额,高眉骨,窄深眼窝,外扩颧骨,成熟收紧面颊,柔和下颌,猫系眼,眼尾微挑,窄眼距,淡金瞳,窄鼻根,宽骨鼻梁,方圆鼻头,厚唇,嘴角平直,左颊浅疤,倒梯形脸（中轴微长），高眉骨/窄深眼窝，猫系眼·眼尾微挑·窄眼距，窄鼻根/宽骨鼻梁/方圆鼻头，厚唇·嘴角平直，柔和下颌
FD01007,幼态圆脸,偏柔圆润,微凸额,高眉骨,眼下骨感,外扩颧骨,饱满面颊,柔和下颌,猫系眼,眼尾微挑,标准眼距,环状虹膜,低鼻根,轻微偏左鼻梁,窄翼鼻头,薄唇,嘴角上扬,眉上小疤,幼态圆脸（偏柔圆润），高眉骨/眼下骨感，猫系眼·眼尾微挑·标准眼距，低鼻根/轻微偏左鼻梁/窄翼鼻头，薄唇·嘴角上扬，柔和下颌
FD01008,圆脸,面中立体化,宽额,内侧突出眉骨,浅眼窝,低颧骨,成熟收紧面颊,圆方下颌,冷感眼,眼尾微挑,窄眼距,灰蓝瞳,中高鼻根,宽骨鼻梁,骨感鼻头,上厚下薄,嘴角上扬,无标志,圆脸（面中立体化），内侧突出眉骨/浅眼窝，冷感眼·眼尾微挑·窄眼距，中高鼻根/宽骨鼻梁/骨感鼻头，上厚下薄·嘴角上扬，圆方下颌
FD01009,下颌突出脸,上庭展开,饱满额,薄眉骨,眼下骨感,宽颧骨,幼态柔软面颊,窄下颌,长杏眼,眼尾下沉,标准眼距,深色瞳,中鼻根,宽骨鼻梁,微钝鼻头,上厚下薄,嘴角紧收,指节薄茧,下颌突出脸（上庭展开），薄眉骨/眼下骨感，长杏眼·眼尾下沉·标准眼距，中鼻根/宽骨鼻梁/微钝鼻头，上厚下薄·嘴角紧收，窄下颌
FD01010,骨感方脸,下庭收窄,低额,压迫感眉骨,眼下饱满,窄颧骨,饱满面颊,圆方下颌,桃花眼,眼尾明显挑,窄眼距,异色瞳,中鼻根,轻微偏左鼻梁,小圆鼻头,平直唇,嘴角下垂,眼睑褶皱不对称,骨感方脸（下庭收窄），压迫感眉骨/眼下饱满，桃花眼·眼尾明显挑·窄眼距，中鼻根/轻微偏左鼻梁/小圆鼻头，平直唇·嘴角下垂，圆方下颌
FD01011,幼态圆脸,颧部微收,平直额,薄眉骨,窄深眼窝,外扩颧骨,薄面颊,方下颌,成熟长眼,眼尾明显挑,标准眼距,浅褐瞳,高鼻根,轻微偏右鼻梁,肉感鼻头,厚唇,嘴角平直,左眼下浅泪痣,幼态圆脸（颧部微收），薄眉骨/窄深眼窝，成熟长眼·眼尾明显挑·标准眼距，高鼻根/轻微偏右鼻梁/肉感鼻头，厚唇·嘴角平直，方下颌
FD01012,短方脸,颌角强调,骨感额,薄眉骨,眼下饱满,高颧骨,薄面颊,柔和下颌,鹰隼眼,眼尾下压,窄眼距,浅褐瞳,低鼻根,中直鼻梁,下压鼻头,宽嘴,嘴角下垂,眉上小疤,短方脸（颌角强调），薄眉骨/眼下饱满，鹰隼眼·眼尾下压·窄眼距，低鼻根/中直鼻梁/下压鼻头，宽嘴·嘴角下垂，柔和下颌
FD01013,梨形脸,颧部外扩,窄额,外侧突出眉骨,眼下骨感,低颧骨,成熟收紧面颊,柔和下颌,宽杏眼,眼尾下压,宽眼距,碎裂虹膜,窄鼻根,中直鼻梁,骨感鼻头,厚唇,嘴角上扬,颈侧细疤,梨形脸（颧部外扩），外侧突出眉骨/眼下骨感，宽杏眼·眼尾下压·宽眼距，窄鼻根/中直鼻梁/骨感鼻头，厚唇·嘴角上扬，柔和下颌
FD01014,长菱形,颌角强调,低额,厚眉骨,眼下饱满,高颧骨,薄面颊,明显下颌角,平直杏眼,眼尾下压,宽眼距,碎裂虹膜,窄鼻根,中直鼻梁,方圆鼻头,厚唇,嘴角紧收,右眉轻断,长菱形（颌角强调），厚眉骨/眼下饱满，平直杏眼·眼尾下压·宽眼距，窄鼻根/中直鼻梁/方圆鼻头，厚唇·嘴角紧收，明显下颌角
FD01015,宽方脸,下庭加重,平直额,薄眉骨,眼下饱满,柔和颧骨,饱满面颊,宽下颌,下垂眼,眼尾延展,标准眼距,环状虹膜,宽鼻根,中直鼻梁,方圆鼻头,弓形唇,嘴角上扬,瞳孔残缺,宽方脸（下庭加重），薄眉骨/眼下饱满，下垂眼·眼尾延展·标准眼距，宽鼻根/中直鼻梁/方圆鼻头，弓形唇·嘴角上扬，宽下颌
FD01016,幼态方脸,偏锐收窄,窄额,薄眉骨,眼下骨感,窄颧骨,成熟收紧面颊,骨感下颌,柳叶眼,眼尾平直,窄眼距,浅褐瞳,宽鼻根,轻微偏右鼻梁,微钝鼻头,上厚下薄,嘴角平直,右眉轻断,幼态方脸（偏锐收窄），薄眉骨/眼下骨感，柳叶眼·眼尾平直·窄眼距，宽鼻根/轻微偏右鼻梁/微钝鼻头，上厚下薄·嘴角平直，骨感下颌
FD01017,短方脸,中庭展宽,高额,内侧突出眉骨,眼下饱满,柔和颧骨,轻凹面颊,窄下颌,桃花眼,眼尾延展,标准眼距,琥珀瞳,中鼻根,柔和鼻梁,肉感鼻头,宽嘴,单侧上扬,眼角小痣,短方脸（中庭展宽），内侧突出眉骨/眼下饱满，桃花眼·眼尾延展·标准眼距，中鼻根/柔和鼻梁/肉感鼻头，宽嘴·单侧上扬，窄下颌
FD01018,柔和方脸,颊部略凹,窄额,柔和眉骨,浅眼窝,宽颧骨,薄面颊,宽下颌,猫系眼,眼尾延展,窄眼距,浅褐瞳,中高鼻根,微弧鼻梁,下压鼻头,弓形唇,嘴角上扬,左颊浅疤,柔和方脸（颊部略凹），柔和眉骨/浅眼窝，猫系眼·眼尾延展·窄眼距，中高鼻根/微弧鼻梁/下压鼻头，弓形唇·嘴角上扬，宽下颌
FD01019,幼态方脸,下庭收窄,平直额,低眉骨,窄深眼窝,低颧骨,幼态柔软面颊,明显下颌角,半睁懒眼,眼尾微挑,窄眼距,浅褐瞳,低鼻根,中直鼻梁,骨感鼻头,平直唇,嘴角下垂,碎裂虹膜,幼态方脸（下庭收窄），低眉骨/窄深眼窝，半睁懒眼·眼尾微挑·窄眼距，低鼻根/中直鼻梁/骨感鼻头，平直唇·嘴角下垂，明显下颌角
FD01020,幼态方脸,上庭展开,微凸额,外侧突出眉骨,眼下骨感,外扩颧骨,成熟收紧面颊,明显下颌角,半睁懒眼,眼尾下沉,宽眼距,浅褐瞳,中鼻根,柔和鼻梁,骨感鼻头,弓形唇,嘴角紧收,异色瞳,幼态方脸（上庭展开），外侧突出眉骨/眼下骨感，半睁懒眼·眼尾下沉·宽眼距，中鼻根/柔和鼻梁/骨感鼻头，弓形唇·嘴角紧收，明显下颌角
FD01021,圆方脸,上庭展开,高额,薄眉骨,深眼窝,高颧骨,成熟收紧面颊,明显下颌角,鹿系眼,眼尾下压,标准眼距,墨玉瞳,低鼻根,柔和鼻梁,轻翘鼻头,平直唇,单侧上扬,眉心竖纹浅痕,圆方脸（上庭展开），薄眉骨/深眼窝，鹿系眼·眼尾下压·标准眼距，低鼻根/柔和鼻梁/轻翘鼻头，平直唇·单侧上扬，明显下颌角
FD01022,肉感短脸,颈部线条收短,低额,薄眉骨,眼下饱满,宽颧骨,饱满面颊,方下颌,柳叶眼,眼尾延展,标准眼距,环状虹膜,窄鼻根,微弧鼻梁,小圆鼻头,上厚下薄,嘴角平直,颈侧细疤,肉感短脸（颈部线条收短），薄眉骨/眼下饱满，柳叶眼·眼尾延展·标准眼距，窄鼻根/微弧鼻梁/小圆鼻头，上厚下薄·嘴角平直，方下颌
FD01023,倒梯形脸,中轴收紧,微凸额,低眉骨,眼下骨感,柔和颧骨,饱满面颊,收敛下颌,圆长眼,眼尾微挑,窄眼距,星点虹膜,窄鼻根,轻微偏右鼻梁,微钝鼻头,上薄下厚,单侧上扬,异色瞳,倒梯形脸（中轴收紧），低眉骨/眼下骨感，圆长眼·眼尾微挑·窄眼距，窄鼻根/轻微偏右鼻梁/微钝鼻头，上薄下厚·单侧上扬，收敛下颌
FD01024,正梯形脸,中轴收紧,骨感额,薄眉骨,浅眼窝,宽颧骨,幼态柔软面颊,明显下颌角,狼系眼,眼尾微挑,窄眼距,环状虹膜,中高鼻根,中直鼻梁,方圆鼻头,薄唇,嘴角下垂,耳后小痣,正梯形脸（中轴收紧），薄眉骨/浅眼窝，狼系眼·眼尾微挑·窄眼距，中高鼻根/中直鼻梁/方圆鼻头，薄唇·嘴角下垂，明显下颌角
FD01025,颧部展开脸,颊部略凹,窄额,柔和眉骨,浅眼窝,外扩颧骨,成熟收紧面颊,柔和下颌,平直杏眼,眼尾延展,标准眼距,灰蓝瞳,中鼻根,宽骨鼻梁,小圆鼻头,成熟长唇,嘴角平直,眼睑褶皱不对称,颧部展开脸（颊部略凹），柔和眉骨/浅眼窝，平直杏眼·眼尾延展·标准眼距，中鼻根/宽骨鼻梁/小圆鼻头，成熟长唇·嘴角平直，柔和下颌
FD01026,心形脸,下庭收窄,高额,高眉骨,宽浅眼窝,外扩颧骨,幼态柔软面颊,明显下颌角,狭长瑞凤眼,眼尾下压,窄眼距,环状虹膜,窄鼻根,轻微偏右鼻梁,方圆鼻头,薄唇,嘴角平直,右眼下浅泪痣,心形脸（下庭收窄），高眉骨/宽浅眼窝，狭长瑞凤眼·眼尾下压·窄眼距，窄鼻根/轻微偏右鼻梁/方圆鼻头，薄唇·嘴角平直，明显下颌角
FD01027,标准菱形,颈部线条延长,宽额,外侧突出眉骨,窄深眼窝,低颧骨,薄面颊,窄下颌,成熟长眼,眼尾明显挑,窄眼距,碎裂虹膜,低鼻根,柔和鼻梁,小圆鼻头,厚唇,嘴角平直,无标志,标准菱形（颈部线条延长），外侧突出眉骨/窄深眼窝，成熟长眼·眼尾明显挑·窄眼距，低鼻根/柔和鼻梁/小圆鼻头，厚唇·嘴角平直，窄下颌
FD01028,幼态方脸,中轴收紧,宽额,内侧突出眉骨,宽浅眼窝,低颧骨,轻凹面颊,收敛下颌,短圆杏眼,眼尾微挑,宽眼距,灰蓝瞳,中鼻根,轻鹰钩鼻梁,小圆鼻头,薄唇,单侧上扬,眉尾旧疤,幼态方脸（中轴收紧），内侧突出眉骨/宽浅眼窝，短圆杏眼·眼尾微挑·宽眼距，中鼻根/轻鹰钩鼻梁/小圆鼻头，薄唇·单侧上扬，收敛下颌
FD01029,长方脸,下颌线清晰化,低额,厚眉骨,中度眼窝,低颧骨,成熟收紧面颊,窄下颌,疲惫眼,眼尾微挑,窄眼距,碎裂虹膜,高鼻根,高直鼻梁,窄翼鼻头,上厚下薄,嘴角紧收,指节薄茧,长方脸（下颌线清晰化），厚眉骨/中度眼窝，疲惫眼·眼尾微挑·窄眼距，高鼻根/高直鼻梁/窄翼鼻头，上厚下薄·嘴角紧收，窄下颌
FD01030,骨感方脸,颧部微收,微凸额,内侧突出眉骨,中度眼窝,柔和颧骨,幼态柔软面颊,收敛下颌,下垂眼,眼尾微挑,窄眼距,浅褐瞳,低鼻根,宽骨鼻梁,肉感鼻头,小嘴,嘴角上扬,环状虹膜,骨感方脸（颧部微收），内侧突出眉骨/中度眼窝，下垂眼·眼尾微挑·窄眼距，低鼻根/宽骨鼻梁/肉感鼻头，小嘴·嘴角上扬，收敛下颌
FD01031,倒三角脸,中轴微长,骨感额,外侧突出眉骨,深眼窝,低颧骨,薄面颊,宽下颌,猫系眼,眼尾延展,宽眼距,星点虹膜,窄鼻根,柔和鼻梁,下压鼻头,上厚下薄,嘴角上扬,左眼下浅泪痣,倒三角脸（中轴微长），外侧突出眉骨/深眼窝，猫系眼·眼尾延展·宽眼距，窄鼻根/柔和鼻梁/下压鼻头，上厚下薄·嘴角上扬，宽下颌
FD01032,上窄下宽脸,颈部线条收短,骨感额,低眉骨,眼下骨感,柔和颧骨,饱满面颊,柔和下颌,半睁懒眼,眼尾微挑,窄眼距,灰蓝瞳,中鼻根,柔和鼻梁,方圆鼻头,宽嘴,单侧上扬,左颊浅疤,上窄下宽脸（颈部线条收短），低眉骨/眼下骨感，半睁懒眼·眼尾微挑·窄眼距，中鼻根/柔和鼻梁/方圆鼻头，宽嘴·单侧上扬，柔和下颌
FD01033,圆脸,骨点内敛,窄额,高眉骨,中度眼窝,窄颧骨,饱满面颊,窄下颌,疲惫眼,眼尾延展,标准眼距,碎裂虹膜,低鼻根,宽骨鼻梁,小圆鼻头,宽嘴,嘴角下垂,无标志,圆脸（骨点内敛），高眉骨/中度眼窝，疲惫眼·眼尾延展·标准眼距，低鼻根/宽骨鼻梁/小圆鼻头，宽嘴·嘴角下垂，窄下颌
FD01034,宽菱形,颌角弱化,宽额,厚眉骨,浅眼窝,低颧骨,幼态柔软面颊,柔和下颌,鹿系眼,眼尾明显挑,窄眼距,灰蓝瞳,高鼻根,中直鼻梁,轻翘鼻头,厚唇,单侧上扬,额角旧痕,宽菱形（颌角弱化），厚眉骨/浅眼窝，鹿系眼·眼尾明显挑·窄眼距，高鼻根/中直鼻梁/轻翘鼻头，厚唇·单侧上扬，柔和下颌
FD01035,方菱过渡脸,上庭收窄,微凸额,高眉骨,中度眼窝,外扩颧骨,饱满面颊,柔和下颌,下垂眼,眼尾下压,窄眼距,星点虹膜,高鼻根,轻微偏左鼻梁,小圆鼻头,成熟长唇,嘴角平直,左颊浅疤,方菱过渡脸（上庭收窄），高眉骨/中度眼窝，下垂眼·眼尾下压·窄眼距，高鼻根/轻微偏左鼻梁/小圆鼻头，成熟长唇·嘴角平直，柔和下颌
FD01036,柔和方脸,骨点外显,骨感额,压迫感眉骨,宽浅眼窝,窄颧骨,饱满面颊,明显下颌角,狼系眼,眼尾微挑,宽眼距,环状虹膜,宽鼻根,宽骨鼻梁,肉感鼻头,薄唇,嘴角上扬,左眼下浅泪痣,柔和方脸（骨点外显），压迫感眉骨/宽浅眼窝，狼系眼·眼尾微挑·宽眼距，宽鼻根/宽骨鼻梁/肉感鼻头，薄唇·嘴角上扬，明显下颌角
FD01037,幼态方脸,下颌线柔化,饱满额,内侧突出眉骨,浅眼窝,宽颧骨,成熟收紧面颊,方下颌,冷感眼,眼尾下压,宽眼距,墨玉瞳,低鼻根,中直鼻梁,肉感鼻头,小嘴,嘴角平直,唇下小痣,幼态方脸（下颌线柔化），内侧突出眉骨/浅眼窝，冷感眼·眼尾下压·宽眼距，低鼻根/中直鼻梁/肉感鼻头，小嘴·嘴角平直，方下颌
FD01038,长菱形,颈部线条延长,高额,柔和眉骨,宽浅眼窝,窄颧骨,轻凹面颊,圆方下颌,短杏眼,眼尾平直,宽眼距,琥珀瞳,高鼻根,中直鼻梁,轻翘鼻头,薄唇,单侧上扬,异色瞳,长菱形（颈部线条延长），柔和眉骨/宽浅眼窝，短杏眼·眼尾平直·宽眼距，高鼻根/中直鼻梁/轻翘鼻头，薄唇·单侧上扬，圆方下颌
FD01039,方菱过渡脸,颊部略凹,骨感额,低眉骨,深眼窝,外扩颧骨,饱满面颊,窄下颌,猫系眼,眼尾下压,宽眼距,深色瞳,高鼻根,轻微偏右鼻梁,轻翘鼻头,宽嘴,嘴角上扬,眉心竖纹浅痕,方菱过渡脸（颊部略凹），低眉骨/深眼窝，猫系眼·眼尾下压·宽眼距，高鼻根/轻微偏右鼻梁/轻翘鼻头，宽嘴·嘴角上扬，窄下颌
FD01040,倒三角脸,中庭拉长,高额,柔和眉骨,眼下饱满,柔和颧骨,轻凹面颊,宽下颌,成熟长眼,眼尾明显挑,标准眼距,淡金瞳,窄鼻根,微弧鼻梁,肉感鼻头,上厚下薄,嘴角上扬,右眉轻断,倒三角脸（中庭拉长），柔和眉骨/眼下饱满，成熟长眼·眼尾明显挑·标准眼距，窄鼻根/微弧鼻梁/肉感鼻头，上厚下薄·嘴角上扬，宽下颌
FD01041,短方脸,上庭收窄,平直额,内侧突出眉骨,深眼窝,柔和颧骨,薄面颊,明显下颌角,狼系眼,眼尾微挑,窄眼距,环状虹膜,低鼻根,轻微偏左鼻梁,方圆鼻头,成熟长唇,嘴角紧收,左颊浅疤,短方脸（上庭收窄），内侧突出眉骨/深眼窝，狼系眼·眼尾微挑·窄眼距，低鼻根/轻微偏左鼻梁/方圆鼻头，成熟长唇·嘴角紧收，明显下颌角
FD01042,正梯形脸,上庭收窄,平直额,柔和眉骨,宽浅眼窝,外扩颧骨,成熟收紧面颊,宽下颌,短圆杏眼,眼尾延展,宽眼距,星点虹膜,低鼻根,轻微偏左鼻梁,窄翼鼻头,弓形唇,嘴角平直,左眼下浅泪痣,正梯形脸（上庭收窄），柔和眉骨/宽浅眼窝，短圆杏眼·眼尾延展·宽眼距，低鼻根/轻微偏左鼻梁/窄翼鼻头，弓形唇·嘴角平直，宽下颌
FD01043,标准菱形,颈部线条收短,骨感额,高眉骨,眼下骨感,高颧骨,薄面颊,骨感下颌,桃花眼,眼尾微挑,标准眼距,环状虹膜,低鼻根,轻微偏左鼻梁,小圆鼻头,宽嘴,单侧上扬,眉尾旧疤,标准菱形（颈部线条收短），高眉骨/眼下骨感，桃花眼·眼尾微挑·标准眼距，低鼻根/轻微偏左鼻梁/小圆鼻头，宽嘴·单侧上扬，骨感下颌
FD01044,长心形脸,偏柔圆润,高额,厚眉骨,窄深眼窝,高颧骨,饱满面颊,收敛下颌,长杏眼,眼尾明显挑,标准眼距,淡金瞳,中鼻根,宽骨鼻梁,下压鼻头,宽嘴,嘴角下垂,瞳孔残缺,长心形脸（偏柔圆润），厚眉骨/窄深眼窝，长杏眼·眼尾明显挑·标准眼距，中鼻根/宽骨鼻梁/下压鼻头，宽嘴·嘴角下垂，收敛下颌
FD01045,柔和方脸,颈部线条延长,平直额,压迫感眉骨,眼下饱满,外扩颧骨,饱满面颊,骨感下颌,猫系眼,眼尾下压,标准眼距,深色瞳,宽鼻根,轻微偏右鼻梁,肉感鼻头,上厚下薄,嘴角上扬,眉上小疤,柔和方脸（颈部线条延长），压迫感眉骨/眼下饱满，猫系眼·眼尾下压·标准眼距，宽鼻根/轻微偏右鼻梁/肉感鼻头，上厚下薄·嘴角上扬，骨感下颌
FD01046,肉感短脸,下庭收窄,宽额,柔和眉骨,中度眼窝,外扩颧骨,饱满面颊,宽下颌,瑞凤眼,眼尾微挑,标准眼距,灰蓝瞳,宽鼻根,轻微偏左鼻梁,方圆鼻头,弓形唇,嘴角下垂,左眼下浅泪痣,肉感短脸（下庭收窄），柔和眉骨/中度眼窝，瑞凤眼·眼尾微挑·标准眼距，宽鼻根/轻微偏左鼻梁/方圆鼻头，弓形唇·嘴角下垂，宽下颌
FD01047,下颌突出脸,颌角强调,微凸额,压迫感眉骨,中度眼窝,宽颧骨,幼态柔软面颊,圆方下颌,下垂眼,眼尾下压,宽眼距,碎裂虹膜,中高鼻根,轻微偏右鼻梁,肉感鼻头,弓形唇,单侧上扬,眉心竖纹浅痕,下颌突出脸（颌角强调），压迫感眉骨/中度眼窝，下垂眼·眼尾下压·宽眼距，中高鼻根/轻微偏右鼻梁/肉感鼻头，弓形唇·单侧上扬，圆方下颌
FD01048,宽心形脸,骨点外显,低额,柔和眉骨,深眼窝,宽颧骨,饱满面颊,明显下颌角,疲惫眼,眼尾延展,宽眼距,异色瞳,低鼻根,柔和鼻梁,小圆鼻头,小嘴,嘴角上扬,碎裂虹膜,宽心形脸（骨点外显），柔和眉骨/深眼窝，疲惫眼·眼尾延展·宽眼距，低鼻根/柔和鼻梁/小圆鼻头，小嘴·嘴角上扬，明显下颌角
FD01049,柔和方脸,颈部线条收短,微凸额,高眉骨,眼下饱满,高颧骨,饱满面颊,方下颌,丹凤眼,眼尾平直,宽眼距,淡金瞳,高鼻根,柔和鼻梁,下压鼻头,小嘴,嘴角平直,瞳孔残缺,柔和方脸（颈部线条收短），高眉骨/眼下饱满，丹凤眼·眼尾平直·宽眼距，高鼻根/柔和鼻梁/下压鼻头，小嘴·嘴角平直，方下颌
FD01050,标准菱形,颈部线条延长,窄额,内侧突出眉骨,窄深眼窝,低颧骨,轻凹面颊,柔和下颌,柳叶眼,眼尾下沉,标准眼距,墨玉瞳,窄鼻根,宽骨鼻梁,方圆鼻头,成熟长唇,单侧上扬,左颊浅疤,标准菱形（颈部线条延长），内侧突出眉骨/窄深眼窝，柳叶眼·眼尾下沉·标准眼距，窄鼻根/宽骨鼻梁/方圆鼻头，成熟长唇·单侧上扬，柔和下颌
FD01051,颧部展开脸,面中立体化,微凸额,薄眉骨,深眼窝,高颧骨,饱满面颊,圆方下颌,窄杏眼,眼尾明显挑,标准眼距,灰蓝瞳,中高鼻根,高直鼻梁,肉感鼻头,厚唇,嘴角下垂,额角旧痕,颧部展开脸（面中立体化），薄眉骨/深眼窝，窄杏眼·眼尾明显挑·标准眼距，中高鼻根/高直鼻梁/肉感鼻头，厚唇·嘴角下垂，圆方下颌
FD01052,窄方脸,颈部线条收短,微凸额,低眉骨,浅眼窝,窄颧骨,薄面颊,收敛下颌,圆长眼,眼尾延展,窄眼距,墨玉瞳,宽鼻根,中直鼻梁,方圆鼻头,平直唇,嘴角上扬,右眼下浅泪痣,窄方脸（颈部线条收短），低眉骨/浅眼窝，圆长眼·眼尾延展·窄眼距，宽鼻根/中直鼻梁/方圆鼻头，平直唇·嘴角上扬，收敛下颌
FD01053,宽心形脸,下颌线清晰化,骨感额,外侧突出眉骨,宽浅眼窝,柔和颧骨,饱满面颊,柔和下颌,鹿系眼,眼尾微挑,标准眼距,星点虹膜,低鼻根,轻微偏左鼻梁,小圆鼻头,薄唇,嘴角平直,异色瞳,宽心形脸（下颌线清晰化），外侧突出眉骨/宽浅眼窝，鹿系眼·眼尾微挑·标准眼距，低鼻根/轻微偏左鼻梁/小圆鼻头，薄唇·嘴角平直，柔和下颌
FD01054,骨感菱形,偏锐收窄,平直额,低眉骨,深眼窝,外扩颧骨,轻凹面颊,方下颌,上扬凤眼,眼尾明显挑,窄眼距,异色瞳,低鼻根,轻鹰钩鼻梁,骨感鼻头,薄唇,嘴角平直,眉心竖纹浅痕,骨感菱形（偏锐收窄），低眉骨/深眼窝，上扬凤眼·眼尾明显挑·窄眼距，低鼻根/轻鹰钩鼻梁/骨感鼻头，薄唇·嘴角平直，方下颌
FD01055,幼态圆脸,颌角弱化,饱满额,薄眉骨,窄深眼窝,高颧骨,轻凹面颊,明显下颌角,狼系眼,眼尾下沉,窄眼距,浅褐瞳,中高鼻根,柔和鼻梁,骨感鼻头,成熟长唇,嘴角上扬,右眉轻断,幼态圆脸（颌角弱化），薄眉骨/窄深眼窝，狼系眼·眼尾下沉·窄眼距，中高鼻根/柔和鼻梁/骨感鼻头，成熟长唇·嘴角上扬，明显下颌角
FD01056,长心形脸,颊部饱满,低额,高眉骨,眼下骨感,柔和颧骨,薄面颊,收敛下颌,圆长眼,眼尾平直,标准眼距,环状虹膜,高鼻根,轻微偏右鼻梁,窄翼鼻头,上厚下薄,嘴角下垂,唇下小痣,长心形脸（颊部饱满），高眉骨/眼下骨感，圆长眼·眼尾平直·标准眼距，高鼻根/轻微偏右鼻梁/窄翼鼻头，上厚下薄·嘴角下垂，收敛下颌
FD01057,幼态圆脸,上庭收窄,宽额,高眉骨,浅眼窝,宽颧骨,轻凹面颊,骨感下颌,鹤系眼,眼尾明显挑,窄眼距,环状虹膜,中高鼻根,柔和鼻梁,小圆鼻头,弓形唇,嘴角下垂,左眼下浅泪痣,幼态圆脸（上庭收窄），高眉骨/浅眼窝，鹤系眼·眼尾明显挑·窄眼距，中高鼻根/柔和鼻梁/小圆鼻头，弓形唇·嘴角下垂，骨感下颌
FD01058,心形脸,上庭收窄,微凸额,低眉骨,窄深眼窝,外扩颧骨,幼态柔软面颊,收敛下颌,瑞凤眼,眼尾明显挑,宽眼距,碎裂虹膜,高鼻根,轻鹰钩鼻梁,骨感鼻头,薄唇,嘴角上扬,鼻梁旧伤,心形脸（上庭收窄），低眉骨/窄深眼窝，瑞凤眼·眼尾明显挑·宽眼距，高鼻根/轻鹰钩鼻梁/骨感鼻头，薄唇·嘴角上扬，收敛下颌
FD01059,双颌匀称脸,面中立体化,平直额,厚眉骨,宽浅眼窝,外扩颧骨,轻凹面颊,明显下颌角,狭长瑞凤眼,眼尾平直,标准眼距,星点虹膜,高鼻根,轻微偏左鼻梁,方圆鼻头,成熟长唇,嘴角下垂,眉心竖纹浅痕,双颌匀称脸（面中立体化），厚眉骨/宽浅眼窝，狭长瑞凤眼·眼尾平直·标准眼距，高鼻根/轻微偏左鼻梁/方圆鼻头，成熟长唇·嘴角下垂，明显下颌角
FD01060,短圆脸,骨点外显,平直额,高眉骨,中度眼窝,高颧骨,轻凹面颊,宽下颌,瑞凤眼,眼尾下沉,宽眼距,碎裂虹膜,低鼻根,轻微偏左鼻梁,窄翼鼻头,上薄下厚,嘴角紧收,眼角小痣,短圆脸（骨点外显），高眉骨/中度眼窝，瑞凤眼·眼尾下沉·宽眼距，低鼻根/轻微偏左鼻梁/窄翼鼻头，上薄下厚·嘴角紧收，宽下颌
FD01061,倒三角脸,颊部略凹,骨感额,厚眉骨,眼下饱满,窄颧骨,成熟收紧面颊,宽下颌,长杏眼,眼尾延展,宽眼距,浅褐瞳,低鼻根,微弧鼻梁,轻翘鼻头,弓形唇,嘴角上扬,右眼下浅泪痣,倒三角脸（颊部略凹），厚眉骨/眼下饱满，长杏眼·眼尾延展·宽眼距，低鼻根/微弧鼻梁/轻翘鼻头，弓形唇·嘴角上扬，宽下颌
FD01062,宽心形脸,骨点内敛,低额,柔和眉骨,窄深眼窝,外扩颧骨,幼态柔软面颊,柔和下颌,瑞凤眼,眼尾延展,宽眼距,异色瞳,中鼻根,高直鼻梁,下压鼻头,厚唇,嘴角紧收,额角旧痕,宽心形脸（骨点内敛），柔和眉骨/窄深眼窝，瑞凤眼·眼尾延展·宽眼距，中鼻根/高直鼻梁/下压鼻头，厚唇·嘴角紧收，柔和下颌
FD01063,宽心形脸,上庭收窄,饱满额,外侧突出眉骨,眼下骨感,低颧骨,薄面颊,圆方下颌,圆长眼,眼尾明显挑,窄眼距,琥珀瞳,窄鼻根,轻微偏右鼻梁,窄翼鼻头,上薄下厚,单侧上扬,眉尾旧疤,宽心形脸（上庭收窄），外侧突出眉骨/眼下骨感，圆长眼·眼尾明显挑·窄眼距，窄鼻根/轻微偏右鼻梁/窄翼鼻头，上薄下厚·单侧上扬，圆方下颌
FD01064,肉感短脸,上庭展开,微凸额,薄眉骨,眼下骨感,窄颧骨,轻凹面颊,骨感下颌,疲惫眼,眼尾下压,标准眼距,深色瞳,宽鼻根,轻微偏右鼻梁,肉感鼻头,上厚下薄,嘴角紧收,单侧虎牙,肉感短脸（上庭展开），薄眉骨/眼下骨感，疲惫眼·眼尾下压·标准眼距，宽鼻根/轻微偏右鼻梁/肉感鼻头，上厚下薄·嘴角紧收，骨感下颌
FD01065,圆方脸,骨点外显,骨感额,厚眉骨,浅眼窝,柔和颧骨,薄面颊,方下颌,狼系眼,眼尾下压,窄眼距,碎裂虹膜,中高鼻根,柔和鼻梁,肉感鼻头,弓形唇,嘴角紧收,无标志,圆方脸（骨点外显），厚眉骨/浅眼窝，狼系眼·眼尾下压·窄眼距，中高鼻根/柔和鼻梁/肉感鼻头，弓形唇·嘴角紧收，方下颌
FD01066,长心形脸,偏锐收窄,饱满额,柔和眉骨,中度眼窝,宽颧骨,轻凹面颊,宽下颌,狐狸系眼,眼尾下压,标准眼距,淡金瞳,中高鼻根,高直鼻梁,窄翼鼻头,平直唇,单侧上扬,瞳孔残缺,长心形脸（偏锐收窄），柔和眉骨/中度眼窝，狐狸系眼·眼尾下压·标准眼距，中高鼻根/高直鼻梁/窄翼鼻头，平直唇·单侧上扬，宽下颌
FD01067,长方脸,上庭展开,饱满额,外侧突出眉骨,中度眼窝,高颧骨,幼态柔软面颊,宽下颌,平凤眼,眼尾平直,宽眼距,星点虹膜,高鼻根,高直鼻梁,窄翼鼻头,厚唇,嘴角平直,额角旧痕,长方脸（上庭展开），外侧突出眉骨/中度眼窝，平凤眼·眼尾平直·宽眼距，高鼻根/高直鼻梁/窄翼鼻头，厚唇·嘴角平直，宽下颌
FD01068,长方脸,颧部微收,低额,厚眉骨,眼下饱满,宽颧骨,薄面颊,圆方下颌,狐狸系眼,眼尾微挑,标准眼距,琥珀瞳,窄鼻根,微弧鼻梁,下压鼻头,成熟长唇,嘴角下垂,鼻梁旧伤,长方脸（颧部微收），厚眉骨/眼下饱满，狐狸系眼·眼尾微挑·标准眼距，窄鼻根/微弧鼻梁/下压鼻头，成熟长唇·嘴角下垂，圆方下颌
FD01069,成熟方脸,颧部外扩,低额,厚眉骨,眼下饱满,窄颧骨,轻凹面颊,柔和下颌,平凤眼,眼尾下沉,标准眼距,深色瞳,宽鼻根,轻微偏左鼻梁,轻翘鼻头,厚唇,嘴角上扬,单侧虎牙,成熟方脸（颧部外扩），厚眉骨/眼下饱满，平凤眼·眼尾下沉·标准眼距，宽鼻根/轻微偏左鼻梁/轻翘鼻头，厚唇·嘴角上扬，柔和下颌
FD01070,清瘦圆脸,下庭加重,窄额,高眉骨,眼下骨感,低颧骨,成熟收紧面颊,宽下颌,圆长眼,眼尾平直,标准眼距,淡金瞳,低鼻根,柔和鼻梁,轻翘鼻头,小嘴,嘴角下垂,双侧酒窝,清瘦圆脸（下庭加重），高眉骨/眼下骨感，圆长眼·眼尾平直·标准眼距，低鼻根/柔和鼻梁/轻翘鼻头，小嘴·嘴角下垂，宽下颌
FD01071,幼态方脸,偏锐收窄,饱满额,外侧突出眉骨,中度眼窝,柔和颧骨,成熟收紧面颊,圆方下颌,下垂眼,眼尾明显挑,窄眼距,墨玉瞳,中高鼻根,宽骨鼻梁,小圆鼻头,上薄下厚,嘴角上扬,双侧酒窝,幼态方脸（偏锐收窄），外侧突出眉骨/中度眼窝，下垂眼·眼尾明显挑·窄眼距，中高鼻根/宽骨鼻梁/小圆鼻头，上薄下厚·嘴角上扬，圆方下颌
FD01072,上宽下窄脸,偏锐收窄,高额,压迫感眉骨,浅眼窝,宽颧骨,饱满面颊,宽下颌,桃花眼,眼尾延展,宽眼距,碎裂虹膜,高鼻根,高直鼻梁,小圆鼻头,薄唇,嘴角上扬,瞳孔残缺,上宽下窄脸（偏锐收窄），压迫感眉骨/浅眼窝，桃花眼·眼尾延展·宽眼距，高鼻根/高直鼻梁/小圆鼻头，薄唇·嘴角上扬，宽下颌
FD01073,倒梯形脸,下庭加重,高额,高眉骨,中度眼窝,高颧骨,幼态柔软面颊,骨感下颌,成熟长眼,眼尾微挑,标准眼距,灰蓝瞳,宽鼻根,高直鼻梁,下压鼻头,弓形唇,嘴角上扬,单侧虎牙,倒梯形脸（下庭加重），高眉骨/中度眼窝，成熟长眼·眼尾微挑·标准眼距，宽鼻根/高直鼻梁/下压鼻头，弓形唇·嘴角上扬，骨感下颌
FD01074,长圆脸,中轴收紧,低额,低眉骨,眼下饱满,高颧骨,幼态柔软面颊,骨感下颌,桃花眼,眼尾平直,宽眼距,墨玉瞳,中高鼻根,中直鼻梁,骨感鼻头,薄唇,单侧上扬,唇下小痣,长圆脸（中轴收紧），低眉骨/眼下饱满，桃花眼·眼尾平直·宽眼距，中高鼻根/中直鼻梁/骨感鼻头，薄唇·单侧上扬，骨感下颌
FD01075,颧部展开脸,颧部外扩,骨感额,低眉骨,深眼窝,高颧骨,饱满面颊,明显下颌角,疲惫眼,眼尾下压,窄眼距,异色瞳,高鼻根,中直鼻梁,下压鼻头,上厚下薄,单侧上扬,唇下小痣,颧部展开脸（颧部外扩），低眉骨/深眼窝，疲惫眼·眼尾下压·窄眼距，高鼻根/中直鼻梁/下压鼻头，上厚下薄·单侧上扬，明显下颌角
FD01076,幼态方脸,下颌线清晰化,窄额,薄眉骨,深眼窝,高颧骨,成熟收紧面颊,明显下颌角,蛇系眼,眼尾下压,标准眼距,灰蓝瞳,中高鼻根,中直鼻梁,方圆鼻头,成熟长唇,嘴角下垂,单侧酒窝,幼态方脸（下颌线清晰化），薄眉骨/深眼窝，蛇系眼·眼尾下压·标准眼距，中高鼻根/中直鼻梁/方圆鼻头，成熟长唇·嘴角下垂，明显下颌角
FD01077,成熟方脸,颈部线条收短,骨感额,高眉骨,宽浅眼窝,窄颧骨,成熟收紧面颊,骨感下颌,少年圆眼,眼尾微挑,宽眼距,灰蓝瞳,低鼻根,柔和鼻梁,骨感鼻头,弓形唇,嘴角下垂,碎裂虹膜,成熟方脸（颈部线条收短），高眉骨/宽浅眼窝，少年圆眼·眼尾微挑·宽眼距，低鼻根/柔和鼻梁/骨感鼻头，弓形唇·嘴角下垂，骨感下颌
FD01078,清瘦圆脸,骨点外显,宽额,高眉骨,深眼窝,宽颧骨,饱满面颊,骨感下颌,柳叶眼,眼尾延展,标准眼距,环状虹膜,高鼻根,宽骨鼻梁,方圆鼻头,薄唇,嘴角上扬,颈侧细疤,清瘦圆脸（骨点外显），高眉骨/深眼窝，柳叶眼·眼尾延展·标准眼距，高鼻根/宽骨鼻梁/方圆鼻头，薄唇·嘴角上扬，骨感下颌
FD01079,长圆脸,下颌线柔化,窄额,薄眉骨,眼下饱满,柔和颧骨,饱满面颊,骨感下颌,疲惫眼,眼尾明显挑,标准眼距,异色瞳,低鼻根,微弧鼻梁,方圆鼻头,厚唇,嘴角平直,眉尾旧疤,长圆脸（下颌线柔化），薄眉骨/眼下饱满，疲惫眼·眼尾明显挑·标准眼距，低鼻根/微弧鼻梁/方圆鼻头，厚唇·嘴角平直，骨感下颌
FD01080,短圆脸,下颌线清晰化,饱满额,内侧突出眉骨,眼下饱满,低颧骨,薄面颊,收敛下颌,瑞凤眼,眼尾延展,标准眼距,灰蓝瞳,中鼻根,轻微偏左鼻梁,肉感鼻头,小嘴,嘴角平直,异色瞳,短圆脸（下颌线清晰化），内侧突出眉骨/眼下饱满，瑞凤眼·眼尾延展·标准眼距，中鼻根/轻微偏左鼻梁/肉感鼻头，小嘴·嘴角平直，收敛下颌
FD01081,柔和菱形,偏柔圆润,高额,薄眉骨,眼下饱满,柔和颧骨,饱满面颊,圆方下颌,平凤眼,眼尾微挑,宽眼距,碎裂虹膜,高鼻根,微弧鼻梁,下压鼻头,小嘴,单侧上扬,右眉轻断,柔和菱形（偏柔圆润），薄眉骨/眼下饱满，平凤眼·眼尾微挑·宽眼距，高鼻根/微弧鼻梁/下压鼻头，小嘴·单侧上扬，圆方下颌
FD01082,下颌突出脸,上庭展开,骨感额,薄眉骨,眼下饱满,外扩颧骨,成熟收紧面颊,柔和下颌,短杏眼,眼尾延展,标准眼距,淡金瞳,中鼻根,微弧鼻梁,骨感鼻头,弓形唇,嘴角上扬,左眼下浅泪痣,下颌突出脸（上庭展开），薄眉骨/眼下饱满，短杏眼·眼尾延展·标准眼距，中鼻根/微弧鼻梁/骨感鼻头，弓形唇·嘴角上扬，柔和下颌
FD01083,长菱形,面中立体化,饱满额,外侧突出眉骨,中度眼窝,低颧骨,成熟收紧面颊,收敛下颌,狼系眼,眼尾明显挑,标准眼距,墨玉瞳,宽鼻根,微弧鼻梁,窄翼鼻头,薄唇,嘴角平直,环状虹膜,长菱形（面中立体化），外侧突出眉骨/中度眼窝，狼系眼·眼尾明显挑·标准眼距，宽鼻根/微弧鼻梁/窄翼鼻头，薄唇·嘴角平直，收敛下颌
FD01084,圆脸,颧部外扩,微凸额,外侧突出眉骨,眼下饱满,窄颧骨,幼态柔软面颊,明显下颌角,宽杏眼,眼尾明显挑,宽眼距,异色瞳,中鼻根,微弧鼻梁,方圆鼻头,上薄下厚,嘴角下垂,眼睑褶皱不对称,圆脸（颧部外扩），外侧突出眉骨/眼下饱满，宽杏眼·眼尾明显挑·宽眼距，中鼻根/微弧鼻梁/方圆鼻头，上薄下厚·嘴角下垂，明显下颌角
FD01085,上窄下宽脸,中轴收紧,高额,低眉骨,深眼窝,外扩颧骨,薄面颊,柔和下颌,猫系眼,眼尾下压,窄眼距,星点虹膜,窄鼻根,中直鼻梁,窄翼鼻头,平直唇,嘴角紧收,额角旧痕,上窄下宽脸（中轴收紧），低眉骨/深眼窝，猫系眼·眼尾下压·窄眼距，窄鼻根/中直鼻梁/窄翼鼻头，平直唇·嘴角紧收，柔和下颌
FD01086,柔和方脸,下颌线清晰化,骨感额,高眉骨,窄深眼窝,低颧骨,轻凹面颊,宽下颌,短圆杏眼,眼尾明显挑,窄眼距,浅褐瞳,中鼻根,轻鹰钩鼻梁,窄翼鼻头,小嘴,单侧上扬,无标志,柔和方脸（下颌线清晰化），高眉骨/窄深眼窝，短圆杏眼·眼尾明显挑·窄眼距，中鼻根/轻鹰钩鼻梁/窄翼鼻头，小嘴·单侧上扬，宽下颌
FD01087,成熟方脸,上庭展开,微凸额,内侧突出眉骨,窄深眼窝,柔和颧骨,薄面颊,窄下颌,猫系眼,眼尾平直,宽眼距,环状虹膜,宽鼻根,微弧鼻梁,窄翼鼻头,薄唇,嘴角下垂,右眉轻断,成熟方脸（上庭展开），内侧突出眉骨/窄深眼窝，猫系眼·眼尾平直·宽眼距，宽鼻根/微弧鼻梁/窄翼鼻头，薄唇·嘴角下垂，窄下颌
FD01088,圆脸,颈部线条收短,低额,高眉骨,中度眼窝,高颧骨,轻凹面颊,收敛下颌,瑞凤眼,眼尾明显挑,标准眼距,碎裂虹膜,中高鼻根,轻微偏左鼻梁,轻翘鼻头,小嘴,嘴角上扬,左颊浅疤,圆脸（颈部线条收短），高眉骨/中度眼窝，瑞凤眼·眼尾明显挑·标准眼距，中高鼻根/轻微偏左鼻梁/轻翘鼻头，小嘴·嘴角上扬，收敛下颌
FD01089,颧部展开脸,上庭收窄,低额,薄眉骨,浅眼窝,柔和颧骨,饱满面颊,收敛下颌,长杏眼,眼尾明显挑,标准眼距,星点虹膜,窄鼻根,高直鼻梁,微钝鼻头,小嘴,嘴角平直,左颊浅疤,颧部展开脸（上庭收窄），薄眉骨/浅眼窝，长杏眼·眼尾明显挑·标准眼距，窄鼻根/高直鼻梁/微钝鼻头，小嘴·嘴角平直，收敛下颌
FD01090,宽心形脸,下庭收窄,平直额,薄眉骨,浅眼窝,柔和颧骨,成熟收紧面颊,骨感下颌,狼系眼,眼尾延展,宽眼距,环状虹膜,中鼻根,高直鼻梁,小圆鼻头,平直唇,嘴角紧收,眼睑褶皱不对称,宽心形脸（下庭收窄），薄眉骨/浅眼窝，狼系眼·眼尾延展·宽眼距，中鼻根/高直鼻梁/小圆鼻头，平直唇·嘴角紧收，骨感下颌
FD01091,清瘦圆脸,下颌线柔化,窄额,厚眉骨,眼下饱满,外扩颧骨,薄面颊,柔和下颌,少年圆眼,眼尾下压,窄眼距,淡金瞳,中高鼻根,柔和鼻梁,骨感鼻头,小嘴,单侧上扬,眉尾旧疤,清瘦圆脸（下颌线柔化），厚眉骨/眼下饱满，少年圆眼·眼尾下压·窄眼距，中高鼻根/柔和鼻梁/骨感鼻头，小嘴·单侧上扬，柔和下颌
FD01092,长方脸,颈部线条延长,低额,外侧突出眉骨,深眼窝,低颧骨,幼态柔软面颊,圆方下颌,圆长眼,眼尾延展,宽眼距,灰蓝瞳,宽鼻根,轻鹰钩鼻梁,窄翼鼻头,弓形唇,嘴角上扬,异色瞳,长方脸（颈部线条延长），外侧突出眉骨/深眼窝，圆长眼·眼尾延展·宽眼距，宽鼻根/轻鹰钩鼻梁/窄翼鼻头，弓形唇·嘴角上扬，圆方下颌
FD01093,上宽下窄脸,颈部线条延长,低额,压迫感眉骨,深眼窝,低颧骨,幼态柔软面颊,方下颌,狭长眼,眼尾平直,标准眼距,环状虹膜,高鼻根,轻微偏左鼻梁,微钝鼻头,上薄下厚,嘴角下垂,鼻梁旧伤,上宽下窄脸（颈部线条延长），压迫感眉骨/深眼窝，狭长眼·眼尾平直·标准眼距，高鼻根/轻微偏左鼻梁/微钝鼻头，上薄下厚·嘴角下垂，方下颌
FD01094,柔和方脸,面中平缓,微凸额,外侧突出眉骨,浅眼窝,柔和颧骨,轻凹面颊,宽下颌,桃花眼,眼尾延展,窄眼距,浅褐瞳,高鼻根,柔和鼻梁,微钝鼻头,小嘴,嘴角下垂,眼睑褶皱不对称,柔和方脸（面中平缓），外侧突出眉骨/浅眼窝，桃花眼·眼尾延展·窄眼距，高鼻根/柔和鼻梁/微钝鼻头，小嘴·嘴角下垂，宽下颌
FD01095,柔和方脸,偏柔圆润,微凸额,内侧突出眉骨,眼下骨感,外扩颧骨,饱满面颊,宽下颌,狭长瑞凤眼,眼尾微挑,标准眼距,环状虹膜,中鼻根,轻鹰钩鼻梁,方圆鼻头,上薄下厚,单侧上扬,指节薄茧,柔和方脸（偏柔圆润），内侧突出眉骨/眼下骨感，狭长瑞凤眼·眼尾微挑·标准眼距，中鼻根/轻鹰钩鼻梁/方圆鼻头，上薄下厚·单侧上扬，宽下颌
FD01096,骨感窄脸,颧部微收,高额,厚眉骨,眼下饱满,高颧骨,成熟收紧面颊,收敛下颌,半睁懒眼,眼尾微挑,标准眼距,淡金瞳,中鼻根,轻微偏左鼻梁,窄翼鼻头,小嘴,嘴角紧收,双侧酒窝,骨感窄脸（颧部微收），厚眉骨/眼下饱满，半睁懒眼·眼尾微挑·标准眼距，中鼻根/轻微偏左鼻梁/窄翼鼻头，小嘴·嘴角紧收，收敛下颌
FD01097,心形脸,偏锐收窄,宽额,压迫感眉骨,中度眼窝,外扩颧骨,饱满面颊,柔和下颌,下垂眼,眼尾延展,窄眼距,深色瞳,高鼻根,轻微偏左鼻梁,轻翘鼻头,上厚下薄,嘴角下垂,下颌浅疤,心形脸（偏锐收窄），压迫感眉骨/中度眼窝，下垂眼·眼尾延展·窄眼距，高鼻根/轻微偏左鼻梁/轻翘鼻头，上厚下薄·嘴角下垂，柔和下颌
FD01098,短圆脸,骨点外显,微凸额,外侧突出眉骨,中度眼窝,外扩颧骨,薄面颊,明显下颌角,平直杏眼,眼尾下沉,窄眼距,异色瞳,低鼻根,轻鹰钩鼻梁,轻翘鼻头,厚唇,嘴角下垂,无标志,短圆脸（骨点外显），外侧突出眉骨/中度眼窝，平直杏眼·眼尾下沉·窄眼距，低鼻根/轻鹰钩鼻梁/轻翘鼻头，厚唇·嘴角下垂，明显下颌角
FD01099,圆脸,上庭展开,宽额,高眉骨,浅眼窝,窄颧骨,轻凹面颊,宽下颌,平直杏眼,眼尾下压,标准眼距,琥珀瞳,窄鼻根,宽骨鼻梁,窄翼鼻头,小嘴,嘴角上扬,右眼下浅泪痣,圆脸（上庭展开），高眉骨/浅眼窝，平直杏眼·眼尾下压·标准眼距，窄鼻根/宽骨鼻梁/窄翼鼻头，小嘴·嘴角上扬，宽下颌
FD01100,柔和方脸,面中平缓,窄额,低眉骨,眼下饱满,柔和颧骨,幼态柔软面颊,圆方下颌,鹿系眼,眼尾明显挑,标准眼距,琥珀瞳,中高鼻根,中直鼻梁,肉感鼻头,弓形唇,单侧上扬,指节薄茧,柔和方脸（面中平缓），低眉骨/眼下饱满，鹿系眼·眼尾明显挑·标准眼距，中高鼻根/中直鼻梁/肉感鼻头，弓形唇·单侧上扬，圆方下颌
FD01101,短圆脸,下颌线柔化,微凸额,厚眉骨,浅眼窝,窄颧骨,饱满面颊,收敛下颌,圆长眼,眼尾平直,宽眼距,星点虹膜,高鼻根,轻微偏右鼻梁,骨感鼻头,小嘴,嘴角紧收,眼睑褶皱不对称,短圆脸（下颌线柔化），厚眉骨/浅眼窝，圆长眼·眼尾平直·宽眼距，高鼻根/轻微偏右鼻梁/骨感鼻头，小嘴·嘴角紧收，收敛下颌
FD01102,下颌突出脸,骨点外显,宽额,厚眉骨,中度眼窝,低颧骨,轻凹面颊,宽下颌,少年圆眼,眼尾明显挑,宽眼距,琥珀瞳,中鼻根,轻微偏左鼻梁,骨感鼻头,平直唇,嘴角上扬,右眼下浅泪痣,下颌突出脸（骨点外显），厚眉骨/中度眼窝，少年圆眼·眼尾明显挑·宽眼距，中鼻根/轻微偏左鼻梁/骨感鼻头，平直唇·嘴角上扬，宽下颌
FD01103,长心形脸,偏锐收窄,低额,内侧突出眉骨,深眼窝,低颧骨,轻凹面颊,圆方下颌,狭长眼,眼尾延展,宽眼距,星点虹膜,宽鼻根,柔和鼻梁,骨感鼻头,上厚下薄,嘴角平直,单侧酒窝,长心形脸（偏锐收窄），内侧突出眉骨/深眼窝，狭长眼·眼尾延展·宽眼距，宽鼻根/柔和鼻梁/骨感鼻头，上厚下薄·嘴角平直，圆方下颌
FD01104,幼态方脸,上庭收窄,微凸额,柔和眉骨,浅眼窝,柔和颧骨,幼态柔软面颊,窄下颌,鹰隼眼,眼尾平直,宽眼距,碎裂虹膜,中高鼻根,宽骨鼻梁,轻翘鼻头,上厚下薄,嘴角平直,眉尾旧疤,幼态方脸（上庭收窄），柔和眉骨/浅眼窝，鹰隼眼·眼尾平直·宽眼距，中高鼻根/宽骨鼻梁/轻翘鼻头，上厚下薄·嘴角平直，窄下颌
FD01105,梨形脸,中庭拉长,高额,内侧突出眉骨,中度眼窝,柔和颧骨,轻凹面颊,方下颌,平凤眼,眼尾明显挑,标准眼距,异色瞳,中高鼻根,宽骨鼻梁,微钝鼻头,弓形唇,嘴角下垂,双侧酒窝,梨形脸（中庭拉长），内侧突出眉骨/中度眼窝，平凤眼·眼尾明显挑·标准眼距，中高鼻根/宽骨鼻梁/微钝鼻头，弓形唇·嘴角下垂，方下颌
FD01106,长方脸,颧部微收,窄额,高眉骨,宽浅眼窝,外扩颧骨,轻凹面颊,宽下颌,平直杏眼,眼尾明显挑,窄眼距,灰蓝瞳,窄鼻根,微弧鼻梁,小圆鼻头,薄唇,嘴角下垂,环状虹膜,长方脸（颧部微收），高眉骨/宽浅眼窝，平直杏眼·眼尾明显挑·窄眼距，窄鼻根/微弧鼻梁/小圆鼻头，薄唇·嘴角下垂，宽下颌
FD01107,圆脸,颌角弱化,微凸额,厚眉骨,深眼窝,窄颧骨,薄面颊,圆方下颌,冷感眼,眼尾微挑,宽眼距,环状虹膜,中高鼻根,中直鼻梁,方圆鼻头,小嘴,嘴角紧收,左颊浅疤,圆脸（颌角弱化），厚眉骨/深眼窝，冷感眼·眼尾微挑·宽眼距，中高鼻根/中直鼻梁/方圆鼻头，小嘴·嘴角紧收，圆方下颌
FD01108,柔和方脸,偏柔圆润,低额,外侧突出眉骨,宽浅眼窝,高颧骨,薄面颊,圆方下颌,疲惫眼,眼尾微挑,窄眼距,碎裂虹膜,宽鼻根,轻微偏右鼻梁,下压鼻头,上厚下薄,嘴角紧收,无标志,柔和方脸（偏柔圆润），外侧突出眉骨/宽浅眼窝，疲惫眼·眼尾微挑·窄眼距，宽鼻根/轻微偏右鼻梁/下压鼻头，上厚下薄·嘴角紧收，圆方下颌
FD01109,宽方脸,颈部线条收短,平直额,内侧突出眉骨,窄深眼窝,外扩颧骨,薄面颊,方下颌,蛇系眼,眼尾平直,标准眼距,星点虹膜,中高鼻根,高直鼻梁,下压鼻头,成熟长唇,嘴角上扬,无标志,宽方脸（颈部线条收短），内侧突出眉骨/窄深眼窝，蛇系眼·眼尾平直·标准眼距，中高鼻根/高直鼻梁/下压鼻头，成熟长唇·嘴角上扬，方下颌
FD01110,长菱形,颧部外扩,微凸额,内侧突出眉骨,宽浅眼窝,低颧骨,成熟收紧面颊,明显下颌角,蛇系眼,眼尾明显挑,宽眼距,深色瞳,中鼻根,柔和鼻梁,轻翘鼻头,上薄下厚,嘴角下垂,瞳孔残缺,长菱形（颧部外扩），内侧突出眉骨/宽浅眼窝，蛇系眼·眼尾明显挑·宽眼距，中鼻根/柔和鼻梁/轻翘鼻头，上薄下厚·嘴角下垂，明显下颌角
FD01111,长菱形,偏锐收窄,高额,低眉骨,深眼窝,窄颧骨,薄面颊,宽下颌,狭长眼,眼尾下压,标准眼距,星点虹膜,窄鼻根,微弧鼻梁,方圆鼻头,成熟长唇,嘴角平直,颈侧细疤,长菱形（偏锐收窄），低眉骨/深眼窝，狭长眼·眼尾下压·标准眼距，窄鼻根/微弧鼻梁/方圆鼻头，成熟长唇·嘴角平直，宽下颌
FD01112,长圆脸,下庭加重,平直额,内侧突出眉骨,中度眼窝,低颧骨,薄面颊,收敛下颌,蛇系眼,眼尾下压,标准眼距,异色瞳,宽鼻根,轻微偏右鼻梁,方圆鼻头,宽嘴,嘴角下垂,无标志,长圆脸（下庭加重），内侧突出眉骨/中度眼窝，蛇系眼·眼尾下压·标准眼距，宽鼻根/轻微偏右鼻梁/方圆鼻头，宽嘴·嘴角下垂，收敛下颌
FD01113,圆方脸,颌角弱化,骨感额,内侧突出眉骨,浅眼窝,窄颧骨,成熟收紧面颊,宽下颌,下垂眼,眼尾延展,窄眼距,环状虹膜,中鼻根,微弧鼻梁,肉感鼻头,厚唇,单侧上扬,右眉轻断,圆方脸（颌角弱化），内侧突出眉骨/浅眼窝，下垂眼·眼尾延展·窄眼距，中鼻根/微弧鼻梁/肉感鼻头，厚唇·单侧上扬，宽下颌
FD01114,长心形脸,颌角强调,平直额,薄眉骨,浅眼窝,外扩颧骨,轻凹面颊,窄下颌,长杏眼,眼尾平直,标准眼距,浅褐瞳,高鼻根,高直鼻梁,方圆鼻头,弓形唇,嘴角紧收,环状虹膜,长心形脸（颌角强调），薄眉骨/浅眼窝，长杏眼·眼尾平直·标准眼距，高鼻根/高直鼻梁/方圆鼻头，弓形唇·嘴角紧收，窄下颌
FD01115,宽菱形,中庭拉长,平直额,厚眉骨,窄深眼窝,低颧骨,薄面颊,圆方下颌,短圆杏眼,眼尾明显挑,宽眼距,环状虹膜,低鼻根,高直鼻梁,窄翼鼻头,厚唇,嘴角上扬,鼻梁旧伤,宽菱形（中庭拉长），厚眉骨/窄深眼窝，短圆杏眼·眼尾明显挑·宽眼距，低鼻根/高直鼻梁/窄翼鼻头，厚唇·嘴角上扬，圆方下颌
FD01116,倒三角脸,偏锐收窄,宽额,低眉骨,眼下饱满,柔和颧骨,轻凹面颊,收敛下颌,窄杏眼,眼尾明显挑,窄眼距,琥珀瞳,中鼻根,宽骨鼻梁,轻翘鼻头,上厚下薄,单侧上扬,眉心竖纹浅痕,倒三角脸（偏锐收窄），低眉骨/眼下饱满，窄杏眼·眼尾明显挑·窄眼距，中鼻根/宽骨鼻梁/轻翘鼻头，上厚下薄·单侧上扬，收敛下颌
FD01117,方菱过渡脸,颊部略凹,平直额,厚眉骨,浅眼窝,窄颧骨,饱满面颊,圆方下颌,窄杏眼,眼尾明显挑,标准眼距,浅褐瞳,中高鼻根,轻微偏左鼻梁,小圆鼻头,上薄下厚,嘴角紧收,唇下小痣,方菱过渡脸（颊部略凹），厚眉骨/浅眼窝，窄杏眼·眼尾明显挑·标准眼距，中高鼻根/轻微偏左鼻梁/小圆鼻头，上薄下厚·嘴角紧收，圆方下颌
FD01118,短方脸,中庭展宽,饱满额,内侧突出眉骨,浅眼窝,宽颧骨,饱满面颊,宽下颌,狭长眼,眼尾平直,宽眼距,星点虹膜,中高鼻根,轻微偏右鼻梁,骨感鼻头,上薄下厚,嘴角平直,单侧虎牙,短方脸（中庭展宽），内侧突出眉骨/浅眼窝，狭长眼·眼尾平直·宽眼距，中高鼻根/轻微偏右鼻梁/骨感鼻头，上薄下厚·嘴角平直，宽下颌
FD01119,上窄下宽脸,下颌线柔化,骨感额,厚眉骨,眼下饱满,高颧骨,饱满面颊,骨感下颌,柳叶眼,眼尾明显挑,窄眼距,深色瞳,低鼻根,微弧鼻梁,下压鼻头,平直唇,嘴角平直,额角旧痕,上窄下宽脸（下颌线柔化），厚眉骨/眼下饱满，柳叶眼·眼尾明显挑·窄眼距，低鼻根/微弧鼻梁/下压鼻头，平直唇·嘴角平直，骨感下颌
FD01120,长圆脸,骨点外显,低额,外侧突出眉骨,浅眼窝,柔和颧骨,饱满面颊,窄下颌,狼系眼,眼尾下压,宽眼距,碎裂虹膜,中鼻根,宽骨鼻梁,肉感鼻头,小嘴,嘴角平直,眉尾旧疤,长圆脸（骨点外显），外侧突出眉骨/浅眼窝，狼系眼·眼尾下压·宽眼距，中鼻根/宽骨鼻梁/肉感鼻头，小嘴·嘴角平直，窄下颌
FD01121,正梯形脸,下颌线清晰化,窄额,薄眉骨,深眼窝,柔和颧骨,轻凹面颊,方下颌,成熟长眼,眼尾延展,标准眼距,浅褐瞳,窄鼻根,轻鹰钩鼻梁,窄翼鼻头,厚唇,嘴角上扬,眼角小痣,正梯形脸（下颌线清晰化），薄眉骨/深眼窝，成熟长眼·眼尾延展·标准眼距，窄鼻根/轻鹰钩鼻梁/窄翼鼻头，厚唇·嘴角上扬，方下颌
FD01122,骨感菱形,颧部外扩,高额,厚眉骨,眼下饱满,低颧骨,幼态柔软面颊,明显下颌角,下垂眼,眼尾下压,标准眼距,异色瞳,窄鼻根,轻微偏右鼻梁,轻翘鼻头,厚唇,单侧上扬,额角旧痕,骨感菱形（颧部外扩），厚眉骨/眼下饱满，下垂眼·眼尾下压·标准眼距，窄鼻根/轻微偏右鼻梁/轻翘鼻头，厚唇·单侧上扬，明显下颌角
FD01123,柔和菱形,面中平缓,平直额,压迫感眉骨,中度眼窝,低颧骨,轻凹面颊,圆方下颌,鹰隼眼,眼尾下沉,窄眼距,碎裂虹膜,中高鼻根,中直鼻梁,方圆鼻头,薄唇,嘴角下垂,额角旧痕,柔和菱形（面中平缓），压迫感眉骨/中度眼窝，鹰隼眼·眼尾下沉·窄眼距，中高鼻根/中直鼻梁/方圆鼻头，薄唇·嘴角下垂，圆方下颌
FD01124,上宽下窄脸,上庭收窄,平直额,内侧突出眉骨,深眼窝,外扩颧骨,轻凹面颊,收敛下颌,少年圆眼,眼尾下沉,窄眼距,墨玉瞳,中高鼻根,高直鼻梁,骨感鼻头,弓形唇,单侧上扬,瞳孔残缺,上宽下窄脸（上庭收窄），内侧突出眉骨/深眼窝，少年圆眼·眼尾下沉·窄眼距，中高鼻根/高直鼻梁/骨感鼻头，弓形唇·单侧上扬，收敛下颌
FD01125,长菱形,面中立体化,高额,厚眉骨,眼下饱满,低颧骨,轻凹面颊,柔和下颌,成熟长眼,眼尾微挑,标准眼距,异色瞳,低鼻根,高直鼻梁,骨感鼻头,薄唇,嘴角上扬,右眼下浅泪痣,长菱形（面中立体化），厚眉骨/眼下饱满，成熟长眼·眼尾微挑·标准眼距，低鼻根/高直鼻梁/骨感鼻头，薄唇·嘴角上扬，柔和下颌
FD01126,上窄下宽脸,骨点内敛,微凸额,外侧突出眉骨,中度眼窝,外扩颧骨,幼态柔软面颊,圆方下颌,短圆杏眼,眼尾微挑,标准眼距,琥珀瞳,中鼻根,宽骨鼻梁,窄翼鼻头,平直唇,单侧上扬,颈侧细疤,上窄下宽脸（骨点内敛），外侧突出眉骨/中度眼窝，短圆杏眼·眼尾微挑·标准眼距，中鼻根/宽骨鼻梁/窄翼鼻头，平直唇·单侧上扬，圆方下颌
FD01127,圆脸,中轴微长,微凸额,低眉骨,眼下骨感,柔和颧骨,成熟收紧面颊,窄下颌,狭长瑞凤眼,眼尾明显挑,窄眼距,星点虹膜,中高鼻根,微弧鼻梁,窄翼鼻头,薄唇,嘴角上扬,鼻梁旧伤,圆脸（中轴微长），低眉骨/眼下骨感，狭长瑞凤眼·眼尾明显挑·窄眼距，中高鼻根/微弧鼻梁/窄翼鼻头，薄唇·嘴角上扬，窄下颌
FD01128,圆方脸,中庭展宽,骨感额,薄眉骨,宽浅眼窝,高颧骨,幼态柔软面颊,收敛下颌,桃花眼,眼尾微挑,宽眼距,灰蓝瞳,窄鼻根,柔和鼻梁,小圆鼻头,宽嘴,嘴角紧收,双侧酒窝,圆方脸（中庭展宽），薄眉骨/宽浅眼窝，桃花眼·眼尾微挑·宽眼距，窄鼻根/柔和鼻梁/小圆鼻头，宽嘴·嘴角紧收，收敛下颌
FD01129,幼态方脸,中轴微长,高额,薄眉骨,眼下骨感,宽颧骨,幼态柔软面颊,柔和下颌,蛇系眼,眼尾下沉,宽眼距,碎裂虹膜,宽鼻根,高直鼻梁,窄翼鼻头,小嘴,单侧上扬,异色瞳,幼态方脸（中轴微长），薄眉骨/眼下骨感，蛇系眼·眼尾下沉·宽眼距，宽鼻根/高直鼻梁/窄翼鼻头，小嘴·单侧上扬，柔和下颌
FD01130,长菱形,中轴微长,高额,薄眉骨,窄深眼窝,宽颧骨,轻凹面颊,宽下颌,桃花眼,眼尾明显挑,窄眼距,深色瞳,高鼻根,中直鼻梁,方圆鼻头,上薄下厚,单侧上扬,颈侧细疤,长菱形（中轴微长），薄眉骨/窄深眼窝，桃花眼·眼尾明显挑·窄眼距，高鼻根/中直鼻梁/方圆鼻头，上薄下厚·单侧上扬，宽下颌
FD01131,柔和方脸,偏锐收窄,平直额,厚眉骨,窄深眼窝,低颧骨,成熟收紧面颊,方下颌,平直杏眼,眼尾延展,标准眼距,墨玉瞳,中高鼻根,宽骨鼻梁,肉感鼻头,厚唇,嘴角平直,左颊浅疤,柔和方脸（偏锐收窄），厚眉骨/窄深眼窝，平直杏眼·眼尾延展·标准眼距，中高鼻根/宽骨鼻梁/肉感鼻头，厚唇·嘴角平直，方下颌
FD01132,长圆脸,偏锐收窄,宽额,高眉骨,眼下骨感,柔和颧骨,轻凹面颊,窄下颌,上扬凤眼,眼尾微挑,窄眼距,浅褐瞳,低鼻根,轻微偏左鼻梁,肉感鼻头,弓形唇,嘴角下垂,瞳孔残缺,长圆脸（偏锐收窄），高眉骨/眼下骨感，上扬凤眼·眼尾微挑·窄眼距，低鼻根/轻微偏左鼻梁/肉感鼻头，弓形唇·嘴角下垂，窄下颌
FD01133,窄方脸,中轴收紧,饱满额,薄眉骨,窄深眼窝,柔和颧骨,幼态柔软面颊,圆方下颌,狭长瑞凤眼,眼尾明显挑,宽眼距,异色瞳,高鼻根,高直鼻梁,骨感鼻头,小嘴,嘴角下垂,眼睑褶皱不对称,窄方脸（中轴收紧），薄眉骨/窄深眼窝，狭长瑞凤眼·眼尾明显挑·宽眼距，高鼻根/高直鼻梁/骨感鼻头，小嘴·嘴角下垂，圆方下颌
FD01134,长菱形,骨点外显,微凸额,厚眉骨,中度眼窝,外扩颧骨,薄面颊,柔和下颌,鹰隼眼,眼尾微挑,窄眼距,灰蓝瞳,中鼻根,微弧鼻梁,轻翘鼻头,厚唇,嘴角紧收,单侧虎牙,长菱形（骨点外显），厚眉骨/中度眼窝，鹰隼眼·眼尾微挑·窄眼距，中鼻根/微弧鼻梁/轻翘鼻头，厚唇·嘴角紧收，柔和下颌
FD01135,圆脸,下庭收窄,饱满额,薄眉骨,宽浅眼窝,低颧骨,幼态柔软面颊,圆方下颌,桃花眼,眼尾明显挑,窄眼距,灰蓝瞳,低鼻根,轻鹰钩鼻梁,轻翘鼻头,薄唇,嘴角上扬,单侧酒窝,圆脸（下庭收窄），薄眉骨/宽浅眼窝，桃花眼·眼尾明显挑·窄眼距，低鼻根/轻鹰钩鼻梁/轻翘鼻头，薄唇·嘴角上扬，圆方下颌
FD01136,颧部展开脸,上庭收窄,高额,外侧突出眉骨,眼下饱满,高颧骨,轻凹面颊,窄下颌,瑞凤眼,眼尾下沉,标准眼距,灰蓝瞳,中高鼻根,中直鼻梁,方圆鼻头,厚唇,嘴角平直,左颊浅疤,颧部展开脸（上庭收窄），外侧突出眉骨/眼下饱满，瑞凤眼·眼尾下沉·标准眼距，中高鼻根/中直鼻梁/方圆鼻头，厚唇·嘴角平直，窄下颌
FD01137,柔和方脸,颊部饱满,骨感额,压迫感眉骨,中度眼窝,柔和颧骨,薄面颊,方下颌,丹凤眼,眼尾延展,标准眼距,墨玉瞳,中鼻根,轻微偏左鼻梁,轻翘鼻头,宽嘴,嘴角上扬,双侧酒窝,柔和方脸（颊部饱满），压迫感眉骨/中度眼窝，丹凤眼·眼尾延展·标准眼距，中鼻根/轻微偏左鼻梁/轻翘鼻头，宽嘴·嘴角上扬，方下颌
FD01138,幼态方脸,颊部略凹,宽额,厚眉骨,深眼窝,宽颧骨,成熟收紧面颊,圆方下颌,丹凤眼,眼尾下压,标准眼距,异色瞳,宽鼻根,中直鼻梁,微钝鼻头,上厚下薄,嘴角紧收,右眉轻断,幼态方脸（颊部略凹），厚眉骨/深眼窝，丹凤眼·眼尾下压·标准眼距，宽鼻根/中直鼻梁/微钝鼻头，上厚下薄·嘴角紧收，圆方下颌
FD01139,上宽下窄脸,上庭展开,骨感额,薄眉骨,浅眼窝,宽颧骨,薄面颊,收敛下颌,长杏眼,眼尾下沉,宽眼距,环状虹膜,中高鼻根,轻鹰钩鼻梁,窄翼鼻头,弓形唇,嘴角紧收,眼角小痣,上宽下窄脸（上庭展开），薄眉骨/浅眼窝，长杏眼·眼尾下沉·宽眼距，中高鼻根/轻鹰钩鼻梁/窄翼鼻头，弓形唇·嘴角紧收，收敛下颌
FD01140,幼态圆脸,面中平缓,低额,外侧突出眉骨,浅眼窝,窄颧骨,饱满面颊,窄下颌,丹凤眼,眼尾平直,宽眼距,墨玉瞳,高鼻根,微弧鼻梁,方圆鼻头,上薄下厚,嘴角上扬,无标志,幼态圆脸（面中平缓），外侧突出眉骨/浅眼窝，丹凤眼·眼尾平直·宽眼距，高鼻根/微弧鼻梁/方圆鼻头，上薄下厚·嘴角上扬，窄下颌
FD01141,成熟方脸,面中平缓,骨感额,厚眉骨,窄深眼窝,窄颧骨,幼态柔软面颊,明显下颌角,成熟长眼,眼尾延展,宽眼距,浅褐瞳,中高鼻根,中直鼻梁,轻翘鼻头,上薄下厚,单侧上扬,左颊浅疤,成熟方脸（面中平缓），厚眉骨/窄深眼窝，成熟长眼·眼尾延展·宽眼距，中高鼻根/中直鼻梁/轻翘鼻头，上薄下厚·单侧上扬，明显下颌角
FD01142,倒三角脸,上庭收窄,平直额,内侧突出眉骨,深眼窝,高颧骨,成熟收紧面颊,收敛下颌,狭长眼,眼尾延展,宽眼距,琥珀瞳,宽鼻根,轻微偏左鼻梁,肉感鼻头,宽嘴,嘴角上扬,无标志,倒三角脸（上庭收窄），内侧突出眉骨/深眼窝，狭长眼·眼尾延展·宽眼距，宽鼻根/轻微偏左鼻梁/肉感鼻头，宽嘴·嘴角上扬，收敛下颌
FD01143,倒三角脸,中庭展宽,饱满额,低眉骨,深眼窝,低颧骨,饱满面颊,圆方下颌,鹰隼眼,眼尾明显挑,标准眼距,浅褐瞳,中高鼻根,微弧鼻梁,窄翼鼻头,小嘴,嘴角平直,指节薄茧,倒三角脸（中庭展宽），低眉骨/深眼窝，鹰隼眼·眼尾明显挑·标准眼距，中高鼻根/微弧鼻梁/窄翼鼻头，小嘴·嘴角平直，圆方下颌
FD01144,正梯形脸,骨点外显,高额,压迫感眉骨,宽浅眼窝,窄颧骨,成熟收紧面颊,柔和下颌,短杏眼,眼尾平直,窄眼距,异色瞳,窄鼻根,柔和鼻梁,窄翼鼻头,小嘴,嘴角紧收,眼睑褶皱不对称,正梯形脸（骨点外显），压迫感眉骨/宽浅眼窝，短杏眼·眼尾平直·窄眼距，窄鼻根/柔和鼻梁/窄翼鼻头，小嘴·嘴角紧收，柔和下颌
FD01145,正梯形脸,中轴收紧,低额,外侧突出眉骨,窄深眼窝,窄颧骨,成熟收紧面颊,明显下颌角,平凤眼,眼尾平直,窄眼距,墨玉瞳,中高鼻根,轻微偏右鼻梁,骨感鼻头,弓形唇,嘴角平直,无标志,正梯形脸（中轴收紧），外侧突出眉骨/窄深眼窝，平凤眼·眼尾平直·窄眼距，中高鼻根/轻微偏右鼻梁/骨感鼻头，弓形唇·嘴角平直，明显下颌角
FD01146,长菱形,颧部外扩,平直额,内侧突出眉骨,宽浅眼窝,宽颧骨,成熟收紧面颊,收敛下颌,瑞凤眼,眼尾微挑,窄眼距,环状虹膜,中鼻根,轻鹰钩鼻梁,骨感鼻头,薄唇,嘴角平直,异色瞳,长菱形（颧部外扩），内侧突出眉骨/宽浅眼窝，瑞凤眼·眼尾微挑·窄眼距，中鼻根/轻鹰钩鼻梁/骨感鼻头，薄唇·嘴角平直，收敛下颌
FD01147,骨感方脸,上庭收窄,宽额,柔和眉骨,宽浅眼窝,窄颧骨,幼态柔软面颊,圆方下颌,狼系眼,眼尾微挑,宽眼距,淡金瞳,窄鼻根,高直鼻梁,下压鼻头,薄唇,嘴角紧收,下颌浅疤,骨感方脸（上庭收窄），柔和眉骨/宽浅眼窝，狼系眼·眼尾微挑·宽眼距，窄鼻根/高直鼻梁/下压鼻头，薄唇·嘴角紧收，圆方下颌
FD01148,短圆脸,偏柔圆润,窄额,柔和眉骨,深眼窝,柔和颧骨,薄面颊,宽下颌,鹿系眼,眼尾明显挑,标准眼距,浅褐瞳,低鼻根,高直鼻梁,方圆鼻头,薄唇,嘴角上扬,鼻梁旧伤,短圆脸（偏柔圆润），柔和眉骨/深眼窝，鹿系眼·眼尾明显挑·标准眼距，低鼻根/高直鼻梁/方圆鼻头，薄唇·嘴角上扬，宽下颌
FD01149,圆脸,上庭展开,骨感额,薄眉骨,深眼窝,宽颧骨,饱满面颊,收敛下颌,鹿系眼,眼尾微挑,宽眼距,墨玉瞳,窄鼻根,轻微偏右鼻梁,下压鼻头,宽嘴,嘴角上扬,异色瞳,圆脸（上庭展开），薄眉骨/深眼窝，鹿系眼·眼尾微挑·宽眼距，窄鼻根/轻微偏右鼻梁/下压鼻头，宽嘴·嘴角上扬，收敛下颌
FD01150,幼态圆脸,颈部线条延长,微凸额,外侧突出眉骨,眼下骨感,低颧骨,饱满面颊,宽下颌,狼系眼,眼尾下压,标准眼距,浅褐瞳,高鼻根,高直鼻梁,微钝鼻头,弓形唇,嘴角平直,眼角小痣,幼态圆脸（颈部线条延长），外侧突出眉骨/眼下骨感，狼系眼·眼尾下压·标准眼距，高鼻根/高直鼻梁/微钝鼻头，弓形唇·嘴角平直，宽下颌
FD01151,圆脸,颧部微收,高额,厚眉骨,眼下骨感,外扩颧骨,轻凹面颊,柔和下颌,平凤眼,眼尾下压,窄眼距,星点虹膜,中鼻根,柔和鼻梁,肉感鼻头,厚唇,嘴角平直,环状虹膜,圆脸（颧部微收），厚眉骨/眼下骨感，平凤眼·眼尾下压·窄眼距，中鼻根/柔和鼻梁/肉感鼻头，厚唇·嘴角平直，柔和下颌
FD01152,宽菱形,下庭收窄,骨感额,厚眉骨,窄深眼窝,高颧骨,成熟收紧面颊,圆方下颌,平直杏眼,眼尾下沉,窄眼距,深色瞳,高鼻根,高直鼻梁,肉感鼻头,小嘴,单侧上扬,眉心竖纹浅痕,宽菱形（下庭收窄），厚眉骨/窄深眼窝，平直杏眼·眼尾下沉·窄眼距，高鼻根/高直鼻梁/肉感鼻头，小嘴·单侧上扬，圆方下颌
FD01153,肉感短脸,中庭拉长,窄额,内侧突出眉骨,眼下骨感,宽颧骨,成熟收紧面颊,圆方下颌,窄杏眼,眼尾延展,标准眼距,星点虹膜,高鼻根,轻微偏右鼻梁,肉感鼻头,上厚下薄,单侧上扬,颈侧细疤,肉感短脸（中庭拉长），内侧突出眉骨/眼下骨感，窄杏眼·眼尾延展·标准眼距，高鼻根/轻微偏右鼻梁/肉感鼻头，上厚下薄·单侧上扬，圆方下颌
FD01154,长菱形,中庭拉长,低额,高眉骨,窄深眼窝,高颧骨,幼态柔软面颊,宽下颌,长杏眼,眼尾延展,标准眼距,淡金瞳,高鼻根,宽骨鼻梁,肉感鼻头,上厚下薄,嘴角上扬,左眼下浅泪痣,长菱形（中庭拉长），高眉骨/窄深眼窝，长杏眼·眼尾延展·标准眼距，高鼻根/宽骨鼻梁/肉感鼻头，上厚下薄·嘴角上扬，宽下颌
FD01155,长心形脸,下颌线清晰化,高额,厚眉骨,眼下饱满,宽颧骨,薄面颊,圆方下颌,平直杏眼,眼尾明显挑,窄眼距,环状虹膜,中鼻根,微弧鼻梁,小圆鼻头,宽嘴,嘴角上扬,下颌浅疤,长心形脸（下颌线清晰化），厚眉骨/眼下饱满，平直杏眼·眼尾明显挑·窄眼距，中鼻根/微弧鼻梁/小圆鼻头，宽嘴·嘴角上扬，圆方下颌
FD01156,短圆脸,中轴收紧,平直额,压迫感眉骨,宽浅眼窝,高颧骨,饱满面颊,圆方下颌,半睁懒眼,眼尾平直,窄眼距,深色瞳,中鼻根,轻微偏左鼻梁,方圆鼻头,宽嘴,嘴角紧收,眉尾旧疤,短圆脸（中轴收紧），压迫感眉骨/宽浅眼窝，半睁懒眼·眼尾平直·窄眼距，中鼻根/轻微偏左鼻梁/方圆鼻头，宽嘴·嘴角紧收，圆方下颌
FD01157,下颌突出脸,下庭加重,饱满额,薄眉骨,眼下骨感,低颧骨,成熟收紧面颊,圆方下颌,平直杏眼,眼尾微挑,标准眼距,淡金瞳,中高鼻根,微弧鼻梁,轻翘鼻头,宽嘴,嘴角下垂,眼睑褶皱不对称,下颌突出脸（下庭加重），薄眉骨/眼下骨感，平直杏眼·眼尾微挑·标准眼距，中高鼻根/微弧鼻梁/轻翘鼻头，宽嘴·嘴角下垂，圆方下颌
FD01158,倒三角脸,上庭收窄,低额,低眉骨,中度眼窝,低颧骨,轻凹面颊,宽下颌,鹿系眼,眼尾下沉,标准眼距,异色瞳,低鼻根,轻鹰钩鼻梁,轻翘鼻头,薄唇,单侧上扬,无标志,倒三角脸（上庭收窄），低眉骨/中度眼窝，鹿系眼·眼尾下沉·标准眼距，低鼻根/轻鹰钩鼻梁/轻翘鼻头，薄唇·单侧上扬，宽下颌
FD01159,长菱形,中轴收紧,低额,柔和眉骨,眼下饱满,宽颧骨,成熟收紧面颊,明显下颌角,鹤系眼,眼尾下沉,窄眼距,碎裂虹膜,中高鼻根,轻微偏右鼻梁,方圆鼻头,厚唇,嘴角平直,碎裂虹膜,长菱形（中轴收紧），柔和眉骨/眼下饱满，鹤系眼·眼尾下沉·窄眼距，中高鼻根/轻微偏右鼻梁/方圆鼻头，厚唇·嘴角平直，明显下颌角
FD01160,窄方脸,骨点外显,宽额,外侧突出眉骨,窄深眼窝,低颧骨,幼态柔软面颊,宽下颌,狭长瑞凤眼,眼尾微挑,标准眼距,琥珀瞳,低鼻根,柔和鼻梁,窄翼鼻头,宽嘴,嘴角平直,单侧虎牙,窄方脸（骨点外显），外侧突出眉骨/窄深眼窝，狭长瑞凤眼·眼尾微挑·标准眼距，低鼻根/柔和鼻梁/窄翼鼻头，宽嘴·嘴角平直，宽下颌
FD01161,倒三角脸,下庭收窄,高额,压迫感眉骨,浅眼窝,窄颧骨,幼态柔软面颊,收敛下颌,疲惫眼,眼尾微挑,标准眼距,星点虹膜,中鼻根,高直鼻梁,骨感鼻头,成熟长唇,嘴角上扬,耳后小痣,倒三角脸（下庭收窄），压迫感眉骨/浅眼窝，疲惫眼·眼尾微挑·标准眼距，中鼻根/高直鼻梁/骨感鼻头，成熟长唇·嘴角上扬，收敛下颌
FD01162,短方脸,颊部饱满,平直额,内侧突出眉骨,眼下骨感,窄颧骨,薄面颊,收敛下颌,猫系眼,眼尾延展,标准眼距,深色瞳,低鼻根,高直鼻梁,小圆鼻头,小嘴,嘴角紧收,耳后小痣,短方脸（颊部饱满），内侧突出眉骨/眼下骨感，猫系眼·眼尾延展·标准眼距，低鼻根/高直鼻梁/小圆鼻头，小嘴·嘴角紧收，收敛下颌
FD01163,短圆脸,下颌线清晰化,高额,厚眉骨,眼下骨感,柔和颧骨,轻凹面颊,明显下颌角,窄杏眼,眼尾明显挑,窄眼距,浅褐瞳,高鼻根,轻微偏左鼻梁,微钝鼻头,平直唇,嘴角上扬,无标志,短圆脸（下颌线清晰化），厚眉骨/眼下骨感，窄杏眼·眼尾明显挑·窄眼距，高鼻根/轻微偏左鼻梁/微钝鼻头，平直唇·嘴角上扬，明显下颌角
FD01164,柔和菱形,上庭展开,高额,厚眉骨,窄深眼窝,外扩颧骨,薄面颊,宽下颌,疲惫眼,眼尾延展,标准眼距,环状虹膜,宽鼻根,中直鼻梁,骨感鼻头,上厚下薄,嘴角下垂,鼻梁旧伤,柔和菱形（上庭展开），厚眉骨/窄深眼窝，疲惫眼·眼尾延展·标准眼距，宽鼻根/中直鼻梁/骨感鼻头，上厚下薄·嘴角下垂，宽下颌
FD01165,长心形脸,中轴微长,高额,厚眉骨,宽浅眼窝,外扩颧骨,幼态柔软面颊,收敛下颌,上扬凤眼,眼尾平直,标准眼距,异色瞳,中高鼻根,轻微偏左鼻梁,微钝鼻头,宽嘴,嘴角上扬,右眼下浅泪痣,长心形脸（中轴微长），厚眉骨/宽浅眼窝，上扬凤眼·眼尾平直·标准眼距，中高鼻根/轻微偏左鼻梁/微钝鼻头，宽嘴·嘴角上扬，收敛下颌
FD01166,长圆脸,下颌线清晰化,饱满额,外侧突出眉骨,眼下饱满,柔和颧骨,轻凹面颊,宽下颌,窄杏眼,眼尾微挑,窄眼距,深色瞳,低鼻根,微弧鼻梁,方圆鼻头,平直唇,嘴角紧收,碎裂虹膜,长圆脸（下颌线清晰化），外侧突出眉骨/眼下饱满，窄杏眼·眼尾微挑·窄眼距，低鼻根/微弧鼻梁/方圆鼻头，平直唇·嘴角紧收，宽下颌
FD01167,心形脸,中庭拉长,窄额,内侧突出眉骨,窄深眼窝,低颧骨,饱满面颊,方下颌,平凤眼,眼尾微挑,标准眼距,深色瞳,高鼻根,中直鼻梁,肉感鼻头,宽嘴,嘴角紧收,碎裂虹膜,心形脸（中庭拉长），内侧突出眉骨/窄深眼窝，平凤眼·眼尾微挑·标准眼距，高鼻根/中直鼻梁/肉感鼻头，宽嘴·嘴角紧收，方下颌
FD01168,方菱过渡脸,上庭收窄,骨感额,外侧突出眉骨,中度眼窝,高颧骨,薄面颊,明显下颌角,长杏眼,眼尾下压,宽眼距,环状虹膜,中鼻根,宽骨鼻梁,小圆鼻头,平直唇,单侧上扬,眼睑褶皱不对称,方菱过渡脸（上庭收窄），外侧突出眉骨/中度眼窝，长杏眼·眼尾下压·宽眼距，中鼻根/宽骨鼻梁/小圆鼻头，平直唇·单侧上扬，明显下颌角
FD01169,倒梯形脸,中庭展宽,低额,高眉骨,中度眼窝,宽颧骨,成熟收紧面颊,明显下颌角,狭长瑞凤眼,眼尾明显挑,窄眼距,灰蓝瞳,中鼻根,高直鼻梁,下压鼻头,薄唇,嘴角下垂,眉尾旧疤,倒梯形脸（中庭展宽），高眉骨/中度眼窝，狭长瑞凤眼·眼尾明显挑·窄眼距，中鼻根/高直鼻梁/下压鼻头，薄唇·嘴角下垂，明显下颌角
FD01170,短圆脸,中庭展宽,宽额,柔和眉骨,宽浅眼窝,低颧骨,轻凹面颊,骨感下颌,宽杏眼,眼尾下压,窄眼距,淡金瞳,高鼻根,柔和鼻梁,微钝鼻头,平直唇,嘴角上扬,颈侧细疤,短圆脸（中庭展宽），柔和眉骨/宽浅眼窝，宽杏眼·眼尾下压·窄眼距，高鼻根/柔和鼻梁/微钝鼻头，平直唇·嘴角上扬，骨感下颌
FD01171,下颌突出脸,下庭加重,饱满额,柔和眉骨,中度眼窝,窄颧骨,薄面颊,收敛下颌,狭长眼,眼尾微挑,宽眼距,碎裂虹膜,中高鼻根,轻微偏左鼻梁,下压鼻头,成熟长唇,嘴角紧收,颈侧细疤,下颌突出脸（下庭加重），柔和眉骨/中度眼窝，狭长眼·眼尾微挑·宽眼距，中高鼻根/轻微偏左鼻梁/下压鼻头，成熟长唇·嘴角紧收，收敛下颌
FD01172,幼态圆脸,颊部饱满,低额,内侧突出眉骨,眼下骨感,柔和颧骨,幼态柔软面颊,收敛下颌,狭长瑞凤眼,眼尾微挑,窄眼距,浅褐瞳,窄鼻根,宽骨鼻梁,下压鼻头,平直唇,单侧上扬,右眉轻断,幼态圆脸（颊部饱满），内侧突出眉骨/眼下骨感，狭长瑞凤眼·眼尾微挑·窄眼距，窄鼻根/宽骨鼻梁/下压鼻头，平直唇·单侧上扬，收敛下颌
FD01173,宽心形脸,中庭展宽,饱满额,厚眉骨,浅眼窝,柔和颧骨,饱满面颊,收敛下颌,猫系眼,眼尾延展,宽眼距,碎裂虹膜,低鼻根,轻微偏左鼻梁,方圆鼻头,薄唇,嘴角紧收,单侧酒窝,宽心形脸（中庭展宽），厚眉骨/浅眼窝，猫系眼·眼尾延展·宽眼距，低鼻根/轻微偏左鼻梁/方圆鼻头，薄唇·嘴角紧收，收敛下颌
FD01174,幼态圆脸,中庭展宽,窄额,厚眉骨,眼下饱满,低颧骨,成熟收紧面颊,骨感下颌,半睁懒眼,眼尾微挑,窄眼距,环状虹膜,宽鼻根,轻微偏右鼻梁,骨感鼻头,厚唇,单侧上扬,碎裂虹膜,幼态圆脸（中庭展宽），厚眉骨/眼下饱满，半睁懒眼·眼尾微挑·窄眼距，宽鼻根/轻微偏右鼻梁/骨感鼻头，厚唇·单侧上扬，骨感下颌
FD01175,骨感窄脸,偏柔圆润,窄额,压迫感眉骨,深眼窝,高颧骨,饱满面颊,明显下颌角,宽杏眼,眼尾平直,标准眼距,深色瞳,高鼻根,微弧鼻梁,小圆鼻头,上厚下薄,嘴角上扬,无标志,骨感窄脸（偏柔圆润），压迫感眉骨/深眼窝，宽杏眼·眼尾平直·标准眼距，高鼻根/微弧鼻梁/小圆鼻头，上厚下薄·嘴角上扬，明显下颌角
FD01176,倒三角脸,颊部略凹,饱满额,柔和眉骨,窄深眼窝,宽颧骨,饱满面颊,圆方下颌,短圆杏眼,眼尾明显挑,窄眼距,碎裂虹膜,中高鼻根,高直鼻梁,肉感鼻头,小嘴,嘴角平直,眼角小痣,倒三角脸（颊部略凹），柔和眉骨/窄深眼窝，短圆杏眼·眼尾明显挑·窄眼距，中高鼻根/高直鼻梁/肉感鼻头，小嘴·嘴角平直，圆方下颌
FD01177,宽心形脸,偏锐收窄,饱满额,高眉骨,窄深眼窝,低颧骨,成熟收紧面颊,宽下颌,狼系眼,眼尾下压,宽眼距,星点虹膜,中鼻根,轻微偏右鼻梁,小圆鼻头,薄唇,嘴角下垂,左眼下浅泪痣,宽心形脸（偏锐收窄），高眉骨/窄深眼窝，狼系眼·眼尾下压·宽眼距，中鼻根/轻微偏右鼻梁/小圆鼻头，薄唇·嘴角下垂，宽下颌
FD01178,柔和方脸,面中立体化,窄额,柔和眉骨,宽浅眼窝,外扩颧骨,薄面颊,宽下颌,半睁懒眼,眼尾延展,标准眼距,琥珀瞳,中鼻根,高直鼻梁,小圆鼻头,上薄下厚,嘴角上扬,耳后小痣,柔和方脸（面中立体化），柔和眉骨/宽浅眼窝，半睁懒眼·眼尾延展·标准眼距，中鼻根/高直鼻梁/小圆鼻头，上薄下厚·嘴角上扬，宽下颌
FD01179,肉感短脸,面中平缓,窄额,高眉骨,眼下饱满,窄颧骨,幼态柔软面颊,圆方下颌,窄杏眼,眼尾下沉,标准眼距,异色瞳,窄鼻根,柔和鼻梁,方圆鼻头,小嘴,单侧上扬,指节薄茧,肉感短脸（面中平缓），高眉骨/眼下饱满，窄杏眼·眼尾下沉·标准眼距，窄鼻根/柔和鼻梁/方圆鼻头，小嘴·单侧上扬，圆方下颌
FD01180,柔和菱形,骨点内敛,饱满额,低眉骨,窄深眼窝,高颧骨,幼态柔软面颊,柔和下颌,窄杏眼,眼尾明显挑,标准眼距,环状虹膜,窄鼻根,轻微偏左鼻梁,微钝鼻头,上厚下薄,嘴角下垂,异色瞳,柔和菱形（骨点内敛），低眉骨/窄深眼窝，窄杏眼·眼尾明显挑·标准眼距，窄鼻根/轻微偏左鼻梁/微钝鼻头，上厚下薄·嘴角下垂，柔和下颌
FD01181,倒梯形脸,颌角强调,高额,柔和眉骨,宽浅眼窝,柔和颧骨,饱满面颊,柔和下颌,蛇系眼,眼尾明显挑,宽眼距,墨玉瞳,高鼻根,高直鼻梁,小圆鼻头,弓形唇,嘴角上扬,单侧酒窝,倒梯形脸（颌角强调），柔和眉骨/宽浅眼窝，蛇系眼·眼尾明显挑·宽眼距，高鼻根/高直鼻梁/小圆鼻头，弓形唇·嘴角上扬，柔和下颌
FD01182,宽方脸,下颌线清晰化,高额,内侧突出眉骨,浅眼窝,低颧骨,薄面颊,圆方下颌,宽杏眼,眼尾微挑,窄眼距,墨玉瞳,中鼻根,轻微偏左鼻梁,方圆鼻头,平直唇,嘴角下垂,眼睑褶皱不对称,宽方脸（下颌线清晰化），内侧突出眉骨/浅眼窝，宽杏眼·眼尾微挑·窄眼距，中鼻根/轻微偏左鼻梁/方圆鼻头，平直唇·嘴角下垂，圆方下颌
FD01183,清瘦圆脸,颊部略凹,低额,厚眉骨,窄深眼窝,低颧骨,幼态柔软面颊,骨感下颌,狭长瑞凤眼,眼尾明显挑,窄眼距,琥珀瞳,中高鼻根,轻微偏右鼻梁,方圆鼻头,厚唇,嘴角下垂,右眼下浅泪痣,清瘦圆脸（颊部略凹），厚眉骨/窄深眼窝，狭长瑞凤眼·眼尾明显挑·窄眼距，中高鼻根/轻微偏右鼻梁/方圆鼻头，厚唇·嘴角下垂，骨感下颌
FD01184,正梯形脸,下颌线清晰化,窄额,高眉骨,深眼窝,外扩颧骨,薄面颊,圆方下颌,窄杏眼,眼尾微挑,标准眼距,碎裂虹膜,中鼻根,宽骨鼻梁,轻翘鼻头,小嘴,嘴角上扬,异色瞳,正梯形脸（下颌线清晰化），高眉骨/深眼窝，窄杏眼·眼尾微挑·标准眼距，中鼻根/宽骨鼻梁/轻翘鼻头，小嘴·嘴角上扬，圆方下颌
FD01185,长圆脸,骨点外显,平直额,低眉骨,眼下饱满,宽颧骨,轻凹面颊,柔和下颌,狐狸系眼,眼尾延展,窄眼距,灰蓝瞳,中高鼻根,轻鹰钩鼻梁,小圆鼻头,弓形唇,嘴角下垂,鼻梁旧伤,长圆脸（骨点外显），低眉骨/眼下饱满，狐狸系眼·眼尾延展·窄眼距，中高鼻根/轻鹰钩鼻梁/小圆鼻头，弓形唇·嘴角下垂，柔和下颌
FD01186,圆脸,颈部线条收短,窄额,压迫感眉骨,深眼窝,柔和颧骨,轻凹面颊,收敛下颌,猫系眼,眼尾下压,宽眼距,深色瞳,低鼻根,微弧鼻梁,小圆鼻头,上薄下厚,嘴角上扬,耳后小痣,圆脸（颈部线条收短），压迫感眉骨/深眼窝，猫系眼·眼尾下压·宽眼距，低鼻根/微弧鼻梁/小圆鼻头，上薄下厚·嘴角上扬，收敛下颌
FD01187,短圆脸,面中立体化,微凸额,外侧突出眉骨,窄深眼窝,高颧骨,轻凹面颊,明显下颌角,疲惫眼,眼尾明显挑,窄眼距,环状虹膜,低鼻根,轻微偏左鼻梁,微钝鼻头,上薄下厚,嘴角下垂,眼角小痣,短圆脸（面中立体化），外侧突出眉骨/窄深眼窝，疲惫眼·眼尾明显挑·窄眼距，低鼻根/轻微偏左鼻梁/微钝鼻头，上薄下厚·嘴角下垂，明显下颌角
FD01188,长菱形,偏柔圆润,宽额,外侧突出眉骨,中度眼窝,低颧骨,轻凹面颊,窄下颌,桃花眼,眼尾下压,标准眼距,环状虹膜,高鼻根,宽骨鼻梁,窄翼鼻头,小嘴,嘴角下垂,眼睑褶皱不对称,长菱形（偏柔圆润），外侧突出眉骨/中度眼窝，桃花眼·眼尾下压·标准眼距，高鼻根/宽骨鼻梁/窄翼鼻头，小嘴·嘴角下垂，窄下颌
FD01189,骨感方脸,面中立体化,高额,外侧突出眉骨,眼下骨感,柔和颧骨,饱满面颊,柔和下颌,宽杏眼,眼尾下压,标准眼距,异色瞳,中高鼻根,高直鼻梁,方圆鼻头,成熟长唇,嘴角上扬,环状虹膜,骨感方脸（面中立体化），外侧突出眉骨/眼下骨感，宽杏眼·眼尾下压·标准眼距，中高鼻根/高直鼻梁/方圆鼻头，成熟长唇·嘴角上扬，柔和下颌
FD01190,长圆脸,中庭展宽,宽额,薄眉骨,眼下饱满,高颧骨,成熟收紧面颊,圆方下颌,桃花眼,眼尾下压,标准眼距,碎裂虹膜,中高鼻根,中直鼻梁,窄翼鼻头,弓形唇,嘴角平直,鼻梁旧伤,长圆脸（中庭展宽），薄眉骨/眼下饱满，桃花眼·眼尾下压·标准眼距，中高鼻根/中直鼻梁/窄翼鼻头，弓形唇·嘴角平直，圆方下颌
FD01191,短圆脸,面中立体化,平直额,外侧突出眉骨,中度眼窝,低颧骨,轻凹面颊,收敛下颌,狭长眼,眼尾平直,标准眼距,灰蓝瞳,中高鼻根,微弧鼻梁,小圆鼻头,成熟长唇,嘴角平直,环状虹膜,短圆脸（面中立体化），外侧突出眉骨/中度眼窝，狭长眼·眼尾平直·标准眼距，中高鼻根/微弧鼻梁/小圆鼻头，成熟长唇·嘴角平直，收敛下颌
FD01192,心形脸,颊部略凹,饱满额,高眉骨,眼下骨感,外扩颧骨,轻凹面颊,窄下颌,平凤眼,眼尾下沉,宽眼距,灰蓝瞳,低鼻根,高直鼻梁,轻翘鼻头,小嘴,嘴角下垂,单侧虎牙,心形脸（颊部略凹），高眉骨/眼下骨感，平凤眼·眼尾下沉·宽眼距，低鼻根/高直鼻梁/轻翘鼻头，小嘴·嘴角下垂，窄下颌
FD01193,倒三角脸,下颌线柔化,微凸额,薄眉骨,眼下饱满,外扩颧骨,幼态柔软面颊,收敛下颌,狐狸系眼,眼尾平直,窄眼距,深色瞳,低鼻根,中直鼻梁,窄翼鼻头,弓形唇,嘴角平直,碎裂虹膜,倒三角脸（下颌线柔化），薄眉骨/眼下饱满，狐狸系眼·眼尾平直·窄眼距，低鼻根/中直鼻梁/窄翼鼻头，弓形唇·嘴角平直，收敛下颌
FD01194,短方脸,颧部外扩,平直额,厚眉骨,眼下骨感,窄颧骨,饱满面颊,骨感下颌,上扬凤眼,眼尾延展,标准眼距,淡金瞳,低鼻根,轻微偏右鼻梁,方圆鼻头,宽嘴,单侧上扬,单侧酒窝,短方脸（颧部外扩），厚眉骨/眼下骨感，上扬凤眼·眼尾延展·标准眼距，低鼻根/轻微偏右鼻梁/方圆鼻头，宽嘴·单侧上扬，骨感下颌
FD01195,肉感短脸,下庭加重,高额,柔和眉骨,眼下骨感,高颧骨,薄面颊,圆方下颌,鹿系眼,眼尾明显挑,宽眼距,墨玉瞳,中高鼻根,轻微偏右鼻梁,轻翘鼻头,上薄下厚,嘴角上扬,单侧虎牙,肉感短脸（下庭加重），柔和眉骨/眼下骨感，鹿系眼·眼尾明显挑·宽眼距，中高鼻根/轻微偏右鼻梁/轻翘鼻头，上薄下厚·嘴角上扬，圆方下颌
FD01196,圆方脸,下庭加重,高额,外侧突出眉骨,宽浅眼窝,窄颧骨,成熟收紧面颊,圆方下颌,桃花眼,眼尾微挑,宽眼距,星点虹膜,中高鼻根,宽骨鼻梁,微钝鼻头,平直唇,嘴角下垂,眉心竖纹浅痕,圆方脸（下庭加重），外侧突出眉骨/宽浅眼窝，桃花眼·眼尾微挑·宽眼距，中高鼻根/宽骨鼻梁/微钝鼻头，平直唇·嘴角下垂，圆方下颌
FD01197,宽心形脸,颌角强调,宽额,薄眉骨,窄深眼窝,外扩颧骨,轻凹面颊,收敛下颌,冷感眼,眼尾平直,标准眼距,琥珀瞳,窄鼻根,微弧鼻梁,小圆鼻头,宽嘴,单侧上扬,下颌浅疤,宽心形脸（颌角强调），薄眉骨/窄深眼窝，冷感眼·眼尾平直·标准眼距，窄鼻根/微弧鼻梁/小圆鼻头，宽嘴·单侧上扬，收敛下颌
FD01198,上窄下宽脸,中庭拉长,平直额,压迫感眉骨,浅眼窝,外扩颧骨,成熟收紧面颊,圆方下颌,长杏眼,眼尾明显挑,宽眼距,深色瞳,窄鼻根,微弧鼻梁,骨感鼻头,厚唇,嘴角平直,环状虹膜,上窄下宽脸（中庭拉长），压迫感眉骨/浅眼窝，长杏眼·眼尾明显挑·宽眼距，窄鼻根/微弧鼻梁/骨感鼻头，厚唇·嘴角平直，圆方下颌
FD01199,颧部展开脸,面中平缓,窄额,低眉骨,窄深眼窝,低颧骨,幼态柔软面颊,宽下颌,蛇系眼,眼尾下沉,标准眼距,墨玉瞳,低鼻根,轻鹰钩鼻梁,窄翼鼻头,弓形唇,单侧上扬,瞳孔残缺,颧部展开脸（面中平缓），低眉骨/窄深眼窝，蛇系眼·眼尾下沉·标准眼距，低鼻根/轻鹰钩鼻梁/窄翼鼻头，弓形唇·单侧上扬，宽下颌
FD01200,长菱形,颧部外扩,窄额,厚眉骨,浅眼窝,宽颧骨,成熟收紧面颊,骨感下颌,猫系眼,眼尾下沉,窄眼距,深色瞳,中高鼻根,轻鹰钩鼻梁,轻翘鼻头,薄唇,嘴角下垂,鼻梁旧伤,长菱形（颧部外扩），厚眉骨/浅眼窝，猫系眼·眼尾下沉·窄眼距，中高鼻根/轻鹰钩鼻梁/轻翘鼻头，薄唇·嘴角下垂，骨感下颌
FD01201,心形脸,骨点内敛,骨感额,厚眉骨,浅眼窝,高颧骨,饱满面颊,方下颌,短杏眼,眼尾平直,窄眼距,墨玉瞳,窄鼻根,高直鼻梁,骨感鼻头,平直唇,嘴角上扬,无标志,心形脸（骨点内敛），厚眉骨/浅眼窝，短杏眼·眼尾平直·窄眼距，窄鼻根/高直鼻梁/骨感鼻头，平直唇·嘴角上扬，方下颌
FD01202,鹅蛋偏方,下庭加重,饱满额,低眉骨,眼下骨感,低颧骨,饱满面颊,方下颌,猫系眼,眼尾明显挑,窄眼距,深色瞳,中鼻根,中直鼻梁,微钝鼻头,上薄下厚,嘴角下垂,指节薄茧,鹅蛋偏方（下庭加重），低眉骨/眼下骨感，猫系眼·眼尾明显挑·窄眼距，中鼻根/中直鼻梁/微钝鼻头，上薄下厚·嘴角下垂，方下颌
FD01203,梨形脸,骨点外显,低额,低眉骨,浅眼窝,柔和颧骨,饱满面颊,圆方下颌,瑞凤眼,眼尾平直,窄眼距,浅褐瞳,中高鼻根,微弧鼻梁,下压鼻头,成熟长唇,单侧上扬,眼角小痣,梨形脸（骨点外显），低眉骨/浅眼窝，瑞凤眼·眼尾平直·窄眼距，中高鼻根/微弧鼻梁/下压鼻头，成熟长唇·单侧上扬，圆方下颌
FD01204,柔和菱形,下庭加重,骨感额,外侧突出眉骨,眼下骨感,柔和颧骨,轻凹面颊,明显下颌角,圆长眼,眼尾平直,标准眼距,琥珀瞳,中鼻根,中直鼻梁,小圆鼻头,平直唇,嘴角下垂,眉上小疤,柔和菱形（下庭加重），外侧突出眉骨/眼下骨感，圆长眼·眼尾平直·标准眼距，中鼻根/中直鼻梁/小圆鼻头，平直唇·嘴角下垂，明显下颌角
FD01205,窄方脸,下庭收窄,高额,内侧突出眉骨,深眼窝,外扩颧骨,成熟收紧面颊,窄下颌,鹤系眼,眼尾微挑,标准眼距,浅褐瞳,中鼻根,柔和鼻梁,肉感鼻头,平直唇,单侧上扬,右眉轻断,窄方脸（下庭收窄），内侧突出眉骨/深眼窝，鹤系眼·眼尾微挑·标准眼距，中鼻根/柔和鼻梁/肉感鼻头，平直唇·单侧上扬，窄下颌
FD01206,双颌匀称脸,颊部略凹,饱满额,薄眉骨,浅眼窝,低颧骨,饱满面颊,骨感下颌,平直杏眼,眼尾微挑,窄眼距,墨玉瞳,中高鼻根,柔和鼻梁,窄翼鼻头,弓形唇,嘴角下垂,瞳孔残缺,双颌匀称脸（颊部略凹），薄眉骨/浅眼窝，平直杏眼·眼尾微挑·窄眼距，中高鼻根/柔和鼻梁/窄翼鼻头，弓形唇·嘴角下垂，骨感下颌
FD01207,长方脸,下颌线清晰化,高额,柔和眉骨,中度眼窝,高颧骨,饱满面颊,明显下颌角,鹰隼眼,眼尾延展,标准眼距,淡金瞳,宽鼻根,轻微偏左鼻梁,小圆鼻头,上薄下厚,嘴角下垂,无标志,长方脸（下颌线清晰化），柔和眉骨/中度眼窝，鹰隼眼·眼尾延展·标准眼距，宽鼻根/轻微偏左鼻梁/小圆鼻头，上薄下厚·嘴角下垂，明显下颌角
FD01208,柔和方脸,颧部微收,微凸额,外侧突出眉骨,中度眼窝,柔和颧骨,幼态柔软面颊,宽下颌,短圆杏眼,眼尾微挑,宽眼距,深色瞳,宽鼻根,高直鼻梁,窄翼鼻头,弓形唇,单侧上扬,眼角小痣,柔和方脸（颧部微收），外侧突出眉骨/中度眼窝，短圆杏眼·眼尾微挑·宽眼距，宽鼻根/高直鼻梁/窄翼鼻头，弓形唇·单侧上扬，宽下颌
FD01209,长心形脸,下庭收窄,骨感额,内侧突出眉骨,眼下饱满,低颧骨,成熟收紧面颊,收敛下颌,短杏眼,眼尾微挑,窄眼距,灰蓝瞳,低鼻根,微弧鼻梁,方圆鼻头,宽嘴,嘴角上扬,无标志,长心形脸（下庭收窄），内侧突出眉骨/眼下饱满，短杏眼·眼尾微挑·窄眼距，低鼻根/微弧鼻梁/方圆鼻头，宽嘴·嘴角上扬，收敛下颌
FD01210,长圆脸,面中立体化,低额,低眉骨,窄深眼窝,柔和颧骨,成熟收紧面颊,骨感下颌,鹤系眼,眼尾平直,标准眼距,淡金瞳,中高鼻根,柔和鼻梁,轻翘鼻头,上厚下薄,嘴角平直,瞳孔残缺,长圆脸（面中立体化），低眉骨/窄深眼窝，鹤系眼·眼尾平直·标准眼距，中高鼻根/柔和鼻梁/轻翘鼻头，上厚下薄·嘴角平直，骨感下颌
FD01211,上窄下宽脸,颊部略凹,低额,内侧突出眉骨,宽浅眼窝,外扩颧骨,饱满面颊,方下颌,狭长眼,眼尾下沉,宽眼距,星点虹膜,中鼻根,高直鼻梁,骨感鼻头,厚唇,嘴角上扬,眉心竖纹浅痕,上窄下宽脸（颊部略凹），内侧突出眉骨/宽浅眼窝，狭长眼·眼尾下沉·宽眼距，中鼻根/高直鼻梁/骨感鼻头，厚唇·嘴角上扬，方下颌
FD01212,骨感方脸,偏锐收窄,宽额,薄眉骨,窄深眼窝,宽颧骨,幼态柔软面颊,宽下颌,平凤眼,眼尾微挑,窄眼距,环状虹膜,窄鼻根,中直鼻梁,窄翼鼻头,宽嘴,单侧上扬,单侧酒窝,骨感方脸（偏锐收窄），薄眉骨/窄深眼窝，平凤眼·眼尾微挑·窄眼距，窄鼻根/中直鼻梁/窄翼鼻头，宽嘴·单侧上扬，宽下颌
FD01213,窄方脸,偏柔圆润,高额,高眉骨,浅眼窝,窄颧骨,轻凹面颊,收敛下颌,瑞凤眼,眼尾微挑,宽眼距,异色瞳,高鼻根,中直鼻梁,小圆鼻头,宽嘴,嘴角平直,右眉轻断,窄方脸（偏柔圆润），高眉骨/浅眼窝，瑞凤眼·眼尾微挑·宽眼距，高鼻根/中直鼻梁/小圆鼻头，宽嘴·嘴角平直，收敛下颌
FD01214,短鹅蛋脸,偏锐收窄,骨感额,柔和眉骨,中度眼窝,低颧骨,薄面颊,收敛下颌,狭长眼,眼尾下压,标准眼距,灰蓝瞳,中鼻根,柔和鼻梁,方圆鼻头,成熟长唇,嘴角下垂,异色瞳,短鹅蛋脸（偏锐收窄），柔和眉骨/中度眼窝，狭长眼·眼尾下压·标准眼距，中鼻根/柔和鼻梁/方圆鼻头，成熟长唇·嘴角下垂，收敛下颌
FD01215,宽菱形,面中立体化,窄额,薄眉骨,眼下饱满,高颧骨,饱满面颊,明显下颌角,桃花眼,眼尾微挑,标准眼距,异色瞳,中鼻根,轻微偏左鼻梁,微钝鼻头,上薄下厚,嘴角上扬,眉尾旧疤,宽菱形（面中立体化），薄眉骨/眼下饱满，桃花眼·眼尾微挑·标准眼距，中鼻根/轻微偏左鼻梁/微钝鼻头，上薄下厚·嘴角上扬，明显下颌角
FD01216,成熟方脸,颊部饱满,微凸额,低眉骨,眼下骨感,窄颧骨,饱满面颊,方下颌,窄杏眼,眼尾平直,窄眼距,灰蓝瞳,中鼻根,轻微偏右鼻梁,小圆鼻头,厚唇,嘴角下垂,右眉轻断,成熟方脸（颊部饱满），低眉骨/眼下骨感，窄杏眼·眼尾平直·窄眼距，中鼻根/轻微偏右鼻梁/小圆鼻头，厚唇·嘴角下垂，方下颌
FD01217,骨感方脸,颈部线条收短,高额,厚眉骨,眼下骨感,低颧骨,薄面颊,圆方下颌,柳叶眼,眼尾下沉,宽眼距,深色瞳,宽鼻根,宽骨鼻梁,微钝鼻头,上薄下厚,嘴角紧收,眉心竖纹浅痕,骨感方脸（颈部线条收短），厚眉骨/眼下骨感，柳叶眼·眼尾下沉·宽眼距，宽鼻根/宽骨鼻梁/微钝鼻头，上薄下厚·嘴角紧收，圆方下颌
FD01218,清瘦圆脸,颈部线条收短,宽额,薄眉骨,中度眼窝,高颧骨,薄面颊,收敛下颌,平直杏眼,眼尾下压,窄眼距,琥珀瞳,高鼻根,轻微偏右鼻梁,小圆鼻头,弓形唇,嘴角下垂,鼻梁旧伤,清瘦圆脸（颈部线条收短），薄眉骨/中度眼窝，平直杏眼·眼尾下压·窄眼距，高鼻根/轻微偏右鼻梁/小圆鼻头，弓形唇·嘴角下垂，收敛下颌
FD01219,鹅蛋偏菱,上庭收窄,微凸额,柔和眉骨,浅眼窝,窄颧骨,成熟收紧面颊,圆方下颌,狭长眼,眼尾下沉,宽眼距,环状虹膜,高鼻根,高直鼻梁,小圆鼻头,平直唇,单侧上扬,无标志,鹅蛋偏菱（上庭收窄），柔和眉骨/浅眼窝，狭长眼·眼尾下沉·宽眼距，高鼻根/高直鼻梁/小圆鼻头，平直唇·单侧上扬，圆方下颌
FD01220,心形脸,骨点内敛,高额,柔和眉骨,深眼窝,低颧骨,成熟收紧面颊,柔和下颌,少年圆眼,眼尾微挑,宽眼距,深色瞳,高鼻根,中直鼻梁,肉感鼻头,上薄下厚,单侧上扬,单侧虎牙,心形脸（骨点内敛），柔和眉骨/深眼窝，少年圆眼·眼尾微挑·宽眼距，高鼻根/中直鼻梁/肉感鼻头，上薄下厚·单侧上扬，柔和下颌
FD01221,长菱形,颈部线条收短,窄额,内侧突出眉骨,眼下骨感,高颧骨,成熟收紧面颊,收敛下颌,猫系眼,眼尾延展,宽眼距,墨玉瞳,宽鼻根,轻鹰钩鼻梁,轻翘鼻头,弓形唇,单侧上扬,眉心竖纹浅痕,长菱形（颈部线条收短），内侧突出眉骨/眼下骨感，猫系眼·眼尾延展·宽眼距，宽鼻根/轻鹰钩鼻梁/轻翘鼻头，弓形唇·单侧上扬，收敛下颌
FD01222,骨感窄脸,颧部外扩,骨感额,压迫感眉骨,眼下骨感,低颧骨,饱满面颊,宽下颌,柳叶眼,眼尾延展,宽眼距,淡金瞳,高鼻根,微弧鼻梁,肉感鼻头,上厚下薄,单侧上扬,指节薄茧,骨感窄脸（颧部外扩），压迫感眉骨/眼下骨感，柳叶眼·眼尾延展·宽眼距，高鼻根/微弧鼻梁/肉感鼻头，上厚下薄·单侧上扬，宽下颌
FD01223,下颌突出脸,颈部线条延长,微凸额,厚眉骨,窄深眼窝,低颧骨,薄面颊,骨感下颌,鹰隼眼,眼尾明显挑,窄眼距,墨玉瞳,中高鼻根,轻微偏右鼻梁,微钝鼻头,上薄下厚,嘴角紧收,单侧虎牙,下颌突出脸（颈部线条延长），厚眉骨/窄深眼窝，鹰隼眼·眼尾明显挑·窄眼距，中高鼻根/轻微偏右鼻梁/微钝鼻头，上薄下厚·嘴角紧收，骨感下颌
FD01224,长菱形,颈部线条收短,宽额,高眉骨,中度眼窝,低颧骨,轻凹面颊,宽下颌,上扬凤眼,眼尾明显挑,窄眼距,琥珀瞳,中鼻根,轻微偏右鼻梁,下压鼻头,薄唇,单侧上扬,环状虹膜,长菱形（颈部线条收短），高眉骨/中度眼窝，上扬凤眼·眼尾明显挑·窄眼距，中鼻根/轻微偏右鼻梁/下压鼻头，薄唇·单侧上扬，宽下颌
FD01225,宽鹅蛋脸,下颌线清晰化,平直额,压迫感眉骨,浅眼窝,外扩颧骨,幼态柔软面颊,窄下颌,平直杏眼,眼尾下沉,标准眼距,墨玉瞳,中高鼻根,宽骨鼻梁,微钝鼻头,上厚下薄,嘴角下垂,眉上小疤,宽鹅蛋脸（下颌线清晰化），压迫感眉骨/浅眼窝，平直杏眼·眼尾下沉·标准眼距，中高鼻根/宽骨鼻梁/微钝鼻头，上厚下薄·嘴角下垂，窄下颌
FD01226,标准菱形,颌角弱化,宽额,柔和眉骨,眼下饱满,外扩颧骨,轻凹面颊,圆方下颌,下垂眼,眼尾微挑,宽眼距,深色瞳,宽鼻根,轻鹰钩鼻梁,下压鼻头,厚唇,单侧上扬,左颊浅疤,标准菱形（颌角弱化），柔和眉骨/眼下饱满，下垂眼·眼尾微挑·宽眼距，宽鼻根/轻鹰钩鼻梁/下压鼻头，厚唇·单侧上扬，圆方下颌
FD01227,上窄下宽脸,骨点内敛,低额,薄眉骨,浅眼窝,外扩颧骨,轻凹面颊,圆方下颌,柳叶眼,眼尾延展,标准眼距,琥珀瞳,中鼻根,宽骨鼻梁,肉感鼻头,成熟长唇,嘴角平直,眉上小疤,上窄下宽脸（骨点内敛），薄眉骨/浅眼窝，柳叶眼·眼尾延展·标准眼距，中鼻根/宽骨鼻梁/肉感鼻头，成熟长唇·嘴角平直，圆方下颌
FD01228,下颌突出脸,颊部略凹,宽额,柔和眉骨,深眼窝,窄颧骨,幼态柔软面颊,柔和下颌,鹰隼眼,眼尾微挑,标准眼距,星点虹膜,中鼻根,高直鼻梁,窄翼鼻头,薄唇,嘴角下垂,下颌浅疤,下颌突出脸（颊部略凹），柔和眉骨/深眼窝，鹰隼眼·眼尾微挑·标准眼距，中鼻根/高直鼻梁/窄翼鼻头，薄唇·嘴角下垂，柔和下颌
FD01229,宽菱形,下庭加重,骨感额,厚眉骨,中度眼窝,宽颧骨,饱满面颊,窄下颌,柳叶眼,眼尾明显挑,窄眼距,深色瞳,高鼻根,轻微偏左鼻梁,骨感鼻头,薄唇,嘴角平直,单侧酒窝,宽菱形（下庭加重），厚眉骨/中度眼窝，柳叶眼·眼尾明显挑·窄眼距，高鼻根/轻微偏左鼻梁/骨感鼻头，薄唇·嘴角平直，窄下颌
FD01230,骨感方脸,上庭收窄,高额,低眉骨,浅眼窝,低颧骨,轻凹面颊,骨感下颌,下垂眼,眼尾下压,宽眼距,淡金瞳,低鼻根,中直鼻梁,微钝鼻头,薄唇,单侧上扬,单侧酒窝,骨感方脸（上庭收窄），低眉骨/浅眼窝，下垂眼·眼尾下压·宽眼距，低鼻根/中直鼻梁/微钝鼻头，薄唇·单侧上扬，骨感下颌
FD01231,方菱过渡脸,中庭展宽,骨感额,高眉骨,眼下饱满,外扩颧骨,幼态柔软面颊,窄下颌,柳叶眼,眼尾下压,宽眼距,灰蓝瞳,中鼻根,中直鼻梁,肉感鼻头,成熟长唇,嘴角平直,眉尾旧疤,方菱过渡脸（中庭展宽），高眉骨/眼下饱满，柳叶眼·眼尾下压·宽眼距，中鼻根/中直鼻梁/肉感鼻头，成熟长唇·嘴角平直，窄下颌
FD01232,骨感菱形,中庭展宽,饱满额,薄眉骨,深眼窝,窄颧骨,轻凹面颊,柔和下颌,短圆杏眼,眼尾明显挑,窄眼距,环状虹膜,高鼻根,宽骨鼻梁,下压鼻头,小嘴,嘴角紧收,无标志,骨感菱形（中庭展宽），薄眉骨/深眼窝，短圆杏眼·眼尾明显挑·窄眼距，高鼻根/宽骨鼻梁/下压鼻头，小嘴·嘴角紧收，柔和下颌
FD01233,骨感菱形,面中立体化,饱满额,内侧突出眉骨,窄深眼窝,柔和颧骨,成熟收紧面颊,方下颌,蛇系眼,眼尾下沉,宽眼距,墨玉瞳,中高鼻根,轻微偏左鼻梁,窄翼鼻头,小嘴,嘴角下垂,左眼下浅泪痣,骨感菱形（面中立体化），内侧突出眉骨/窄深眼窝，蛇系眼·眼尾下沉·宽眼距，中高鼻根/轻微偏左鼻梁/窄翼鼻头，小嘴·嘴角下垂，方下颌
FD01234,清瘦圆脸,骨点内敛,微凸额,外侧突出眉骨,浅眼窝,窄颧骨,薄面颊,圆方下颌,猫系眼,眼尾延展,窄眼距,环状虹膜,中高鼻根,轻微偏右鼻梁,微钝鼻头,平直唇,嘴角下垂,左颊浅疤,清瘦圆脸（骨点内敛），外侧突出眉骨/浅眼窝，猫系眼·眼尾延展·窄眼距，中高鼻根/轻微偏右鼻梁/微钝鼻头，平直唇·嘴角下垂，圆方下颌
FD01235,宽鹅蛋脸,颧部微收,骨感额,柔和眉骨,中度眼窝,高颧骨,薄面颊,方下颌,疲惫眼,眼尾平直,宽眼距,琥珀瞳,中高鼻根,高直鼻梁,窄翼鼻头,成熟长唇,嘴角紧收,左颊浅疤,宽鹅蛋脸（颧部微收），柔和眉骨/中度眼窝，疲惫眼·眼尾平直·宽眼距，中高鼻根/高直鼻梁/窄翼鼻头，成熟长唇·嘴角紧收，方下颌
FD01236,宽菱形,骨点内敛,低额,高眉骨,窄深眼窝,宽颧骨,饱满面颊,收敛下颌,鹤系眼,眼尾平直,窄眼距,淡金瞳,宽鼻根,轻微偏右鼻梁,窄翼鼻头,小嘴,嘴角平直,无标志,宽菱形（骨点内敛），高眉骨/窄深眼窝，鹤系眼·眼尾平直·窄眼距，宽鼻根/轻微偏右鼻梁/窄翼鼻头，小嘴·嘴角平直，收敛下颌
FD01237,幼态圆脸,颌角强调,宽额,高眉骨,眼下骨感,高颧骨,薄面颊,骨感下颌,少年圆眼,眼尾延展,宽眼距,灰蓝瞳,中高鼻根,高直鼻梁,方圆鼻头,宽嘴,嘴角上扬,无标志,幼态圆脸（颌角强调），高眉骨/眼下骨感，少年圆眼·眼尾延展·宽眼距，中高鼻根/高直鼻梁/方圆鼻头，宽嘴·嘴角上扬，骨感下颌
FD01238,鹅蛋偏菱,中庭拉长,骨感额,压迫感眉骨,眼下骨感,外扩颧骨,成熟收紧面颊,窄下颌,长杏眼,眼尾微挑,窄眼距,淡金瞳,低鼻根,高直鼻梁,窄翼鼻头,宽嘴,嘴角下垂,下颌浅疤,鹅蛋偏菱（中庭拉长），压迫感眉骨/眼下骨感，长杏眼·眼尾微挑·窄眼距，低鼻根/高直鼻梁/窄翼鼻头，宽嘴·嘴角下垂，窄下颌
FD01239,短鹅蛋脸,中庭展宽,窄额,柔和眉骨,眼下骨感,低颧骨,幼态柔软面颊,骨感下颌,鹿系眼,眼尾平直,宽眼距,墨玉瞳,中鼻根,轻鹰钩鼻梁,轻翘鼻头,薄唇,嘴角下垂,瞳孔残缺,短鹅蛋脸（中庭展宽），柔和眉骨/眼下骨感，鹿系眼·眼尾平直·宽眼距，中鼻根/轻鹰钩鼻梁/轻翘鼻头，薄唇·嘴角下垂，骨感下颌
FD01240,长圆脸,骨点内敛,窄额,柔和眉骨,窄深眼窝,高颧骨,薄面颊,柔和下颌,狼系眼,眼尾延展,窄眼距,星点虹膜,低鼻根,柔和鼻梁,下压鼻头,成熟长唇,嘴角下垂,异色瞳,长圆脸（骨点内敛），柔和眉骨/窄深眼窝，狼系眼·眼尾延展·窄眼距，低鼻根/柔和鼻梁/下压鼻头，成熟长唇·嘴角下垂，柔和下颌
FD01241,鹅蛋偏菱,下颌线清晰化,饱满额,外侧突出眉骨,眼下骨感,低颧骨,饱满面颊,窄下颌,冷感眼,眼尾延展,窄眼距,碎裂虹膜,窄鼻根,柔和鼻梁,微钝鼻头,平直唇,嘴角平直,瞳孔残缺,鹅蛋偏菱（下颌线清晰化），外侧突出眉骨/眼下骨感，冷感眼·眼尾延展·窄眼距，窄鼻根/柔和鼻梁/微钝鼻头，平直唇·嘴角平直，窄下颌
FD01242,柔和方脸,颈部线条收短,饱满额,外侧突出眉骨,眼下骨感,宽颧骨,成熟收紧面颊,柔和下颌,宽杏眼,眼尾明显挑,窄眼距,墨玉瞳,低鼻根,轻微偏右鼻梁,窄翼鼻头,上厚下薄,嘴角上扬,碎裂虹膜,柔和方脸（颈部线条收短），外侧突出眉骨/眼下骨感，宽杏眼·眼尾明显挑·窄眼距，低鼻根/轻微偏右鼻梁/窄翼鼻头，上厚下薄·嘴角上扬，柔和下颌
FD01243,倒梯形脸,颊部略凹,高额,内侧突出眉骨,窄深眼窝,高颧骨,轻凹面颊,柔和下颌,长杏眼,眼尾平直,标准眼距,星点虹膜,中鼻根,中直鼻梁,窄翼鼻头,成熟长唇,嘴角下垂,环状虹膜,倒梯形脸（颊部略凹），内侧突出眉骨/窄深眼窝，长杏眼·眼尾平直·标准眼距，中鼻根/中直鼻梁/窄翼鼻头，成熟长唇·嘴角下垂，柔和下颌
FD01244,长菱形,中轴微长,骨感额,高眉骨,中度眼窝,柔和颧骨,幼态柔软面颊,宽下颌,短杏眼,眼尾平直,宽眼距,淡金瞳,低鼻根,微弧鼻梁,轻翘鼻头,宽嘴,单侧上扬,下颌浅疤,长菱形（中轴微长），高眉骨/中度眼窝，短杏眼·眼尾平直·宽眼距，低鼻根/微弧鼻梁/轻翘鼻头，宽嘴·单侧上扬，宽下颌
FD01245,宽鹅蛋脸,上庭收窄,骨感额,外侧突出眉骨,窄深眼窝,低颧骨,饱满面颊,骨感下颌,猫系眼,眼尾明显挑,宽眼距,淡金瞳,窄鼻根,微弧鼻梁,微钝鼻头,平直唇,嘴角紧收,碎裂虹膜,宽鹅蛋脸（上庭收窄），外侧突出眉骨/窄深眼窝，猫系眼·眼尾明显挑·宽眼距，窄鼻根/微弧鼻梁/微钝鼻头，平直唇·嘴角紧收，骨感下颌
FD01246,长方脸,颈部线条收短,高额,低眉骨,浅眼窝,高颧骨,轻凹面颊,骨感下颌,鹤系眼,眼尾平直,宽眼距,浅褐瞳,宽鼻根,宽骨鼻梁,小圆鼻头,平直唇,嘴角上扬,鼻梁旧伤,长方脸（颈部线条收短），低眉骨/浅眼窝，鹤系眼·眼尾平直·宽眼距，宽鼻根/宽骨鼻梁/小圆鼻头，平直唇·嘴角上扬，骨感下颌
FD01247,方菱过渡脸,面中平缓,低额,外侧突出眉骨,眼下骨感,外扩颧骨,薄面颊,窄下颌,平凤眼,眼尾平直,宽眼距,琥珀瞳,中高鼻根,宽骨鼻梁,微钝鼻头,平直唇,嘴角紧收,环状虹膜,方菱过渡脸（面中平缓），外侧突出眉骨/眼下骨感，平凤眼·眼尾平直·宽眼距，中高鼻根/宽骨鼻梁/微钝鼻头，平直唇·嘴角紧收，窄下颌
FD01248,骨感菱形,面中立体化,平直额,内侧突出眉骨,眼下饱满,低颧骨,饱满面颊,窄下颌,宽杏眼,眼尾下沉,窄眼距,异色瞳,高鼻根,柔和鼻梁,骨感鼻头,小嘴,单侧上扬,无标志,骨感菱形（面中立体化），内侧突出眉骨/眼下饱满，宽杏眼·眼尾下沉·窄眼距，高鼻根/柔和鼻梁/骨感鼻头，小嘴·单侧上扬，窄下颌
FD01249,柔和方脸,中庭拉长,平直额,高眉骨,眼下骨感,外扩颧骨,薄面颊,明显下颌角,狼系眼,眼尾下沉,宽眼距,琥珀瞳,宽鼻根,中直鼻梁,小圆鼻头,成熟长唇,嘴角紧收,右眼下浅泪痣,柔和方脸（中庭拉长），高眉骨/眼下骨感，狼系眼·眼尾下沉·宽眼距，宽鼻根/中直鼻梁/小圆鼻头，成熟长唇·嘴角紧收，明显下颌角
FD01250,短圆脸,面中平缓,饱满额,低眉骨,窄深眼窝,柔和颧骨,成熟收紧面颊,明显下颌角,成熟长眼,眼尾延展,宽眼距,环状虹膜,宽鼻根,轻微偏左鼻梁,方圆鼻头,弓形唇,单侧上扬,眉尾旧疤,短圆脸（面中平缓），低眉骨/窄深眼窝，成熟长眼·眼尾延展·宽眼距，宽鼻根/轻微偏左鼻梁/方圆鼻头，弓形唇·单侧上扬，明显下颌角
FD01251,正梯形脸,骨点内敛,宽额,柔和眉骨,窄深眼窝,外扩颧骨,饱满面颊,明显下颌角,狼系眼,眼尾下沉,窄眼距,淡金瞳,高鼻根,轻鹰钩鼻梁,骨感鼻头,上薄下厚,单侧上扬,无标志,正梯形脸（骨点内敛），柔和眉骨/窄深眼窝，狼系眼·眼尾下沉·窄眼距，高鼻根/轻鹰钩鼻梁/骨感鼻头，上薄下厚·单侧上扬，明显下颌角
FD01252,成熟方脸,下庭加重,平直额,低眉骨,眼下饱满,窄颧骨,幼态柔软面颊,柔和下颌,猫系眼,眼尾下压,宽眼距,碎裂虹膜,低鼻根,宽骨鼻梁,轻翘鼻头,上厚下薄,嘴角紧收,双侧酒窝,成熟方脸（下庭加重），低眉骨/眼下饱满，猫系眼·眼尾下压·宽眼距，低鼻根/宽骨鼻梁/轻翘鼻头，上厚下薄·嘴角紧收，柔和下颌
FD01253,长圆脸,颌角弱化,微凸额,柔和眉骨,窄深眼窝,宽颧骨,饱满面颊,圆方下颌,短杏眼,眼尾明显挑,标准眼距,环状虹膜,高鼻根,高直鼻梁,方圆鼻头,上薄下厚,嘴角紧收,右眉轻断,长圆脸（颌角弱化），柔和眉骨/窄深眼窝，短杏眼·眼尾明显挑·标准眼距，高鼻根/高直鼻梁/方圆鼻头，上薄下厚·嘴角紧收，圆方下颌
FD01254,宽心形脸,下庭加重,高额,外侧突出眉骨,宽浅眼窝,低颧骨,饱满面颊,骨感下颌,少年圆眼,眼尾明显挑,窄眼距,异色瞳,高鼻根,高直鼻梁,骨感鼻头,小嘴,嘴角上扬,眼角小痣,宽心形脸（下庭加重），外侧突出眉骨/宽浅眼窝，少年圆眼·眼尾明显挑·窄眼距，高鼻根/高直鼻梁/骨感鼻头，小嘴·嘴角上扬，骨感下颌
FD01255,长方脸,中庭展宽,微凸额,薄眉骨,中度眼窝,柔和颧骨,饱满面颊,宽下颌,宽杏眼,眼尾延展,宽眼距,淡金瞳,宽鼻根,轻鹰钩鼻梁,微钝鼻头,平直唇,嘴角平直,眉尾旧疤,长方脸（中庭展宽），薄眉骨/中度眼窝，宽杏眼·眼尾延展·宽眼距，宽鼻根/轻鹰钩鼻梁/微钝鼻头，平直唇·嘴角平直，宽下颌
FD01256,上宽下窄脸,面中平缓,饱满额,薄眉骨,眼下饱满,高颧骨,饱满面颊,窄下颌,桃花眼,眼尾延展,标准眼距,淡金瞳,低鼻根,柔和鼻梁,小圆鼻头,小嘴,嘴角下垂,双侧酒窝,上宽下窄脸（面中平缓），薄眉骨/眼下饱满，桃花眼·眼尾延展·标准眼距，低鼻根/柔和鼻梁/小圆鼻头，小嘴·嘴角下垂，窄下颌
FD01257,宽方脸,颧部外扩,宽额,外侧突出眉骨,眼下骨感,外扩颧骨,薄面颊,窄下颌,上扬凤眼,眼尾下沉,宽眼距,碎裂虹膜,高鼻根,轻微偏右鼻梁,下压鼻头,平直唇,嘴角下垂,指节薄茧,宽方脸（颧部外扩），外侧突出眉骨/眼下骨感，上扬凤眼·眼尾下沉·宽眼距，高鼻根/轻微偏右鼻梁/下压鼻头，平直唇·嘴角下垂，窄下颌
FD01258,上宽下窄脸,中轴微长,骨感额,薄眉骨,眼下饱满,宽颧骨,成熟收紧面颊,明显下颌角,柳叶眼,眼尾下沉,宽眼距,琥珀瞳,宽鼻根,中直鼻梁,小圆鼻头,厚唇,嘴角平直,下颌浅疤,上宽下窄脸（中轴微长），薄眉骨/眼下饱满，柳叶眼·眼尾下沉·宽眼距，宽鼻根/中直鼻梁/小圆鼻头，厚唇·嘴角平直，明显下颌角
FD01259,短方脸,骨点外显,低额,柔和眉骨,宽浅眼窝,柔和颧骨,饱满面颊,窄下颌,狭长瑞凤眼,眼尾延展,窄眼距,墨玉瞳,宽鼻根,高直鼻梁,骨感鼻头,厚唇,嘴角紧收,眉心竖纹浅痕,短方脸（骨点外显），柔和眉骨/宽浅眼窝，狭长瑞凤眼·眼尾延展·窄眼距，宽鼻根/高直鼻梁/骨感鼻头，厚唇·嘴角紧收，窄下颌
FD01260,鹅蛋偏方,下颌线清晰化,微凸额,内侧突出眉骨,浅眼窝,低颧骨,薄面颊,圆方下颌,鹿系眼,眼尾明显挑,窄眼距,墨玉瞳,宽鼻根,轻鹰钩鼻梁,方圆鼻头,成熟长唇,嘴角上扬,右眉轻断,鹅蛋偏方（下颌线清晰化），内侧突出眉骨/浅眼窝，鹿系眼·眼尾明显挑·窄眼距，宽鼻根/轻鹰钩鼻梁/方圆鼻头，成熟长唇·嘴角上扬，圆方下颌
FD01261,骨感窄脸,颧部外扩,窄额,外侧突出眉骨,宽浅眼窝,柔和颧骨,饱满面颊,柔和下颌,狭长瑞凤眼,眼尾明显挑,标准眼距,琥珀瞳,窄鼻根,高直鼻梁,骨感鼻头,薄唇,单侧上扬,环状虹膜,骨感窄脸（颧部外扩），外侧突出眉骨/宽浅眼窝，狭长瑞凤眼·眼尾明显挑·标准眼距，窄鼻根/高直鼻梁/骨感鼻头，薄唇·单侧上扬，柔和下颌
FD01262,长鹅蛋脸,中轴收紧,骨感额,低眉骨,窄深眼窝,窄颧骨,薄面颊,方下颌,平直杏眼,眼尾下沉,宽眼距,浅褐瞳,窄鼻根,轻鹰钩鼻梁,轻翘鼻头,上厚下薄,嘴角下垂,无标志,长鹅蛋脸（中轴收紧），低眉骨/窄深眼窝，平直杏眼·眼尾下沉·宽眼距，窄鼻根/轻鹰钩鼻梁/轻翘鼻头，上厚下薄·嘴角下垂，方下颌
FD01263,长方脸,偏锐收窄,高额,外侧突出眉骨,宽浅眼窝,宽颧骨,成熟收紧面颊,圆方下颌,平直杏眼,眼尾下沉,标准眼距,环状虹膜,中高鼻根,高直鼻梁,方圆鼻头,上薄下厚,嘴角上扬,无标志,长方脸（偏锐收窄），外侧突出眉骨/宽浅眼窝，平直杏眼·眼尾下沉·标准眼距，中高鼻根/高直鼻梁/方圆鼻头，上薄下厚·嘴角上扬，圆方下颌
FD01264,上宽下窄脸,中轴收紧,骨感额,内侧突出眉骨,眼下骨感,高颧骨,成熟收紧面颊,柔和下颌,长杏眼,眼尾下沉,窄眼距,墨玉瞳,中高鼻根,宽骨鼻梁,微钝鼻头,成熟长唇,嘴角平直,下颌浅疤,上宽下窄脸（中轴收紧），内侧突出眉骨/眼下骨感，长杏眼·眼尾下沉·窄眼距，中高鼻根/宽骨鼻梁/微钝鼻头，成熟长唇·嘴角平直，柔和下颌
FD01265,宽心形脸,下庭加重,低额,高眉骨,浅眼窝,柔和颧骨,幼态柔软面颊,明显下颌角,窄杏眼,眼尾延展,宽眼距,灰蓝瞳,高鼻根,高直鼻梁,窄翼鼻头,厚唇,单侧上扬,无标志,宽心形脸（下庭加重），高眉骨/浅眼窝，窄杏眼·眼尾延展·宽眼距，高鼻根/高直鼻梁/窄翼鼻头，厚唇·单侧上扬，明显下颌角
FD01266,宽菱形,偏柔圆润,平直额,高眉骨,眼下骨感,宽颧骨,饱满面颊,宽下颌,窄杏眼,眼尾延展,窄眼距,琥珀瞳,宽鼻根,柔和鼻梁,方圆鼻头,上厚下薄,单侧上扬,单侧酒窝,宽菱形（偏柔圆润），高眉骨/眼下骨感，窄杏眼·眼尾延展·窄眼距，宽鼻根/柔和鼻梁/方圆鼻头，上厚下薄·单侧上扬，宽下颌
FD01267,鹅蛋偏方,下庭收窄,微凸额,薄眉骨,宽浅眼窝,宽颧骨,薄面颊,方下颌,蛇系眼,眼尾下压,标准眼距,浅褐瞳,高鼻根,中直鼻梁,微钝鼻头,厚唇,嘴角上扬,无标志,鹅蛋偏方（下庭收窄），薄眉骨/宽浅眼窝，蛇系眼·眼尾下压·标准眼距，高鼻根/中直鼻梁/微钝鼻头，厚唇·嘴角上扬，方下颌
FD01268,宽鹅蛋脸,中庭拉长,宽额,低眉骨,中度眼窝,柔和颧骨,幼态柔软面颊,宽下颌,狐狸系眼,眼尾平直,窄眼距,琥珀瞳,中鼻根,轻鹰钩鼻梁,下压鼻头,上薄下厚,单侧上扬,右眼下浅泪痣,宽鹅蛋脸（中庭拉长），低眉骨/中度眼窝，狐狸系眼·眼尾平直·窄眼距，中鼻根/轻鹰钩鼻梁/下压鼻头，上薄下厚·单侧上扬，宽下颌
FD01269,梨形脸,颌角弱化,微凸额,薄眉骨,深眼窝,窄颧骨,成熟收紧面颊,收敛下颌,半睁懒眼,眼尾明显挑,标准眼距,碎裂虹膜,低鼻根,中直鼻梁,微钝鼻头,小嘴,嘴角上扬,无标志,梨形脸（颌角弱化），薄眉骨/深眼窝，半睁懒眼·眼尾明显挑·标准眼距，低鼻根/中直鼻梁/微钝鼻头，小嘴·嘴角上扬，收敛下颌
FD01270,骨感菱形,下颌线柔化,窄额,压迫感眉骨,浅眼窝,高颧骨,薄面颊,方下颌,短杏眼,眼尾下压,标准眼距,灰蓝瞳,低鼻根,柔和鼻梁,窄翼鼻头,厚唇,嘴角下垂,眼角小痣,骨感菱形（下颌线柔化），压迫感眉骨/浅眼窝，短杏眼·眼尾下压·标准眼距，低鼻根/柔和鼻梁/窄翼鼻头，厚唇·嘴角下垂，方下颌
FD01271,鹅蛋偏方,上庭收窄,骨感额,外侧突出眉骨,浅眼窝,柔和颧骨,轻凹面颊,骨感下颌,下垂眼,眼尾平直,窄眼距,琥珀瞳,高鼻根,轻微偏右鼻梁,轻翘鼻头,上厚下薄,单侧上扬,额角旧痕,鹅蛋偏方（上庭收窄），外侧突出眉骨/浅眼窝，下垂眼·眼尾平直·窄眼距，高鼻根/轻微偏右鼻梁/轻翘鼻头，上厚下薄·单侧上扬，骨感下颌
FD01272,长心形脸,偏柔圆润,高额,内侧突出眉骨,宽浅眼窝,低颧骨,成熟收紧面颊,收敛下颌,猫系眼,眼尾平直,宽眼距,淡金瞳,低鼻根,轻微偏右鼻梁,肉感鼻头,厚唇,嘴角平直,无标志,长心形脸（偏柔圆润），内侧突出眉骨/宽浅眼窝，猫系眼·眼尾平直·宽眼距，低鼻根/轻微偏右鼻梁/肉感鼻头，厚唇·嘴角平直，收敛下颌
FD01273,圆脸,偏锐收窄,微凸额,厚眉骨,眼下骨感,柔和颧骨,薄面颊,收敛下颌,狭长眼,眼尾平直,窄眼距,灰蓝瞳,宽鼻根,轻微偏左鼻梁,小圆鼻头,成熟长唇,嘴角平直,无标志,圆脸（偏锐收窄），厚眉骨/眼下骨感，狭长眼·眼尾平直·窄眼距，宽鼻根/轻微偏左鼻梁/小圆鼻头，成熟长唇·嘴角平直，收敛下颌
FD01274,正梯形脸,中轴收紧,骨感额,外侧突出眉骨,宽浅眼窝,窄颧骨,成熟收紧面颊,明显下颌角,桃花眼,眼尾延展,宽眼距,碎裂虹膜,窄鼻根,微弧鼻梁,骨感鼻头,薄唇,嘴角上扬,额角旧痕,正梯形脸（中轴收紧），外侧突出眉骨/宽浅眼窝，桃花眼·眼尾延展·宽眼距，窄鼻根/微弧鼻梁/骨感鼻头，薄唇·嘴角上扬，明显下颌角
FD01275,梨形脸,上庭展开,高额,高眉骨,中度眼窝,外扩颧骨,成熟收紧面颊,收敛下颌,圆长眼,眼尾下压,宽眼距,灰蓝瞳,高鼻根,中直鼻梁,轻翘鼻头,厚唇,嘴角紧收,右眉轻断,梨形脸（上庭展开），高眉骨/中度眼窝，圆长眼·眼尾下压·宽眼距，高鼻根/中直鼻梁/轻翘鼻头，厚唇·嘴角紧收，收敛下颌
FD01276,上宽下窄脸,颈部线条收短,饱满额,高眉骨,宽浅眼窝,高颧骨,轻凹面颊,柔和下颌,窄杏眼,眼尾微挑,标准眼距,碎裂虹膜,宽鼻根,中直鼻梁,微钝鼻头,弓形唇,嘴角上扬,眼睑褶皱不对称,上宽下窄脸（颈部线条收短），高眉骨/宽浅眼窝，窄杏眼·眼尾微挑·标准眼距，宽鼻根/中直鼻梁/微钝鼻头，弓形唇·嘴角上扬，柔和下颌
FD01277,上窄下宽脸,上庭展开,宽额,薄眉骨,宽浅眼窝,窄颧骨,幼态柔软面颊,柔和下颌,丹凤眼,眼尾平直,宽眼距,墨玉瞳,中高鼻根,微弧鼻梁,方圆鼻头,平直唇,嘴角平直,瞳孔残缺,上窄下宽脸（上庭展开），薄眉骨/宽浅眼窝，丹凤眼·眼尾平直·宽眼距，中高鼻根/微弧鼻梁/方圆鼻头，平直唇·嘴角平直，柔和下颌
FD01278,骨感方脸,颈部线条延长,骨感额,内侧突出眉骨,宽浅眼窝,宽颧骨,饱满面颊,宽下颌,鹿系眼,眼尾微挑,宽眼距,深色瞳,中高鼻根,宽骨鼻梁,窄翼鼻头,小嘴,嘴角上扬,眼睑褶皱不对称,骨感方脸（颈部线条延长），内侧突出眉骨/宽浅眼窝，鹿系眼·眼尾微挑·宽眼距，中高鼻根/宽骨鼻梁/窄翼鼻头，小嘴·嘴角上扬，宽下颌
FD01279,梨形脸,偏柔圆润,微凸额,低眉骨,中度眼窝,宽颧骨,成熟收紧面颊,圆方下颌,上扬凤眼,眼尾下沉,窄眼距,星点虹膜,高鼻根,轻微偏左鼻梁,下压鼻头,成熟长唇,嘴角下垂,无标志,梨形脸（偏柔圆润），低眉骨/中度眼窝，上扬凤眼·眼尾下沉·窄眼距，高鼻根/轻微偏左鼻梁/下压鼻头，成熟长唇·嘴角下垂，圆方下颌
FD01280,梨形脸,面中立体化,平直额,薄眉骨,窄深眼窝,低颧骨,饱满面颊,方下颌,鹿系眼,眼尾平直,宽眼距,环状虹膜,低鼻根,轻微偏左鼻梁,骨感鼻头,薄唇,嘴角下垂,瞳孔残缺,梨形脸（面中立体化），薄眉骨/窄深眼窝，鹿系眼·眼尾平直·宽眼距，低鼻根/轻微偏左鼻梁/骨感鼻头，薄唇·嘴角下垂，方下颌
FD01281,长方脸,颈部线条延长,微凸额,柔和眉骨,浅眼窝,高颧骨,饱满面颊,骨感下颌,鹿系眼,眼尾延展,标准眼距,星点虹膜,低鼻根,宽骨鼻梁,方圆鼻头,平直唇,嘴角上扬,眉上小疤,长方脸（颈部线条延长），柔和眉骨/浅眼窝，鹿系眼·眼尾延展·标准眼距，低鼻根/宽骨鼻梁/方圆鼻头，平直唇·嘴角上扬，骨感下颌
FD01282,倒梯形脸,下颌线柔化,平直额,高眉骨,窄深眼窝,高颧骨,幼态柔软面颊,宽下颌,丹凤眼,眼尾平直,窄眼距,异色瞳,宽鼻根,轻微偏左鼻梁,骨感鼻头,薄唇,嘴角平直,颈侧细疤,倒梯形脸（下颌线柔化），高眉骨/窄深眼窝，丹凤眼·眼尾平直·窄眼距，宽鼻根/轻微偏左鼻梁/骨感鼻头，薄唇·嘴角平直，宽下颌
FD01283,长菱形,偏锐收窄,窄额,高眉骨,浅眼窝,外扩颧骨,幼态柔软面颊,方下颌,狭长瑞凤眼,眼尾下沉,宽眼距,碎裂虹膜,低鼻根,微弧鼻梁,肉感鼻头,薄唇,嘴角下垂,无标志,长菱形（偏锐收窄），高眉骨/浅眼窝，狭长瑞凤眼·眼尾下沉·宽眼距，低鼻根/微弧鼻梁/肉感鼻头，薄唇·嘴角下垂，方下颌
FD01284,标准菱形,中轴收紧,微凸额,压迫感眉骨,眼下饱满,柔和颧骨,轻凹面颊,柔和下颌,平直杏眼,眼尾下沉,窄眼距,淡金瞳,中高鼻根,微弧鼻梁,小圆鼻头,上厚下薄,嘴角平直,左眼下浅泪痣,标准菱形（中轴收紧），压迫感眉骨/眼下饱满，平直杏眼·眼尾下沉·窄眼距，中高鼻根/微弧鼻梁/小圆鼻头，上厚下薄·嘴角平直，柔和下颌
FD01285,清瘦圆脸,下庭收窄,骨感额,厚眉骨,深眼窝,窄颧骨,薄面颊,窄下颌,鹰隼眼,眼尾延展,宽眼距,深色瞳,高鼻根,高直鼻梁,小圆鼻头,小嘴,单侧上扬,额角旧痕,清瘦圆脸（下庭收窄），厚眉骨/深眼窝，鹰隼眼·眼尾延展·宽眼距，高鼻根/高直鼻梁/小圆鼻头，小嘴·单侧上扬，窄下颌
FD01286,长方脸,偏锐收窄,宽额,薄眉骨,中度眼窝,柔和颧骨,轻凹面颊,骨感下颌,柳叶眼,眼尾延展,标准眼距,灰蓝瞳,高鼻根,高直鼻梁,微钝鼻头,薄唇,嘴角平直,左眼下浅泪痣,长方脸（偏锐收窄），薄眉骨/中度眼窝，柳叶眼·眼尾延展·标准眼距，高鼻根/高直鼻梁/微钝鼻头，薄唇·嘴角平直，骨感下颌
FD01287,上宽下窄脸,中庭拉长,宽额,低眉骨,深眼窝,窄颧骨,幼态柔软面颊,宽下颌,少年圆眼,眼尾平直,窄眼距,浅褐瞳,中高鼻根,轻微偏左鼻梁,轻翘鼻头,弓形唇,嘴角紧收,异色瞳,上宽下窄脸（中庭拉长），低眉骨/深眼窝，少年圆眼·眼尾平直·窄眼距，中高鼻根/轻微偏左鼻梁/轻翘鼻头，弓形唇·嘴角紧收，宽下颌
FD01288,上宽下窄脸,下庭收窄,低额,压迫感眉骨,浅眼窝,柔和颧骨,薄面颊,柔和下颌,狐狸系眼,眼尾延展,宽眼距,异色瞳,宽鼻根,高直鼻梁,轻翘鼻头,厚唇,嘴角上扬,左颊浅疤,上宽下窄脸（下庭收窄），压迫感眉骨/浅眼窝，狐狸系眼·眼尾延展·宽眼距，宽鼻根/高直鼻梁/轻翘鼻头，厚唇·嘴角上扬，柔和下颌
FD01289,骨感窄脸,下颌线清晰化,骨感额,外侧突出眉骨,宽浅眼窝,窄颧骨,薄面颊,方下颌,疲惫眼,眼尾平直,标准眼距,墨玉瞳,宽鼻根,微弧鼻梁,骨感鼻头,成熟长唇,嘴角上扬,异色瞳,骨感窄脸（下颌线清晰化），外侧突出眉骨/宽浅眼窝，疲惫眼·眼尾平直·标准眼距，宽鼻根/微弧鼻梁/骨感鼻头，成熟长唇·嘴角上扬，方下颌
FD01290,成熟方脸,下颌线清晰化,微凸额,低眉骨,浅眼窝,低颧骨,成熟收紧面颊,柔和下颌,冷感眼,眼尾下沉,标准眼距,灰蓝瞳,中高鼻根,柔和鼻梁,肉感鼻头,厚唇,嘴角平直,左眼下浅泪痣,成熟方脸（下颌线清晰化），低眉骨/浅眼窝，冷感眼·眼尾下沉·标准眼距，中高鼻根/柔和鼻梁/肉感鼻头，厚唇·嘴角平直，柔和下颌
FD01291,鹅蛋偏菱,中庭拉长,微凸额,柔和眉骨,窄深眼窝,低颧骨,饱满面颊,柔和下颌,下垂眼,眼尾明显挑,宽眼距,墨玉瞳,窄鼻根,轻微偏左鼻梁,肉感鼻头,平直唇,单侧上扬,环状虹膜,鹅蛋偏菱（中庭拉长），柔和眉骨/窄深眼窝，下垂眼·眼尾明显挑·宽眼距，窄鼻根/轻微偏左鼻梁/肉感鼻头，平直唇·单侧上扬，柔和下颌
FD01292,标准菱形,中轴微长,低额,压迫感眉骨,宽浅眼窝,外扩颧骨,成熟收紧面颊,宽下颌,柳叶眼,眼尾下沉,窄眼距,浅褐瞳,窄鼻根,轻鹰钩鼻梁,骨感鼻头,薄唇,嘴角上扬,无标志,标准菱形（中轴微长），压迫感眉骨/宽浅眼窝，柳叶眼·眼尾下沉·窄眼距，窄鼻根/轻鹰钩鼻梁/骨感鼻头，薄唇·嘴角上扬，宽下颌
FD01293,长菱形,中轴微长,骨感额,薄眉骨,窄深眼窝,低颧骨,饱满面颊,圆方下颌,狼系眼,眼尾延展,标准眼距,淡金瞳,中高鼻根,柔和鼻梁,下压鼻头,成熟长唇,嘴角下垂,眉上小疤,长菱形（中轴微长），薄眉骨/窄深眼窝，狼系眼·眼尾延展·标准眼距，中高鼻根/柔和鼻梁/下压鼻头，成熟长唇·嘴角下垂，圆方下颌
FD01294,梨形脸,颈部线条延长,微凸额,低眉骨,中度眼窝,高颧骨,幼态柔软面颊,宽下颌,柳叶眼,眼尾下沉,宽眼距,深色瞳,中高鼻根,轻微偏右鼻梁,肉感鼻头,厚唇,嘴角下垂,无标志,梨形脸（颈部线条延长），低眉骨/中度眼窝，柳叶眼·眼尾下沉·宽眼距，中高鼻根/轻微偏右鼻梁/肉感鼻头，厚唇·嘴角下垂，宽下颌
FD01295,鹅蛋偏心形,颊部略凹,骨感额,低眉骨,窄深眼窝,低颧骨,幼态柔软面颊,骨感下颌,少年圆眼,眼尾微挑,宽眼距,灰蓝瞳,低鼻根,微弧鼻梁,轻翘鼻头,宽嘴,嘴角下垂,唇下小痣,鹅蛋偏心形（颊部略凹），低眉骨/窄深眼窝，少年圆眼·眼尾微挑·宽眼距，低鼻根/微弧鼻梁/轻翘鼻头，宽嘴·嘴角下垂，骨感下颌
FD01296,宽鹅蛋脸,颊部饱满,高额,厚眉骨,中度眼窝,高颧骨,饱满面颊,窄下颌,狐狸系眼,眼尾下沉,窄眼距,灰蓝瞳,宽鼻根,轻微偏右鼻梁,微钝鼻头,成熟长唇,单侧上扬,无标志,宽鹅蛋脸（颊部饱满），厚眉骨/中度眼窝，狐狸系眼·眼尾下沉·窄眼距，宽鼻根/轻微偏右鼻梁/微钝鼻头，成熟长唇·单侧上扬，窄下颌
FD01297,方菱过渡脸,偏柔圆润,骨感额,内侧突出眉骨,眼下饱满,宽颧骨,饱满面颊,柔和下颌,成熟长眼,眼尾下压,宽眼距,墨玉瞳,低鼻根,柔和鼻梁,窄翼鼻头,成熟长唇,嘴角下垂,无标志,方菱过渡脸（偏柔圆润），内侧突出眉骨/眼下饱满，成熟长眼·眼尾下压·宽眼距，低鼻根/柔和鼻梁/窄翼鼻头，成熟长唇·嘴角下垂，柔和下颌
FD01298,宽菱形,面中立体化,低额,厚眉骨,宽浅眼窝,低颧骨,轻凹面颊,宽下颌,宽杏眼,眼尾平直,窄眼距,碎裂虹膜,低鼻根,宽骨鼻梁,轻翘鼻头,成熟长唇,嘴角下垂,唇下小痣,宽菱形（面中立体化），厚眉骨/宽浅眼窝，宽杏眼·眼尾平直·窄眼距，低鼻根/宽骨鼻梁/轻翘鼻头，成熟长唇·嘴角下垂，宽下颌
FD01299,标准菱形,颌角弱化,饱满额,高眉骨,中度眼窝,窄颧骨,幼态柔软面颊,收敛下颌,窄杏眼,眼尾下压,宽眼距,浅褐瞳,高鼻根,中直鼻梁,窄翼鼻头,平直唇,嘴角下垂,左颊浅疤,标准菱形（颌角弱化），高眉骨/中度眼窝，窄杏眼·眼尾下压·宽眼距，高鼻根/中直鼻梁/窄翼鼻头，平直唇·嘴角下垂，收敛下颌
FD01300,骨感菱形,颌角强调,骨感额,柔和眉骨,眼下骨感,外扩颧骨,薄面颊,柔和下颌,短圆杏眼,眼尾微挑,窄眼距,异色瞳,窄鼻根,宽骨鼻梁,骨感鼻头,上厚下薄,单侧上扬,耳后小痣,骨感菱形（颌角强调），柔和眉骨/眼下骨感，短圆杏眼·眼尾微挑·窄眼距，窄鼻根/宽骨鼻梁/骨感鼻头，上厚下薄·单侧上扬，柔和下颌
FD01301,宽方脸,下颌线清晰化,宽额,厚眉骨,深眼窝,低颧骨,饱满面颊,方下颌,狭长瑞凤眼,眼尾平直,宽眼距,墨玉瞳,中鼻根,高直鼻梁,轻翘鼻头,薄唇,嘴角下垂,瞳孔残缺,宽方脸（下颌线清晰化），厚眉骨/深眼窝，狭长瑞凤眼·眼尾平直·宽眼距，中鼻根/高直鼻梁/轻翘鼻头，薄唇·嘴角下垂，方下颌
FD01302,倒三角脸,下颌线柔化,平直额,柔和眉骨,浅眼窝,低颧骨,成熟收紧面颊,圆方下颌,狭长眼,眼尾明显挑,窄眼距,灰蓝瞳,低鼻根,轻鹰钩鼻梁,骨感鼻头,薄唇,嘴角平直,耳后小痣,倒三角脸（下颌线柔化），柔和眉骨/浅眼窝，狭长眼·眼尾明显挑·窄眼距，低鼻根/轻鹰钩鼻梁/骨感鼻头，薄唇·嘴角平直，圆方下颌
FD01303,幼态圆脸,颧部外扩,微凸额,薄眉骨,眼下饱满,宽颧骨,薄面颊,宽下颌,短杏眼,眼尾明显挑,宽眼距,墨玉瞳,高鼻根,中直鼻梁,轻翘鼻头,小嘴,嘴角下垂,无标志,幼态圆脸（颧部外扩），薄眉骨/眼下饱满，短杏眼·眼尾明显挑·宽眼距，高鼻根/中直鼻梁/轻翘鼻头，小嘴·嘴角下垂，宽下颌
FD01304,梨形脸,颈部线条收短,高额,外侧突出眉骨,眼下骨感,宽颧骨,幼态柔软面颊,明显下颌角,平凤眼,眼尾平直,标准眼距,灰蓝瞳,窄鼻根,宽骨鼻梁,轻翘鼻头,宽嘴,嘴角平直,环状虹膜,梨形脸（颈部线条收短），外侧突出眉骨/眼下骨感，平凤眼·眼尾平直·标准眼距，窄鼻根/宽骨鼻梁/轻翘鼻头，宽嘴·嘴角平直，明显下颌角
FD01305,短方脸,颈部线条延长,低额,外侧突出眉骨,深眼窝,外扩颧骨,薄面颊,骨感下颌,冷感眼,眼尾明显挑,标准眼距,灰蓝瞳,低鼻根,轻鹰钩鼻梁,小圆鼻头,小嘴,嘴角下垂,异色瞳,短方脸（颈部线条延长），外侧突出眉骨/深眼窝，冷感眼·眼尾明显挑·标准眼距，低鼻根/轻鹰钩鼻梁/小圆鼻头，小嘴·嘴角下垂，骨感下颌
FD01306,成熟方脸,下庭收窄,窄额,内侧突出眉骨,中度眼窝,宽颧骨,饱满面颊,骨感下颌,鹰隼眼,眼尾下沉,窄眼距,墨玉瞳,中高鼻根,中直鼻梁,下压鼻头,宽嘴,嘴角上扬,右眼下浅泪痣,成熟方脸（下庭收窄），内侧突出眉骨/中度眼窝，鹰隼眼·眼尾下沉·窄眼距，中高鼻根/中直鼻梁/下压鼻头，宽嘴·嘴角上扬，骨感下颌
FD01307,标准菱形,偏锐收窄,低额,内侧突出眉骨,宽浅眼窝,窄颧骨,轻凹面颊,方下颌,窄杏眼,眼尾延展,标准眼距,环状虹膜,中高鼻根,宽骨鼻梁,下压鼻头,厚唇,嘴角紧收,耳后小痣,标准菱形（偏锐收窄），内侧突出眉骨/宽浅眼窝，窄杏眼·眼尾延展·标准眼距，中高鼻根/宽骨鼻梁/下压鼻头，厚唇·嘴角紧收，方下颌
FD01308,倒梯形脸,上庭展开,平直额,低眉骨,宽浅眼窝,低颧骨,幼态柔软面颊,收敛下颌,狭长瑞凤眼,眼尾下压,标准眼距,灰蓝瞳,窄鼻根,宽骨鼻梁,小圆鼻头,成熟长唇,嘴角上扬,无标志,倒梯形脸（上庭展开），低眉骨/宽浅眼窝，狭长瑞凤眼·眼尾下压·标准眼距，窄鼻根/宽骨鼻梁/小圆鼻头，成熟长唇·嘴角上扬，收敛下颌
FD01309,短方脸,面中立体化,窄额,厚眉骨,中度眼窝,窄颧骨,饱满面颊,窄下颌,蛇系眼,眼尾平直,标准眼距,浅褐瞳,中高鼻根,柔和鼻梁,骨感鼻头,平直唇,嘴角紧收,眉上小疤,短方脸（面中立体化），厚眉骨/中度眼窝，蛇系眼·眼尾平直·标准眼距，中高鼻根/柔和鼻梁/骨感鼻头，平直唇·嘴角紧收，窄下颌
FD01310,长心形脸,上庭收窄,饱满额,薄眉骨,眼下饱满,低颧骨,薄面颊,宽下颌,鹿系眼,眼尾微挑,宽眼距,环状虹膜,宽鼻根,轻微偏左鼻梁,轻翘鼻头,厚唇,嘴角紧收,无标志,长心形脸（上庭收窄），薄眉骨/眼下饱满，鹿系眼·眼尾微挑·宽眼距，宽鼻根/轻微偏左鼻梁/轻翘鼻头，厚唇·嘴角紧收，宽下颌
FD01311,颧部展开脸,中庭展宽,宽额,柔和眉骨,宽浅眼窝,宽颧骨,薄面颊,圆方下颌,疲惫眼,眼尾平直,宽眼距,墨玉瞳,低鼻根,轻鹰钩鼻梁,轻翘鼻头,平直唇,嘴角平直,左眼下浅泪痣,颧部展开脸（中庭展宽），柔和眉骨/宽浅眼窝，疲惫眼·眼尾平直·宽眼距，低鼻根/轻鹰钩鼻梁/轻翘鼻头，平直唇·嘴角平直，圆方下颌
FD01312,骨感方脸,颌角弱化,平直额,薄眉骨,宽浅眼窝,宽颧骨,幼态柔软面颊,骨感下颌,狭长眼,眼尾延展,标准眼距,星点虹膜,宽鼻根,高直鼻梁,轻翘鼻头,成熟长唇,单侧上扬,下颌浅疤,骨感方脸（颌角弱化），薄眉骨/宽浅眼窝，狭长眼·眼尾延展·标准眼距，宽鼻根/高直鼻梁/轻翘鼻头，成熟长唇·单侧上扬，骨感下颌
FD01313,成熟方脸,下庭加重,窄额,厚眉骨,眼下饱满,柔和颧骨,薄面颊,柔和下颌,上扬凤眼,眼尾延展,标准眼距,灰蓝瞳,窄鼻根,轻微偏左鼻梁,微钝鼻头,薄唇,嘴角上扬,指节薄茧,成熟方脸（下庭加重），厚眉骨/眼下饱满，上扬凤眼·眼尾延展·标准眼距，窄鼻根/轻微偏左鼻梁/微钝鼻头，薄唇·嘴角上扬，柔和下颌
FD01314,宽菱形,下庭加重,高额,低眉骨,窄深眼窝,窄颧骨,轻凹面颊,宽下颌,柳叶眼,眼尾延展,标准眼距,环状虹膜,高鼻根,轻微偏左鼻梁,微钝鼻头,宽嘴,单侧上扬,无标志,宽菱形（下庭加重），低眉骨/窄深眼窝，柳叶眼·眼尾延展·标准眼距，高鼻根/轻微偏左鼻梁/微钝鼻头，宽嘴·单侧上扬，宽下颌
FD01315,宽心形脸,中庭拉长,低额,高眉骨,浅眼窝,外扩颧骨,幼态柔软面颊,圆方下颌,鹰隼眼,眼尾延展,标准眼距,碎裂虹膜,窄鼻根,中直鼻梁,骨感鼻头,平直唇,单侧上扬,无标志,宽心形脸（中庭拉长），高眉骨/浅眼窝，鹰隼眼·眼尾延展·标准眼距，窄鼻根/中直鼻梁/骨感鼻头，平直唇·单侧上扬，圆方下颌
FD01316,上窄下宽脸,颌角弱化,低额,低眉骨,深眼窝,宽颧骨,薄面颊,宽下颌,圆长眼,眼尾平直,宽眼距,墨玉瞳,窄鼻根,中直鼻梁,下压鼻头,小嘴,嘴角下垂,无标志,上窄下宽脸（颌角弱化），低眉骨/深眼窝，圆长眼·眼尾平直·宽眼距，窄鼻根/中直鼻梁/下压鼻头，小嘴·嘴角下垂，宽下颌
FD01317,宽鹅蛋脸,下庭收窄,低额,压迫感眉骨,眼下骨感,柔和颧骨,饱满面颊,明显下颌角,瑞凤眼,眼尾延展,标准眼距,淡金瞳,中高鼻根,中直鼻梁,方圆鼻头,成熟长唇,嘴角平直,眼角小痣,宽鹅蛋脸（下庭收窄），压迫感眉骨/眼下骨感，瑞凤眼·眼尾延展·标准眼距，中高鼻根/中直鼻梁/方圆鼻头，成熟长唇·嘴角平直，明显下颌角
FD01318,双颌匀称脸,偏锐收窄,微凸额,厚眉骨,眼下饱满,外扩颧骨,轻凹面颊,窄下颌,丹凤眼,眼尾延展,窄眼距,浅褐瞳,中鼻根,轻微偏右鼻梁,骨感鼻头,薄唇,嘴角紧收,左颊浅疤,双颌匀称脸（偏锐收窄），厚眉骨/眼下饱满，丹凤眼·眼尾延展·窄眼距，中鼻根/轻微偏右鼻梁/骨感鼻头，薄唇·嘴角紧收，窄下颌
FD01319,标准菱形,下庭加重,骨感额,内侧突出眉骨,窄深眼窝,柔和颧骨,薄面颊,柔和下颌,猫系眼,眼尾明显挑,标准眼距,灰蓝瞳,中鼻根,轻鹰钩鼻梁,骨感鼻头,上薄下厚,单侧上扬,唇下小痣,标准菱形（下庭加重），内侧突出眉骨/窄深眼窝，猫系眼·眼尾明显挑·标准眼距，中鼻根/轻鹰钩鼻梁/骨感鼻头，上薄下厚·单侧上扬，柔和下颌
FD01320,心形脸,颌角弱化,高额,柔和眉骨,浅眼窝,柔和颧骨,成熟收紧面颊,圆方下颌,柳叶眼,眼尾平直,窄眼距,异色瞳,宽鼻根,轻鹰钩鼻梁,肉感鼻头,弓形唇,嘴角平直,下颌浅疤,心形脸（颌角弱化），柔和眉骨/浅眼窝，柳叶眼·眼尾平直·窄眼距，宽鼻根/轻鹰钩鼻梁/肉感鼻头，弓形唇·嘴角平直，圆方下颌
FD01321,骨感菱形,面中立体化,窄额,高眉骨,浅眼窝,外扩颧骨,成熟收紧面颊,圆方下颌,下垂眼,眼尾平直,标准眼距,星点虹膜,窄鼻根,柔和鼻梁,下压鼻头,上薄下厚,嘴角下垂,眉上小疤,骨感菱形（面中立体化），高眉骨/浅眼窝，下垂眼·眼尾平直·标准眼距，窄鼻根/柔和鼻梁/下压鼻头，上薄下厚·嘴角下垂，圆方下颌
FD01322,长菱形,颧部外扩,窄额,低眉骨,中度眼窝,窄颧骨,饱满面颊,收敛下颌,短杏眼,眼尾微挑,标准眼距,深色瞳,中鼻根,轻微偏右鼻梁,方圆鼻头,上厚下薄,嘴角平直,双侧酒窝,长菱形（颧部外扩），低眉骨/中度眼窝，短杏眼·眼尾微挑·标准眼距，中鼻根/轻微偏右鼻梁/方圆鼻头，上厚下薄·嘴角平直，收敛下颌
FD01323,鹅蛋偏菱,颊部略凹,微凸额,厚眉骨,中度眼窝,高颧骨,幼态柔软面颊,窄下颌,柳叶眼,眼尾明显挑,宽眼距,浅褐瞳,窄鼻根,微弧鼻梁,肉感鼻头,小嘴,单侧上扬,眉尾旧疤,鹅蛋偏菱（颊部略凹），厚眉骨/中度眼窝，柳叶眼·眼尾明显挑·宽眼距，窄鼻根/微弧鼻梁/肉感鼻头，小嘴·单侧上扬，窄下颌
FD01324,圆脸,偏锐收窄,宽额,薄眉骨,窄深眼窝,低颧骨,轻凹面颊,方下颌,平凤眼,眼尾微挑,宽眼距,墨玉瞳,低鼻根,轻微偏右鼻梁,窄翼鼻头,弓形唇,嘴角平直,耳后小痣,圆脸（偏锐收窄），薄眉骨/窄深眼窝，平凤眼·眼尾微挑·宽眼距，低鼻根/轻微偏右鼻梁/窄翼鼻头，弓形唇·嘴角平直，方下颌
FD01325,方鹅蛋脸,颌角强调,饱满额,内侧突出眉骨,窄深眼窝,宽颧骨,轻凹面颊,方下颌,桃花眼,眼尾延展,窄眼距,环状虹膜,宽鼻根,轻微偏左鼻梁,微钝鼻头,上薄下厚,嘴角紧收,眼角小痣,方鹅蛋脸（颌角强调），内侧突出眉骨/窄深眼窝，桃花眼·眼尾延展·窄眼距，宽鼻根/轻微偏左鼻梁/微钝鼻头，上薄下厚·嘴角紧收，方下颌
FD01326,宽心形脸,中庭展宽,高额,压迫感眉骨,深眼窝,柔和颧骨,薄面颊,圆方下颌,宽杏眼,眼尾下沉,窄眼距,碎裂虹膜,低鼻根,轻鹰钩鼻梁,肉感鼻头,宽嘴,嘴角平直,右眉轻断,宽心形脸（中庭展宽），压迫感眉骨/深眼窝，宽杏眼·眼尾下沉·窄眼距，低鼻根/轻鹰钩鼻梁/肉感鼻头，宽嘴·嘴角平直，圆方下颌
FD01327,骨感菱形,中庭展宽,窄额,厚眉骨,眼下饱满,柔和颧骨,薄面颊,宽下颌,半睁懒眼,眼尾下压,宽眼距,淡金瞳,宽鼻根,轻鹰钩鼻梁,骨感鼻头,上厚下薄,嘴角上扬,无标志,骨感菱形（中庭展宽），厚眉骨/眼下饱满，半睁懒眼·眼尾下压·宽眼距，宽鼻根/轻鹰钩鼻梁/骨感鼻头，上厚下薄·嘴角上扬，宽下颌
FD01328,方菱过渡脸,面中平缓,低额,薄眉骨,眼下饱满,柔和颧骨,饱满面颊,圆方下颌,丹凤眼,眼尾下沉,窄眼距,灰蓝瞳,低鼻根,轻鹰钩鼻梁,小圆鼻头,弓形唇,嘴角紧收,双侧酒窝,方菱过渡脸（面中平缓），薄眉骨/眼下饱满，丹凤眼·眼尾下沉·窄眼距，低鼻根/轻鹰钩鼻梁/小圆鼻头，弓形唇·嘴角紧收，圆方下颌
FD01329,短鹅蛋脸,颌角强调,平直额,低眉骨,眼下骨感,高颧骨,成熟收紧面颊,方下颌,疲惫眼,眼尾明显挑,窄眼距,环状虹膜,宽鼻根,轻鹰钩鼻梁,窄翼鼻头,弓形唇,嘴角紧收,眉尾旧疤,短鹅蛋脸（颌角强调），低眉骨/眼下骨感，疲惫眼·眼尾明显挑·窄眼距，宽鼻根/轻鹰钩鼻梁/窄翼鼻头，弓形唇·嘴角紧收，方下颌
FD01330,长方脸,下庭收窄,高额,外侧突出眉骨,中度眼窝,柔和颧骨,饱满面颊,骨感下颌,窄杏眼,眼尾微挑,宽眼距,星点虹膜,窄鼻根,宽骨鼻梁,下压鼻头,平直唇,单侧上扬,下颌浅疤,长方脸（下庭收窄），外侧突出眉骨/中度眼窝，窄杏眼·眼尾微挑·宽眼距，窄鼻根/宽骨鼻梁/下压鼻头，平直唇·单侧上扬，骨感下颌
FD01331,方菱过渡脸,骨点外显,骨感额,柔和眉骨,窄深眼窝,宽颧骨,轻凹面颊,圆方下颌,猫系眼,眼尾下沉,标准眼距,灰蓝瞳,中鼻根,宽骨鼻梁,轻翘鼻头,厚唇,嘴角上扬,眉尾旧疤,方菱过渡脸（骨点外显），柔和眉骨/窄深眼窝，猫系眼·眼尾下沉·标准眼距，中鼻根/宽骨鼻梁/轻翘鼻头，厚唇·嘴角上扬，圆方下颌
FD01332,窄鹅蛋脸,颊部略凹,高额,压迫感眉骨,宽浅眼窝,低颧骨,成熟收紧面颊,宽下颌,下垂眼,眼尾微挑,宽眼距,灰蓝瞳,低鼻根,高直鼻梁,下压鼻头,弓形唇,嘴角下垂,左颊浅疤,窄鹅蛋脸（颊部略凹），压迫感眉骨/宽浅眼窝，下垂眼·眼尾微挑·宽眼距，低鼻根/高直鼻梁/下压鼻头，弓形唇·嘴角下垂，宽下颌
FD01333,骨感方脸,面中立体化,高额,压迫感眉骨,窄深眼窝,高颧骨,轻凹面颊,收敛下颌,猫系眼,眼尾延展,宽眼距,琥珀瞳,窄鼻根,轻鹰钩鼻梁,骨感鼻头,平直唇,单侧上扬,碎裂虹膜,骨感方脸（面中立体化），压迫感眉骨/窄深眼窝，猫系眼·眼尾延展·宽眼距，窄鼻根/轻鹰钩鼻梁/骨感鼻头，平直唇·单侧上扬，收敛下颌
FD01334,窄方脸,下颌线柔化,骨感额,低眉骨,眼下饱满,窄颧骨,轻凹面颊,宽下颌,狼系眼,眼尾微挑,标准眼距,异色瞳,宽鼻根,轻微偏左鼻梁,骨感鼻头,薄唇,嘴角下垂,环状虹膜,窄方脸（下颌线柔化），低眉骨/眼下饱满，狼系眼·眼尾微挑·标准眼距，宽鼻根/轻微偏左鼻梁/骨感鼻头，薄唇·嘴角下垂，宽下颌
FD01335,短圆脸,面中平缓,低额,厚眉骨,中度眼窝,高颧骨,幼态柔软面颊,收敛下颌,宽杏眼,眼尾明显挑,窄眼距,异色瞳,高鼻根,轻鹰钩鼻梁,肉感鼻头,上厚下薄,单侧上扬,唇下小痣,短圆脸（面中平缓），厚眉骨/中度眼窝，宽杏眼·眼尾明显挑·窄眼距，高鼻根/轻鹰钩鼻梁/肉感鼻头，上厚下薄·单侧上扬，收敛下颌
FD01336,下颌突出脸,颈部线条收短,微凸额,外侧突出眉骨,窄深眼窝,柔和颧骨,薄面颊,圆方下颌,丹凤眼,眼尾微挑,宽眼距,环状虹膜,中鼻根,轻微偏右鼻梁,骨感鼻头,成熟长唇,嘴角平直,眉心竖纹浅痕,下颌突出脸（颈部线条收短），外侧突出眉骨/窄深眼窝，丹凤眼·眼尾微挑·宽眼距，中鼻根/轻微偏右鼻梁/骨感鼻头，成熟长唇·嘴角平直，圆方下颌
FD01337,长圆脸,偏锐收窄,微凸额,薄眉骨,眼下骨感,柔和颧骨,成熟收紧面颊,方下颌,圆长眼,眼尾微挑,宽眼距,星点虹膜,中鼻根,微弧鼻梁,方圆鼻头,弓形唇,单侧上扬,额角旧痕,长圆脸（偏锐收窄），薄眉骨/眼下骨感，圆长眼·眼尾微挑·宽眼距，中鼻根/微弧鼻梁/方圆鼻头，弓形唇·单侧上扬，方下颌
FD01338,幼态圆脸,下颌线清晰化,窄额,内侧突出眉骨,窄深眼窝,窄颧骨,饱满面颊,宽下颌,鹤系眼,眼尾明显挑,标准眼距,琥珀瞳,宽鼻根,宽骨鼻梁,小圆鼻头,小嘴,嘴角上扬,额角旧痕,幼态圆脸（下颌线清晰化），内侧突出眉骨/窄深眼窝，鹤系眼·眼尾明显挑·标准眼距，宽鼻根/宽骨鼻梁/小圆鼻头，小嘴·嘴角上扬，宽下颌
FD01339,双颌匀称脸,下庭收窄,骨感额,高眉骨,眼下骨感,宽颧骨,成熟收紧面颊,明显下颌角,狭长眼,眼尾延展,标准眼距,琥珀瞳,中高鼻根,轻微偏左鼻梁,肉感鼻头,厚唇,嘴角上扬,左颊浅疤,双颌匀称脸（下庭收窄），高眉骨/眼下骨感，狭长眼·眼尾延展·标准眼距，中高鼻根/轻微偏左鼻梁/肉感鼻头，厚唇·嘴角上扬，明显下颌角
FD01340,成熟方脸,颊部饱满,窄额,高眉骨,中度眼窝,外扩颧骨,幼态柔软面颊,宽下颌,丹凤眼,眼尾平直,宽眼距,琥珀瞳,窄鼻根,微弧鼻梁,轻翘鼻头,弓形唇,嘴角紧收,耳后小痣,成熟方脸（颊部饱满），高眉骨/中度眼窝，丹凤眼·眼尾平直·宽眼距，窄鼻根/微弧鼻梁/轻翘鼻头，弓形唇·嘴角紧收，宽下颌
FD01341,宽方脸,上庭展开,低额,柔和眉骨,深眼窝,低颧骨,幼态柔软面颊,柔和下颌,鹿系眼,眼尾平直,宽眼距,淡金瞳,中高鼻根,轻鹰钩鼻梁,窄翼鼻头,薄唇,嘴角平直,鼻梁旧伤,宽方脸（上庭展开），柔和眉骨/深眼窝，鹿系眼·眼尾平直·宽眼距，中高鼻根/轻鹰钩鼻梁/窄翼鼻头，薄唇·嘴角平直，柔和下颌
FD01342,窄方脸,颊部略凹,饱满额,高眉骨,眼下骨感,宽颧骨,幼态柔软面颊,圆方下颌,圆长眼,眼尾下压,宽眼距,淡金瞳,宽鼻根,微弧鼻梁,方圆鼻头,宽嘴,嘴角下垂,唇下小痣,窄方脸（颊部略凹），高眉骨/眼下骨感，圆长眼·眼尾下压·宽眼距，宽鼻根/微弧鼻梁/方圆鼻头，宽嘴·嘴角下垂，圆方下颌
FD01343,长心形脸,中轴微长,骨感额,薄眉骨,浅眼窝,窄颧骨,饱满面颊,明显下颌角,狭长眼,眼尾明显挑,标准眼距,环状虹膜,窄鼻根,轻微偏左鼻梁,下压鼻头,上薄下厚,嘴角平直,异色瞳,长心形脸（中轴微长），薄眉骨/浅眼窝，狭长眼·眼尾明显挑·标准眼距，窄鼻根/轻微偏左鼻梁/下压鼻头，上薄下厚·嘴角平直，明显下颌角
FD01344,圆方脸,颧部外扩,平直额,外侧突出眉骨,宽浅眼窝,窄颧骨,成熟收紧面颊,宽下颌,桃花眼,眼尾下压,窄眼距,异色瞳,宽鼻根,轻鹰钩鼻梁,肉感鼻头,弓形唇,单侧上扬,眼角小痣,圆方脸（颧部外扩），外侧突出眉骨/宽浅眼窝，桃花眼·眼尾下压·窄眼距，宽鼻根/轻鹰钩鼻梁/肉感鼻头，弓形唇·单侧上扬，宽下颌
FD01345,鹅蛋偏方,下颌线清晰化,高额,低眉骨,中度眼窝,低颧骨,饱满面颊,柔和下颌,鹤系眼,眼尾下压,宽眼距,墨玉瞳,窄鼻根,宽骨鼻梁,微钝鼻头,成熟长唇,嘴角上扬,耳后小痣,鹅蛋偏方（下颌线清晰化），低眉骨/中度眼窝，鹤系眼·眼尾下压·宽眼距，窄鼻根/宽骨鼻梁/微钝鼻头，成熟长唇·嘴角上扬，柔和下颌
FD01346,方菱过渡脸,颌角弱化,低额,薄眉骨,浅眼窝,窄颧骨,成熟收紧面颊,圆方下颌,下垂眼,眼尾平直,标准眼距,浅褐瞳,宽鼻根,中直鼻梁,窄翼鼻头,平直唇,嘴角上扬,左眼下浅泪痣,方菱过渡脸（颌角弱化），薄眉骨/浅眼窝，下垂眼·眼尾平直·标准眼距，宽鼻根/中直鼻梁/窄翼鼻头，平直唇·嘴角上扬，圆方下颌
FD01347,长鹅蛋脸,颌角弱化,饱满额,内侧突出眉骨,眼下骨感,窄颧骨,轻凹面颊,骨感下颌,猫系眼,眼尾微挑,宽眼距,墨玉瞳,窄鼻根,中直鼻梁,微钝鼻头,弓形唇,嘴角平直,右眼下浅泪痣,长鹅蛋脸（颌角弱化），内侧突出眉骨/眼下骨感，猫系眼·眼尾微挑·宽眼距，窄鼻根/中直鼻梁/微钝鼻头，弓形唇·嘴角平直，骨感下颌
FD01348,长鹅蛋脸,骨点内敛,饱满额,压迫感眉骨,深眼窝,低颧骨,薄面颊,骨感下颌,半睁懒眼,眼尾平直,标准眼距,淡金瞳,中鼻根,宽骨鼻梁,肉感鼻头,宽嘴,嘴角平直,瞳孔残缺,长鹅蛋脸（骨点内敛），压迫感眉骨/深眼窝，半睁懒眼·眼尾平直·标准眼距，中鼻根/宽骨鼻梁/肉感鼻头，宽嘴·嘴角平直，骨感下颌
FD01349,短方脸,颈部线条延长,低额,压迫感眉骨,中度眼窝,窄颧骨,幼态柔软面颊,宽下颌,鹤系眼,眼尾明显挑,标准眼距,深色瞳,宽鼻根,高直鼻梁,窄翼鼻头,平直唇,嘴角平直,左颊浅疤,短方脸（颈部线条延长），压迫感眉骨/中度眼窝，鹤系眼·眼尾明显挑·标准眼距，宽鼻根/高直鼻梁/窄翼鼻头，平直唇·嘴角平直，宽下颌
FD01350,长心形脸,中轴收紧,宽额,内侧突出眉骨,宽浅眼窝,低颧骨,幼态柔软面颊,方下颌,短圆杏眼,眼尾微挑,标准眼距,环状虹膜,中高鼻根,轻鹰钩鼻梁,小圆鼻头,宽嘴,嘴角平直,单侧虎牙,长心形脸（中轴收紧），内侧突出眉骨/宽浅眼窝，短圆杏眼·眼尾微挑·标准眼距，中高鼻根/轻鹰钩鼻梁/小圆鼻头，宽嘴·嘴角平直，方下颌
FD01351,方鹅蛋脸,骨点外显,窄额,柔和眉骨,窄深眼窝,窄颧骨,轻凹面颊,收敛下颌,猫系眼,眼尾微挑,宽眼距,灰蓝瞳,中高鼻根,轻微偏左鼻梁,骨感鼻头,小嘴,嘴角平直,单侧虎牙,方鹅蛋脸（骨点外显），柔和眉骨/窄深眼窝，猫系眼·眼尾微挑·宽眼距，中高鼻根/轻微偏左鼻梁/骨感鼻头，小嘴·嘴角平直，收敛下颌
FD01352,柔和方脸,颊部略凹,骨感额,薄眉骨,眼下骨感,柔和颧骨,幼态柔软面颊,明显下颌角,桃花眼,眼尾下压,窄眼距,灰蓝瞳,中鼻根,微弧鼻梁,小圆鼻头,厚唇,嘴角下垂,单侧虎牙,柔和方脸（颊部略凹），薄眉骨/眼下骨感，桃花眼·眼尾下压·窄眼距，中鼻根/微弧鼻梁/小圆鼻头，厚唇·嘴角下垂，明显下颌角
FD01353,鹅蛋偏菱,骨点外显,饱满额,薄眉骨,深眼窝,高颧骨,饱满面颊,方下颌,冷感眼,眼尾下沉,宽眼距,碎裂虹膜,中鼻根,宽骨鼻梁,窄翼鼻头,上薄下厚,单侧上扬,异色瞳,鹅蛋偏菱（骨点外显），薄眉骨/深眼窝，冷感眼·眼尾下沉·宽眼距，中鼻根/宽骨鼻梁/窄翼鼻头，上薄下厚·单侧上扬，方下颌
FD01354,骨感方脸,上庭展开,高额,压迫感眉骨,眼下饱满,高颧骨,薄面颊,收敛下颌,疲惫眼,眼尾平直,标准眼距,浅褐瞳,高鼻根,微弧鼻梁,窄翼鼻头,成熟长唇,嘴角上扬,单侧酒窝,骨感方脸（上庭展开），压迫感眉骨/眼下饱满，疲惫眼·眼尾平直·标准眼距，高鼻根/微弧鼻梁/窄翼鼻头，成熟长唇·嘴角上扬，收敛下颌
FD01355,圆脸,下颌线柔化,微凸额,低眉骨,深眼窝,窄颧骨,幼态柔软面颊,宽下颌,下垂眼,眼尾下沉,窄眼距,浅褐瞳,中高鼻根,中直鼻梁,窄翼鼻头,小嘴,嘴角紧收,瞳孔残缺,圆脸（下颌线柔化），低眉骨/深眼窝，下垂眼·眼尾下沉·窄眼距，中高鼻根/中直鼻梁/窄翼鼻头，小嘴·嘴角紧收，宽下颌
FD01356,上宽下窄脸,面中立体化,饱满额,内侧突出眉骨,浅眼窝,外扩颧骨,饱满面颊,圆方下颌,短圆杏眼,眼尾平直,宽眼距,碎裂虹膜,中鼻根,轻鹰钩鼻梁,窄翼鼻头,上厚下薄,嘴角紧收,右眉轻断,上宽下窄脸（面中立体化），内侧突出眉骨/浅眼窝，短圆杏眼·眼尾平直·宽眼距，中鼻根/轻鹰钩鼻梁/窄翼鼻头，上厚下薄·嘴角紧收，圆方下颌
FD01357,圆方脸,骨点外显,低额,内侧突出眉骨,眼下骨感,外扩颧骨,成熟收紧面颊,方下颌,半睁懒眼,眼尾微挑,宽眼距,深色瞳,高鼻根,中直鼻梁,肉感鼻头,上薄下厚,嘴角紧收,瞳孔残缺,圆方脸（骨点外显），内侧突出眉骨/眼下骨感，半睁懒眼·眼尾微挑·宽眼距，高鼻根/中直鼻梁/肉感鼻头，上薄下厚·嘴角紧收，方下颌
FD01358,骨感方脸,上庭收窄,平直额,厚眉骨,窄深眼窝,低颧骨,轻凹面颊,骨感下颌,蛇系眼,眼尾明显挑,宽眼距,墨玉瞳,中高鼻根,微弧鼻梁,轻翘鼻头,上薄下厚,嘴角上扬,环状虹膜,骨感方脸（上庭收窄），厚眉骨/窄深眼窝，蛇系眼·眼尾明显挑·宽眼距，中高鼻根/微弧鼻梁/轻翘鼻头，上薄下厚·嘴角上扬，骨感下颌
FD01359,圆方脸,颊部饱满,骨感额,低眉骨,深眼窝,窄颧骨,幼态柔软面颊,窄下颌,瑞凤眼,眼尾延展,窄眼距,星点虹膜,宽鼻根,柔和鼻梁,轻翘鼻头,上厚下薄,嘴角平直,右眉轻断,圆方脸（颊部饱满），低眉骨/深眼窝，瑞凤眼·眼尾延展·窄眼距，宽鼻根/柔和鼻梁/轻翘鼻头，上厚下薄·嘴角平直，窄下颌
FD01360,宽方脸,面中立体化,低额,薄眉骨,中度眼窝,低颧骨,幼态柔软面颊,明显下颌角,半睁懒眼,眼尾平直,标准眼距,环状虹膜,宽鼻根,轻微偏右鼻梁,下压鼻头,小嘴,嘴角下垂,眉尾旧疤,宽方脸（面中立体化），薄眉骨/中度眼窝，半睁懒眼·眼尾平直·标准眼距，宽鼻根/轻微偏右鼻梁/下压鼻头，小嘴·嘴角下垂，明显下颌角
FD01361,梨形脸,下颌线清晰化,骨感额,压迫感眉骨,眼下饱满,低颧骨,成熟收紧面颊,窄下颌,宽杏眼,眼尾平直,标准眼距,琥珀瞳,高鼻根,轻鹰钩鼻梁,方圆鼻头,宽嘴,单侧上扬,环状虹膜,梨形脸（下颌线清晰化），压迫感眉骨/眼下饱满，宽杏眼·眼尾平直·标准眼距，高鼻根/轻鹰钩鼻梁/方圆鼻头，宽嘴·单侧上扬，窄下颌
FD01362,长菱形,颧部外扩,骨感额,柔和眉骨,中度眼窝,窄颧骨,薄面颊,柔和下颌,狭长眼,眼尾微挑,标准眼距,深色瞳,窄鼻根,轻鹰钩鼻梁,方圆鼻头,上薄下厚,嘴角上扬,无标志,长菱形（颧部外扩），柔和眉骨/中度眼窝，狭长眼·眼尾微挑·标准眼距，窄鼻根/轻鹰钩鼻梁/方圆鼻头，上薄下厚·嘴角上扬，柔和下颌
FD01363,宽鹅蛋脸,面中立体化,微凸额,薄眉骨,中度眼窝,低颧骨,轻凹面颊,宽下颌,狭长瑞凤眼,眼尾微挑,窄眼距,淡金瞳,宽鼻根,轻微偏右鼻梁,方圆鼻头,薄唇,嘴角上扬,下颌浅疤,宽鹅蛋脸（面中立体化），薄眉骨/中度眼窝，狭长瑞凤眼·眼尾微挑·窄眼距，宽鼻根/轻微偏右鼻梁/方圆鼻头，薄唇·嘴角上扬，宽下颌
FD01364,肉感短脸,中庭展宽,高额,低眉骨,窄深眼窝,窄颧骨,薄面颊,明显下颌角,宽杏眼,眼尾明显挑,宽眼距,异色瞳,中鼻根,宽骨鼻梁,肉感鼻头,宽嘴,嘴角上扬,右眉轻断,肉感短脸（中庭展宽），低眉骨/窄深眼窝，宽杏眼·眼尾明显挑·宽眼距，中鼻根/宽骨鼻梁/肉感鼻头，宽嘴·嘴角上扬，明显下颌角
FD01365,下颌突出脸,颌角强调,饱满额,厚眉骨,浅眼窝,柔和颧骨,薄面颊,方下颌,上扬凤眼,眼尾下压,标准眼距,墨玉瞳,中鼻根,中直鼻梁,骨感鼻头,小嘴,嘴角紧收,鼻梁旧伤,下颌突出脸（颌角强调），厚眉骨/浅眼窝，上扬凤眼·眼尾下压·标准眼距，中鼻根/中直鼻梁/骨感鼻头，小嘴·嘴角紧收，方下颌
FD01366,骨感窄脸,骨点内敛,平直额,高眉骨,宽浅眼窝,柔和颧骨,轻凹面颊,收敛下颌,平凤眼,眼尾下沉,标准眼距,灰蓝瞳,中鼻根,轻微偏左鼻梁,方圆鼻头,宽嘴,嘴角平直,左眼下浅泪痣,骨感窄脸（骨点内敛），高眉骨/宽浅眼窝，平凤眼·眼尾下沉·标准眼距，中鼻根/轻微偏左鼻梁/方圆鼻头，宽嘴·嘴角平直，收敛下颌
FD01367,宽菱形,下庭收窄,高额,低眉骨,眼下饱满,窄颧骨,薄面颊,柔和下颌,上扬凤眼,眼尾下压,窄眼距,碎裂虹膜,窄鼻根,高直鼻梁,窄翼鼻头,薄唇,单侧上扬,瞳孔残缺,宽菱形（下庭收窄），低眉骨/眼下饱满，上扬凤眼·眼尾下压·窄眼距，窄鼻根/高直鼻梁/窄翼鼻头，薄唇·单侧上扬，柔和下颌
FD01368,骨感方脸,面中立体化,骨感额,柔和眉骨,窄深眼窝,高颧骨,薄面颊,柔和下颌,狐狸系眼,眼尾微挑,宽眼距,碎裂虹膜,窄鼻根,高直鼻梁,骨感鼻头,薄唇,单侧上扬,唇下小痣,骨感方脸（面中立体化），柔和眉骨/窄深眼窝，狐狸系眼·眼尾微挑·宽眼距，窄鼻根/高直鼻梁/骨感鼻头，薄唇·单侧上扬，柔和下颌
FD01369,骨感方脸,颧部微收,平直额,外侧突出眉骨,浅眼窝,宽颧骨,饱满面颊,明显下颌角,半睁懒眼,眼尾下压,窄眼距,碎裂虹膜,高鼻根,轻鹰钩鼻梁,肉感鼻头,成熟长唇,嘴角下垂,环状虹膜,骨感方脸（颧部微收），外侧突出眉骨/浅眼窝，半睁懒眼·眼尾下压·窄眼距，高鼻根/轻鹰钩鼻梁/肉感鼻头，成熟长唇·嘴角下垂，明显下颌角
FD01370,幼态圆脸,下庭加重,饱满额,低眉骨,宽浅眼窝,低颧骨,轻凹面颊,骨感下颌,上扬凤眼,眼尾微挑,标准眼距,碎裂虹膜,中鼻根,轻微偏左鼻梁,方圆鼻头,薄唇,嘴角下垂,眼角小痣,幼态圆脸（下庭加重），低眉骨/宽浅眼窝，上扬凤眼·眼尾微挑·标准眼距，中鼻根/轻微偏左鼻梁/方圆鼻头，薄唇·嘴角下垂，骨感下颌
FD01371,鹅蛋偏菱,颊部略凹,饱满额,柔和眉骨,眼下饱满,柔和颧骨,饱满面颊,方下颌,短圆杏眼,眼尾微挑,标准眼距,灰蓝瞳,中高鼻根,微弧鼻梁,窄翼鼻头,上厚下薄,单侧上扬,异色瞳,鹅蛋偏菱（颊部略凹），柔和眉骨/眼下饱满，短圆杏眼·眼尾微挑·标准眼距，中高鼻根/微弧鼻梁/窄翼鼻头，上厚下薄·单侧上扬，方下颌
FD01372,上宽下窄脸,颈部线条延长,微凸额,压迫感眉骨,深眼窝,宽颧骨,饱满面颊,骨感下颌,平凤眼,眼尾微挑,宽眼距,环状虹膜,宽鼻根,柔和鼻梁,微钝鼻头,弓形唇,嘴角下垂,环状虹膜,上宽下窄脸（颈部线条延长），压迫感眉骨/深眼窝，平凤眼·眼尾微挑·宽眼距，宽鼻根/柔和鼻梁/微钝鼻头，弓形唇·嘴角下垂，骨感下颌
FD01373,宽鹅蛋脸,下庭收窄,微凸额,厚眉骨,浅眼窝,外扩颧骨,薄面颊,明显下颌角,狐狸系眼,眼尾下压,宽眼距,碎裂虹膜,高鼻根,轻鹰钩鼻梁,下压鼻头,宽嘴,嘴角紧收,颈侧细疤,宽鹅蛋脸（下庭收窄），厚眉骨/浅眼窝，狐狸系眼·眼尾下压·宽眼距，高鼻根/轻鹰钩鼻梁/下压鼻头，宽嘴·嘴角紧收，明显下颌角
FD01374,鹅蛋偏菱,偏锐收窄,低额,低眉骨,宽浅眼窝,外扩颧骨,成熟收紧面颊,圆方下颌,长杏眼,眼尾微挑,窄眼距,异色瞳,宽鼻根,轻微偏左鼻梁,骨感鼻头,平直唇,嘴角上扬,单侧酒窝,鹅蛋偏菱（偏锐收窄），低眉骨/宽浅眼窝，长杏眼·眼尾微挑·窄眼距，宽鼻根/轻微偏左鼻梁/骨感鼻头，平直唇·嘴角上扬，圆方下颌
FD01375,短鹅蛋脸,中庭展宽,高额,厚眉骨,宽浅眼窝,宽颧骨,轻凹面颊,圆方下颌,疲惫眼,眼尾下沉,窄眼距,星点虹膜,窄鼻根,柔和鼻梁,微钝鼻头,上厚下薄,嘴角紧收,右眉轻断,短鹅蛋脸（中庭展宽），厚眉骨/宽浅眼窝，疲惫眼·眼尾下沉·窄眼距，窄鼻根/柔和鼻梁/微钝鼻头，上厚下薄·嘴角紧收，圆方下颌
FD01376,长菱形,颊部略凹,平直额,高眉骨,中度眼窝,柔和颧骨,轻凹面颊,窄下颌,瑞凤眼,眼尾下压,宽眼距,浅褐瞳,低鼻根,轻鹰钩鼻梁,轻翘鼻头,平直唇,嘴角平直,额角旧痕,长菱形（颊部略凹），高眉骨/中度眼窝，瑞凤眼·眼尾下压·宽眼距，低鼻根/轻鹰钩鼻梁/轻翘鼻头，平直唇·嘴角平直，窄下颌
FD01377,长菱形,下庭加重,低额,内侧突出眉骨,深眼窝,窄颧骨,成熟收紧面颊,圆方下颌,上扬凤眼,眼尾延展,窄眼距,墨玉瞳,低鼻根,中直鼻梁,小圆鼻头,薄唇,单侧上扬,眼角小痣,长菱形（下庭加重），内侧突出眉骨/深眼窝，上扬凤眼·眼尾延展·窄眼距，低鼻根/中直鼻梁/小圆鼻头，薄唇·单侧上扬，圆方下颌
FD01378,成熟方脸,面中平缓,平直额,薄眉骨,深眼窝,柔和颧骨,饱满面颊,圆方下颌,猫系眼,眼尾下沉,宽眼距,深色瞳,窄鼻根,轻微偏右鼻梁,方圆鼻头,厚唇,嘴角下垂,环状虹膜,成熟方脸（面中平缓），薄眉骨/深眼窝，猫系眼·眼尾下沉·宽眼距，窄鼻根/轻微偏右鼻梁/方圆鼻头，厚唇·嘴角下垂，圆方下颌
FD01379,圆脸,颧部微收,窄额,厚眉骨,宽浅眼窝,窄颧骨,薄面颊,骨感下颌,少年圆眼,眼尾下沉,宽眼距,异色瞳,窄鼻根,中直鼻梁,微钝鼻头,厚唇,单侧上扬,无标志,圆脸（颧部微收），厚眉骨/宽浅眼窝，少年圆眼·眼尾下沉·宽眼距，窄鼻根/中直鼻梁/微钝鼻头，厚唇·单侧上扬，骨感下颌
FD01380,鹅蛋偏方,颈部线条延长,饱满额,外侧突出眉骨,窄深眼窝,低颧骨,薄面颊,方下颌,狐狸系眼,眼尾下沉,标准眼距,灰蓝瞳,窄鼻根,宽骨鼻梁,小圆鼻头,厚唇,单侧上扬,鼻梁旧伤,鹅蛋偏方（颈部线条延长），外侧突出眉骨/窄深眼窝，狐狸系眼·眼尾下沉·标准眼距，窄鼻根/宽骨鼻梁/小圆鼻头，厚唇·单侧上扬，方下颌
FD01381,宽心形脸,颈部线条延长,窄额,薄眉骨,中度眼窝,窄颧骨,轻凹面颊,宽下颌,鹰隼眼,眼尾下沉,宽眼距,墨玉瞳,窄鼻根,宽骨鼻梁,小圆鼻头,宽嘴,嘴角下垂,眉尾旧疤,宽心形脸（颈部线条延长），薄眉骨/中度眼窝，鹰隼眼·眼尾下沉·宽眼距，窄鼻根/宽骨鼻梁/小圆鼻头，宽嘴·嘴角下垂，宽下颌
FD01382,短鹅蛋脸,下颌线柔化,宽额,高眉骨,浅眼窝,低颧骨,幼态柔软面颊,明显下颌角,上扬凤眼,眼尾下沉,宽眼距,碎裂虹膜,高鼻根,微弧鼻梁,微钝鼻头,上薄下厚,嘴角平直,眼睑褶皱不对称,短鹅蛋脸（下颌线柔化），高眉骨/浅眼窝，上扬凤眼·眼尾下沉·宽眼距，高鼻根/微弧鼻梁/微钝鼻头，上薄下厚·嘴角平直，明显下颌角
FD01383,宽鹅蛋脸,骨点内敛,微凸额,压迫感眉骨,浅眼窝,高颧骨,轻凹面颊,收敛下颌,上扬凤眼,眼尾平直,标准眼距,异色瞳,窄鼻根,轻微偏右鼻梁,小圆鼻头,薄唇,嘴角上扬,碎裂虹膜,宽鹅蛋脸（骨点内敛），压迫感眉骨/浅眼窝，上扬凤眼·眼尾平直·标准眼距，窄鼻根/轻微偏右鼻梁/小圆鼻头，薄唇·嘴角上扬，收敛下颌
FD01384,上窄下宽脸,颌角强调,微凸额,压迫感眉骨,宽浅眼窝,柔和颧骨,轻凹面颊,圆方下颌,宽杏眼,眼尾下压,标准眼距,琥珀瞳,窄鼻根,柔和鼻梁,窄翼鼻头,成熟长唇,嘴角紧收,单侧酒窝,上窄下宽脸（颌角强调），压迫感眉骨/宽浅眼窝，宽杏眼·眼尾下压·标准眼距，窄鼻根/柔和鼻梁/窄翼鼻头，成熟长唇·嘴角紧收，圆方下颌
FD01385,骨感窄脸,中轴收紧,宽额,外侧突出眉骨,眼下饱满,低颧骨,薄面颊,明显下颌角,狐狸系眼,眼尾微挑,宽眼距,淡金瞳,宽鼻根,轻微偏左鼻梁,轻翘鼻头,薄唇,单侧上扬,眉心竖纹浅痕,骨感窄脸（中轴收紧），外侧突出眉骨/眼下饱满，狐狸系眼·眼尾微挑·宽眼距，宽鼻根/轻微偏左鼻梁/轻翘鼻头，薄唇·单侧上扬，明显下颌角
FD01386,上宽下窄脸,上庭收窄,高额,压迫感眉骨,深眼窝,宽颧骨,幼态柔软面颊,明显下颌角,半睁懒眼,眼尾平直,宽眼距,墨玉瞳,低鼻根,轻鹰钩鼻梁,下压鼻头,平直唇,嘴角紧收,下颌浅疤,上宽下窄脸（上庭收窄），压迫感眉骨/深眼窝，半睁懒眼·眼尾平直·宽眼距，低鼻根/轻鹰钩鼻梁/下压鼻头，平直唇·嘴角紧收，明显下颌角
FD01387,上窄下宽脸,颊部饱满,低额,低眉骨,浅眼窝,宽颧骨,轻凹面颊,圆方下颌,狼系眼,眼尾下压,窄眼距,深色瞳,低鼻根,微弧鼻梁,轻翘鼻头,成熟长唇,单侧上扬,耳后小痣,上窄下宽脸（颊部饱满），低眉骨/浅眼窝，狼系眼·眼尾下压·窄眼距，低鼻根/微弧鼻梁/轻翘鼻头，成熟长唇·单侧上扬，圆方下颌
FD01388,圆脸,颈部线条延长,微凸额,外侧突出眉骨,中度眼窝,外扩颧骨,饱满面颊,柔和下颌,圆长眼,眼尾下沉,标准眼距,浅褐瞳,中高鼻根,柔和鼻梁,下压鼻头,宽嘴,嘴角下垂,耳后小痣,圆脸（颈部线条延长），外侧突出眉骨/中度眼窝，圆长眼·眼尾下沉·标准眼距，中高鼻根/柔和鼻梁/下压鼻头，宽嘴·嘴角下垂，柔和下颌
FD01389,幼态方脸,颧部微收,窄额,厚眉骨,宽浅眼窝,窄颧骨,成熟收紧面颊,明显下颌角,平直杏眼,眼尾下压,标准眼距,灰蓝瞳,高鼻根,微弧鼻梁,微钝鼻头,宽嘴,嘴角平直,无标志,幼态方脸（颧部微收），厚眉骨/宽浅眼窝，平直杏眼·眼尾下压·标准眼距，高鼻根/微弧鼻梁/微钝鼻头，宽嘴·嘴角平直，明显下颌角
FD01390,上窄下宽脸,上庭展开,高额,薄眉骨,中度眼窝,高颧骨,成熟收紧面颊,柔和下颌,鹤系眼,眼尾下压,标准眼距,灰蓝瞳,中高鼻根,轻微偏左鼻梁,肉感鼻头,平直唇,嘴角下垂,下颌浅疤,上窄下宽脸（上庭展开），薄眉骨/中度眼窝，鹤系眼·眼尾下压·标准眼距，中高鼻根/轻微偏左鼻梁/肉感鼻头，平直唇·嘴角下垂，柔和下颌
FD01391,长方脸,颈部线条延长,饱满额,外侧突出眉骨,宽浅眼窝,柔和颧骨,幼态柔软面颊,窄下颌,蛇系眼,眼尾平直,标准眼距,墨玉瞳,中鼻根,轻微偏右鼻梁,轻翘鼻头,平直唇,嘴角紧收,左颊浅疤,长方脸（颈部线条延长），外侧突出眉骨/宽浅眼窝，蛇系眼·眼尾平直·标准眼距，中鼻根/轻微偏右鼻梁/轻翘鼻头，平直唇·嘴角紧收，窄下颌
FD01392,长菱形,颈部线条收短,低额,高眉骨,中度眼窝,宽颧骨,薄面颊,明显下颌角,成熟长眼,眼尾延展,窄眼距,碎裂虹膜,中鼻根,轻鹰钩鼻梁,下压鼻头,弓形唇,嘴角紧收,右眉轻断,长菱形（颈部线条收短），高眉骨/中度眼窝，成熟长眼·眼尾延展·窄眼距，中鼻根/轻鹰钩鼻梁/下压鼻头，弓形唇·嘴角紧收，明显下颌角
FD01393,窄方脸,中轴收紧,宽额,低眉骨,眼下饱满,低颧骨,幼态柔软面颊,骨感下颌,冷感眼,眼尾平直,标准眼距,墨玉瞳,高鼻根,轻鹰钩鼻梁,轻翘鼻头,厚唇,嘴角下垂,无标志,窄方脸（中轴收紧），低眉骨/眼下饱满，冷感眼·眼尾平直·标准眼距，高鼻根/轻鹰钩鼻梁/轻翘鼻头，厚唇·嘴角下垂，骨感下颌
FD01394,心形脸,中轴微长,低额,压迫感眉骨,窄深眼窝,宽颧骨,轻凹面颊,圆方下颌,下垂眼,眼尾延展,标准眼距,浅褐瞳,中高鼻根,宽骨鼻梁,肉感鼻头,弓形唇,嘴角平直,无标志,心形脸（中轴微长），压迫感眉骨/窄深眼窝，下垂眼·眼尾延展·标准眼距，中高鼻根/宽骨鼻梁/肉感鼻头，弓形唇·嘴角平直，圆方下颌
FD01395,长菱形,颌角弱化,高额,外侧突出眉骨,窄深眼窝,柔和颧骨,幼态柔软面颊,宽下颌,半睁懒眼,眼尾明显挑,宽眼距,环状虹膜,宽鼻根,轻鹰钩鼻梁,小圆鼻头,平直唇,嘴角下垂,环状虹膜,长菱形（颌角弱化），外侧突出眉骨/窄深眼窝，半睁懒眼·眼尾明显挑·宽眼距，宽鼻根/轻鹰钩鼻梁/小圆鼻头，平直唇·嘴角下垂，宽下颌
FD01396,上窄下宽脸,偏锐收窄,骨感额,内侧突出眉骨,宽浅眼窝,窄颧骨,薄面颊,宽下颌,短杏眼,眼尾延展,标准眼距,星点虹膜,中高鼻根,柔和鼻梁,方圆鼻头,厚唇,嘴角上扬,眉尾旧疤,上窄下宽脸（偏锐收窄），内侧突出眉骨/宽浅眼窝，短杏眼·眼尾延展·标准眼距，中高鼻根/柔和鼻梁/方圆鼻头，厚唇·嘴角上扬，宽下颌
FD01397,幼态方脸,骨点外显,窄额,外侧突出眉骨,眼下饱满,窄颧骨,幼态柔软面颊,骨感下颌,短杏眼,眼尾延展,标准眼距,环状虹膜,低鼻根,柔和鼻梁,小圆鼻头,宽嘴,单侧上扬,双侧酒窝,幼态方脸（骨点外显），外侧突出眉骨/眼下饱满，短杏眼·眼尾延展·标准眼距，低鼻根/柔和鼻梁/小圆鼻头，宽嘴·单侧上扬，骨感下颌
FD01398,圆脸,颌角弱化,低额,压迫感眉骨,深眼窝,宽颧骨,幼态柔软面颊,骨感下颌,鹤系眼,眼尾下压,标准眼距,异色瞳,低鼻根,中直鼻梁,窄翼鼻头,上薄下厚,单侧上扬,颈侧细疤,圆脸（颌角弱化），压迫感眉骨/深眼窝，鹤系眼·眼尾下压·标准眼距，低鼻根/中直鼻梁/窄翼鼻头，上薄下厚·单侧上扬，骨感下颌
FD01399,窄方脸,上庭收窄,高额,薄眉骨,中度眼窝,高颧骨,饱满面颊,明显下颌角,少年圆眼,眼尾下沉,标准眼距,异色瞳,窄鼻根,中直鼻梁,小圆鼻头,弓形唇,嘴角上扬,右眉轻断,窄方脸（上庭收窄），薄眉骨/中度眼窝，少年圆眼·眼尾下沉·标准眼距，窄鼻根/中直鼻梁/小圆鼻头，弓形唇·嘴角上扬，明显下颌角
FD01400,短圆脸,颌角弱化,平直额,高眉骨,眼下骨感,柔和颧骨,轻凹面颊,圆方下颌,疲惫眼,眼尾延展,标准眼距,异色瞳,低鼻根,高直鼻梁,轻翘鼻头,上厚下薄,嘴角下垂,眉心竖纹浅痕,短圆脸（颌角弱化），高眉骨/眼下骨感，疲惫眼·眼尾延展·标准眼距，低鼻根/高直鼻梁/轻翘鼻头，上厚下薄·嘴角下垂，圆方下颌
FD01401,宽菱形,下庭收窄,宽额,外侧突出眉骨,中度眼窝,高颧骨,成熟收紧面颊,骨感下颌,瑞凤眼,眼尾下压,窄眼距,灰蓝瞳,窄鼻根,柔和鼻梁,下压鼻头,薄唇,嘴角上扬,颈侧细疤,宽菱形（下庭收窄），外侧突出眉骨/中度眼窝，瑞凤眼·眼尾下压·窄眼距，窄鼻根/柔和鼻梁/下压鼻头，薄唇·嘴角上扬，骨感下颌
FD01402,长圆脸,骨点内敛,平直额,厚眉骨,深眼窝,窄颧骨,薄面颊,窄下颌,柳叶眼,眼尾延展,标准眼距,灰蓝瞳,窄鼻根,微弧鼻梁,轻翘鼻头,厚唇,嘴角紧收,额角旧痕,长圆脸（骨点内敛），厚眉骨/深眼窝，柳叶眼·眼尾延展·标准眼距，窄鼻根/微弧鼻梁/轻翘鼻头，厚唇·嘴角紧收，窄下颌
FD01403,标准菱形,面中立体化,微凸额,压迫感眉骨,中度眼窝,宽颧骨,薄面颊,骨感下颌,短圆杏眼,眼尾下沉,标准眼距,淡金瞳,窄鼻根,轻鹰钩鼻梁,肉感鼻头,小嘴,单侧上扬,右眼下浅泪痣,标准菱形（面中立体化），压迫感眉骨/中度眼窝，短圆杏眼·眼尾下沉·标准眼距，窄鼻根/轻鹰钩鼻梁/肉感鼻头，小嘴·单侧上扬，骨感下颌
FD01404,圆方脸,颈部线条延长,微凸额,压迫感眉骨,眼下饱满,窄颧骨,薄面颊,柔和下颌,平直杏眼,眼尾下压,窄眼距,星点虹膜,中高鼻根,高直鼻梁,轻翘鼻头,宽嘴,嘴角上扬,耳后小痣,圆方脸（颈部线条延长），压迫感眉骨/眼下饱满，平直杏眼·眼尾下压·窄眼距，中高鼻根/高直鼻梁/轻翘鼻头，宽嘴·嘴角上扬，柔和下颌
FD01405,圆脸,颊部略凹,平直额,低眉骨,浅眼窝,宽颧骨,薄面颊,方下颌,下垂眼,眼尾平直,窄眼距,琥珀瞳,中鼻根,宽骨鼻梁,方圆鼻头,宽嘴,嘴角平直,碎裂虹膜,圆脸（颊部略凹），低眉骨/浅眼窝，下垂眼·眼尾平直·窄眼距，中鼻根/宽骨鼻梁/方圆鼻头，宽嘴·嘴角平直，方下颌
FD01406,正梯形脸,颌角弱化,平直额,薄眉骨,眼下骨感,窄颧骨,成熟收紧面颊,窄下颌,鹿系眼,眼尾延展,窄眼距,琥珀瞳,中鼻根,轻鹰钩鼻梁,小圆鼻头,薄唇,嘴角下垂,眉上小疤,正梯形脸（颌角弱化），薄眉骨/眼下骨感，鹿系眼·眼尾延展·窄眼距，中鼻根/轻鹰钩鼻梁/小圆鼻头，薄唇·嘴角下垂，窄下颌
FD01407,肉感短脸,颌角强调,骨感额,外侧突出眉骨,眼下骨感,柔和颧骨,幼态柔软面颊,收敛下颌,宽杏眼,眼尾明显挑,窄眼距,深色瞳,低鼻根,轻鹰钩鼻梁,轻翘鼻头,厚唇,嘴角下垂,单侧酒窝,肉感短脸（颌角强调），外侧突出眉骨/眼下骨感，宽杏眼·眼尾明显挑·窄眼距，低鼻根/轻鹰钩鼻梁/轻翘鼻头，厚唇·嘴角下垂，收敛下颌
FD01408,心形脸,颊部略凹,低额,薄眉骨,眼下骨感,低颧骨,薄面颊,柔和下颌,宽杏眼,眼尾下沉,标准眼距,灰蓝瞳,中鼻根,柔和鼻梁,窄翼鼻头,厚唇,嘴角下垂,左眼下浅泪痣,心形脸（颊部略凹），薄眉骨/眼下骨感，宽杏眼·眼尾下沉·标准眼距，中鼻根/柔和鼻梁/窄翼鼻头，厚唇·嘴角下垂，柔和下颌
FD01409,骨感方脸,颈部线条延长,低额,低眉骨,中度眼窝,外扩颧骨,轻凹面颊,骨感下颌,下垂眼,眼尾下压,标准眼距,浅褐瞳,中高鼻根,宽骨鼻梁,轻翘鼻头,平直唇,嘴角下垂,额角旧痕,骨感方脸（颈部线条延长），低眉骨/中度眼窝，下垂眼·眼尾下压·标准眼距，中高鼻根/宽骨鼻梁/轻翘鼻头，平直唇·嘴角下垂，骨感下颌
FD01410,鹅蛋偏方,颊部略凹,宽额,压迫感眉骨,浅眼窝,柔和颧骨,饱满面颊,收敛下颌,狼系眼,眼尾延展,宽眼距,深色瞳,高鼻根,宽骨鼻梁,微钝鼻头,上薄下厚,嘴角平直,颈侧细疤,鹅蛋偏方（颊部略凹），压迫感眉骨/浅眼窝，狼系眼·眼尾延展·宽眼距，高鼻根/宽骨鼻梁/微钝鼻头，上薄下厚·嘴角平直，收敛下颌
FD01411,短鹅蛋脸,下庭加重,宽额,高眉骨,窄深眼窝,窄颧骨,成熟收紧面颊,明显下颌角,桃花眼,眼尾明显挑,宽眼距,灰蓝瞳,高鼻根,柔和鼻梁,小圆鼻头,厚唇,嘴角平直,环状虹膜,短鹅蛋脸（下庭加重），高眉骨/窄深眼窝，桃花眼·眼尾明显挑·宽眼距，高鼻根/柔和鼻梁/小圆鼻头，厚唇·嘴角平直，明显下颌角
FD01412,长方脸,骨点内敛,平直额,内侧突出眉骨,眼下饱满,窄颧骨,成熟收紧面颊,明显下颌角,柳叶眼,眼尾延展,窄眼距,浅褐瞳,中鼻根,中直鼻梁,方圆鼻头,上厚下薄,嘴角紧收,单侧虎牙,长方脸（骨点内敛），内侧突出眉骨/眼下饱满，柳叶眼·眼尾延展·窄眼距，中鼻根/中直鼻梁/方圆鼻头，上厚下薄·嘴角紧收，明显下颌角
FD01413,倒梯形脸,颈部线条延长,低额,低眉骨,眼下饱满,窄颧骨,成熟收紧面颊,宽下颌,平直杏眼,眼尾平直,标准眼距,淡金瞳,窄鼻根,微弧鼻梁,方圆鼻头,弓形唇,嘴角上扬,单侧酒窝,倒梯形脸（颈部线条延长），低眉骨/眼下饱满，平直杏眼·眼尾平直·标准眼距，窄鼻根/微弧鼻梁/方圆鼻头，弓形唇·嘴角上扬，宽下颌
FD01414,骨感方脸,颧部微收,平直额,厚眉骨,宽浅眼窝,柔和颧骨,薄面颊,方下颌,冷感眼,眼尾明显挑,窄眼距,淡金瞳,宽鼻根,宽骨鼻梁,微钝鼻头,成熟长唇,嘴角下垂,眼睑褶皱不对称,骨感方脸（颧部微收），厚眉骨/宽浅眼窝，冷感眼·眼尾明显挑·窄眼距，宽鼻根/宽骨鼻梁/微钝鼻头，成熟长唇·嘴角下垂，方下颌
FD01415,鹅蛋偏心形,偏柔圆润,饱满额,薄眉骨,眼下饱满,柔和颧骨,幼态柔软面颊,方下颌,冷感眼,眼尾下沉,窄眼距,墨玉瞳,中高鼻根,轻微偏右鼻梁,窄翼鼻头,成熟长唇,单侧上扬,鼻梁旧伤,鹅蛋偏心形（偏柔圆润），薄眉骨/眼下饱满，冷感眼·眼尾下沉·窄眼距，中高鼻根/轻微偏右鼻梁/窄翼鼻头，成熟长唇·单侧上扬，方下颌
FD01416,鹅蛋偏心形,面中平缓,宽额,薄眉骨,眼下骨感,柔和颧骨,饱满面颊,窄下颌,短圆杏眼,眼尾下沉,标准眼距,碎裂虹膜,高鼻根,中直鼻梁,小圆鼻头,弓形唇,嘴角平直,碎裂虹膜,鹅蛋偏心形（面中平缓），薄眉骨/眼下骨感，短圆杏眼·眼尾下沉·标准眼距，高鼻根/中直鼻梁/小圆鼻头，弓形唇·嘴角平直，窄下颌
FD01417,柔和菱形,中庭拉长,高额,高眉骨,眼下骨感,柔和颧骨,轻凹面颊,圆方下颌,猫系眼,眼尾下沉,宽眼距,深色瞳,低鼻根,轻微偏右鼻梁,微钝鼻头,平直唇,嘴角上扬,瞳孔残缺,柔和菱形（中庭拉长），高眉骨/眼下骨感，猫系眼·眼尾下沉·宽眼距，低鼻根/轻微偏右鼻梁/微钝鼻头，平直唇·嘴角上扬，圆方下颌
FD01418,心形脸,颌角强调,骨感额,高眉骨,窄深眼窝,窄颧骨,成熟收紧面颊,收敛下颌,上扬凤眼,眼尾平直,窄眼距,深色瞳,低鼻根,轻微偏左鼻梁,小圆鼻头,厚唇,嘴角紧收,指节薄茧,心形脸（颌角强调），高眉骨/窄深眼窝，上扬凤眼·眼尾平直·窄眼距，低鼻根/轻微偏左鼻梁/小圆鼻头，厚唇·嘴角紧收，收敛下颌
FD01419,鹅蛋偏菱,下庭收窄,微凸额,厚眉骨,宽浅眼窝,柔和颧骨,薄面颊,收敛下颌,上扬凤眼,眼尾下压,标准眼距,深色瞳,窄鼻根,柔和鼻梁,微钝鼻头,小嘴,嘴角下垂,单侧虎牙,鹅蛋偏菱（下庭收窄），厚眉骨/宽浅眼窝，上扬凤眼·眼尾下压·标准眼距，窄鼻根/柔和鼻梁/微钝鼻头，小嘴·嘴角下垂，收敛下颌
FD01420,柔和菱形,中轴微长,窄额,柔和眉骨,眼下饱满,高颧骨,幼态柔软面颊,圆方下颌,狐狸系眼,眼尾微挑,宽眼距,浅褐瞳,宽鼻根,高直鼻梁,微钝鼻头,成熟长唇,嘴角紧收,无标志,柔和菱形（中轴微长），柔和眉骨/眼下饱满，狐狸系眼·眼尾微挑·宽眼距，宽鼻根/高直鼻梁/微钝鼻头，成熟长唇·嘴角紧收，圆方下颌
FD01421,宽心形脸,上庭展开,平直额,内侧突出眉骨,浅眼窝,低颧骨,饱满面颊,方下颌,冷感眼,眼尾延展,标准眼距,灰蓝瞳,窄鼻根,轻微偏左鼻梁,肉感鼻头,宽嘴,嘴角上扬,眼睑褶皱不对称,宽心形脸（上庭展开），内侧突出眉骨/浅眼窝，冷感眼·眼尾延展·标准眼距，窄鼻根/轻微偏左鼻梁/肉感鼻头，宽嘴·嘴角上扬，方下颌
FD01422,鹅蛋偏心形,面中平缓,低额,薄眉骨,眼下骨感,低颧骨,幼态柔软面颊,方下颌,鹿系眼,眼尾微挑,标准眼距,浅褐瞳,宽鼻根,宽骨鼻梁,肉感鼻头,宽嘴,嘴角上扬,双侧酒窝,鹅蛋偏心形（面中平缓），薄眉骨/眼下骨感，鹿系眼·眼尾微挑·标准眼距，宽鼻根/宽骨鼻梁/肉感鼻头，宽嘴·嘴角上扬，方下颌
FD01423,宽菱形,偏锐收窄,骨感额,薄眉骨,深眼窝,窄颧骨,轻凹面颊,明显下颌角,瑞凤眼,眼尾平直,宽眼距,墨玉瞳,中鼻根,微弧鼻梁,轻翘鼻头,厚唇,嘴角下垂,碎裂虹膜,宽菱形（偏锐收窄），薄眉骨/深眼窝，瑞凤眼·眼尾平直·宽眼距，中鼻根/微弧鼻梁/轻翘鼻头，厚唇·嘴角下垂，明显下颌角
FD01424,窄鹅蛋脸,颈部线条延长,高额,压迫感眉骨,浅眼窝,外扩颧骨,成熟收紧面颊,收敛下颌,短圆杏眼,眼尾平直,标准眼距,碎裂虹膜,中高鼻根,轻鹰钩鼻梁,肉感鼻头,弓形唇,嘴角紧收,单侧酒窝,窄鹅蛋脸（颈部线条延长），压迫感眉骨/浅眼窝，短圆杏眼·眼尾平直·标准眼距，中高鼻根/轻鹰钩鼻梁/肉感鼻头，弓形唇·嘴角紧收，收敛下颌
FD01425,圆方脸,颊部饱满,饱满额,高眉骨,宽浅眼窝,外扩颧骨,薄面颊,窄下颌,少年圆眼,眼尾明显挑,宽眼距,碎裂虹膜,高鼻根,中直鼻梁,轻翘鼻头,成熟长唇,嘴角紧收,颈侧细疤,圆方脸（颊部饱满），高眉骨/宽浅眼窝，少年圆眼·眼尾明显挑·宽眼距，高鼻根/中直鼻梁/轻翘鼻头，成熟长唇·嘴角紧收，窄下颌
FD01426,长圆脸,面中立体化,骨感额,厚眉骨,宽浅眼窝,柔和颧骨,轻凹面颊,方下颌,鹤系眼,眼尾下压,宽眼距,淡金瞳,窄鼻根,高直鼻梁,小圆鼻头,上厚下薄,嘴角上扬,颈侧细疤,长圆脸（面中立体化），厚眉骨/宽浅眼窝，鹤系眼·眼尾下压·宽眼距，窄鼻根/高直鼻梁/小圆鼻头，上厚下薄·嘴角上扬，方下颌
FD01427,心形脸,偏锐收窄,微凸额,内侧突出眉骨,宽浅眼窝,外扩颧骨,薄面颊,骨感下颌,狭长瑞凤眼,眼尾延展,标准眼距,碎裂虹膜,中高鼻根,轻微偏右鼻梁,下压鼻头,平直唇,嘴角紧收,额角旧痕,心形脸（偏锐收窄），内侧突出眉骨/宽浅眼窝，狭长瑞凤眼·眼尾延展·标准眼距，中高鼻根/轻微偏右鼻梁/下压鼻头，平直唇·嘴角紧收，骨感下颌
FD01428,宽鹅蛋脸,颧部微收,宽额,内侧突出眉骨,眼下骨感,窄颧骨,成熟收紧面颊,圆方下颌,成熟长眼,眼尾微挑,窄眼距,异色瞳,中鼻根,微弧鼻梁,轻翘鼻头,薄唇,嘴角平直,眼角小痣,宽鹅蛋脸（颧部微收），内侧突出眉骨/眼下骨感，成熟长眼·眼尾微挑·窄眼距，中鼻根/微弧鼻梁/轻翘鼻头，薄唇·嘴角平直，圆方下颌
FD01429,长圆脸,颈部线条延长,骨感额,柔和眉骨,宽浅眼窝,高颧骨,幼态柔软面颊,窄下颌,短杏眼,眼尾下压,标准眼距,星点虹膜,中高鼻根,轻鹰钩鼻梁,轻翘鼻头,宽嘴,嘴角上扬,眉尾旧疤,长圆脸（颈部线条延长），柔和眉骨/宽浅眼窝，短杏眼·眼尾下压·标准眼距，中高鼻根/轻鹰钩鼻梁/轻翘鼻头，宽嘴·嘴角上扬，窄下颌
FD01430,圆脸,颌角弱化,低额,薄眉骨,宽浅眼窝,高颧骨,幼态柔软面颊,柔和下颌,半睁懒眼,眼尾平直,标准眼距,环状虹膜,宽鼻根,柔和鼻梁,方圆鼻头,平直唇,嘴角上扬,额角旧痕,圆脸（颌角弱化），薄眉骨/宽浅眼窝，半睁懒眼·眼尾平直·标准眼距，宽鼻根/柔和鼻梁/方圆鼻头，平直唇·嘴角上扬，柔和下颌
FD01431,柔和菱形,颧部微收,平直额,内侧突出眉骨,眼下饱满,柔和颧骨,轻凹面颊,宽下颌,平直杏眼,眼尾下沉,宽眼距,星点虹膜,窄鼻根,轻鹰钩鼻梁,窄翼鼻头,小嘴,嘴角上扬,眉尾旧疤,柔和菱形（颧部微收），内侧突出眉骨/眼下饱满，平直杏眼·眼尾下沉·宽眼距，窄鼻根/轻鹰钩鼻梁/窄翼鼻头，小嘴·嘴角上扬，宽下颌
FD01432,梨形脸,颊部略凹,窄额,厚眉骨,中度眼窝,柔和颧骨,成熟收紧面颊,方下颌,短杏眼,眼尾微挑,标准眼距,墨玉瞳,中鼻根,轻微偏左鼻梁,肉感鼻头,平直唇,嘴角上扬,指节薄茧,梨形脸（颊部略凹），厚眉骨/中度眼窝，短杏眼·眼尾微挑·标准眼距，中鼻根/轻微偏左鼻梁/肉感鼻头，平直唇·嘴角上扬，方下颌
FD01433,长圆脸,骨点外显,微凸额,高眉骨,眼下骨感,窄颧骨,轻凹面颊,窄下颌,狼系眼,眼尾延展,标准眼距,淡金瞳,窄鼻根,柔和鼻梁,肉感鼻头,成熟长唇,嘴角平直,左眼下浅泪痣,长圆脸（骨点外显），高眉骨/眼下骨感，狼系眼·眼尾延展·标准眼距，窄鼻根/柔和鼻梁/肉感鼻头，成熟长唇·嘴角平直，窄下颌
FD01434,心形脸,面中立体化,低额,薄眉骨,窄深眼窝,宽颧骨,幼态柔软面颊,骨感下颌,冷感眼,眼尾平直,窄眼距,灰蓝瞳,宽鼻根,宽骨鼻梁,骨感鼻头,平直唇,嘴角紧收,左颊浅疤,心形脸（面中立体化），薄眉骨/窄深眼窝，冷感眼·眼尾平直·窄眼距，宽鼻根/宽骨鼻梁/骨感鼻头，平直唇·嘴角紧收，骨感下颌
FD01435,肉感短脸,中轴微长,窄额,薄眉骨,宽浅眼窝,柔和颧骨,轻凹面颊,明显下颌角,宽杏眼,眼尾微挑,标准眼距,环状虹膜,窄鼻根,轻鹰钩鼻梁,肉感鼻头,上厚下薄,单侧上扬,双侧酒窝,肉感短脸（中轴微长），薄眉骨/宽浅眼窝，宽杏眼·眼尾微挑·标准眼距，窄鼻根/轻鹰钩鼻梁/肉感鼻头，上厚下薄·单侧上扬，明显下颌角
FD01436,幼态圆脸,颈部线条收短,低额,压迫感眉骨,眼下骨感,柔和颧骨,饱满面颊,收敛下颌,冷感眼,眼尾平直,标准眼距,异色瞳,中鼻根,轻微偏右鼻梁,骨感鼻头,厚唇,单侧上扬,颈侧细疤,幼态圆脸（颈部线条收短），压迫感眉骨/眼下骨感，冷感眼·眼尾平直·标准眼距，中鼻根/轻微偏右鼻梁/骨感鼻头，厚唇·单侧上扬，收敛下颌
FD01437,梨形脸,中轴微长,宽额,压迫感眉骨,浅眼窝,低颧骨,成熟收紧面颊,柔和下颌,圆长眼,眼尾下压,窄眼距,异色瞳,低鼻根,轻微偏右鼻梁,下压鼻头,平直唇,单侧上扬,瞳孔残缺,梨形脸（中轴微长），压迫感眉骨/浅眼窝，圆长眼·眼尾下压·窄眼距，低鼻根/轻微偏右鼻梁/下压鼻头，平直唇·单侧上扬，柔和下颌
FD01438,长心形脸,颊部略凹,低额,柔和眉骨,中度眼窝,宽颧骨,成熟收紧面颊,方下颌,平直杏眼,眼尾平直,宽眼距,灰蓝瞳,中鼻根,轻微偏右鼻梁,微钝鼻头,上薄下厚,嘴角平直,无标志,长心形脸（颊部略凹），柔和眉骨/中度眼窝，平直杏眼·眼尾平直·宽眼距，中鼻根/轻微偏右鼻梁/微钝鼻头，上薄下厚·嘴角平直，方下颌
FD01439,短方脸,面中平缓,平直额,厚眉骨,深眼窝,柔和颧骨,幼态柔软面颊,收敛下颌,鹿系眼,眼尾微挑,宽眼距,星点虹膜,中高鼻根,柔和鼻梁,窄翼鼻头,上厚下薄,嘴角紧收,左眼下浅泪痣,短方脸（面中平缓），厚眉骨/深眼窝，鹿系眼·眼尾微挑·宽眼距，中高鼻根/柔和鼻梁/窄翼鼻头，上厚下薄·嘴角紧收，收敛下颌
FD01440,方鹅蛋脸,下颌线清晰化,高额,低眉骨,宽浅眼窝,宽颧骨,薄面颊,收敛下颌,短杏眼,眼尾明显挑,标准眼距,墨玉瞳,低鼻根,宽骨鼻梁,骨感鼻头,上薄下厚,单侧上扬,颈侧细疤,方鹅蛋脸（下颌线清晰化），低眉骨/宽浅眼窝，短杏眼·眼尾明显挑·标准眼距，低鼻根/宽骨鼻梁/骨感鼻头，上薄下厚·单侧上扬，收敛下颌
FD01441,短圆脸,上庭收窄,低额,内侧突出眉骨,深眼窝,外扩颧骨,薄面颊,骨感下颌,柳叶眼,眼尾下压,标准眼距,异色瞳,低鼻根,高直鼻梁,骨感鼻头,厚唇,嘴角紧收,眉心竖纹浅痕,短圆脸（上庭收窄），内侧突出眉骨/深眼窝，柳叶眼·眼尾下压·标准眼距，低鼻根/高直鼻梁/骨感鼻头，厚唇·嘴角紧收，骨感下颌
FD01442,宽菱形,中轴微长,高额,内侧突出眉骨,浅眼窝,宽颧骨,饱满面颊,收敛下颌,冷感眼,眼尾下沉,标准眼距,碎裂虹膜,低鼻根,高直鼻梁,小圆鼻头,宽嘴,嘴角平直,眉心竖纹浅痕,宽菱形（中轴微长），内侧突出眉骨/浅眼窝，冷感眼·眼尾下沉·标准眼距，低鼻根/高直鼻梁/小圆鼻头，宽嘴·嘴角平直，收敛下颌
FD01443,圆方脸,颌角弱化,窄额,高眉骨,浅眼窝,低颧骨,饱满面颊,收敛下颌,圆长眼,眼尾延展,标准眼距,深色瞳,中高鼻根,宽骨鼻梁,下压鼻头,厚唇,嘴角紧收,左眼下浅泪痣,圆方脸（颌角弱化），高眉骨/浅眼窝，圆长眼·眼尾延展·标准眼距，中高鼻根/宽骨鼻梁/下压鼻头，厚唇·嘴角紧收，收敛下颌
FD01444,清瘦圆脸,颊部略凹,高额,柔和眉骨,浅眼窝,柔和颧骨,饱满面颊,明显下颌角,狭长瑞凤眼,眼尾明显挑,宽眼距,环状虹膜,高鼻根,轻微偏右鼻梁,方圆鼻头,厚唇,嘴角下垂,眼角小痣,清瘦圆脸（颊部略凹），柔和眉骨/浅眼窝，狭长瑞凤眼·眼尾明显挑·宽眼距，高鼻根/轻微偏右鼻梁/方圆鼻头，厚唇·嘴角下垂，明显下颌角
FD01445,短方脸,颌角弱化,低额,柔和眉骨,中度眼窝,窄颧骨,饱满面颊,圆方下颌,狭长瑞凤眼,眼尾明显挑,窄眼距,墨玉瞳,窄鼻根,轻微偏右鼻梁,肉感鼻头,成熟长唇,嘴角平直,颈侧细疤,短方脸（颌角弱化），柔和眉骨/中度眼窝，狭长瑞凤眼·眼尾明显挑·窄眼距，窄鼻根/轻微偏右鼻梁/肉感鼻头，成熟长唇·嘴角平直，圆方下颌
FD01446,宽菱形,颌角弱化,低额,厚眉骨,深眼窝,低颧骨,轻凹面颊,骨感下颌,宽杏眼,眼尾延展,窄眼距,琥珀瞳,中鼻根,轻微偏右鼻梁,微钝鼻头,宽嘴,嘴角下垂,眼睑褶皱不对称,宽菱形（颌角弱化），厚眉骨/深眼窝，宽杏眼·眼尾延展·窄眼距，中鼻根/轻微偏右鼻梁/微钝鼻头，宽嘴·嘴角下垂，骨感下颌
FD01447,长菱形,上庭展开,平直额,内侧突出眉骨,窄深眼窝,外扩颧骨,薄面颊,柔和下颌,宽杏眼,眼尾平直,宽眼距,墨玉瞳,窄鼻根,微弧鼻梁,小圆鼻头,平直唇,嘴角下垂,无标志,长菱形（上庭展开），内侧突出眉骨/窄深眼窝，宽杏眼·眼尾平直·宽眼距，窄鼻根/微弧鼻梁/小圆鼻头，平直唇·嘴角下垂，柔和下颌
FD01448,下颌突出脸,颈部线条收短,窄额,低眉骨,眼下骨感,柔和颧骨,成熟收紧面颊,圆方下颌,疲惫眼,眼尾下压,标准眼距,琥珀瞳,中鼻根,微弧鼻梁,微钝鼻头,弓形唇,嘴角紧收,眼睑褶皱不对称,下颌突出脸（颈部线条收短），低眉骨/眼下骨感，疲惫眼·眼尾下压·标准眼距，中鼻根/微弧鼻梁/微钝鼻头，弓形唇·嘴角紧收，圆方下颌
FD01449,长圆脸,面中平缓,高额,高眉骨,深眼窝,低颧骨,饱满面颊,宽下颌,柳叶眼,眼尾延展,窄眼距,浅褐瞳,高鼻根,宽骨鼻梁,窄翼鼻头,厚唇,嘴角下垂,单侧虎牙,长圆脸（面中平缓），高眉骨/深眼窝，柳叶眼·眼尾延展·窄眼距，高鼻根/宽骨鼻梁/窄翼鼻头，厚唇·嘴角下垂，宽下颌
FD01450,长圆脸,下颌线清晰化,宽额,厚眉骨,眼下饱满,宽颧骨,幼态柔软面颊,明显下颌角,狼系眼,眼尾明显挑,标准眼距,碎裂虹膜,高鼻根,宽骨鼻梁,小圆鼻头,上厚下薄,嘴角下垂,单侧酒窝,长圆脸（下颌线清晰化），厚眉骨/眼下饱满，狼系眼·眼尾明显挑·标准眼距，高鼻根/宽骨鼻梁/小圆鼻头，上厚下薄·嘴角下垂，明显下颌角
FD01451,短方脸,颈部线条收短,宽额,高眉骨,浅眼窝,高颧骨,薄面颊,明显下颌角,柳叶眼,眼尾延展,标准眼距,碎裂虹膜,窄鼻根,柔和鼻梁,下压鼻头,上厚下薄,嘴角紧收,颈侧细疤,短方脸（颈部线条收短），高眉骨/浅眼窝，柳叶眼·眼尾延展·标准眼距，窄鼻根/柔和鼻梁/下压鼻头，上厚下薄·嘴角紧收，明显下颌角
FD01452,骨感方脸,颧部外扩,高额,内侧突出眉骨,浅眼窝,窄颧骨,薄面颊,明显下颌角,窄杏眼,眼尾微挑,标准眼距,碎裂虹膜,宽鼻根,轻微偏左鼻梁,下压鼻头,平直唇,嘴角平直,无标志,骨感方脸（颧部外扩），内侧突出眉骨/浅眼窝，窄杏眼·眼尾微挑·标准眼距，宽鼻根/轻微偏左鼻梁/下压鼻头，平直唇·嘴角平直，明显下颌角
FD01453,上窄下宽脸,颈部线条收短,窄额,低眉骨,宽浅眼窝,外扩颧骨,饱满面颊,收敛下颌,丹凤眼,眼尾下压,窄眼距,异色瞳,高鼻根,中直鼻梁,小圆鼻头,平直唇,嘴角平直,左眼下浅泪痣,上窄下宽脸（颈部线条收短），低眉骨/宽浅眼窝，丹凤眼·眼尾下压·窄眼距，高鼻根/中直鼻梁/小圆鼻头，平直唇·嘴角平直，收敛下颌
FD01454,标准菱形,骨点外显,微凸额,低眉骨,窄深眼窝,低颧骨,幼态柔软面颊,方下颌,成熟长眼,眼尾下沉,标准眼距,灰蓝瞳,窄鼻根,中直鼻梁,轻翘鼻头,小嘴,单侧上扬,下颌浅疤,标准菱形（骨点外显），低眉骨/窄深眼窝，成熟长眼·眼尾下沉·标准眼距，窄鼻根/中直鼻梁/轻翘鼻头，小嘴·单侧上扬，方下颌
FD01455,鹅蛋偏方,骨点外显,平直额,厚眉骨,浅眼窝,窄颧骨,成熟收紧面颊,明显下颌角,成熟长眼,眼尾明显挑,标准眼距,灰蓝瞳,中鼻根,高直鼻梁,微钝鼻头,薄唇,嘴角上扬,瞳孔残缺,鹅蛋偏方（骨点外显），厚眉骨/浅眼窝，成熟长眼·眼尾明显挑·标准眼距，中鼻根/高直鼻梁/微钝鼻头，薄唇·嘴角上扬，明显下颌角
FD01456,长鹅蛋脸,上庭展开,骨感额,柔和眉骨,深眼窝,外扩颧骨,幼态柔软面颊,圆方下颌,短圆杏眼,眼尾延展,窄眼距,星点虹膜,宽鼻根,轻鹰钩鼻梁,方圆鼻头,弓形唇,嘴角下垂,下颌浅疤,长鹅蛋脸（上庭展开），柔和眉骨/深眼窝，短圆杏眼·眼尾延展·窄眼距，宽鼻根/轻鹰钩鼻梁/方圆鼻头，弓形唇·嘴角下垂，圆方下颌
FD01457,心形脸,颈部线条延长,宽额,薄眉骨,浅眼窝,高颧骨,轻凹面颊,柔和下颌,上扬凤眼,眼尾下沉,宽眼距,环状虹膜,宽鼻根,轻微偏左鼻梁,小圆鼻头,平直唇,嘴角上扬,环状虹膜,心形脸（颈部线条延长），薄眉骨/浅眼窝，上扬凤眼·眼尾下沉·宽眼距，宽鼻根/轻微偏左鼻梁/小圆鼻头，平直唇·嘴角上扬，柔和下颌
FD01458,成熟方脸,中庭展宽,微凸额,压迫感眉骨,眼下骨感,外扩颧骨,轻凹面颊,收敛下颌,宽杏眼,眼尾下沉,宽眼距,深色瞳,宽鼻根,高直鼻梁,肉感鼻头,上薄下厚,嘴角平直,无标志,成熟方脸（中庭展宽），压迫感眉骨/眼下骨感，宽杏眼·眼尾下沉·宽眼距，宽鼻根/高直鼻梁/肉感鼻头，上薄下厚·嘴角平直，收敛下颌
FD01459,长心形脸,下庭收窄,窄额,柔和眉骨,宽浅眼窝,低颧骨,幼态柔软面颊,圆方下颌,少年圆眼,眼尾微挑,窄眼距,深色瞳,窄鼻根,轻微偏右鼻梁,轻翘鼻头,弓形唇,嘴角上扬,无标志,长心形脸（下庭收窄），柔和眉骨/宽浅眼窝，少年圆眼·眼尾微挑·窄眼距，窄鼻根/轻微偏右鼻梁/轻翘鼻头，弓形唇·嘴角上扬，圆方下颌
FD01460,圆方脸,下颌线清晰化,宽额,高眉骨,中度眼窝,低颧骨,幼态柔软面颊,方下颌,鹿系眼,眼尾延展,宽眼距,星点虹膜,高鼻根,轻微偏右鼻梁,微钝鼻头,弓形唇,嘴角下垂,额角旧痕,圆方脸（下颌线清晰化），高眉骨/中度眼窝，鹿系眼·眼尾延展·宽眼距，高鼻根/轻微偏右鼻梁/微钝鼻头，弓形唇·嘴角下垂，方下颌
FD01461,幼态方脸,骨点外显,饱满额,高眉骨,宽浅眼窝,低颧骨,幼态柔软面颊,柔和下颌,短杏眼,眼尾下沉,窄眼距,浅褐瞳,窄鼻根,微弧鼻梁,微钝鼻头,宽嘴,单侧上扬,耳后小痣,幼态方脸（骨点外显），高眉骨/宽浅眼窝，短杏眼·眼尾下沉·窄眼距，窄鼻根/微弧鼻梁/微钝鼻头，宽嘴·单侧上扬，柔和下颌
FD01462,长菱形,下庭加重,宽额,内侧突出眉骨,宽浅眼窝,柔和颧骨,幼态柔软面颊,窄下颌,半睁懒眼,眼尾微挑,窄眼距,星点虹膜,宽鼻根,轻微偏右鼻梁,方圆鼻头,弓形唇,单侧上扬,右眼下浅泪痣,长菱形（下庭加重），内侧突出眉骨/宽浅眼窝，半睁懒眼·眼尾微挑·窄眼距，宽鼻根/轻微偏右鼻梁/方圆鼻头，弓形唇·单侧上扬，窄下颌
FD01463,肉感短脸,面中平缓,窄额,薄眉骨,宽浅眼窝,宽颧骨,薄面颊,圆方下颌,狭长瑞凤眼,眼尾下压,标准眼距,墨玉瞳,中高鼻根,轻鹰钩鼻梁,下压鼻头,薄唇,嘴角平直,无标志,肉感短脸（面中平缓），薄眉骨/宽浅眼窝，狭长瑞凤眼·眼尾下压·标准眼距，中高鼻根/轻鹰钩鼻梁/下压鼻头，薄唇·嘴角平直，圆方下颌
FD01464,正梯形脸,颊部饱满,宽额,厚眉骨,深眼窝,窄颧骨,饱满面颊,骨感下颌,成熟长眼,眼尾延展,标准眼距,环状虹膜,中鼻根,轻微偏左鼻梁,窄翼鼻头,成熟长唇,嘴角下垂,鼻梁旧伤,正梯形脸（颊部饱满），厚眉骨/深眼窝，成熟长眼·眼尾延展·标准眼距，中鼻根/轻微偏左鼻梁/窄翼鼻头，成熟长唇·嘴角下垂，骨感下颌
FD01465,鹅蛋偏菱,下颌线清晰化,骨感额,压迫感眉骨,中度眼窝,低颧骨,饱满面颊,收敛下颌,下垂眼,眼尾下压,标准眼距,碎裂虹膜,中高鼻根,轻微偏左鼻梁,方圆鼻头,弓形唇,单侧上扬,额角旧痕,鹅蛋偏菱（下颌线清晰化），压迫感眉骨/中度眼窝，下垂眼·眼尾下压·标准眼距，中高鼻根/轻微偏左鼻梁/方圆鼻头，弓形唇·单侧上扬，收敛下颌
FD01466,正梯形脸,偏锐收窄,微凸额,外侧突出眉骨,深眼窝,低颧骨,幼态柔软面颊,宽下颌,鹿系眼,眼尾下沉,宽眼距,琥珀瞳,低鼻根,高直鼻梁,小圆鼻头,厚唇,嘴角平直,瞳孔残缺,正梯形脸（偏锐收窄），外侧突出眉骨/深眼窝，鹿系眼·眼尾下沉·宽眼距，低鼻根/高直鼻梁/小圆鼻头，厚唇·嘴角平直，宽下颌
FD01467,骨感窄脸,颈部线条收短,宽额,厚眉骨,宽浅眼窝,高颧骨,轻凹面颊,窄下颌,少年圆眼,眼尾延展,窄眼距,淡金瞳,窄鼻根,柔和鼻梁,窄翼鼻头,宽嘴,单侧上扬,无标志,骨感窄脸（颈部线条收短），厚眉骨/宽浅眼窝，少年圆眼·眼尾延展·窄眼距，窄鼻根/柔和鼻梁/窄翼鼻头，宽嘴·单侧上扬，窄下颌
FD01468,宽心形脸,颊部略凹,骨感额,高眉骨,眼下饱满,宽颧骨,幼态柔软面颊,宽下颌,下垂眼,眼尾微挑,标准眼距,浅褐瞳,中高鼻根,轻微偏右鼻梁,肉感鼻头,弓形唇,嘴角平直,异色瞳,宽心形脸（颊部略凹），高眉骨/眼下饱满，下垂眼·眼尾微挑·标准眼距，中高鼻根/轻微偏右鼻梁/肉感鼻头，弓形唇·嘴角平直，宽下颌
FD01469,倒三角脸,面中立体化,平直额,内侧突出眉骨,眼下饱满,外扩颧骨,幼态柔软面颊,收敛下颌,疲惫眼,眼尾明显挑,标准眼距,异色瞳,中高鼻根,中直鼻梁,骨感鼻头,平直唇,单侧上扬,眉尾旧疤,倒三角脸（面中立体化），内侧突出眉骨/眼下饱满，疲惫眼·眼尾明显挑·标准眼距，中高鼻根/中直鼻梁/骨感鼻头，平直唇·单侧上扬，收敛下颌
FD01470,骨感窄脸,颈部线条收短,低额,内侧突出眉骨,浅眼窝,宽颧骨,幼态柔软面颊,明显下颌角,狼系眼,眼尾微挑,标准眼距,浅褐瞳,宽鼻根,轻微偏右鼻梁,肉感鼻头,弓形唇,嘴角紧收,无标志,骨感窄脸（颈部线条收短），内侧突出眉骨/浅眼窝，狼系眼·眼尾微挑·标准眼距，宽鼻根/轻微偏右鼻梁/肉感鼻头，弓形唇·嘴角紧收，明显下颌角
FD01471,倒三角脸,颧部外扩,平直额,内侧突出眉骨,深眼窝,窄颧骨,轻凹面颊,宽下颌,鹿系眼,眼尾明显挑,标准眼距,墨玉瞳,低鼻根,微弧鼻梁,窄翼鼻头,宽嘴,嘴角平直,右眉轻断,倒三角脸（颧部外扩），内侧突出眉骨/深眼窝，鹿系眼·眼尾明显挑·标准眼距，低鼻根/微弧鼻梁/窄翼鼻头，宽嘴·嘴角平直，宽下颌
FD01472,幼态方脸,颈部线条收短,微凸额,外侧突出眉骨,宽浅眼窝,柔和颧骨,饱满面颊,方下颌,半睁懒眼,眼尾延展,窄眼距,琥珀瞳,窄鼻根,轻鹰钩鼻梁,方圆鼻头,弓形唇,嘴角紧收,异色瞳,幼态方脸（颈部线条收短），外侧突出眉骨/宽浅眼窝，半睁懒眼·眼尾延展·窄眼距，窄鼻根/轻鹰钩鼻梁/方圆鼻头，弓形唇·嘴角紧收，方下颌
FD01473,长鹅蛋脸,颌角强调,低额,低眉骨,宽浅眼窝,高颧骨,薄面颊,明显下颌角,平直杏眼,眼尾平直,窄眼距,深色瞳,中鼻根,柔和鼻梁,窄翼鼻头,薄唇,嘴角紧收,眉上小疤,长鹅蛋脸（颌角强调），低眉骨/宽浅眼窝，平直杏眼·眼尾平直·窄眼距，中鼻根/柔和鼻梁/窄翼鼻头，薄唇·嘴角紧收，明显下颌角
FD01474,鹅蛋偏方,下庭收窄,低额,厚眉骨,深眼窝,外扩颧骨,薄面颊,方下颌,鹰隼眼,眼尾微挑,宽眼距,深色瞳,高鼻根,中直鼻梁,方圆鼻头,宽嘴,嘴角下垂,下颌浅疤,鹅蛋偏方（下庭收窄），厚眉骨/深眼窝，鹰隼眼·眼尾微挑·宽眼距，高鼻根/中直鼻梁/方圆鼻头，宽嘴·嘴角下垂，方下颌
FD01475,幼态圆脸,偏锐收窄,高额,压迫感眉骨,眼下饱满,高颧骨,幼态柔软面颊,窄下颌,成熟长眼,眼尾平直,宽眼距,墨玉瞳,宽鼻根,轻微偏右鼻梁,方圆鼻头,薄唇,单侧上扬,左颊浅疤,幼态圆脸（偏锐收窄），压迫感眉骨/眼下饱满，成熟长眼·眼尾平直·宽眼距，宽鼻根/轻微偏右鼻梁/方圆鼻头，薄唇·单侧上扬，窄下颌
FD01476,正梯形脸,颊部略凹,宽额,厚眉骨,眼下骨感,低颧骨,饱满面颊,骨感下颌,疲惫眼,眼尾下压,宽眼距,浅褐瞳,低鼻根,轻微偏右鼻梁,轻翘鼻头,宽嘴,嘴角上扬,环状虹膜,正梯形脸（颊部略凹），厚眉骨/眼下骨感，疲惫眼·眼尾下压·宽眼距，低鼻根/轻微偏右鼻梁/轻翘鼻头，宽嘴·嘴角上扬，骨感下颌
FD01477,宽鹅蛋脸,中轴微长,微凸额,压迫感眉骨,中度眼窝,窄颧骨,饱满面颊,窄下颌,猫系眼,眼尾下压,宽眼距,琥珀瞳,窄鼻根,轻鹰钩鼻梁,轻翘鼻头,平直唇,单侧上扬,碎裂虹膜,宽鹅蛋脸（中轴微长），压迫感眉骨/中度眼窝，猫系眼·眼尾下压·宽眼距，窄鼻根/轻鹰钩鼻梁/轻翘鼻头，平直唇·单侧上扬，窄下颌
FD01478,宽菱形,上庭收窄,骨感额,薄眉骨,浅眼窝,窄颧骨,成熟收紧面颊,明显下颌角,狭长瑞凤眼,眼尾微挑,窄眼距,异色瞳,中鼻根,柔和鼻梁,窄翼鼻头,宽嘴,嘴角紧收,左颊浅疤,宽菱形（上庭收窄），薄眉骨/浅眼窝，狭长瑞凤眼·眼尾微挑·窄眼距，中鼻根/柔和鼻梁/窄翼鼻头，宽嘴·嘴角紧收，明显下颌角
FD01479,窄鹅蛋脸,中庭展宽,饱满额,内侧突出眉骨,眼下骨感,窄颧骨,幼态柔软面颊,宽下颌,柳叶眼,眼尾延展,窄眼距,琥珀瞳,窄鼻根,中直鼻梁,微钝鼻头,小嘴,嘴角下垂,右眼下浅泪痣,窄鹅蛋脸（中庭展宽），内侧突出眉骨/眼下骨感，柳叶眼·眼尾延展·窄眼距，窄鼻根/中直鼻梁/微钝鼻头，小嘴·嘴角下垂，宽下颌
FD01480,短圆脸,颈部线条延长,微凸额,压迫感眉骨,宽浅眼窝,低颧骨,幼态柔软面颊,收敛下颌,窄杏眼,眼尾延展,宽眼距,环状虹膜,中鼻根,宽骨鼻梁,方圆鼻头,成熟长唇,嘴角平直,环状虹膜,短圆脸（颈部线条延长），压迫感眉骨/宽浅眼窝，窄杏眼·眼尾延展·宽眼距，中鼻根/宽骨鼻梁/方圆鼻头，成熟长唇·嘴角平直，收敛下颌
FD01481,颧部展开脸,偏锐收窄,骨感额,低眉骨,眼下骨感,柔和颧骨,饱满面颊,宽下颌,少年圆眼,眼尾下压,标准眼距,碎裂虹膜,中高鼻根,轻鹰钩鼻梁,方圆鼻头,上厚下薄,嘴角下垂,额角旧痕,颧部展开脸（偏锐收窄），低眉骨/眼下骨感，少年圆眼·眼尾下压·标准眼距，中高鼻根/轻鹰钩鼻梁/方圆鼻头，上厚下薄·嘴角下垂，宽下颌
FD01482,幼态方脸,中庭拉长,窄额,薄眉骨,深眼窝,窄颧骨,饱满面颊,骨感下颌,半睁懒眼,眼尾明显挑,窄眼距,星点虹膜,中鼻根,中直鼻梁,方圆鼻头,上薄下厚,单侧上扬,眉上小疤,幼态方脸（中庭拉长），薄眉骨/深眼窝，半睁懒眼·眼尾明显挑·窄眼距，中鼻根/中直鼻梁/方圆鼻头，上薄下厚·单侧上扬，骨感下颌
FD01483,柔和方脸,下庭收窄,平直额,厚眉骨,浅眼窝,高颧骨,薄面颊,圆方下颌,狭长眼,眼尾微挑,宽眼距,环状虹膜,宽鼻根,宽骨鼻梁,方圆鼻头,平直唇,嘴角平直,双侧酒窝,柔和方脸（下庭收窄），厚眉骨/浅眼窝，狭长眼·眼尾微挑·宽眼距，宽鼻根/宽骨鼻梁/方圆鼻头，平直唇·嘴角平直，圆方下颌
FD01484,长圆脸,中轴微长,饱满额,高眉骨,窄深眼窝,柔和颧骨,薄面颊,明显下颌角,瑞凤眼,眼尾明显挑,窄眼距,淡金瞳,高鼻根,中直鼻梁,小圆鼻头,弓形唇,嘴角上扬,异色瞳,长圆脸（中轴微长），高眉骨/窄深眼窝，瑞凤眼·眼尾明显挑·窄眼距，高鼻根/中直鼻梁/小圆鼻头，弓形唇·嘴角上扬，明显下颌角
FD01485,肉感短脸,偏柔圆润,高额,低眉骨,窄深眼窝,外扩颧骨,幼态柔软面颊,柔和下颌,窄杏眼,眼尾微挑,窄眼距,灰蓝瞳,中高鼻根,高直鼻梁,小圆鼻头,上薄下厚,单侧上扬,瞳孔残缺,肉感短脸（偏柔圆润），低眉骨/窄深眼窝，窄杏眼·眼尾微挑·窄眼距，中高鼻根/高直鼻梁/小圆鼻头，上薄下厚·单侧上扬，柔和下颌
FD01486,长方脸,颧部外扩,高额,薄眉骨,深眼窝,外扩颧骨,薄面颊,圆方下颌,狼系眼,眼尾微挑,宽眼距,异色瞳,中鼻根,轻微偏左鼻梁,肉感鼻头,平直唇,嘴角上扬,瞳孔残缺,长方脸（颧部外扩），薄眉骨/深眼窝，狼系眼·眼尾微挑·宽眼距，中鼻根/轻微偏左鼻梁/肉感鼻头，平直唇·嘴角上扬，圆方下颌
FD01487,标准菱形,颊部略凹,窄额,压迫感眉骨,中度眼窝,宽颧骨,轻凹面颊,方下颌,宽杏眼,眼尾延展,宽眼距,琥珀瞳,高鼻根,高直鼻梁,小圆鼻头,上薄下厚,嘴角紧收,额角旧痕,标准菱形（颊部略凹），压迫感眉骨/中度眼窝，宽杏眼·眼尾延展·宽眼距，高鼻根/高直鼻梁/小圆鼻头，上薄下厚·嘴角紧收，方下颌
FD01488,幼态圆脸,骨点内敛,窄额,外侧突出眉骨,宽浅眼窝,外扩颧骨,幼态柔软面颊,明显下颌角,窄杏眼,眼尾延展,窄眼距,淡金瞳,宽鼻根,轻微偏右鼻梁,肉感鼻头,厚唇,嘴角上扬,下颌浅疤,幼态圆脸（骨点内敛），外侧突出眉骨/宽浅眼窝，窄杏眼·眼尾延展·窄眼距，宽鼻根/轻微偏右鼻梁/肉感鼻头，厚唇·嘴角上扬，明显下颌角
FD01489,颧部展开脸,骨点外显,低额,外侧突出眉骨,窄深眼窝,窄颧骨,饱满面颊,窄下颌,猫系眼,眼尾微挑,宽眼距,深色瞳,高鼻根,柔和鼻梁,方圆鼻头,平直唇,嘴角上扬,左眼下浅泪痣,颧部展开脸（骨点外显），外侧突出眉骨/窄深眼窝，猫系眼·眼尾微挑·宽眼距，高鼻根/柔和鼻梁/方圆鼻头，平直唇·嘴角上扬，窄下颌
FD01490,长鹅蛋脸,偏柔圆润,平直额,外侧突出眉骨,宽浅眼窝,外扩颧骨,薄面颊,方下颌,猫系眼,眼尾延展,宽眼距,墨玉瞳,低鼻根,中直鼻梁,肉感鼻头,厚唇,嘴角平直,碎裂虹膜,长鹅蛋脸（偏柔圆润），外侧突出眉骨/宽浅眼窝，猫系眼·眼尾延展·宽眼距，低鼻根/中直鼻梁/肉感鼻头，厚唇·嘴角平直，方下颌
FD01491,窄鹅蛋脸,下庭收窄,宽额,低眉骨,中度眼窝,高颧骨,饱满面颊,方下颌,桃花眼,眼尾平直,窄眼距,淡金瞳,中高鼻根,柔和鼻梁,下压鼻头,平直唇,单侧上扬,左颊浅疤,窄鹅蛋脸（下庭收窄），低眉骨/中度眼窝，桃花眼·眼尾平直·窄眼距，中高鼻根/柔和鼻梁/下压鼻头，平直唇·单侧上扬，方下颌
FD01492,柔和菱形,颌角弱化,骨感额,厚眉骨,浅眼窝,低颧骨,饱满面颊,明显下颌角,疲惫眼,眼尾明显挑,窄眼距,浅褐瞳,低鼻根,轻鹰钩鼻梁,轻翘鼻头,上薄下厚,嘴角平直,左眼下浅泪痣,柔和菱形（颌角弱化），厚眉骨/浅眼窝，疲惫眼·眼尾明显挑·窄眼距，低鼻根/轻鹰钩鼻梁/轻翘鼻头，上薄下厚·嘴角平直，明显下颌角
FD01493,窄方脸,中轴收紧,饱满额,内侧突出眉骨,浅眼窝,宽颧骨,幼态柔软面颊,圆方下颌,长杏眼,眼尾延展,标准眼距,淡金瞳,宽鼻根,轻微偏左鼻梁,小圆鼻头,平直唇,单侧上扬,鼻梁旧伤,窄方脸（中轴收紧），内侧突出眉骨/浅眼窝，长杏眼·眼尾延展·标准眼距，宽鼻根/轻微偏左鼻梁/小圆鼻头，平直唇·单侧上扬，圆方下颌
FD01494,方鹅蛋脸,下颌线清晰化,低额,内侧突出眉骨,中度眼窝,窄颧骨,饱满面颊,骨感下颌,鹤系眼,眼尾明显挑,宽眼距,浅褐瞳,中鼻根,轻微偏右鼻梁,骨感鼻头,平直唇,嘴角紧收,瞳孔残缺,方鹅蛋脸（下颌线清晰化），内侧突出眉骨/中度眼窝，鹤系眼·眼尾明显挑·宽眼距，中鼻根/轻微偏右鼻梁/骨感鼻头，平直唇·嘴角紧收，骨感下颌
FD01495,倒梯形脸,骨点内敛,平直额,内侧突出眉骨,眼下骨感,低颧骨,幼态柔软面颊,窄下颌,瑞凤眼,眼尾下压,宽眼距,环状虹膜,窄鼻根,轻微偏左鼻梁,小圆鼻头,成熟长唇,嘴角紧收,单侧虎牙,倒梯形脸（骨点内敛），内侧突出眉骨/眼下骨感，瑞凤眼·眼尾下压·宽眼距，窄鼻根/轻微偏左鼻梁/小圆鼻头，成熟长唇·嘴角紧收，窄下颌
FD01496,长方脸,中庭拉长,低额,外侧突出眉骨,窄深眼窝,窄颧骨,成熟收紧面颊,收敛下颌,成熟长眼,眼尾明显挑,宽眼距,淡金瞳,窄鼻根,高直鼻梁,窄翼鼻头,厚唇,单侧上扬,左颊浅疤,长方脸（中庭拉长），外侧突出眉骨/窄深眼窝，成熟长眼·眼尾明显挑·宽眼距，窄鼻根/高直鼻梁/窄翼鼻头，厚唇·单侧上扬，收敛下颌
FD01497,长鹅蛋脸,颊部略凹,窄额,柔和眉骨,深眼窝,宽颧骨,幼态柔软面颊,收敛下颌,鹰隼眼,眼尾平直,标准眼距,星点虹膜,高鼻根,轻微偏左鼻梁,窄翼鼻头,平直唇,嘴角下垂,眼睑褶皱不对称,长鹅蛋脸（颊部略凹），柔和眉骨/深眼窝，鹰隼眼·眼尾平直·标准眼距，高鼻根/轻微偏左鼻梁/窄翼鼻头，平直唇·嘴角下垂，收敛下颌
FD01498,宽鹅蛋脸,颊部饱满,平直额,厚眉骨,深眼窝,柔和颧骨,成熟收紧面颊,柔和下颌,狭长瑞凤眼,眼尾平直,窄眼距,深色瞳,窄鼻根,轻微偏右鼻梁,下压鼻头,成熟长唇,嘴角平直,鼻梁旧伤,宽鹅蛋脸（颊部饱满），厚眉骨/深眼窝，狭长瑞凤眼·眼尾平直·窄眼距，窄鼻根/轻微偏右鼻梁/下压鼻头，成熟长唇·嘴角平直，柔和下颌
FD01499,长方脸,颌角弱化,宽额,内侧突出眉骨,中度眼窝,窄颧骨,轻凹面颊,柔和下颌,短圆杏眼,眼尾下沉,窄眼距,浅褐瞳,低鼻根,高直鼻梁,肉感鼻头,上薄下厚,嘴角平直,右眼下浅泪痣,长方脸（颌角弱化），内侧突出眉骨/中度眼窝，短圆杏眼·眼尾下沉·窄眼距，低鼻根/高直鼻梁/肉感鼻头，上薄下厚·嘴角平直，柔和下颌
FD01500,窄鹅蛋脸,颧部外扩,宽额,压迫感眉骨,窄深眼窝,宽颧骨,幼态柔软面颊,柔和下颌,宽杏眼,眼尾延展,宽眼距,浅褐瞳,低鼻根,微弧鼻梁,窄翼鼻头,小嘴,嘴角下垂,异色瞳,窄鹅蛋脸（颧部外扩），压迫感眉骨/窄深眼窝，宽杏眼·眼尾延展·宽眼距，低鼻根/微弧鼻梁/窄翼鼻头，小嘴·嘴角下垂，柔和下颌
FD01501,标准菱形,颧部外扩,高额,内侧突出眉骨,窄深眼窝,低颧骨,成熟收紧面颊,窄下颌,蛇系眼,眼尾微挑,窄眼距,异色瞳,宽鼻根,轻微偏右鼻梁,小圆鼻头,宽嘴,嘴角下垂,额角旧痕,标准菱形（颧部外扩），内侧突出眉骨/窄深眼窝，蛇系眼·眼尾微挑·窄眼距，宽鼻根/轻微偏右鼻梁/小圆鼻头，宽嘴·嘴角下垂，窄下颌
FD01502,梨形脸,面中立体化,平直额,压迫感眉骨,窄深眼窝,柔和颧骨,轻凹面颊,柔和下颌,冷感眼,眼尾微挑,窄眼距,星点虹膜,低鼻根,轻微偏左鼻梁,微钝鼻头,厚唇,单侧上扬,耳后小痣,梨形脸（面中立体化），压迫感眉骨/窄深眼窝，冷感眼·眼尾微挑·窄眼距，低鼻根/轻微偏左鼻梁/微钝鼻头，厚唇·单侧上扬，柔和下颌
FD01503,窄方脸,下颌线柔化,微凸额,压迫感眉骨,中度眼窝,外扩颧骨,轻凹面颊,柔和下颌,狼系眼,眼尾明显挑,标准眼距,淡金瞳,中鼻根,微弧鼻梁,窄翼鼻头,成熟长唇,嘴角紧收,眉心竖纹浅痕,窄方脸（下颌线柔化），压迫感眉骨/中度眼窝，狼系眼·眼尾明显挑·标准眼距，中鼻根/微弧鼻梁/窄翼鼻头，成熟长唇·嘴角紧收，柔和下颌
FD01504,柔和菱形,下颌线清晰化,高额,高眉骨,中度眼窝,柔和颧骨,幼态柔软面颊,柔和下颌,平直杏眼,眼尾平直,宽眼距,浅褐瞳,低鼻根,微弧鼻梁,下压鼻头,厚唇,单侧上扬,瞳孔残缺,柔和菱形（下颌线清晰化），高眉骨/中度眼窝，平直杏眼·眼尾平直·宽眼距，低鼻根/微弧鼻梁/下压鼻头，厚唇·单侧上扬，柔和下颌
FD01505,上窄下宽脸,面中平缓,骨感额,薄眉骨,眼下骨感,高颧骨,薄面颊,方下颌,冷感眼,眼尾下压,标准眼距,淡金瞳,窄鼻根,高直鼻梁,窄翼鼻头,上薄下厚,嘴角紧收,左颊浅疤,上窄下宽脸（面中平缓），薄眉骨/眼下骨感，冷感眼·眼尾下压·标准眼距，窄鼻根/高直鼻梁/窄翼鼻头，上薄下厚·嘴角紧收，方下颌
FD01506,心形脸,下颌线清晰化,平直额,薄眉骨,眼下饱满,低颧骨,饱满面颊,窄下颌,丹凤眼,眼尾明显挑,标准眼距,墨玉瞳,中鼻根,轻微偏右鼻梁,下压鼻头,上厚下薄,嘴角上扬,唇下小痣,心形脸（下颌线清晰化），薄眉骨/眼下饱满，丹凤眼·眼尾明显挑·标准眼距，中鼻根/轻微偏右鼻梁/下压鼻头，上厚下薄·嘴角上扬，窄下颌
FD01507,长鹅蛋脸,上庭展开,窄额,高眉骨,深眼窝,外扩颧骨,饱满面颊,明显下颌角,蛇系眼,眼尾延展,宽眼距,星点虹膜,高鼻根,轻微偏右鼻梁,肉感鼻头,上厚下薄,单侧上扬,左眼下浅泪痣,长鹅蛋脸（上庭展开），高眉骨/深眼窝，蛇系眼·眼尾延展·宽眼距，高鼻根/轻微偏右鼻梁/肉感鼻头，上厚下薄·单侧上扬，明显下颌角
FD01508,上宽下窄脸,偏柔圆润,低额,薄眉骨,眼下饱满,低颧骨,饱满面颊,宽下颌,成熟长眼,眼尾平直,窄眼距,环状虹膜,窄鼻根,轻微偏右鼻梁,微钝鼻头,小嘴,单侧上扬,双侧酒窝,上宽下窄脸（偏柔圆润），薄眉骨/眼下饱满，成熟长眼·眼尾平直·窄眼距，窄鼻根/轻微偏右鼻梁/微钝鼻头，小嘴·单侧上扬，宽下颌
FD01509,长鹅蛋脸,骨点外显,饱满额,压迫感眉骨,眼下骨感,高颧骨,幼态柔软面颊,圆方下颌,鹿系眼,眼尾下压,宽眼距,灰蓝瞳,中高鼻根,轻微偏左鼻梁,肉感鼻头,弓形唇,嘴角下垂,颈侧细疤,长鹅蛋脸（骨点外显），压迫感眉骨/眼下骨感，鹿系眼·眼尾下压·宽眼距，中高鼻根/轻微偏左鼻梁/肉感鼻头，弓形唇·嘴角下垂，圆方下颌
FD01510,宽心形脸,颊部略凹,宽额,薄眉骨,眼下饱满,窄颧骨,薄面颊,骨感下颌,鹤系眼,眼尾明显挑,标准眼距,星点虹膜,低鼻根,宽骨鼻梁,微钝鼻头,成熟长唇,单侧上扬,下颌浅疤,宽心形脸（颊部略凹），薄眉骨/眼下饱满，鹤系眼·眼尾明显挑·标准眼距，低鼻根/宽骨鼻梁/微钝鼻头，成熟长唇·单侧上扬，骨感下颌
FD01511,短圆脸,下颌线柔化,微凸额,低眉骨,眼下饱满,窄颧骨,幼态柔软面颊,圆方下颌,桃花眼,眼尾延展,宽眼距,深色瞳,宽鼻根,轻微偏右鼻梁,肉感鼻头,平直唇,嘴角下垂,眼睑褶皱不对称,短圆脸（下颌线柔化），低眉骨/眼下饱满，桃花眼·眼尾延展·宽眼距，宽鼻根/轻微偏右鼻梁/肉感鼻头，平直唇·嘴角下垂，圆方下颌
FD01512,颧部展开脸,颈部线条收短,窄额,高眉骨,眼下骨感,柔和颧骨,饱满面颊,宽下颌,平直杏眼,眼尾下沉,标准眼距,墨玉瞳,窄鼻根,微弧鼻梁,小圆鼻头,小嘴,嘴角上扬,瞳孔残缺,颧部展开脸（颈部线条收短），高眉骨/眼下骨感，平直杏眼·眼尾下沉·标准眼距，窄鼻根/微弧鼻梁/小圆鼻头，小嘴·嘴角上扬，宽下颌
FD01513,心形脸,颧部外扩,微凸额,柔和眉骨,眼下饱满,高颧骨,幼态柔软面颊,圆方下颌,狐狸系眼,眼尾微挑,宽眼距,碎裂虹膜,窄鼻根,高直鼻梁,小圆鼻头,上薄下厚,嘴角下垂,异色瞳,心形脸（颧部外扩），柔和眉骨/眼下饱满，狐狸系眼·眼尾微挑·宽眼距，窄鼻根/高直鼻梁/小圆鼻头，上薄下厚·嘴角下垂，圆方下颌
FD01514,圆方脸,颊部略凹,高额,厚眉骨,宽浅眼窝,外扩颧骨,幼态柔软面颊,收敛下颌,狭长瑞凤眼,眼尾下沉,窄眼距,灰蓝瞳,低鼻根,轻微偏右鼻梁,方圆鼻头,宽嘴,嘴角上扬,双侧酒窝,圆方脸（颊部略凹），厚眉骨/宽浅眼窝，狭长瑞凤眼·眼尾下沉·窄眼距，低鼻根/轻微偏右鼻梁/方圆鼻头，宽嘴·嘴角上扬，收敛下颌
FD01515,颧部展开脸,中庭拉长,骨感额,厚眉骨,眼下骨感,低颧骨,薄面颊,柔和下颌,桃花眼,眼尾下压,窄眼距,碎裂虹膜,中高鼻根,中直鼻梁,窄翼鼻头,小嘴,嘴角平直,鼻梁旧伤,颧部展开脸（中庭拉长），厚眉骨/眼下骨感，桃花眼·眼尾下压·窄眼距，中高鼻根/中直鼻梁/窄翼鼻头，小嘴·嘴角平直，柔和下颌
FD01516,方菱过渡脸,偏柔圆润,高额,内侧突出眉骨,浅眼窝,低颧骨,薄面颊,收敛下颌,狐狸系眼,眼尾平直,宽眼距,墨玉瞳,窄鼻根,中直鼻梁,下压鼻头,薄唇,单侧上扬,单侧虎牙,方菱过渡脸（偏柔圆润），内侧突出眉骨/浅眼窝，狐狸系眼·眼尾平直·宽眼距，窄鼻根/中直鼻梁/下压鼻头，薄唇·单侧上扬，收敛下颌
FD01517,骨感方脸,颧部微收,微凸额,内侧突出眉骨,深眼窝,高颧骨,成熟收紧面颊,窄下颌,瑞凤眼,眼尾下压,标准眼距,灰蓝瞳,中鼻根,轻鹰钩鼻梁,微钝鼻头,上厚下薄,嘴角平直,耳后小痣,骨感方脸（颧部微收），内侧突出眉骨/深眼窝，瑞凤眼·眼尾下压·标准眼距，中鼻根/轻鹰钩鼻梁/微钝鼻头，上厚下薄·嘴角平直，窄下颌
FD01518,下颌突出脸,颊部略凹,平直额,薄眉骨,眼下骨感,宽颧骨,薄面颊,窄下颌,狼系眼,眼尾下压,宽眼距,淡金瞳,窄鼻根,宽骨鼻梁,窄翼鼻头,宽嘴,嘴角平直,下颌浅疤,下颌突出脸（颊部略凹），薄眉骨/眼下骨感，狼系眼·眼尾下压·宽眼距，窄鼻根/宽骨鼻梁/窄翼鼻头，宽嘴·嘴角平直，窄下颌
FD01519,梨形脸,颧部外扩,高额,柔和眉骨,窄深眼窝,外扩颧骨,薄面颊,圆方下颌,长杏眼,眼尾下沉,窄眼距,灰蓝瞳,宽鼻根,高直鼻梁,肉感鼻头,上薄下厚,嘴角下垂,鼻梁旧伤,梨形脸（颧部外扩），柔和眉骨/窄深眼窝，长杏眼·眼尾下沉·窄眼距，宽鼻根/高直鼻梁/肉感鼻头，上薄下厚·嘴角下垂，圆方下颌
FD01520,骨感菱形,中轴收紧,平直额,压迫感眉骨,窄深眼窝,窄颧骨,饱满面颊,圆方下颌,圆长眼,眼尾延展,窄眼距,异色瞳,窄鼻根,轻微偏右鼻梁,骨感鼻头,小嘴,单侧上扬,异色瞳,骨感菱形（中轴收紧），压迫感眉骨/窄深眼窝，圆长眼·眼尾延展·窄眼距，窄鼻根/轻微偏右鼻梁/骨感鼻头，小嘴·单侧上扬，圆方下颌
FD01521,倒梯形脸,上庭展开,低额,压迫感眉骨,眼下饱满,高颧骨,成熟收紧面颊,窄下颌,上扬凤眼,眼尾平直,宽眼距,深色瞳,中高鼻根,轻微偏右鼻梁,小圆鼻头,宽嘴,嘴角平直,单侧酒窝,倒梯形脸（上庭展开），压迫感眉骨/眼下饱满，上扬凤眼·眼尾平直·宽眼距，中高鼻根/轻微偏右鼻梁/小圆鼻头，宽嘴·嘴角平直，窄下颌
FD01522,宽心形脸,中庭拉长,宽额,外侧突出眉骨,浅眼窝,柔和颧骨,成熟收紧面颊,窄下颌,丹凤眼,眼尾下沉,窄眼距,碎裂虹膜,中鼻根,轻微偏右鼻梁,小圆鼻头,上薄下厚,嘴角上扬,无标志,宽心形脸（中庭拉长），外侧突出眉骨/浅眼窝，丹凤眼·眼尾下沉·窄眼距，中鼻根/轻微偏右鼻梁/小圆鼻头，上薄下厚·嘴角上扬，窄下颌
FD01523,宽菱形,颧部外扩,微凸额,压迫感眉骨,宽浅眼窝,柔和颧骨,成熟收紧面颊,明显下颌角,窄杏眼,眼尾延展,宽眼距,星点虹膜,中高鼻根,中直鼻梁,窄翼鼻头,小嘴,嘴角上扬,右眉轻断,宽菱形（颧部外扩），压迫感眉骨/宽浅眼窝，窄杏眼·眼尾延展·宽眼距，中高鼻根/中直鼻梁/窄翼鼻头，小嘴·嘴角上扬，明显下颌角
FD01524,下颌突出脸,上庭展开,低额,高眉骨,中度眼窝,柔和颧骨,成熟收紧面颊,方下颌,疲惫眼,眼尾明显挑,标准眼距,星点虹膜,窄鼻根,轻鹰钩鼻梁,小圆鼻头,薄唇,嘴角紧收,瞳孔残缺,下颌突出脸（上庭展开），高眉骨/中度眼窝，疲惫眼·眼尾明显挑·标准眼距，窄鼻根/轻鹰钩鼻梁/小圆鼻头，薄唇·嘴角紧收，方下颌
FD01525,上窄下宽脸,下庭收窄,低额,低眉骨,窄深眼窝,高颧骨,饱满面颊,骨感下颌,猫系眼,眼尾下压,窄眼距,碎裂虹膜,低鼻根,轻微偏右鼻梁,方圆鼻头,弓形唇,嘴角上扬,右眼下浅泪痣,上窄下宽脸（下庭收窄），低眉骨/窄深眼窝，猫系眼·眼尾下压·窄眼距，低鼻根/轻微偏右鼻梁/方圆鼻头，弓形唇·嘴角上扬，骨感下颌
FD01526,骨感窄脸,上庭收窄,低额,低眉骨,浅眼窝,窄颧骨,成熟收紧面颊,明显下颌角,蛇系眼,眼尾明显挑,标准眼距,异色瞳,低鼻根,宽骨鼻梁,骨感鼻头,厚唇,单侧上扬,左颊浅疤,骨感窄脸（上庭收窄），低眉骨/浅眼窝，蛇系眼·眼尾明显挑·标准眼距，低鼻根/宽骨鼻梁/骨感鼻头，厚唇·单侧上扬，明显下颌角
FD01527,短鹅蛋脸,中庭展宽,平直额,外侧突出眉骨,眼下饱满,窄颧骨,成熟收紧面颊,方下颌,半睁懒眼,眼尾延展,标准眼距,淡金瞳,高鼻根,柔和鼻梁,下压鼻头,上薄下厚,单侧上扬,碎裂虹膜,短鹅蛋脸（中庭展宽），外侧突出眉骨/眼下饱满，半睁懒眼·眼尾延展·标准眼距，高鼻根/柔和鼻梁/下压鼻头，上薄下厚·单侧上扬，方下颌
FD01528,颧部展开脸,颈部线条收短,低额,厚眉骨,窄深眼窝,低颧骨,成熟收紧面颊,骨感下颌,丹凤眼,眼尾平直,宽眼距,环状虹膜,低鼻根,柔和鼻梁,轻翘鼻头,宽嘴,嘴角下垂,碎裂虹膜,颧部展开脸（颈部线条收短），厚眉骨/窄深眼窝，丹凤眼·眼尾平直·宽眼距，低鼻根/柔和鼻梁/轻翘鼻头，宽嘴·嘴角下垂，骨感下颌
FD01529,长圆脸,中庭展宽,饱满额,低眉骨,眼下骨感,柔和颧骨,轻凹面颊,宽下颌,下垂眼,眼尾延展,标准眼距,灰蓝瞳,中鼻根,轻微偏左鼻梁,骨感鼻头,成熟长唇,嘴角紧收,右眼下浅泪痣,长圆脸（中庭展宽），低眉骨/眼下骨感，下垂眼·眼尾延展·标准眼距，中鼻根/轻微偏左鼻梁/骨感鼻头，成熟长唇·嘴角紧收，宽下颌
FD01530,长心形脸,骨点外显,平直额,内侧突出眉骨,眼下骨感,高颧骨,成熟收紧面颊,方下颌,上扬凤眼,眼尾下压,宽眼距,环状虹膜,中鼻根,轻微偏右鼻梁,肉感鼻头,上薄下厚,嘴角下垂,左颊浅疤,长心形脸（骨点外显），内侧突出眉骨/眼下骨感，上扬凤眼·眼尾下压·宽眼距，中鼻根/轻微偏右鼻梁/肉感鼻头，上薄下厚·嘴角下垂，方下颌
FD01531,长心形脸,上庭展开,低额,高眉骨,浅眼窝,高颧骨,饱满面颊,明显下颌角,短圆杏眼,眼尾下沉,宽眼距,灰蓝瞳,高鼻根,轻鹰钩鼻梁,方圆鼻头,上薄下厚,单侧上扬,眼角小痣,长心形脸（上庭展开），高眉骨/浅眼窝，短圆杏眼·眼尾下沉·宽眼距，高鼻根/轻鹰钩鼻梁/方圆鼻头，上薄下厚·单侧上扬，明显下颌角
FD01532,柔和方脸,骨点内敛,高额,压迫感眉骨,窄深眼窝,外扩颧骨,饱满面颊,宽下颌,平直杏眼,眼尾下压,宽眼距,环状虹膜,高鼻根,微弧鼻梁,小圆鼻头,小嘴,嘴角上扬,左颊浅疤,柔和方脸（骨点内敛），压迫感眉骨/窄深眼窝，平直杏眼·眼尾下压·宽眼距，高鼻根/微弧鼻梁/小圆鼻头，小嘴·嘴角上扬，宽下颌
FD01533,心形脸,偏柔圆润,宽额,高眉骨,窄深眼窝,高颧骨,饱满面颊,方下颌,窄杏眼,眼尾下沉,标准眼距,墨玉瞳,高鼻根,柔和鼻梁,方圆鼻头,成熟长唇,嘴角紧收,指节薄茧,心形脸（偏柔圆润），高眉骨/窄深眼窝，窄杏眼·眼尾下沉·标准眼距，高鼻根/柔和鼻梁/方圆鼻头，成熟长唇·嘴角紧收，方下颌
FD01534,长菱形,中轴微长,窄额,压迫感眉骨,宽浅眼窝,低颧骨,饱满面颊,宽下颌,猫系眼,眼尾下沉,标准眼距,琥珀瞳,低鼻根,高直鼻梁,窄翼鼻头,宽嘴,嘴角平直,眉尾旧疤,长菱形（中轴微长），压迫感眉骨/宽浅眼窝，猫系眼·眼尾下沉·标准眼距，低鼻根/高直鼻梁/窄翼鼻头，宽嘴·嘴角平直，宽下颌
FD01535,倒三角脸,上庭展开,低额,厚眉骨,中度眼窝,窄颧骨,幼态柔软面颊,宽下颌,鹤系眼,眼尾明显挑,宽眼距,深色瞳,中鼻根,高直鼻梁,下压鼻头,小嘴,单侧上扬,眉尾旧疤,倒三角脸（上庭展开），厚眉骨/中度眼窝，鹤系眼·眼尾明显挑·宽眼距，中鼻根/高直鼻梁/下压鼻头，小嘴·单侧上扬，宽下颌
FD01536,倒三角脸,中庭拉长,宽额,内侧突出眉骨,深眼窝,低颧骨,幼态柔软面颊,明显下颌角,圆长眼,眼尾下压,宽眼距,深色瞳,窄鼻根,微弧鼻梁,微钝鼻头,平直唇,单侧上扬,鼻梁旧伤,倒三角脸（中庭拉长），内侧突出眉骨/深眼窝，圆长眼·眼尾下压·宽眼距，窄鼻根/微弧鼻梁/微钝鼻头，平直唇·单侧上扬，明显下颌角
FD01537,短方脸,中轴微长,饱满额,柔和眉骨,眼下饱满,宽颧骨,饱满面颊,方下颌,柳叶眼,眼尾延展,标准眼距,碎裂虹膜,中鼻根,微弧鼻梁,下压鼻头,平直唇,嘴角下垂,额角旧痕,短方脸（中轴微长），柔和眉骨/眼下饱满，柳叶眼·眼尾延展·标准眼距，中鼻根/微弧鼻梁/下压鼻头，平直唇·嘴角下垂，方下颌
FD01538,宽方脸,偏柔圆润,窄额,内侧突出眉骨,宽浅眼窝,外扩颧骨,薄面颊,明显下颌角,半睁懒眼,眼尾下压,窄眼距,深色瞳,宽鼻根,轻鹰钩鼻梁,方圆鼻头,薄唇,嘴角平直,无标志,宽方脸（偏柔圆润），内侧突出眉骨/宽浅眼窝，半睁懒眼·眼尾下压·窄眼距，宽鼻根/轻鹰钩鼻梁/方圆鼻头，薄唇·嘴角平直，明显下颌角
FD01539,方菱过渡脸,颧部外扩,平直额,薄眉骨,宽浅眼窝,柔和颧骨,轻凹面颊,圆方下颌,丹凤眼,眼尾下压,窄眼距,淡金瞳,中高鼻根,柔和鼻梁,小圆鼻头,宽嘴,嘴角平直,左颊浅疤,方菱过渡脸（颧部外扩），薄眉骨/宽浅眼窝，丹凤眼·眼尾下压·窄眼距，中高鼻根/柔和鼻梁/小圆鼻头，宽嘴·嘴角平直，圆方下颌
FD01540,圆方脸,下颌线柔化,低额,压迫感眉骨,中度眼窝,外扩颧骨,薄面颊,圆方下颌,短圆杏眼,眼尾下压,窄眼距,环状虹膜,窄鼻根,宽骨鼻梁,轻翘鼻头,小嘴,嘴角平直,额角旧痕,圆方脸（下颌线柔化），压迫感眉骨/中度眼窝，短圆杏眼·眼尾下压·窄眼距，窄鼻根/宽骨鼻梁/轻翘鼻头，小嘴·嘴角平直，圆方下颌
FD01541,宽菱形,颧部外扩,低额,压迫感眉骨,眼下骨感,宽颧骨,饱满面颊,方下颌,狭长瑞凤眼,眼尾平直,宽眼距,星点虹膜,低鼻根,宽骨鼻梁,下压鼻头,上厚下薄,嘴角上扬,下颌浅疤,宽菱形（颧部外扩），压迫感眉骨/眼下骨感，狭长瑞凤眼·眼尾平直·宽眼距，低鼻根/宽骨鼻梁/下压鼻头，上厚下薄·嘴角上扬，方下颌
FD01542,下颌突出脸,颌角强调,平直额,薄眉骨,窄深眼窝,窄颧骨,轻凹面颊,明显下颌角,蛇系眼,眼尾明显挑,标准眼距,星点虹膜,中鼻根,微弧鼻梁,骨感鼻头,厚唇,单侧上扬,无标志,下颌突出脸（颌角强调），薄眉骨/窄深眼窝，蛇系眼·眼尾明显挑·标准眼距，中鼻根/微弧鼻梁/骨感鼻头，厚唇·单侧上扬，明显下颌角
FD01543,方菱过渡脸,下庭收窄,微凸额,高眉骨,眼下饱满,高颧骨,薄面颊,明显下颌角,圆长眼,眼尾平直,宽眼距,灰蓝瞳,宽鼻根,高直鼻梁,小圆鼻头,成熟长唇,嘴角紧收,异色瞳,方菱过渡脸（下庭收窄），高眉骨/眼下饱满，圆长眼·眼尾平直·宽眼距，宽鼻根/高直鼻梁/小圆鼻头，成熟长唇·嘴角紧收，明显下颌角
FD01544,圆方脸,颌角弱化,微凸额,厚眉骨,中度眼窝,宽颧骨,轻凹面颊,圆方下颌,短圆杏眼,眼尾明显挑,窄眼距,淡金瞳,高鼻根,中直鼻梁,方圆鼻头,薄唇,嘴角上扬,单侧虎牙,圆方脸（颌角弱化），厚眉骨/中度眼窝，短圆杏眼·眼尾明显挑·窄眼距，高鼻根/中直鼻梁/方圆鼻头，薄唇·嘴角上扬，圆方下颌
FD01545,宽菱形,颧部微收,微凸额,低眉骨,浅眼窝,宽颧骨,成熟收紧面颊,柔和下颌,平直杏眼,眼尾微挑,标准眼距,异色瞳,宽鼻根,中直鼻梁,小圆鼻头,弓形唇,嘴角平直,眉尾旧疤,宽菱形（颧部微收），低眉骨/浅眼窝，平直杏眼·眼尾微挑·标准眼距，宽鼻根/中直鼻梁/小圆鼻头，弓形唇·嘴角平直，柔和下颌
FD01546,梨形脸,颈部线条延长,高额,外侧突出眉骨,眼下饱满,低颧骨,饱满面颊,方下颌,狼系眼,眼尾下沉,窄眼距,琥珀瞳,低鼻根,柔和鼻梁,下压鼻头,厚唇,嘴角紧收,单侧虎牙,梨形脸（颈部线条延长），外侧突出眉骨/眼下饱满，狼系眼·眼尾下沉·窄眼距，低鼻根/柔和鼻梁/下压鼻头，厚唇·嘴角紧收，方下颌
FD01547,骨感方脸,颊部饱满,低额,薄眉骨,宽浅眼窝,高颧骨,幼态柔软面颊,柔和下颌,窄杏眼,眼尾下沉,窄眼距,深色瞳,低鼻根,宽骨鼻梁,微钝鼻头,上厚下薄,嘴角上扬,碎裂虹膜,骨感方脸（颊部饱满），薄眉骨/宽浅眼窝，窄杏眼·眼尾下沉·窄眼距，低鼻根/宽骨鼻梁/微钝鼻头，上厚下薄·嘴角上扬，柔和下颌
FD01548,鹅蛋偏心形,颌角弱化,低额,内侧突出眉骨,深眼窝,柔和颧骨,成熟收紧面颊,宽下颌,少年圆眼,眼尾平直,宽眼距,深色瞳,中高鼻根,宽骨鼻梁,方圆鼻头,上厚下薄,嘴角紧收,下颌浅疤,鹅蛋偏心形（颌角弱化），内侧突出眉骨/深眼窝，少年圆眼·眼尾平直·宽眼距，中高鼻根/宽骨鼻梁/方圆鼻头，上厚下薄·嘴角紧收，宽下颌
FD01549,鹅蛋偏方,中庭展宽,窄额,高眉骨,深眼窝,高颧骨,薄面颊,明显下颌角,上扬凤眼,眼尾延展,标准眼距,环状虹膜,中鼻根,轻微偏左鼻梁,微钝鼻头,厚唇,嘴角紧收,双侧酒窝,鹅蛋偏方（中庭展宽），高眉骨/深眼窝，上扬凤眼·眼尾延展·标准眼距，中鼻根/轻微偏左鼻梁/微钝鼻头，厚唇·嘴角紧收，明显下颌角
FD01550,宽菱形,颊部略凹,饱满额,低眉骨,宽浅眼窝,外扩颧骨,轻凹面颊,宽下颌,狭长眼,眼尾微挑,标准眼距,琥珀瞳,高鼻根,高直鼻梁,骨感鼻头,上厚下薄,单侧上扬,异色瞳,宽菱形（颊部略凹），低眉骨/宽浅眼窝，狭长眼·眼尾微挑·标准眼距，高鼻根/高直鼻梁/骨感鼻头，上厚下薄·单侧上扬，宽下颌
FD01551,骨感菱形,偏锐收窄,平直额,外侧突出眉骨,宽浅眼窝,宽颧骨,饱满面颊,收敛下颌,疲惫眼,眼尾延展,宽眼距,碎裂虹膜,宽鼻根,轻微偏左鼻梁,下压鼻头,上厚下薄,嘴角平直,无标志,骨感菱形（偏锐收窄），外侧突出眉骨/宽浅眼窝，疲惫眼·眼尾延展·宽眼距，宽鼻根/轻微偏左鼻梁/下压鼻头，上厚下薄·嘴角平直，收敛下颌
FD01552,方菱过渡脸,面中立体化,平直额,高眉骨,眼下饱满,低颧骨,轻凹面颊,圆方下颌,短圆杏眼,眼尾微挑,窄眼距,灰蓝瞳,低鼻根,中直鼻梁,方圆鼻头,上薄下厚,嘴角上扬,右眉轻断,方菱过渡脸（面中立体化），高眉骨/眼下饱满，短圆杏眼·眼尾微挑·窄眼距，低鼻根/中直鼻梁/方圆鼻头，上薄下厚·嘴角上扬，圆方下颌
FD01553,窄鹅蛋脸,上庭收窄,骨感额,外侧突出眉骨,眼下骨感,低颧骨,幼态柔软面颊,柔和下颌,丹凤眼,眼尾下沉,宽眼距,墨玉瞳,中高鼻根,轻微偏右鼻梁,轻翘鼻头,薄唇,嘴角平直,右眼下浅泪痣,窄鹅蛋脸（上庭收窄），外侧突出眉骨/眼下骨感，丹凤眼·眼尾下沉·宽眼距，中高鼻根/轻微偏右鼻梁/轻翘鼻头，薄唇·嘴角平直，柔和下颌
FD01554,长方脸,偏锐收窄,平直额,外侧突出眉骨,宽浅眼窝,低颧骨,薄面颊,宽下颌,圆长眼,眼尾明显挑,标准眼距,淡金瞳,窄鼻根,轻微偏右鼻梁,下压鼻头,薄唇,嘴角紧收,环状虹膜,长方脸（偏锐收窄），外侧突出眉骨/宽浅眼窝，圆长眼·眼尾明显挑·标准眼距，窄鼻根/轻微偏右鼻梁/下压鼻头，薄唇·嘴角紧收，宽下颌
FD01555,骨感菱形,下庭加重,高额,内侧突出眉骨,宽浅眼窝,柔和颧骨,幼态柔软面颊,圆方下颌,平直杏眼,眼尾平直,标准眼距,异色瞳,低鼻根,中直鼻梁,下压鼻头,成熟长唇,嘴角紧收,异色瞳,骨感菱形（下庭加重），内侧突出眉骨/宽浅眼窝，平直杏眼·眼尾平直·标准眼距，低鼻根/中直鼻梁/下压鼻头，成熟长唇·嘴角紧收，圆方下颌
FD01556,宽菱形,偏锐收窄,骨感额,厚眉骨,宽浅眼窝,低颧骨,薄面颊,明显下颌角,圆长眼,眼尾下压,窄眼距,墨玉瞳,低鼻根,轻鹰钩鼻梁,微钝鼻头,薄唇,嘴角上扬,耳后小痣,宽菱形（偏锐收窄），厚眉骨/宽浅眼窝，圆长眼·眼尾下压·窄眼距，低鼻根/轻鹰钩鼻梁/微钝鼻头，薄唇·嘴角上扬，明显下颌角
FD01557,柔和菱形,颊部略凹,骨感额,外侧突出眉骨,中度眼窝,柔和颧骨,薄面颊,柔和下颌,冷感眼,眼尾平直,宽眼距,灰蓝瞳,低鼻根,宽骨鼻梁,窄翼鼻头,成熟长唇,嘴角上扬,眉尾旧疤,柔和菱形（颊部略凹），外侧突出眉骨/中度眼窝，冷感眼·眼尾平直·宽眼距，低鼻根/宽骨鼻梁/窄翼鼻头，成熟长唇·嘴角上扬，柔和下颌
FD01558,颧部展开脸,下庭收窄,低额,薄眉骨,眼下饱满,低颧骨,轻凹面颊,柔和下颌,猫系眼,眼尾延展,窄眼距,深色瞳,中鼻根,柔和鼻梁,肉感鼻头,宽嘴,单侧上扬,环状虹膜,颧部展开脸（下庭收窄），薄眉骨/眼下饱满，猫系眼·眼尾延展·窄眼距，中鼻根/柔和鼻梁/肉感鼻头，宽嘴·单侧上扬，柔和下颌
FD01559,骨感菱形,中轴微长,窄额,厚眉骨,眼下饱满,窄颧骨,饱满面颊,宽下颌,宽杏眼,眼尾平直,宽眼距,异色瞳,高鼻根,微弧鼻梁,方圆鼻头,成熟长唇,单侧上扬,眉心竖纹浅痕,骨感菱形（中轴微长），厚眉骨/眼下饱满，宽杏眼·眼尾平直·宽眼距，高鼻根/微弧鼻梁/方圆鼻头，成熟长唇·单侧上扬，宽下颌
FD01560,柔和方脸,颊部饱满,窄额,柔和眉骨,中度眼窝,窄颧骨,饱满面颊,窄下颌,鹿系眼,眼尾下压,窄眼距,墨玉瞳,高鼻根,轻微偏右鼻梁,方圆鼻头,平直唇,嘴角紧收,额角旧痕,柔和方脸（颊部饱满），柔和眉骨/中度眼窝，鹿系眼·眼尾下压·窄眼距，高鼻根/轻微偏右鼻梁/方圆鼻头，平直唇·嘴角紧收，窄下颌
FD01561,骨感菱形,下庭收窄,宽额,内侧突出眉骨,深眼窝,外扩颧骨,成熟收紧面颊,柔和下颌,瑞凤眼,眼尾延展,宽眼距,灰蓝瞳,中高鼻根,微弧鼻梁,小圆鼻头,上厚下薄,嘴角紧收,环状虹膜,骨感菱形（下庭收窄），内侧突出眉骨/深眼窝，瑞凤眼·眼尾延展·宽眼距，中高鼻根/微弧鼻梁/小圆鼻头，上厚下薄·嘴角紧收，柔和下颌
FD01562,鹅蛋偏方,下庭收窄,骨感额,外侧突出眉骨,眼下骨感,外扩颧骨,轻凹面颊,明显下颌角,平直杏眼,眼尾微挑,标准眼距,星点虹膜,中鼻根,高直鼻梁,窄翼鼻头,厚唇,嘴角上扬,环状虹膜,鹅蛋偏方（下庭收窄），外侧突出眉骨/眼下骨感，平直杏眼·眼尾微挑·标准眼距，中鼻根/高直鼻梁/窄翼鼻头，厚唇·嘴角上扬，明显下颌角
FD01563,宽菱形,颌角强调,骨感额,外侧突出眉骨,中度眼窝,低颧骨,薄面颊,方下颌,窄杏眼,眼尾下压,标准眼距,琥珀瞳,窄鼻根,轻微偏左鼻梁,下压鼻头,小嘴,嘴角紧收,右眉轻断,宽菱形（颌角强调），外侧突出眉骨/中度眼窝，窄杏眼·眼尾下压·标准眼距，窄鼻根/轻微偏左鼻梁/下压鼻头，小嘴·嘴角紧收，方下颌
FD01564,成熟方脸,骨点内敛,高额,厚眉骨,眼下骨感,低颧骨,饱满面颊,宽下颌,狭长瑞凤眼,眼尾微挑,宽眼距,浅褐瞳,宽鼻根,微弧鼻梁,微钝鼻头,成熟长唇,嘴角上扬,无标志,成熟方脸（骨点内敛），厚眉骨/眼下骨感，狭长瑞凤眼·眼尾微挑·宽眼距，宽鼻根/微弧鼻梁/微钝鼻头，成熟长唇·嘴角上扬，宽下颌
FD01565,圆脸,颌角弱化,窄额,高眉骨,眼下骨感,窄颧骨,成熟收紧面颊,明显下颌角,冷感眼,眼尾平直,宽眼距,碎裂虹膜,窄鼻根,轻鹰钩鼻梁,骨感鼻头,薄唇,嘴角上扬,左颊浅疤,圆脸（颌角弱化），高眉骨/眼下骨感，冷感眼·眼尾平直·宽眼距，窄鼻根/轻鹰钩鼻梁/骨感鼻头，薄唇·嘴角上扬，明显下颌角
FD01566,清瘦圆脸,偏锐收窄,高额,高眉骨,中度眼窝,宽颧骨,成熟收紧面颊,骨感下颌,长杏眼,眼尾平直,窄眼距,琥珀瞳,中鼻根,柔和鼻梁,小圆鼻头,弓形唇,嘴角紧收,环状虹膜,清瘦圆脸（偏锐收窄），高眉骨/中度眼窝，长杏眼·眼尾平直·窄眼距，中鼻根/柔和鼻梁/小圆鼻头，弓形唇·嘴角紧收，骨感下颌
FD01567,双颌匀称脸,骨点外显,窄额,压迫感眉骨,眼下骨感,宽颧骨,幼态柔软面颊,宽下颌,瑞凤眼,眼尾平直,窄眼距,异色瞳,窄鼻根,高直鼻梁,微钝鼻头,厚唇,嘴角上扬,耳后小痣,双颌匀称脸（骨点外显），压迫感眉骨/眼下骨感，瑞凤眼·眼尾平直·窄眼距，窄鼻根/高直鼻梁/微钝鼻头，厚唇·嘴角上扬，宽下颌
FD01568,宽菱形,中轴收紧,低额,柔和眉骨,深眼窝,柔和颧骨,饱满面颊,骨感下颌,下垂眼,眼尾下压,窄眼距,浅褐瞳,中鼻根,柔和鼻梁,窄翼鼻头,厚唇,嘴角紧收,额角旧痕,宽菱形（中轴收紧），柔和眉骨/深眼窝，下垂眼·眼尾下压·窄眼距，中鼻根/柔和鼻梁/窄翼鼻头，厚唇·嘴角紧收，骨感下颌
FD01569,下颌突出脸,颌角强调,高额,薄眉骨,眼下饱满,高颧骨,薄面颊,窄下颌,狐狸系眼,眼尾下压,窄眼距,琥珀瞳,窄鼻根,轻微偏左鼻梁,骨感鼻头,宽嘴,嘴角平直,无标志,下颌突出脸（颌角强调），薄眉骨/眼下饱满，狐狸系眼·眼尾下压·窄眼距，窄鼻根/轻微偏左鼻梁/骨感鼻头，宽嘴·嘴角平直，窄下颌
FD01570,倒三角脸,上庭展开,平直额,内侧突出眉骨,深眼窝,低颧骨,幼态柔软面颊,收敛下颌,下垂眼,眼尾下沉,窄眼距,星点虹膜,高鼻根,轻鹰钩鼻梁,小圆鼻头,上厚下薄,单侧上扬,左颊浅疤,倒三角脸（上庭展开），内侧突出眉骨/深眼窝，下垂眼·眼尾下沉·窄眼距，高鼻根/轻鹰钩鼻梁/小圆鼻头，上厚下薄·单侧上扬，收敛下颌
FD01571,柔和菱形,骨点内敛,微凸额,压迫感眉骨,眼下饱满,外扩颧骨,成熟收紧面颊,宽下颌,柳叶眼,眼尾明显挑,宽眼距,琥珀瞳,中鼻根,宽骨鼻梁,骨感鼻头,厚唇,嘴角下垂,左颊浅疤,柔和菱形（骨点内敛），压迫感眉骨/眼下饱满，柳叶眼·眼尾明显挑·宽眼距，中鼻根/宽骨鼻梁/骨感鼻头，厚唇·嘴角下垂，宽下颌
FD01572,宽菱形,下颌线清晰化,窄额,高眉骨,浅眼窝,外扩颧骨,饱满面颊,方下颌,成熟长眼,眼尾微挑,标准眼距,深色瞳,高鼻根,宽骨鼻梁,小圆鼻头,小嘴,单侧上扬,左眼下浅泪痣,宽菱形（下颌线清晰化），高眉骨/浅眼窝，成熟长眼·眼尾微挑·标准眼距，高鼻根/宽骨鼻梁/小圆鼻头，小嘴·单侧上扬，方下颌
FD01573,肉感短脸,下庭加重,微凸额,低眉骨,深眼窝,窄颧骨,幼态柔软面颊,圆方下颌,半睁懒眼,眼尾平直,宽眼距,浅褐瞳,中鼻根,高直鼻梁,骨感鼻头,小嘴,单侧上扬,指节薄茧,肉感短脸（下庭加重），低眉骨/深眼窝，半睁懒眼·眼尾平直·宽眼距，中鼻根/高直鼻梁/骨感鼻头，小嘴·单侧上扬，圆方下颌
FD01574,清瘦圆脸,颌角弱化,饱满额,薄眉骨,眼下骨感,低颧骨,薄面颊,宽下颌,桃花眼,眼尾明显挑,窄眼距,碎裂虹膜,窄鼻根,中直鼻梁,窄翼鼻头,成熟长唇,嘴角紧收,眼睑褶皱不对称,清瘦圆脸（颌角弱化），薄眉骨/眼下骨感，桃花眼·眼尾明显挑·窄眼距，窄鼻根/中直鼻梁/窄翼鼻头，成熟长唇·嘴角紧收，宽下颌
FD01575,窄鹅蛋脸,面中平缓,低额,高眉骨,宽浅眼窝,宽颧骨,轻凹面颊,柔和下颌,成熟长眼,眼尾延展,标准眼距,碎裂虹膜,窄鼻根,高直鼻梁,窄翼鼻头,成熟长唇,单侧上扬,双侧酒窝,窄鹅蛋脸（面中平缓），高眉骨/宽浅眼窝，成熟长眼·眼尾延展·标准眼距，窄鼻根/高直鼻梁/窄翼鼻头，成熟长唇·单侧上扬，柔和下颌
FD01576,圆方脸,中庭拉长,饱满额,压迫感眉骨,浅眼窝,外扩颧骨,幼态柔软面颊,明显下颌角,冷感眼,眼尾下压,窄眼距,环状虹膜,窄鼻根,中直鼻梁,肉感鼻头,薄唇,嘴角上扬,右眉轻断,圆方脸（中庭拉长），压迫感眉骨/浅眼窝，冷感眼·眼尾下压·窄眼距，窄鼻根/中直鼻梁/肉感鼻头，薄唇·嘴角上扬，明显下颌角
FD01577,清瘦圆脸,颌角弱化,宽额,柔和眉骨,窄深眼窝,窄颧骨,轻凹面颊,明显下颌角,短杏眼,眼尾延展,宽眼距,灰蓝瞳,宽鼻根,微弧鼻梁,下压鼻头,宽嘴,嘴角紧收,下颌浅疤,清瘦圆脸（颌角弱化），柔和眉骨/窄深眼窝，短杏眼·眼尾延展·宽眼距，宽鼻根/微弧鼻梁/下压鼻头，宽嘴·嘴角紧收，明显下颌角
FD01578,柔和方脸,下庭收窄,窄额,低眉骨,眼下饱满,窄颧骨,薄面颊,明显下颌角,平直杏眼,眼尾延展,宽眼距,异色瞳,低鼻根,微弧鼻梁,轻翘鼻头,上薄下厚,嘴角紧收,眼睑褶皱不对称,柔和方脸（下庭收窄），低眉骨/眼下饱满，平直杏眼·眼尾延展·宽眼距，低鼻根/微弧鼻梁/轻翘鼻头，上薄下厚·嘴角紧收，明显下颌角
FD01579,骨感方脸,颧部微收,高额,内侧突出眉骨,眼下骨感,窄颧骨,薄面颊,窄下颌,柳叶眼,眼尾下压,标准眼距,淡金瞳,宽鼻根,宽骨鼻梁,轻翘鼻头,弓形唇,嘴角下垂,环状虹膜,骨感方脸（颧部微收），内侧突出眉骨/眼下骨感，柳叶眼·眼尾下压·标准眼距，宽鼻根/宽骨鼻梁/轻翘鼻头，弓形唇·嘴角下垂，窄下颌
FD01580,梨形脸,偏锐收窄,低额,低眉骨,中度眼窝,外扩颧骨,薄面颊,圆方下颌,短圆杏眼,眼尾延展,宽眼距,淡金瞳,高鼻根,微弧鼻梁,微钝鼻头,厚唇,单侧上扬,无标志,梨形脸（偏锐收窄），低眉骨/中度眼窝，短圆杏眼·眼尾延展·宽眼距，高鼻根/微弧鼻梁/微钝鼻头，厚唇·单侧上扬，圆方下颌
FD01581,鹅蛋偏方,中庭拉长,微凸额,压迫感眉骨,窄深眼窝,窄颧骨,轻凹面颊,收敛下颌,成熟长眼,眼尾下沉,标准眼距,浅褐瞳,低鼻根,中直鼻梁,轻翘鼻头,宽嘴,嘴角上扬,无标志,鹅蛋偏方（中庭拉长），压迫感眉骨/窄深眼窝，成熟长眼·眼尾下沉·标准眼距，低鼻根/中直鼻梁/轻翘鼻头，宽嘴·嘴角上扬，收敛下颌
FD01582,标准菱形,中庭展宽,骨感额,外侧突出眉骨,宽浅眼窝,外扩颧骨,幼态柔软面颊,明显下颌角,鹿系眼,眼尾平直,宽眼距,异色瞳,中高鼻根,轻微偏右鼻梁,骨感鼻头,弓形唇,单侧上扬,左颊浅疤,标准菱形（中庭展宽），外侧突出眉骨/宽浅眼窝，鹿系眼·眼尾平直·宽眼距，中高鼻根/轻微偏右鼻梁/骨感鼻头，弓形唇·单侧上扬，明显下颌角
FD01583,上窄下宽脸,上庭收窄,微凸额,内侧突出眉骨,宽浅眼窝,高颧骨,幼态柔软面颊,收敛下颌,平直杏眼,眼尾明显挑,宽眼距,淡金瞳,高鼻根,柔和鼻梁,肉感鼻头,弓形唇,单侧上扬,左眼下浅泪痣,上窄下宽脸（上庭收窄），内侧突出眉骨/宽浅眼窝，平直杏眼·眼尾明显挑·宽眼距，高鼻根/柔和鼻梁/肉感鼻头，弓形唇·单侧上扬，收敛下颌
FD01584,方菱过渡脸,颈部线条延长,平直额,柔和眉骨,浅眼窝,外扩颧骨,成熟收紧面颊,方下颌,窄杏眼,眼尾微挑,标准眼距,星点虹膜,窄鼻根,轻鹰钩鼻梁,方圆鼻头,小嘴,嘴角上扬,单侧酒窝,方菱过渡脸（颈部线条延长），柔和眉骨/浅眼窝，窄杏眼·眼尾微挑·标准眼距，窄鼻根/轻鹰钩鼻梁/方圆鼻头，小嘴·嘴角上扬，方下颌
FD01585,方鹅蛋脸,面中立体化,饱满额,低眉骨,眼下饱满,窄颧骨,轻凹面颊,柔和下颌,狭长瑞凤眼,眼尾延展,窄眼距,灰蓝瞳,宽鼻根,宽骨鼻梁,方圆鼻头,弓形唇,嘴角下垂,左眼下浅泪痣,方鹅蛋脸（面中立体化），低眉骨/眼下饱满，狭长瑞凤眼·眼尾延展·窄眼距，宽鼻根/宽骨鼻梁/方圆鼻头，弓形唇·嘴角下垂，柔和下颌
FD01586,肉感短脸,中庭展宽,窄额,厚眉骨,深眼窝,低颧骨,轻凹面颊,明显下颌角,猫系眼,眼尾延展,标准眼距,碎裂虹膜,高鼻根,轻鹰钩鼻梁,小圆鼻头,平直唇,嘴角下垂,左颊浅疤,肉感短脸（中庭展宽），厚眉骨/深眼窝，猫系眼·眼尾延展·标准眼距，高鼻根/轻鹰钩鼻梁/小圆鼻头，平直唇·嘴角下垂，明显下颌角
FD01587,颧部展开脸,下庭加重,低额,薄眉骨,中度眼窝,外扩颧骨,轻凹面颊,明显下颌角,冷感眼,眼尾明显挑,窄眼距,琥珀瞳,低鼻根,中直鼻梁,轻翘鼻头,成熟长唇,嘴角紧收,眉上小疤,颧部展开脸（下庭加重），薄眉骨/中度眼窝，冷感眼·眼尾明显挑·窄眼距，低鼻根/中直鼻梁/轻翘鼻头，成熟长唇·嘴角紧收，明显下颌角
FD01588,双颌匀称脸,颌角弱化,低额,外侧突出眉骨,窄深眼窝,外扩颧骨,饱满面颊,方下颌,冷感眼,眼尾平直,窄眼距,灰蓝瞳,中鼻根,轻鹰钩鼻梁,肉感鼻头,弓形唇,嘴角紧收,眼角小痣,双颌匀称脸（颌角弱化），外侧突出眉骨/窄深眼窝，冷感眼·眼尾平直·窄眼距，中鼻根/轻鹰钩鼻梁/肉感鼻头，弓形唇·嘴角紧收，方下颌
FD01589,上宽下窄脸,颈部线条延长,饱满额,柔和眉骨,宽浅眼窝,外扩颧骨,幼态柔软面颊,圆方下颌,平直杏眼,眼尾下沉,标准眼距,环状虹膜,中高鼻根,轻微偏右鼻梁,小圆鼻头,平直唇,嘴角平直,眉上小疤,上宽下窄脸（颈部线条延长），柔和眉骨/宽浅眼窝，平直杏眼·眼尾下沉·标准眼距，中高鼻根/轻微偏右鼻梁/小圆鼻头，平直唇·嘴角平直，圆方下颌
FD01590,双颌匀称脸,中轴微长,饱满额,厚眉骨,深眼窝,外扩颧骨,轻凹面颊,宽下颌,短圆杏眼,眼尾微挑,窄眼距,环状虹膜,窄鼻根,微弧鼻梁,微钝鼻头,成熟长唇,嘴角下垂,眉心竖纹浅痕,双颌匀称脸（中轴微长），厚眉骨/深眼窝，短圆杏眼·眼尾微挑·窄眼距，窄鼻根/微弧鼻梁/微钝鼻头，成熟长唇·嘴角下垂，宽下颌
FD01591,长圆脸,颧部微收,平直额,内侧突出眉骨,窄深眼窝,柔和颧骨,薄面颊,明显下颌角,上扬凤眼,眼尾延展,标准眼距,深色瞳,低鼻根,宽骨鼻梁,肉感鼻头,宽嘴,单侧上扬,眉心竖纹浅痕,长圆脸（颧部微收），内侧突出眉骨/窄深眼窝，上扬凤眼·眼尾延展·标准眼距，低鼻根/宽骨鼻梁/肉感鼻头，宽嘴·单侧上扬，明显下颌角
FD01592,双颌匀称脸,中庭拉长,低额,压迫感眉骨,眼下骨感,高颧骨,轻凹面颊,骨感下颌,蛇系眼,眼尾延展,窄眼距,浅褐瞳,低鼻根,轻微偏右鼻梁,轻翘鼻头,薄唇,单侧上扬,下颌浅疤,双颌匀称脸（中庭拉长），压迫感眉骨/眼下骨感，蛇系眼·眼尾延展·窄眼距，低鼻根/轻微偏右鼻梁/轻翘鼻头，薄唇·单侧上扬，骨感下颌
FD01593,圆方脸,颧部微收,宽额,内侧突出眉骨,中度眼窝,低颧骨,饱满面颊,明显下颌角,狼系眼,眼尾下沉,宽眼距,环状虹膜,宽鼻根,宽骨鼻梁,轻翘鼻头,薄唇,嘴角紧收,无标志,圆方脸（颧部微收），内侧突出眉骨/中度眼窝，狼系眼·眼尾下沉·宽眼距，宽鼻根/宽骨鼻梁/轻翘鼻头，薄唇·嘴角紧收，明显下颌角
FD01594,心形脸,颧部外扩,平直额,薄眉骨,眼下饱满,宽颧骨,薄面颊,窄下颌,少年圆眼,眼尾延展,宽眼距,浅褐瞳,中鼻根,轻微偏左鼻梁,下压鼻头,小嘴,单侧上扬,瞳孔残缺,心形脸（颧部外扩），薄眉骨/眼下饱满，少年圆眼·眼尾延展·宽眼距，中鼻根/轻微偏左鼻梁/下压鼻头，小嘴·单侧上扬，窄下颌
FD01595,短圆脸,颊部略凹,低额,低眉骨,宽浅眼窝,高颧骨,成熟收紧面颊,骨感下颌,成熟长眼,眼尾平直,窄眼距,星点虹膜,窄鼻根,微弧鼻梁,肉感鼻头,上薄下厚,嘴角紧收,碎裂虹膜,短圆脸（颊部略凹），低眉骨/宽浅眼窝，成熟长眼·眼尾平直·窄眼距，窄鼻根/微弧鼻梁/肉感鼻头，上薄下厚·嘴角紧收，骨感下颌
FD01596,宽方脸,颊部略凹,平直额,压迫感眉骨,深眼窝,低颧骨,轻凹面颊,明显下颌角,短圆杏眼,眼尾延展,宽眼距,灰蓝瞳,中鼻根,轻微偏右鼻梁,窄翼鼻头,厚唇,嘴角下垂,眉上小疤,宽方脸（颊部略凹），压迫感眉骨/深眼窝，短圆杏眼·眼尾延展·宽眼距，中鼻根/轻微偏右鼻梁/窄翼鼻头，厚唇·嘴角下垂，明显下颌角
FD01597,上宽下窄脸,颧部微收,窄额,外侧突出眉骨,眼下骨感,高颧骨,薄面颊,骨感下颌,蛇系眼,眼尾明显挑,窄眼距,异色瞳,宽鼻根,轻鹰钩鼻梁,小圆鼻头,上薄下厚,单侧上扬,无标志,上宽下窄脸（颧部微收），外侧突出眉骨/眼下骨感，蛇系眼·眼尾明显挑·窄眼距，宽鼻根/轻鹰钩鼻梁/小圆鼻头，上薄下厚·单侧上扬，骨感下颌
FD01598,短圆脸,颧部微收,饱满额,外侧突出眉骨,眼下骨感,外扩颧骨,成熟收紧面颊,窄下颌,鹿系眼,眼尾下沉,宽眼距,碎裂虹膜,低鼻根,轻微偏右鼻梁,方圆鼻头,弓形唇,单侧上扬,无标志,短圆脸（颧部微收），外侧突出眉骨/眼下骨感，鹿系眼·眼尾下沉·宽眼距，低鼻根/轻微偏右鼻梁/方圆鼻头，弓形唇·单侧上扬，窄下颌
FD01599,骨感菱形,面中平缓,骨感额,外侧突出眉骨,眼下饱满,高颧骨,轻凹面颊,明显下颌角,少年圆眼,眼尾下沉,窄眼距,淡金瞳,窄鼻根,微弧鼻梁,微钝鼻头,厚唇,嘴角下垂,右眼下浅泪痣,骨感菱形（面中平缓），外侧突出眉骨/眼下饱满，少年圆眼·眼尾下沉·窄眼距，窄鼻根/微弧鼻梁/微钝鼻头，厚唇·嘴角下垂，明显下颌角
FD01600,方鹅蛋脸,骨点外显,骨感额,内侧突出眉骨,眼下骨感,外扩颧骨,幼态柔软面颊,窄下颌,下垂眼,眼尾延展,宽眼距,淡金瞳,宽鼻根,轻鹰钩鼻梁,方圆鼻头,上厚下薄,嘴角平直,指节薄茧,方鹅蛋脸（骨点外显），内侧突出眉骨/眼下骨感，下垂眼·眼尾延展·宽眼距，宽鼻根/轻鹰钩鼻梁/方圆鼻头，上厚下薄·嘴角平直，窄下颌
FD01601,圆方脸,上庭收窄,窄额,压迫感眉骨,眼下饱满,低颧骨,成熟收紧面颊,宽下颌,鹿系眼,眼尾下压,宽眼距,深色瞳,中高鼻根,轻微偏左鼻梁,小圆鼻头,小嘴,单侧上扬,碎裂虹膜,圆方脸（上庭收窄），压迫感眉骨/眼下饱满，鹿系眼·眼尾下压·宽眼距，中高鼻根/轻微偏左鼻梁/小圆鼻头，小嘴·单侧上扬，宽下颌
FD01602,幼态圆脸,颧部外扩,窄额,低眉骨,眼下骨感,窄颧骨,成熟收紧面颊,方下颌,短圆杏眼,眼尾平直,窄眼距,环状虹膜,窄鼻根,轻微偏右鼻梁,小圆鼻头,平直唇,嘴角下垂,额角旧痕,幼态圆脸（颧部外扩），低眉骨/眼下骨感，短圆杏眼·眼尾平直·窄眼距，窄鼻根/轻微偏右鼻梁/小圆鼻头，平直唇·嘴角下垂，方下颌
FD01603,倒梯形脸,下颌线清晰化,微凸额,外侧突出眉骨,眼下骨感,高颧骨,轻凹面颊,收敛下颌,上扬凤眼,眼尾微挑,标准眼距,琥珀瞳,低鼻根,中直鼻梁,窄翼鼻头,上厚下薄,嘴角平直,指节薄茧,倒梯形脸（下颌线清晰化），外侧突出眉骨/眼下骨感，上扬凤眼·眼尾微挑·标准眼距，低鼻根/中直鼻梁/窄翼鼻头，上厚下薄·嘴角平直，收敛下颌
FD01604,上宽下窄脸,下庭收窄,微凸额,薄眉骨,中度眼窝,宽颧骨,饱满面颊,圆方下颌,长杏眼,眼尾下沉,标准眼距,淡金瞳,中高鼻根,宽骨鼻梁,骨感鼻头,平直唇,嘴角下垂,右眼下浅泪痣,上宽下窄脸（下庭收窄），薄眉骨/中度眼窝，长杏眼·眼尾下沉·标准眼距，中高鼻根/宽骨鼻梁/骨感鼻头，平直唇·嘴角下垂，圆方下颌
FD01605,柔和菱形,偏锐收窄,窄额,外侧突出眉骨,浅眼窝,柔和颧骨,幼态柔软面颊,骨感下颌,上扬凤眼,眼尾明显挑,标准眼距,琥珀瞳,高鼻根,宽骨鼻梁,肉感鼻头,厚唇,嘴角下垂,环状虹膜,柔和菱形（偏锐收窄），外侧突出眉骨/浅眼窝，上扬凤眼·眼尾明显挑·标准眼距，高鼻根/宽骨鼻梁/肉感鼻头，厚唇·嘴角下垂，骨感下颌
FD01606,短方脸,面中平缓,高额,高眉骨,窄深眼窝,外扩颧骨,幼态柔软面颊,收敛下颌,鹤系眼,眼尾微挑,窄眼距,灰蓝瞳,高鼻根,柔和鼻梁,小圆鼻头,弓形唇,嘴角平直,眼角小痣,短方脸（面中平缓），高眉骨/窄深眼窝，鹤系眼·眼尾微挑·窄眼距，高鼻根/柔和鼻梁/小圆鼻头，弓形唇·嘴角平直，收敛下颌
FD01607,宽鹅蛋脸,上庭展开,低额,高眉骨,眼下骨感,宽颧骨,饱满面颊,窄下颌,短圆杏眼,眼尾明显挑,标准眼距,环状虹膜,低鼻根,轻微偏左鼻梁,微钝鼻头,小嘴,嘴角上扬,左眼下浅泪痣,宽鹅蛋脸（上庭展开），高眉骨/眼下骨感，短圆杏眼·眼尾明显挑·标准眼距，低鼻根/轻微偏左鼻梁/微钝鼻头，小嘴·嘴角上扬，窄下颌
FD01608,圆方脸,骨点内敛,微凸额,厚眉骨,眼下饱满,高颧骨,成熟收紧面颊,圆方下颌,鹿系眼,眼尾下沉,标准眼距,浅褐瞳,低鼻根,微弧鼻梁,肉感鼻头,上薄下厚,嘴角紧收,右眉轻断,圆方脸（骨点内敛），厚眉骨/眼下饱满，鹿系眼·眼尾下沉·标准眼距，低鼻根/微弧鼻梁/肉感鼻头，上薄下厚·嘴角紧收，圆方下颌
FD01609,窄鹅蛋脸,面中立体化,窄额,高眉骨,宽浅眼窝,高颧骨,薄面颊,收敛下颌,桃花眼,眼尾延展,窄眼距,淡金瞳,高鼻根,微弧鼻梁,轻翘鼻头,上厚下薄,嘴角紧收,瞳孔残缺,窄鹅蛋脸（面中立体化），高眉骨/宽浅眼窝，桃花眼·眼尾延展·窄眼距，高鼻根/微弧鼻梁/轻翘鼻头，上厚下薄·嘴角紧收，收敛下颌
FD01610,柔和菱形,面中平缓,微凸额,外侧突出眉骨,深眼窝,低颧骨,成熟收紧面颊,宽下颌,窄杏眼,眼尾明显挑,宽眼距,碎裂虹膜,高鼻根,宽骨鼻梁,骨感鼻头,平直唇,嘴角平直,左眼下浅泪痣,柔和菱形（面中平缓），外侧突出眉骨/深眼窝，窄杏眼·眼尾明显挑·宽眼距，高鼻根/宽骨鼻梁/骨感鼻头，平直唇·嘴角平直，宽下颌
FD01611,宽心形脸,下庭加重,饱满额,厚眉骨,中度眼窝,高颧骨,轻凹面颊,收敛下颌,成熟长眼,眼尾延展,标准眼距,浅褐瞳,中鼻根,中直鼻梁,小圆鼻头,弓形唇,嘴角上扬,异色瞳,宽心形脸（下庭加重），厚眉骨/中度眼窝，成熟长眼·眼尾延展·标准眼距，中鼻根/中直鼻梁/小圆鼻头，弓形唇·嘴角上扬，收敛下颌
FD01612,圆脸,骨点内敛,宽额,薄眉骨,窄深眼窝,高颧骨,幼态柔软面颊,骨感下颌,长杏眼,眼尾下压,宽眼距,淡金瞳,低鼻根,轻微偏右鼻梁,方圆鼻头,平直唇,单侧上扬,瞳孔残缺,圆脸（骨点内敛），薄眉骨/窄深眼窝，长杏眼·眼尾下压·宽眼距，低鼻根/轻微偏右鼻梁/方圆鼻头，平直唇·单侧上扬，骨感下颌
FD01613,双颌匀称脸,下颌线清晰化,平直额,压迫感眉骨,浅眼窝,外扩颧骨,饱满面颊,窄下颌,圆长眼,眼尾微挑,窄眼距,异色瞳,中高鼻根,轻鹰钩鼻梁,肉感鼻头,厚唇,嘴角上扬,碎裂虹膜,双颌匀称脸（下颌线清晰化），压迫感眉骨/浅眼窝，圆长眼·眼尾微挑·窄眼距，中高鼻根/轻鹰钩鼻梁/肉感鼻头，厚唇·嘴角上扬，窄下颌
FD01614,长菱形,偏柔圆润,低额,柔和眉骨,眼下饱满,窄颧骨,薄面颊,宽下颌,鹤系眼,眼尾延展,窄眼距,星点虹膜,窄鼻根,高直鼻梁,轻翘鼻头,平直唇,单侧上扬,异色瞳,长菱形（偏柔圆润），柔和眉骨/眼下饱满，鹤系眼·眼尾延展·窄眼距，窄鼻根/高直鼻梁/轻翘鼻头，平直唇·单侧上扬，宽下颌
FD01615,圆脸,颊部略凹,窄额,薄眉骨,眼下饱满,外扩颧骨,轻凹面颊,明显下颌角,半睁懒眼,眼尾延展,窄眼距,琥珀瞳,窄鼻根,高直鼻梁,肉感鼻头,宽嘴,嘴角上扬,右眉轻断,圆脸（颊部略凹），薄眉骨/眼下饱满，半睁懒眼·眼尾延展·窄眼距，窄鼻根/高直鼻梁/肉感鼻头，宽嘴·嘴角上扬，明显下颌角
FD01616,幼态圆脸,颈部线条收短,饱满额,薄眉骨,深眼窝,高颧骨,饱满面颊,宽下颌,窄杏眼,眼尾下沉,宽眼距,异色瞳,高鼻根,轻微偏左鼻梁,方圆鼻头,成熟长唇,嘴角紧收,异色瞳,幼态圆脸（颈部线条收短），薄眉骨/深眼窝，窄杏眼·眼尾下沉·宽眼距，高鼻根/轻微偏左鼻梁/方圆鼻头，成熟长唇·嘴角紧收，宽下颌
FD01617,幼态圆脸,上庭收窄,高额,高眉骨,浅眼窝,窄颧骨,幼态柔软面颊,圆方下颌,丹凤眼,眼尾微挑,宽眼距,淡金瞳,窄鼻根,微弧鼻梁,方圆鼻头,弓形唇,嘴角紧收,耳后小痣,幼态圆脸（上庭收窄），高眉骨/浅眼窝，丹凤眼·眼尾微挑·宽眼距，窄鼻根/微弧鼻梁/方圆鼻头，弓形唇·嘴角紧收，圆方下颌
FD01618,倒三角脸,颌角强调,低额,内侧突出眉骨,浅眼窝,低颧骨,成熟收紧面颊,柔和下颌,下垂眼,眼尾下压,宽眼距,琥珀瞳,低鼻根,轻鹰钩鼻梁,小圆鼻头,平直唇,嘴角上扬,瞳孔残缺,倒三角脸（颌角强调），内侧突出眉骨/浅眼窝，下垂眼·眼尾下压·宽眼距，低鼻根/轻鹰钩鼻梁/小圆鼻头，平直唇·嘴角上扬，柔和下颌
FD01619,方鹅蛋脸,下庭加重,饱满额,柔和眉骨,深眼窝,外扩颧骨,薄面颊,收敛下颌,半睁懒眼,眼尾下压,标准眼距,墨玉瞳,低鼻根,宽骨鼻梁,方圆鼻头,上厚下薄,嘴角下垂,无标志,方鹅蛋脸（下庭加重），柔和眉骨/深眼窝，半睁懒眼·眼尾下压·标准眼距，低鼻根/宽骨鼻梁/方圆鼻头，上厚下薄·嘴角下垂，收敛下颌
FD01620,颧部展开脸,颊部略凹,平直额,压迫感眉骨,眼下饱满,窄颧骨,轻凹面颊,窄下颌,狭长眼,眼尾平直,窄眼距,灰蓝瞳,宽鼻根,柔和鼻梁,窄翼鼻头,薄唇,嘴角下垂,眼角小痣,颧部展开脸（颊部略凹），压迫感眉骨/眼下饱满，狭长眼·眼尾平直·窄眼距，宽鼻根/柔和鼻梁/窄翼鼻头，薄唇·嘴角下垂，窄下颌
FD01621,成熟方脸,骨点外显,饱满额,柔和眉骨,宽浅眼窝,宽颧骨,饱满面颊,收敛下颌,圆长眼,眼尾延展,标准眼距,星点虹膜,低鼻根,宽骨鼻梁,方圆鼻头,弓形唇,嘴角上扬,碎裂虹膜,成熟方脸（骨点外显），柔和眉骨/宽浅眼窝，圆长眼·眼尾延展·标准眼距，低鼻根/宽骨鼻梁/方圆鼻头，弓形唇·嘴角上扬，收敛下颌
FD01622,长鹅蛋脸,下颌线柔化,平直额,薄眉骨,中度眼窝,低颧骨,成熟收紧面颊,明显下颌角,柳叶眼,眼尾下沉,窄眼距,深色瞳,中高鼻根,宽骨鼻梁,肉感鼻头,上薄下厚,嘴角平直,单侧酒窝,长鹅蛋脸（下颌线柔化），薄眉骨/中度眼窝，柳叶眼·眼尾下沉·窄眼距，中高鼻根/宽骨鼻梁/肉感鼻头，上薄下厚·嘴角平直，明显下颌角
FD01623,短圆脸,面中立体化,骨感额,外侧突出眉骨,中度眼窝,宽颧骨,薄面颊,圆方下颌,成熟长眼,眼尾平直,宽眼距,墨玉瞳,窄鼻根,中直鼻梁,方圆鼻头,小嘴,嘴角上扬,双侧酒窝,短圆脸（面中立体化），外侧突出眉骨/中度眼窝，成熟长眼·眼尾平直·宽眼距，窄鼻根/中直鼻梁/方圆鼻头，小嘴·嘴角上扬，圆方下颌
FD01624,鹅蛋偏菱,中庭展宽,高额,厚眉骨,眼下饱满,柔和颧骨,薄面颊,明显下颌角,窄杏眼,眼尾下压,宽眼距,深色瞳,中鼻根,轻微偏左鼻梁,小圆鼻头,弓形唇,嘴角下垂,右眉轻断,鹅蛋偏菱（中庭展宽），厚眉骨/眼下饱满，窄杏眼·眼尾下压·宽眼距，中鼻根/轻微偏左鼻梁/小圆鼻头，弓形唇·嘴角下垂，明显下颌角
FD01625,长菱形,颌角弱化,窄额,压迫感眉骨,眼下饱满,宽颧骨,饱满面颊,明显下颌角,圆长眼,眼尾明显挑,窄眼距,浅褐瞳,高鼻根,轻微偏右鼻梁,窄翼鼻头,小嘴,嘴角下垂,右眼下浅泪痣,长菱形（颌角弱化），压迫感眉骨/眼下饱满，圆长眼·眼尾明显挑·窄眼距，高鼻根/轻微偏右鼻梁/窄翼鼻头，小嘴·嘴角下垂，明显下颌角
FD01626,长菱形,下颌线清晰化,低额,内侧突出眉骨,浅眼窝,窄颧骨,薄面颊,骨感下颌,窄杏眼,眼尾平直,标准眼距,异色瞳,中鼻根,轻鹰钩鼻梁,下压鼻头,成熟长唇,嘴角下垂,眉上小疤,长菱形（下颌线清晰化），内侧突出眉骨/浅眼窝，窄杏眼·眼尾平直·标准眼距，中鼻根/轻鹰钩鼻梁/下压鼻头，成熟长唇·嘴角下垂，骨感下颌
FD01627,倒三角脸,颈部线条收短,微凸额,压迫感眉骨,浅眼窝,外扩颧骨,轻凹面颊,圆方下颌,鹿系眼,眼尾下压,标准眼距,墨玉瞳,中高鼻根,中直鼻梁,小圆鼻头,小嘴,嘴角上扬,双侧酒窝,倒三角脸（颈部线条收短），压迫感眉骨/浅眼窝，鹿系眼·眼尾下压·标准眼距，中高鼻根/中直鼻梁/小圆鼻头，小嘴·嘴角上扬，圆方下颌
FD01628,鹅蛋偏方,颌角强调,微凸额,内侧突出眉骨,窄深眼窝,窄颧骨,轻凹面颊,方下颌,短杏眼,眼尾明显挑,标准眼距,琥珀瞳,中高鼻根,柔和鼻梁,轻翘鼻头,弓形唇,嘴角紧收,眼角小痣,鹅蛋偏方（颌角强调），内侧突出眉骨/窄深眼窝，短杏眼·眼尾明显挑·标准眼距，中高鼻根/柔和鼻梁/轻翘鼻头，弓形唇·嘴角紧收，方下颌
FD01629,方鹅蛋脸,偏锐收窄,宽额,薄眉骨,窄深眼窝,外扩颧骨,轻凹面颊,骨感下颌,鹿系眼,眼尾下压,标准眼距,灰蓝瞳,中鼻根,轻微偏左鼻梁,方圆鼻头,成熟长唇,嘴角上扬,额角旧痕,方鹅蛋脸（偏锐收窄），薄眉骨/窄深眼窝，鹿系眼·眼尾下压·标准眼距，中鼻根/轻微偏左鼻梁/方圆鼻头，成熟长唇·嘴角上扬，骨感下颌
FD01630,圆脸,颌角强调,宽额,低眉骨,浅眼窝,低颧骨,成熟收紧面颊,收敛下颌,猫系眼,眼尾明显挑,宽眼距,碎裂虹膜,高鼻根,微弧鼻梁,窄翼鼻头,厚唇,嘴角上扬,眼睑褶皱不对称,圆脸（颌角强调），低眉骨/浅眼窝，猫系眼·眼尾明显挑·宽眼距，高鼻根/微弧鼻梁/窄翼鼻头，厚唇·嘴角上扬，收敛下颌
FD01631,短圆脸,中庭拉长,微凸额,薄眉骨,深眼窝,高颧骨,幼态柔软面颊,方下颌,长杏眼,眼尾下压,宽眼距,星点虹膜,宽鼻根,中直鼻梁,小圆鼻头,上薄下厚,嘴角平直,耳后小痣,短圆脸（中庭拉长），薄眉骨/深眼窝，长杏眼·眼尾下压·宽眼距，宽鼻根/中直鼻梁/小圆鼻头，上薄下厚·嘴角平直，方下颌
FD01632,倒三角脸,中轴微长,微凸额,薄眉骨,深眼窝,高颧骨,轻凹面颊,柔和下颌,宽杏眼,眼尾平直,窄眼距,灰蓝瞳,中高鼻根,宽骨鼻梁,方圆鼻头,上厚下薄,嘴角上扬,左颊浅疤,倒三角脸（中轴微长），薄眉骨/深眼窝，宽杏眼·眼尾平直·窄眼距，中高鼻根/宽骨鼻梁/方圆鼻头，上厚下薄·嘴角上扬，柔和下颌
FD01633,宽心形脸,下颌线清晰化,高额,厚眉骨,浅眼窝,低颧骨,成熟收紧面颊,明显下颌角,少年圆眼,眼尾平直,宽眼距,墨玉瞳,宽鼻根,轻微偏左鼻梁,下压鼻头,小嘴,嘴角紧收,下颌浅疤,宽心形脸（下颌线清晰化），厚眉骨/浅眼窝，少年圆眼·眼尾平直·宽眼距，宽鼻根/轻微偏左鼻梁/下压鼻头，小嘴·嘴角紧收，明显下颌角
FD01634,柔和方脸,颧部外扩,饱满额,低眉骨,中度眼窝,外扩颧骨,成熟收紧面颊,明显下颌角,柳叶眼,眼尾微挑,宽眼距,墨玉瞳,窄鼻根,轻微偏左鼻梁,骨感鼻头,上薄下厚,嘴角平直,眼角小痣,柔和方脸（颧部外扩），低眉骨/中度眼窝，柳叶眼·眼尾微挑·宽眼距，窄鼻根/轻微偏左鼻梁/骨感鼻头，上薄下厚·嘴角平直，明显下颌角
FD01635,幼态圆脸,颊部略凹,微凸额,厚眉骨,深眼窝,窄颧骨,幼态柔软面颊,圆方下颌,猫系眼,眼尾下压,宽眼距,异色瞳,中高鼻根,高直鼻梁,方圆鼻头,上薄下厚,嘴角紧收,右眉轻断,幼态圆脸（颊部略凹），厚眉骨/深眼窝，猫系眼·眼尾下压·宽眼距，中高鼻根/高直鼻梁/方圆鼻头，上薄下厚·嘴角紧收，圆方下颌
FD01636,梨形脸,偏柔圆润,窄额,低眉骨,窄深眼窝,柔和颧骨,幼态柔软面颊,柔和下颌,下垂眼,眼尾明显挑,窄眼距,灰蓝瞳,高鼻根,中直鼻梁,下压鼻头,小嘴,嘴角平直,眼角小痣,梨形脸（偏柔圆润），低眉骨/窄深眼窝，下垂眼·眼尾明显挑·窄眼距，高鼻根/中直鼻梁/下压鼻头，小嘴·嘴角平直，柔和下颌
FD01637,圆脸,颌角强调,窄额,厚眉骨,眼下饱满,外扩颧骨,薄面颊,收敛下颌,猫系眼,眼尾下沉,宽眼距,琥珀瞳,宽鼻根,微弧鼻梁,小圆鼻头,成熟长唇,嘴角下垂,额角旧痕,圆脸（颌角强调），厚眉骨/眼下饱满，猫系眼·眼尾下沉·宽眼距，宽鼻根/微弧鼻梁/小圆鼻头，成熟长唇·嘴角下垂，收敛下颌
FD01638,双颌匀称脸,颧部微收,宽额,低眉骨,眼下饱满,外扩颧骨,轻凹面颊,宽下颌,丹凤眼,眼尾微挑,标准眼距,灰蓝瞳,中鼻根,微弧鼻梁,微钝鼻头,上薄下厚,嘴角下垂,下颌浅疤,双颌匀称脸（颧部微收），低眉骨/眼下饱满，丹凤眼·眼尾微挑·标准眼距，中鼻根/微弧鼻梁/微钝鼻头，上薄下厚·嘴角下垂，宽下颌
FD01639,窄鹅蛋脸,下庭加重,骨感额,低眉骨,宽浅眼窝,高颧骨,薄面颊,明显下颌角,长杏眼,眼尾下压,窄眼距,异色瞳,中高鼻根,微弧鼻梁,下压鼻头,上薄下厚,嘴角紧收,鼻梁旧伤,窄鹅蛋脸（下庭加重），低眉骨/宽浅眼窝，长杏眼·眼尾下压·窄眼距，中高鼻根/微弧鼻梁/下压鼻头，上薄下厚·嘴角紧收，明显下颌角
FD01640,鹅蛋偏菱,颊部饱满,微凸额,外侧突出眉骨,窄深眼窝,柔和颧骨,饱满面颊,明显下颌角,短圆杏眼,眼尾明显挑,窄眼距,深色瞳,低鼻根,柔和鼻梁,轻翘鼻头,宽嘴,嘴角平直,无标志,鹅蛋偏菱（颊部饱满），外侧突出眉骨/窄深眼窝，短圆杏眼·眼尾明显挑·窄眼距，低鼻根/柔和鼻梁/轻翘鼻头，宽嘴·嘴角平直，明显下颌角
FD01641,下颌突出脸,上庭展开,微凸额,外侧突出眉骨,眼下饱满,低颧骨,薄面颊,柔和下颌,猫系眼,眼尾下压,宽眼距,灰蓝瞳,中高鼻根,轻微偏左鼻梁,轻翘鼻头,平直唇,嘴角紧收,异色瞳,下颌突出脸（上庭展开），外侧突出眉骨/眼下饱满，猫系眼·眼尾下压·宽眼距，中高鼻根/轻微偏左鼻梁/轻翘鼻头，平直唇·嘴角紧收，柔和下颌
FD01642,鹅蛋偏方,骨点外显,低额,厚眉骨,眼下骨感,宽颧骨,饱满面颊,窄下颌,狭长瑞凤眼,眼尾明显挑,标准眼距,琥珀瞳,中高鼻根,轻微偏左鼻梁,窄翼鼻头,上薄下厚,嘴角下垂,左眼下浅泪痣,鹅蛋偏方（骨点外显），厚眉骨/眼下骨感，狭长瑞凤眼·眼尾明显挑·标准眼距，中高鼻根/轻微偏左鼻梁/窄翼鼻头，上薄下厚·嘴角下垂，窄下颌
FD01643,倒梯形脸,颧部微收,骨感额,内侧突出眉骨,眼下饱满,低颧骨,成熟收紧面颊,圆方下颌,平凤眼,眼尾明显挑,窄眼距,环状虹膜,中鼻根,微弧鼻梁,肉感鼻头,弓形唇,嘴角下垂,眉心竖纹浅痕,倒梯形脸（颧部微收），内侧突出眉骨/眼下饱满，平凤眼·眼尾明显挑·窄眼距，中鼻根/微弧鼻梁/肉感鼻头，弓形唇·嘴角下垂，圆方下颌
FD01644,宽心形脸,颊部饱满,饱满额,厚眉骨,中度眼窝,柔和颧骨,轻凹面颊,明显下颌角,鹿系眼,眼尾下压,宽眼距,深色瞳,低鼻根,轻微偏左鼻梁,微钝鼻头,平直唇,嘴角上扬,下颌浅疤,宽心形脸（颊部饱满），厚眉骨/中度眼窝，鹿系眼·眼尾下压·宽眼距，低鼻根/轻微偏左鼻梁/微钝鼻头，平直唇·嘴角上扬，明显下颌角
FD01645,窄方脸,上庭展开,宽额,高眉骨,中度眼窝,柔和颧骨,幼态柔软面颊,窄下颌,窄杏眼,眼尾下沉,窄眼距,环状虹膜,窄鼻根,高直鼻梁,窄翼鼻头,宽嘴,嘴角紧收,眼睑褶皱不对称,窄方脸（上庭展开），高眉骨/中度眼窝，窄杏眼·眼尾下沉·窄眼距，窄鼻根/高直鼻梁/窄翼鼻头，宽嘴·嘴角紧收，窄下颌
FD01646,鹅蛋偏菱,骨点内敛,高额,高眉骨,宽浅眼窝,外扩颧骨,薄面颊,窄下颌,桃花眼,眼尾明显挑,窄眼距,深色瞳,宽鼻根,高直鼻梁,下压鼻头,平直唇,嘴角下垂,左颊浅疤,鹅蛋偏菱（骨点内敛），高眉骨/宽浅眼窝，桃花眼·眼尾明显挑·窄眼距，宽鼻根/高直鼻梁/下压鼻头，平直唇·嘴角下垂，窄下颌
FD01647,短鹅蛋脸,颈部线条延长,窄额,内侧突出眉骨,宽浅眼窝,低颧骨,饱满面颊,明显下颌角,长杏眼,眼尾下压,窄眼距,环状虹膜,宽鼻根,轻微偏左鼻梁,小圆鼻头,平直唇,单侧上扬,颈侧细疤,短鹅蛋脸（颈部线条延长），内侧突出眉骨/宽浅眼窝，长杏眼·眼尾下压·窄眼距，宽鼻根/轻微偏左鼻梁/小圆鼻头，平直唇·单侧上扬，明显下颌角
FD01648,长心形脸,面中立体化,平直额,高眉骨,窄深眼窝,窄颧骨,饱满面颊,方下颌,狼系眼,眼尾延展,宽眼距,异色瞳,中高鼻根,宽骨鼻梁,小圆鼻头,宽嘴,嘴角上扬,眉心竖纹浅痕,长心形脸（面中立体化），高眉骨/窄深眼窝，狼系眼·眼尾延展·宽眼距，中高鼻根/宽骨鼻梁/小圆鼻头，宽嘴·嘴角上扬，方下颌
FD01649,下颌突出脸,上庭展开,窄额,薄眉骨,中度眼窝,低颧骨,成熟收紧面颊,柔和下颌,上扬凤眼,眼尾下沉,标准眼距,星点虹膜,中鼻根,轻鹰钩鼻梁,窄翼鼻头,厚唇,嘴角紧收,颈侧细疤,下颌突出脸（上庭展开），薄眉骨/中度眼窝，上扬凤眼·眼尾下沉·标准眼距，中鼻根/轻鹰钩鼻梁/窄翼鼻头，厚唇·嘴角紧收，柔和下颌
FD01650,短方脸,上庭收窄,骨感额,柔和眉骨,宽浅眼窝,低颧骨,成熟收紧面颊,方下颌,平直杏眼,眼尾明显挑,标准眼距,星点虹膜,窄鼻根,宽骨鼻梁,微钝鼻头,小嘴,嘴角上扬,下颌浅疤,短方脸（上庭收窄），柔和眉骨/宽浅眼窝，平直杏眼·眼尾明显挑·标准眼距，窄鼻根/宽骨鼻梁/微钝鼻头，小嘴·嘴角上扬，方下颌
FD01651,圆方脸,偏锐收窄,高额,高眉骨,窄深眼窝,柔和颧骨,轻凹面颊,明显下颌角,狼系眼,眼尾下沉,宽眼距,环状虹膜,中鼻根,中直鼻梁,微钝鼻头,上薄下厚,嘴角紧收,左颊浅疤,圆方脸（偏锐收窄），高眉骨/窄深眼窝，狼系眼·眼尾下沉·宽眼距，中鼻根/中直鼻梁/微钝鼻头，上薄下厚·嘴角紧收，明显下颌角
FD01652,成熟方脸,下颌线清晰化,宽额,柔和眉骨,浅眼窝,外扩颧骨,饱满面颊,明显下颌角,长杏眼,眼尾平直,窄眼距,深色瞳,宽鼻根,轻微偏左鼻梁,微钝鼻头,上厚下薄,单侧上扬,单侧虎牙,成熟方脸（下颌线清晰化），柔和眉骨/浅眼窝，长杏眼·眼尾平直·窄眼距，宽鼻根/轻微偏左鼻梁/微钝鼻头，上厚下薄·单侧上扬，明显下颌角
FD01653,窄方脸,颈部线条延长,窄额,外侧突出眉骨,宽浅眼窝,低颧骨,成熟收紧面颊,圆方下颌,狭长瑞凤眼,眼尾平直,标准眼距,淡金瞳,中高鼻根,微弧鼻梁,小圆鼻头,薄唇,嘴角下垂,右眼下浅泪痣,窄方脸（颈部线条延长），外侧突出眉骨/宽浅眼窝，狭长瑞凤眼·眼尾平直·标准眼距，中高鼻根/微弧鼻梁/小圆鼻头，薄唇·嘴角下垂，圆方下颌
FD01654,骨感方脸,中轴收紧,微凸额,厚眉骨,宽浅眼窝,低颧骨,成熟收紧面颊,宽下颌,成熟长眼,眼尾微挑,宽眼距,琥珀瞳,低鼻根,中直鼻梁,窄翼鼻头,成熟长唇,嘴角紧收,瞳孔残缺,骨感方脸（中轴收紧），厚眉骨/宽浅眼窝，成熟长眼·眼尾微挑·宽眼距，低鼻根/中直鼻梁/窄翼鼻头，成熟长唇·嘴角紧收，宽下颌
FD01655,短圆脸,颧部微收,宽额,内侧突出眉骨,中度眼窝,高颧骨,轻凹面颊,骨感下颌,窄杏眼,眼尾延展,标准眼距,浅褐瞳,窄鼻根,中直鼻梁,肉感鼻头,上厚下薄,嘴角平直,眼角小痣,短圆脸（颧部微收），内侧突出眉骨/中度眼窝，窄杏眼·眼尾延展·标准眼距，窄鼻根/中直鼻梁/肉感鼻头，上厚下薄·嘴角平直，骨感下颌
FD01656,双颌匀称脸,下颌线清晰化,平直额,高眉骨,眼下骨感,低颧骨,饱满面颊,柔和下颌,宽杏眼,眼尾平直,宽眼距,灰蓝瞳,高鼻根,高直鼻梁,轻翘鼻头,小嘴,单侧上扬,无标志,双颌匀称脸（下颌线清晰化），高眉骨/眼下骨感，宽杏眼·眼尾平直·宽眼距，高鼻根/高直鼻梁/轻翘鼻头，小嘴·单侧上扬，柔和下颌
FD01657,骨感窄脸,偏柔圆润,饱满额,外侧突出眉骨,窄深眼窝,低颧骨,轻凹面颊,明显下颌角,柳叶眼,眼尾延展,窄眼距,碎裂虹膜,中高鼻根,微弧鼻梁,肉感鼻头,上薄下厚,嘴角平直,碎裂虹膜,骨感窄脸（偏柔圆润），外侧突出眉骨/窄深眼窝，柳叶眼·眼尾延展·窄眼距，中高鼻根/微弧鼻梁/肉感鼻头，上薄下厚·嘴角平直，明显下颌角
FD01658,成熟方脸,下颌线柔化,骨感额,内侧突出眉骨,宽浅眼窝,高颧骨,薄面颊,窄下颌,平直杏眼,眼尾明显挑,宽眼距,灰蓝瞳,中高鼻根,宽骨鼻梁,窄翼鼻头,宽嘴,嘴角下垂,碎裂虹膜,成熟方脸（下颌线柔化），内侧突出眉骨/宽浅眼窝，平直杏眼·眼尾明显挑·宽眼距，中高鼻根/宽骨鼻梁/窄翼鼻头，宽嘴·嘴角下垂，窄下颌
FD01659,短圆脸,颊部略凹,平直额,厚眉骨,窄深眼窝,高颧骨,幼态柔软面颊,窄下颌,冷感眼,眼尾微挑,宽眼距,环状虹膜,中鼻根,柔和鼻梁,窄翼鼻头,薄唇,单侧上扬,双侧酒窝,短圆脸（颊部略凹），厚眉骨/窄深眼窝，冷感眼·眼尾微挑·宽眼距，中鼻根/柔和鼻梁/窄翼鼻头，薄唇·单侧上扬，窄下颌
FD01660,长圆脸,下颌线柔化,低额,内侧突出眉骨,宽浅眼窝,低颧骨,幼态柔软面颊,方下颌,瑞凤眼,眼尾下压,标准眼距,浅褐瞳,高鼻根,柔和鼻梁,微钝鼻头,宽嘴,嘴角上扬,左眼下浅泪痣,长圆脸（下颌线柔化），内侧突出眉骨/宽浅眼窝，瑞凤眼·眼尾下压·标准眼距，高鼻根/柔和鼻梁/微钝鼻头，宽嘴·嘴角上扬，方下颌
FD01661,短鹅蛋脸,下庭收窄,饱满额,薄眉骨,深眼窝,柔和颧骨,薄面颊,圆方下颌,少年圆眼,眼尾下沉,宽眼距,墨玉瞳,宽鼻根,轻鹰钩鼻梁,窄翼鼻头,宽嘴,嘴角下垂,额角旧痕,短鹅蛋脸（下庭收窄），薄眉骨/深眼窝，少年圆眼·眼尾下沉·宽眼距，宽鼻根/轻鹰钩鼻梁/窄翼鼻头，宽嘴·嘴角下垂，圆方下颌
FD01662,长菱形,下颌线清晰化,宽额,低眉骨,窄深眼窝,高颧骨,成熟收紧面颊,骨感下颌,上扬凤眼,眼尾延展,宽眼距,环状虹膜,中鼻根,轻鹰钩鼻梁,骨感鼻头,弓形唇,嘴角下垂,眉上小疤,长菱形（下颌线清晰化），低眉骨/窄深眼窝，上扬凤眼·眼尾延展·宽眼距，中鼻根/轻鹰钩鼻梁/骨感鼻头，弓形唇·嘴角下垂，骨感下颌
FD01663,窄鹅蛋脸,面中平缓,饱满额,外侧突出眉骨,浅眼窝,宽颧骨,饱满面颊,方下颌,成熟长眼,眼尾平直,宽眼距,环状虹膜,窄鼻根,宽骨鼻梁,骨感鼻头,成熟长唇,嘴角上扬,瞳孔残缺,窄鹅蛋脸（面中平缓），外侧突出眉骨/浅眼窝，成熟长眼·眼尾平直·宽眼距，窄鼻根/宽骨鼻梁/骨感鼻头，成熟长唇·嘴角上扬，方下颌
FD01664,宽方脸,下颌线柔化,骨感额,薄眉骨,浅眼窝,宽颧骨,轻凹面颊,宽下颌,冷感眼,眼尾下压,标准眼距,异色瞳,低鼻根,高直鼻梁,方圆鼻头,宽嘴,嘴角平直,眉心竖纹浅痕,宽方脸（下颌线柔化），薄眉骨/浅眼窝，冷感眼·眼尾下压·标准眼距，低鼻根/高直鼻梁/方圆鼻头，宽嘴·嘴角平直，宽下颌
FD01665,倒三角脸,颧部外扩,饱满额,低眉骨,中度眼窝,高颧骨,饱满面颊,收敛下颌,疲惫眼,眼尾延展,窄眼距,淡金瞳,低鼻根,微弧鼻梁,窄翼鼻头,小嘴,嘴角紧收,眼睑褶皱不对称,倒三角脸（颧部外扩），低眉骨/中度眼窝，疲惫眼·眼尾延展·窄眼距，低鼻根/微弧鼻梁/窄翼鼻头，小嘴·嘴角紧收，收敛下颌
FD01666,圆脸,颊部略凹,骨感额,柔和眉骨,窄深眼窝,高颧骨,成熟收紧面颊,骨感下颌,平直杏眼,眼尾延展,标准眼距,淡金瞳,中高鼻根,高直鼻梁,肉感鼻头,小嘴,嘴角下垂,指节薄茧,圆脸（颊部略凹），柔和眉骨/窄深眼窝，平直杏眼·眼尾延展·标准眼距，中高鼻根/高直鼻梁/肉感鼻头，小嘴·嘴角下垂，骨感下颌
FD01667,骨感方脸,中轴微长,低额,高眉骨,浅眼窝,低颧骨,幼态柔软面颊,收敛下颌,平凤眼,眼尾下压,宽眼距,星点虹膜,窄鼻根,高直鼻梁,肉感鼻头,厚唇,嘴角紧收,环状虹膜,骨感方脸（中轴微长），高眉骨/浅眼窝，平凤眼·眼尾下压·宽眼距，窄鼻根/高直鼻梁/肉感鼻头，厚唇·嘴角紧收，收敛下颌
FD01668,方菱过渡脸,偏锐收窄,宽额,压迫感眉骨,眼下饱满,外扩颧骨,成熟收紧面颊,骨感下颌,少年圆眼,眼尾下沉,宽眼距,琥珀瞳,低鼻根,轻微偏左鼻梁,骨感鼻头,弓形唇,嘴角下垂,唇下小痣,方菱过渡脸（偏锐收窄），压迫感眉骨/眼下饱满，少年圆眼·眼尾下沉·宽眼距，低鼻根/轻微偏左鼻梁/骨感鼻头，弓形唇·嘴角下垂，骨感下颌
FD01669,倒三角脸,下颌线柔化,窄额,内侧突出眉骨,眼下骨感,外扩颧骨,成熟收紧面颊,收敛下颌,上扬凤眼,眼尾下沉,标准眼距,浅褐瞳,低鼻根,轻鹰钩鼻梁,下压鼻头,宽嘴,嘴角平直,鼻梁旧伤,倒三角脸（下颌线柔化），内侧突出眉骨/眼下骨感，上扬凤眼·眼尾下沉·标准眼距，低鼻根/轻鹰钩鼻梁/下压鼻头，宽嘴·嘴角平直，收敛下颌
FD01670,窄方脸,面中平缓,高额,外侧突出眉骨,深眼窝,窄颧骨,幼态柔软面颊,圆方下颌,丹凤眼,眼尾微挑,标准眼距,灰蓝瞳,窄鼻根,宽骨鼻梁,方圆鼻头,弓形唇,嘴角上扬,左颊浅疤,窄方脸（面中平缓），外侧突出眉骨/深眼窝，丹凤眼·眼尾微挑·标准眼距，窄鼻根/宽骨鼻梁/方圆鼻头，弓形唇·嘴角上扬，圆方下颌
FD01671,长菱形,上庭展开,骨感额,低眉骨,深眼窝,高颧骨,轻凹面颊,明显下颌角,成熟长眼,眼尾下压,窄眼距,星点虹膜,中鼻根,轻微偏右鼻梁,下压鼻头,上厚下薄,嘴角平直,双侧酒窝,长菱形（上庭展开），低眉骨/深眼窝，成熟长眼·眼尾下压·窄眼距，中鼻根/轻微偏右鼻梁/下压鼻头，上厚下薄·嘴角平直，明显下颌角
FD01672,正梯形脸,上庭展开,低额,内侧突出眉骨,眼下饱满,窄颧骨,成熟收紧面颊,宽下颌,短圆杏眼,眼尾下沉,窄眼距,环状虹膜,中高鼻根,高直鼻梁,小圆鼻头,上厚下薄,嘴角平直,双侧酒窝,正梯形脸（上庭展开），内侧突出眉骨/眼下饱满，短圆杏眼·眼尾下沉·窄眼距，中高鼻根/高直鼻梁/小圆鼻头，上厚下薄·嘴角平直，宽下颌
FD01673,标准菱形,下庭加重,骨感额,高眉骨,窄深眼窝,高颧骨,轻凹面颊,骨感下颌,狭长瑞凤眼,眼尾下压,宽眼距,异色瞳,中鼻根,轻微偏左鼻梁,小圆鼻头,上厚下薄,嘴角平直,鼻梁旧伤,标准菱形（下庭加重），高眉骨/窄深眼窝，狭长瑞凤眼·眼尾下压·宽眼距，中鼻根/轻微偏左鼻梁/小圆鼻头，上厚下薄·嘴角平直，骨感下颌
FD01674,鹅蛋偏菱,偏锐收窄,高额,薄眉骨,深眼窝,宽颧骨,薄面颊,窄下颌,圆长眼,眼尾延展,窄眼距,灰蓝瞳,中鼻根,微弧鼻梁,窄翼鼻头,薄唇,嘴角上扬,环状虹膜,鹅蛋偏菱（偏锐收窄），薄眉骨/深眼窝，圆长眼·眼尾延展·窄眼距，中鼻根/微弧鼻梁/窄翼鼻头，薄唇·嘴角上扬，窄下颌
FD01675,骨感方脸,中轴收紧,高额,压迫感眉骨,宽浅眼窝,低颧骨,饱满面颊,窄下颌,蛇系眼,眼尾微挑,标准眼距,碎裂虹膜,宽鼻根,轻鹰钩鼻梁,微钝鼻头,上厚下薄,嘴角紧收,环状虹膜,骨感方脸（中轴收紧），压迫感眉骨/宽浅眼窝，蛇系眼·眼尾微挑·标准眼距，宽鼻根/轻鹰钩鼻梁/微钝鼻头，上厚下薄·嘴角紧收，窄下颌
FD01676,上窄下宽脸,下颌线清晰化,饱满额,低眉骨,深眼窝,低颧骨,薄面颊,圆方下颌,狐狸系眼,眼尾微挑,宽眼距,灰蓝瞳,窄鼻根,微弧鼻梁,窄翼鼻头,上薄下厚,单侧上扬,眼角小痣,上窄下宽脸（下颌线清晰化），低眉骨/深眼窝，狐狸系眼·眼尾微挑·宽眼距，窄鼻根/微弧鼻梁/窄翼鼻头，上薄下厚·单侧上扬，圆方下颌
FD01677,肉感短脸,下庭收窄,低额,柔和眉骨,浅眼窝,高颧骨,饱满面颊,收敛下颌,宽杏眼,眼尾平直,窄眼距,异色瞳,高鼻根,轻鹰钩鼻梁,小圆鼻头,平直唇,单侧上扬,右眉轻断,肉感短脸（下庭收窄），柔和眉骨/浅眼窝，宽杏眼·眼尾平直·窄眼距，高鼻根/轻鹰钩鼻梁/小圆鼻头，平直唇·单侧上扬，收敛下颌
FD01678,骨感窄脸,骨点内敛,微凸额,低眉骨,宽浅眼窝,宽颧骨,成熟收紧面颊,明显下颌角,鹤系眼,眼尾下沉,宽眼距,深色瞳,低鼻根,宽骨鼻梁,肉感鼻头,成熟长唇,嘴角紧收,无标志,骨感窄脸（骨点内敛），低眉骨/宽浅眼窝，鹤系眼·眼尾下沉·宽眼距，低鼻根/宽骨鼻梁/肉感鼻头，成熟长唇·嘴角紧收，明显下颌角
FD01679,柔和方脸,中庭展宽,平直额,低眉骨,浅眼窝,窄颧骨,成熟收紧面颊,柔和下颌,窄杏眼,眼尾平直,宽眼距,琥珀瞳,窄鼻根,柔和鼻梁,方圆鼻头,厚唇,单侧上扬,鼻梁旧伤,柔和方脸（中庭展宽），低眉骨/浅眼窝，窄杏眼·眼尾平直·宽眼距，窄鼻根/柔和鼻梁/方圆鼻头，厚唇·单侧上扬，柔和下颌
FD01680,上宽下窄脸,中轴收紧,宽额,低眉骨,浅眼窝,低颧骨,薄面颊,柔和下颌,上扬凤眼,眼尾微挑,宽眼距,灰蓝瞳,低鼻根,宽骨鼻梁,小圆鼻头,上厚下薄,嘴角下垂,下颌浅疤,上宽下窄脸（中轴收紧），低眉骨/浅眼窝，上扬凤眼·眼尾微挑·宽眼距，低鼻根/宽骨鼻梁/小圆鼻头，上厚下薄·嘴角下垂，柔和下颌
FD01681,鹅蛋偏菱,中庭展宽,窄额,薄眉骨,中度眼窝,宽颧骨,饱满面颊,柔和下颌,桃花眼,眼尾延展,宽眼距,异色瞳,低鼻根,宽骨鼻梁,轻翘鼻头,厚唇,嘴角下垂,眉心竖纹浅痕,鹅蛋偏菱（中庭展宽），薄眉骨/中度眼窝，桃花眼·眼尾延展·宽眼距，低鼻根/宽骨鼻梁/轻翘鼻头，厚唇·嘴角下垂，柔和下颌
FD01682,倒三角脸,中庭展宽,饱满额,外侧突出眉骨,眼下饱满,宽颧骨,幼态柔软面颊,窄下颌,少年圆眼,眼尾下压,宽眼距,灰蓝瞳,中高鼻根,轻鹰钩鼻梁,下压鼻头,成熟长唇,嘴角上扬,瞳孔残缺,倒三角脸（中庭展宽），外侧突出眉骨/眼下饱满，少年圆眼·眼尾下压·宽眼距，中高鼻根/轻鹰钩鼻梁/下压鼻头，成熟长唇·嘴角上扬，窄下颌
FD01683,骨感方脸,颊部略凹,宽额,厚眉骨,深眼窝,低颧骨,幼态柔软面颊,骨感下颌,宽杏眼,眼尾微挑,标准眼距,环状虹膜,中高鼻根,高直鼻梁,微钝鼻头,平直唇,嘴角平直,左眼下浅泪痣,骨感方脸（颊部略凹），厚眉骨/深眼窝，宽杏眼·眼尾微挑·标准眼距，中高鼻根/高直鼻梁/微钝鼻头，平直唇·嘴角平直，骨感下颌
FD01684,标准菱形,中轴收紧,窄额,柔和眉骨,中度眼窝,外扩颧骨,饱满面颊,方下颌,下垂眼,眼尾微挑,宽眼距,异色瞳,窄鼻根,轻微偏右鼻梁,轻翘鼻头,厚唇,单侧上扬,无标志,标准菱形（中轴收紧），柔和眉骨/中度眼窝，下垂眼·眼尾微挑·宽眼距，窄鼻根/轻微偏右鼻梁/轻翘鼻头，厚唇·单侧上扬，方下颌
FD01685,骨感菱形,偏锐收窄,窄额,薄眉骨,宽浅眼窝,窄颧骨,幼态柔软面颊,窄下颌,上扬凤眼,眼尾下沉,标准眼距,灰蓝瞳,中高鼻根,轻鹰钩鼻梁,下压鼻头,薄唇,单侧上扬,鼻梁旧伤,骨感菱形（偏锐收窄），薄眉骨/宽浅眼窝，上扬凤眼·眼尾下沉·标准眼距，中高鼻根/轻鹰钩鼻梁/下压鼻头，薄唇·单侧上扬，窄下颌
FD01686,上窄下宽脸,颊部饱满,平直额,厚眉骨,宽浅眼窝,窄颧骨,薄面颊,窄下颌,短杏眼,眼尾明显挑,标准眼距,深色瞳,宽鼻根,轻鹰钩鼻梁,方圆鼻头,平直唇,嘴角上扬,眼睑褶皱不对称,上窄下宽脸（颊部饱满），厚眉骨/宽浅眼窝，短杏眼·眼尾明显挑·标准眼距，宽鼻根/轻鹰钩鼻梁/方圆鼻头，平直唇·嘴角上扬，窄下颌
FD01687,正梯形脸,中轴收紧,低额,低眉骨,浅眼窝,外扩颧骨,成熟收紧面颊,明显下颌角,宽杏眼,眼尾微挑,宽眼距,灰蓝瞳,窄鼻根,轻微偏左鼻梁,微钝鼻头,成熟长唇,嘴角紧收,左眼下浅泪痣,正梯形脸（中轴收紧），低眉骨/浅眼窝，宽杏眼·眼尾微挑·宽眼距，窄鼻根/轻微偏左鼻梁/微钝鼻头，成熟长唇·嘴角紧收，明显下颌角
FD01688,上宽下窄脸,上庭展开,低额,高眉骨,眼下骨感,低颧骨,幼态柔软面颊,窄下颌,冷感眼,眼尾平直,标准眼距,灰蓝瞳,中鼻根,中直鼻梁,下压鼻头,上厚下薄,单侧上扬,单侧虎牙,上宽下窄脸（上庭展开），高眉骨/眼下骨感，冷感眼·眼尾平直·标准眼距，中鼻根/中直鼻梁/下压鼻头，上厚下薄·单侧上扬，窄下颌
FD01689,宽方脸,上庭收窄,饱满额,薄眉骨,中度眼窝,宽颧骨,幼态柔软面颊,方下颌,柳叶眼,眼尾下沉,窄眼距,淡金瞳,窄鼻根,柔和鼻梁,方圆鼻头,厚唇,嘴角平直,左眼下浅泪痣,宽方脸（上庭收窄），薄眉骨/中度眼窝，柳叶眼·眼尾下沉·窄眼距，窄鼻根/柔和鼻梁/方圆鼻头，厚唇·嘴角平直，方下颌
FD01690,颧部展开脸,偏锐收窄,平直额,压迫感眉骨,深眼窝,低颧骨,成熟收紧面颊,明显下颌角,猫系眼,眼尾平直,宽眼距,碎裂虹膜,低鼻根,柔和鼻梁,小圆鼻头,薄唇,单侧上扬,碎裂虹膜,颧部展开脸（偏锐收窄），压迫感眉骨/深眼窝，猫系眼·眼尾平直·宽眼距，低鼻根/柔和鼻梁/小圆鼻头，薄唇·单侧上扬，明显下颌角
FD01691,方菱过渡脸,颧部外扩,饱满额,高眉骨,宽浅眼窝,高颧骨,轻凹面颊,宽下颌,瑞凤眼,眼尾延展,标准眼距,环状虹膜,宽鼻根,中直鼻梁,肉感鼻头,薄唇,单侧上扬,右眼下浅泪痣,方菱过渡脸（颧部外扩），高眉骨/宽浅眼窝，瑞凤眼·眼尾延展·标准眼距，宽鼻根/中直鼻梁/肉感鼻头，薄唇·单侧上扬，宽下颌
FD01692,短方脸,面中立体化,平直额,高眉骨,浅眼窝,柔和颧骨,饱满面颊,圆方下颌,狭长眼,眼尾微挑,宽眼距,灰蓝瞳,中鼻根,轻微偏右鼻梁,微钝鼻头,厚唇,嘴角紧收,下颌浅疤,短方脸（面中立体化），高眉骨/浅眼窝，狭长眼·眼尾微挑·宽眼距，中鼻根/轻微偏右鼻梁/微钝鼻头，厚唇·嘴角紧收，圆方下颌
FD01693,长鹅蛋脸,偏柔圆润,平直额,低眉骨,眼下饱满,柔和颧骨,幼态柔软面颊,骨感下颌,狐狸系眼,眼尾下沉,窄眼距,淡金瞳,宽鼻根,轻微偏右鼻梁,肉感鼻头,小嘴,嘴角上扬,鼻梁旧伤,长鹅蛋脸（偏柔圆润），低眉骨/眼下饱满，狐狸系眼·眼尾下沉·窄眼距，宽鼻根/轻微偏右鼻梁/肉感鼻头，小嘴·嘴角上扬，骨感下颌
FD01694,成熟方脸,中庭展宽,骨感额,柔和眉骨,浅眼窝,柔和颧骨,饱满面颊,宽下颌,猫系眼,眼尾微挑,宽眼距,星点虹膜,中高鼻根,高直鼻梁,小圆鼻头,平直唇,单侧上扬,右眉轻断,成熟方脸（中庭展宽），柔和眉骨/浅眼窝，猫系眼·眼尾微挑·宽眼距，中高鼻根/高直鼻梁/小圆鼻头，平直唇·单侧上扬，宽下颌
FD01695,鹅蛋偏心形,中轴收紧,宽额,柔和眉骨,眼下饱满,高颧骨,轻凹面颊,宽下颌,蛇系眼,眼尾平直,窄眼距,碎裂虹膜,窄鼻根,轻鹰钩鼻梁,骨感鼻头,上厚下薄,嘴角下垂,左颊浅疤,鹅蛋偏心形（中轴收紧），柔和眉骨/眼下饱满，蛇系眼·眼尾平直·窄眼距，窄鼻根/轻鹰钩鼻梁/骨感鼻头，上厚下薄·嘴角下垂，宽下颌
FD01696,成熟方脸,颊部略凹,宽额,柔和眉骨,窄深眼窝,高颧骨,成熟收紧面颊,宽下颌,圆长眼,眼尾下压,窄眼距,琥珀瞳,宽鼻根,轻微偏右鼻梁,微钝鼻头,薄唇,嘴角紧收,左眼下浅泪痣,成熟方脸（颊部略凹），柔和眉骨/窄深眼窝，圆长眼·眼尾下压·窄眼距，宽鼻根/轻微偏右鼻梁/微钝鼻头，薄唇·嘴角紧收，宽下颌
FD01697,成熟方脸,颈部线条收短,宽额,高眉骨,眼下骨感,窄颧骨,轻凹面颊,柔和下颌,鹿系眼,眼尾明显挑,窄眼距,异色瞳,中高鼻根,轻鹰钩鼻梁,方圆鼻头,小嘴,嘴角平直,左颊浅疤,成熟方脸（颈部线条收短），高眉骨/眼下骨感，鹿系眼·眼尾明显挑·窄眼距，中高鼻根/轻鹰钩鼻梁/方圆鼻头，小嘴·嘴角平直，柔和下颌
FD01698,正梯形脸,面中平缓,宽额,内侧突出眉骨,窄深眼窝,窄颧骨,成熟收紧面颊,柔和下颌,成熟长眼,眼尾微挑,宽眼距,浅褐瞳,中鼻根,轻鹰钩鼻梁,骨感鼻头,弓形唇,嘴角上扬,眼睑褶皱不对称,正梯形脸（面中平缓），内侧突出眉骨/窄深眼窝，成熟长眼·眼尾微挑·宽眼距，中鼻根/轻鹰钩鼻梁/骨感鼻头，弓形唇·嘴角上扬，柔和下颌
FD01699,心形脸,颊部略凹,平直额,薄眉骨,窄深眼窝,高颧骨,成熟收紧面颊,骨感下颌,狭长瑞凤眼,眼尾下压,窄眼距,淡金瞳,中鼻根,柔和鼻梁,肉感鼻头,上薄下厚,嘴角紧收,眼角小痣,心形脸（颊部略凹），薄眉骨/窄深眼窝，狭长瑞凤眼·眼尾下压·窄眼距，中鼻根/柔和鼻梁/肉感鼻头，上薄下厚·嘴角紧收，骨感下颌
FD01700,成熟方脸,骨点内敛,骨感额,外侧突出眉骨,宽浅眼窝,柔和颧骨,幼态柔软面颊,圆方下颌,疲惫眼,眼尾延展,窄眼距,深色瞳,窄鼻根,中直鼻梁,小圆鼻头,上薄下厚,单侧上扬,双侧酒窝,成熟方脸（骨点内敛），外侧突出眉骨/宽浅眼窝，疲惫眼·眼尾延展·窄眼距，窄鼻根/中直鼻梁/小圆鼻头，上薄下厚·单侧上扬，圆方下颌
FD01701,短方脸,偏锐收窄,饱满额,高眉骨,中度眼窝,宽颧骨,轻凹面颊,明显下颌角,疲惫眼,眼尾微挑,窄眼距,灰蓝瞳,中鼻根,柔和鼻梁,轻翘鼻头,小嘴,嘴角下垂,右眉轻断,短方脸（偏锐收窄），高眉骨/中度眼窝，疲惫眼·眼尾微挑·窄眼距，中鼻根/柔和鼻梁/轻翘鼻头，小嘴·嘴角下垂，明显下颌角
FD01702,长鹅蛋脸,偏锐收窄,平直额,内侧突出眉骨,窄深眼窝,窄颧骨,薄面颊,窄下颌,猫系眼,眼尾明显挑,标准眼距,深色瞳,高鼻根,柔和鼻梁,方圆鼻头,平直唇,嘴角紧收,瞳孔残缺,长鹅蛋脸（偏锐收窄），内侧突出眉骨/窄深眼窝，猫系眼·眼尾明显挑·标准眼距，高鼻根/柔和鼻梁/方圆鼻头，平直唇·嘴角紧收，窄下颌
FD01703,倒三角脸,颌角强调,饱满额,压迫感眉骨,浅眼窝,窄颧骨,薄面颊,宽下颌,圆长眼,眼尾下沉,窄眼距,浅褐瞳,窄鼻根,轻微偏左鼻梁,骨感鼻头,成熟长唇,单侧上扬,瞳孔残缺,倒三角脸（颌角强调），压迫感眉骨/浅眼窝，圆长眼·眼尾下沉·窄眼距，窄鼻根/轻微偏左鼻梁/骨感鼻头，成熟长唇·单侧上扬，宽下颌
FD01704,长心形脸,上庭展开,饱满额,低眉骨,窄深眼窝,外扩颧骨,轻凹面颊,方下颌,丹凤眼,眼尾平直,窄眼距,灰蓝瞳,中高鼻根,轻鹰钩鼻梁,轻翘鼻头,小嘴,嘴角上扬,唇下小痣,长心形脸（上庭展开），低眉骨/窄深眼窝，丹凤眼·眼尾平直·窄眼距，中高鼻根/轻鹰钩鼻梁/轻翘鼻头，小嘴·嘴角上扬，方下颌
FD01705,骨感菱形,颊部饱满,微凸额,柔和眉骨,眼下骨感,低颧骨,薄面颊,明显下颌角,圆长眼,眼尾明显挑,标准眼距,墨玉瞳,高鼻根,中直鼻梁,下压鼻头,上厚下薄,单侧上扬,指节薄茧,骨感菱形（颊部饱满），柔和眉骨/眼下骨感，圆长眼·眼尾明显挑·标准眼距，高鼻根/中直鼻梁/下压鼻头，上厚下薄·单侧上扬，明显下颌角
FD01706,双颌匀称脸,中轴收紧,窄额,薄眉骨,眼下饱满,窄颧骨,饱满面颊,明显下颌角,窄杏眼,眼尾明显挑,宽眼距,环状虹膜,宽鼻根,宽骨鼻梁,轻翘鼻头,弓形唇,嘴角紧收,无标志,双颌匀称脸（中轴收紧），薄眉骨/眼下饱满，窄杏眼·眼尾明显挑·宽眼距，宽鼻根/宽骨鼻梁/轻翘鼻头，弓形唇·嘴角紧收，明显下颌角
FD01707,短圆脸,颊部略凹,高额,外侧突出眉骨,眼下骨感,低颧骨,薄面颊,宽下颌,宽杏眼,眼尾延展,标准眼距,环状虹膜,窄鼻根,微弧鼻梁,骨感鼻头,上薄下厚,嘴角下垂,眼睑褶皱不对称,短圆脸（颊部略凹），外侧突出眉骨/眼下骨感，宽杏眼·眼尾延展·标准眼距，窄鼻根/微弧鼻梁/骨感鼻头，上薄下厚·嘴角下垂，宽下颌
FD01708,心形脸,颌角弱化,宽额,薄眉骨,眼下骨感,低颧骨,轻凹面颊,收敛下颌,鹤系眼,眼尾下压,窄眼距,琥珀瞳,中鼻根,轻鹰钩鼻梁,肉感鼻头,平直唇,嘴角下垂,右眉轻断,心形脸（颌角弱化），薄眉骨/眼下骨感，鹤系眼·眼尾下压·窄眼距，中鼻根/轻鹰钩鼻梁/肉感鼻头，平直唇·嘴角下垂，收敛下颌
FD01709,柔和方脸,下颌线清晰化,高额,高眉骨,中度眼窝,外扩颧骨,饱满面颊,窄下颌,冷感眼,眼尾明显挑,标准眼距,浅褐瞳,窄鼻根,中直鼻梁,下压鼻头,成熟长唇,嘴角紧收,耳后小痣,柔和方脸（下颌线清晰化），高眉骨/中度眼窝，冷感眼·眼尾明显挑·标准眼距，窄鼻根/中直鼻梁/下压鼻头，成熟长唇·嘴角紧收，窄下颌
FD01710,方鹅蛋脸,下庭收窄,饱满额,厚眉骨,深眼窝,外扩颧骨,饱满面颊,柔和下颌,狭长瑞凤眼,眼尾明显挑,标准眼距,碎裂虹膜,低鼻根,高直鼻梁,小圆鼻头,小嘴,嘴角下垂,无标志,方鹅蛋脸（下庭收窄），厚眉骨/深眼窝，狭长瑞凤眼·眼尾明显挑·标准眼距，低鼻根/高直鼻梁/小圆鼻头，小嘴·嘴角下垂，柔和下颌
FD01711,骨感窄脸,颌角弱化,宽额,外侧突出眉骨,浅眼窝,低颧骨,幼态柔软面颊,宽下颌,冷感眼,眼尾平直,窄眼距,星点虹膜,窄鼻根,中直鼻梁,小圆鼻头,薄唇,嘴角上扬,无标志,骨感窄脸（颌角弱化），外侧突出眉骨/浅眼窝，冷感眼·眼尾平直·窄眼距，窄鼻根/中直鼻梁/小圆鼻头，薄唇·嘴角上扬，宽下颌
FD01712,幼态圆脸,颧部微收,饱满额,柔和眉骨,窄深眼窝,外扩颧骨,饱满面颊,方下颌,半睁懒眼,眼尾平直,窄眼距,异色瞳,高鼻根,轻微偏右鼻梁,窄翼鼻头,小嘴,单侧上扬,鼻梁旧伤,幼态圆脸（颧部微收），柔和眉骨/窄深眼窝，半睁懒眼·眼尾平直·窄眼距，高鼻根/轻微偏右鼻梁/窄翼鼻头，小嘴·单侧上扬，方下颌
FD01713,倒梯形脸,颧部微收,平直额,低眉骨,眼下骨感,外扩颧骨,薄面颊,圆方下颌,疲惫眼,眼尾平直,宽眼距,异色瞳,窄鼻根,柔和鼻梁,窄翼鼻头,宽嘴,嘴角平直,耳后小痣,倒梯形脸（颧部微收），低眉骨/眼下骨感，疲惫眼·眼尾平直·宽眼距，窄鼻根/柔和鼻梁/窄翼鼻头，宽嘴·嘴角平直，圆方下颌
FD01714,鹅蛋偏心形,骨点外显,微凸额,外侧突出眉骨,深眼窝,外扩颧骨,薄面颊,宽下颌,狭长眼,眼尾平直,窄眼距,碎裂虹膜,低鼻根,轻微偏左鼻梁,下压鼻头,平直唇,嘴角上扬,碎裂虹膜,鹅蛋偏心形（骨点外显），外侧突出眉骨/深眼窝，狭长眼·眼尾平直·窄眼距，低鼻根/轻微偏左鼻梁/下压鼻头，平直唇·嘴角上扬，宽下颌
FD01715,双颌匀称脸,颊部略凹,窄额,薄眉骨,浅眼窝,外扩颧骨,饱满面颊,圆方下颌,平凤眼,眼尾平直,宽眼距,碎裂虹膜,宽鼻根,宽骨鼻梁,骨感鼻头,宽嘴,嘴角上扬,指节薄茧,双颌匀称脸（颊部略凹），薄眉骨/浅眼窝，平凤眼·眼尾平直·宽眼距，宽鼻根/宽骨鼻梁/骨感鼻头，宽嘴·嘴角上扬，圆方下颌
FD01716,颧部展开脸,颧部微收,微凸额,低眉骨,宽浅眼窝,外扩颧骨,成熟收紧面颊,柔和下颌,猫系眼,眼尾下沉,宽眼距,碎裂虹膜,中高鼻根,轻鹰钩鼻梁,微钝鼻头,宽嘴,嘴角平直,右眉轻断,颧部展开脸（颧部微收），低眉骨/宽浅眼窝，猫系眼·眼尾下沉·宽眼距，中高鼻根/轻鹰钩鼻梁/微钝鼻头，宽嘴·嘴角平直，柔和下颌
FD01717,双颌匀称脸,颈部线条收短,窄额,内侧突出眉骨,窄深眼窝,窄颧骨,饱满面颊,窄下颌,狭长眼,眼尾平直,窄眼距,碎裂虹膜,低鼻根,柔和鼻梁,肉感鼻头,成熟长唇,单侧上扬,鼻梁旧伤,双颌匀称脸（颈部线条收短），内侧突出眉骨/窄深眼窝，狭长眼·眼尾平直·窄眼距，低鼻根/柔和鼻梁/肉感鼻头，成熟长唇·单侧上扬，窄下颌
FD01718,圆方脸,颌角强调,窄额,内侧突出眉骨,浅眼窝,宽颧骨,薄面颊,柔和下颌,猫系眼,眼尾明显挑,标准眼距,深色瞳,低鼻根,轻微偏右鼻梁,骨感鼻头,薄唇,嘴角平直,瞳孔残缺,圆方脸（颌角强调），内侧突出眉骨/浅眼窝，猫系眼·眼尾明显挑·标准眼距，低鼻根/轻微偏右鼻梁/骨感鼻头，薄唇·嘴角平直，柔和下颌
FD01719,梨形脸,骨点外显,微凸额,低眉骨,眼下骨感,柔和颧骨,成熟收紧面颊,柔和下颌,狐狸系眼,眼尾下压,宽眼距,灰蓝瞳,高鼻根,高直鼻梁,微钝鼻头,上厚下薄,单侧上扬,双侧酒窝,梨形脸（骨点外显），低眉骨/眼下骨感，狐狸系眼·眼尾下压·宽眼距，高鼻根/高直鼻梁/微钝鼻头，上厚下薄·单侧上扬，柔和下颌
FD01720,鹅蛋偏方,下庭加重,平直额,柔和眉骨,中度眼窝,宽颧骨,轻凹面颊,柔和下颌,成熟长眼,眼尾平直,窄眼距,墨玉瞳,宽鼻根,宽骨鼻梁,小圆鼻头,弓形唇,嘴角上扬,左颊浅疤,鹅蛋偏方（下庭加重），柔和眉骨/中度眼窝，成熟长眼·眼尾平直·窄眼距，宽鼻根/宽骨鼻梁/小圆鼻头，弓形唇·嘴角上扬，柔和下颌
FD01721,下颌突出脸,骨点外显,饱满额,低眉骨,中度眼窝,高颧骨,饱满面颊,宽下颌,成熟长眼,眼尾平直,宽眼距,碎裂虹膜,中高鼻根,高直鼻梁,骨感鼻头,平直唇,嘴角平直,眉尾旧疤,下颌突出脸（骨点外显），低眉骨/中度眼窝，成熟长眼·眼尾平直·宽眼距，中高鼻根/高直鼻梁/骨感鼻头，平直唇·嘴角平直，宽下颌
FD01722,短圆脸,中轴微长,高额,高眉骨,浅眼窝,高颧骨,饱满面颊,收敛下颌,鹤系眼,眼尾平直,标准眼距,碎裂虹膜,高鼻根,轻微偏右鼻梁,窄翼鼻头,上厚下薄,嘴角平直,额角旧痕,短圆脸（中轴微长），高眉骨/浅眼窝，鹤系眼·眼尾平直·标准眼距，高鼻根/轻微偏右鼻梁/窄翼鼻头，上厚下薄·嘴角平直，收敛下颌
FD01723,宽心形脸,颌角弱化,高额,薄眉骨,宽浅眼窝,窄颧骨,成熟收紧面颊,宽下颌,狼系眼,眼尾平直,宽眼距,深色瞳,高鼻根,中直鼻梁,微钝鼻头,小嘴,嘴角下垂,额角旧痕,宽心形脸（颌角弱化），薄眉骨/宽浅眼窝，狼系眼·眼尾平直·宽眼距，高鼻根/中直鼻梁/微钝鼻头，小嘴·嘴角下垂，宽下颌
FD01724,宽鹅蛋脸,偏锐收窄,微凸额,厚眉骨,眼下饱满,高颧骨,幼态柔软面颊,骨感下颌,成熟长眼,眼尾平直,窄眼距,碎裂虹膜,中高鼻根,轻微偏右鼻梁,轻翘鼻头,上厚下薄,嘴角紧收,眼角小痣,宽鹅蛋脸（偏锐收窄），厚眉骨/眼下饱满，成熟长眼·眼尾平直·窄眼距，中高鼻根/轻微偏右鼻梁/轻翘鼻头，上厚下薄·嘴角紧收，骨感下颌
FD01725,鹅蛋偏方,上庭收窄,窄额,柔和眉骨,宽浅眼窝,高颧骨,幼态柔软面颊,方下颌,狭长眼,眼尾微挑,窄眼距,碎裂虹膜,低鼻根,宽骨鼻梁,方圆鼻头,薄唇,嘴角下垂,下颌浅疤,鹅蛋偏方（上庭收窄），柔和眉骨/宽浅眼窝，狭长眼·眼尾微挑·窄眼距，低鼻根/宽骨鼻梁/方圆鼻头，薄唇·嘴角下垂，方下颌
FD01726,窄鹅蛋脸,下庭收窄,高额,薄眉骨,中度眼窝,宽颧骨,幼态柔软面颊,宽下颌,长杏眼,眼尾下压,宽眼距,灰蓝瞳,窄鼻根,中直鼻梁,轻翘鼻头,上薄下厚,嘴角平直,无标志,窄鹅蛋脸（下庭收窄），薄眉骨/中度眼窝，长杏眼·眼尾下压·宽眼距，窄鼻根/中直鼻梁/轻翘鼻头，上薄下厚·嘴角平直，宽下颌
FD01727,长菱形,颊部饱满,窄额,低眉骨,深眼窝,高颧骨,轻凹面颊,柔和下颌,下垂眼,眼尾明显挑,标准眼距,墨玉瞳,宽鼻根,轻微偏左鼻梁,微钝鼻头,上厚下薄,嘴角下垂,眉尾旧疤,长菱形（颊部饱满），低眉骨/深眼窝，下垂眼·眼尾明显挑·标准眼距，宽鼻根/轻微偏左鼻梁/微钝鼻头，上厚下薄·嘴角下垂，柔和下颌
FD01728,窄鹅蛋脸,骨点外显,骨感额,厚眉骨,中度眼窝,低颧骨,薄面颊,柔和下颌,狭长眼,眼尾平直,宽眼距,墨玉瞳,中高鼻根,中直鼻梁,肉感鼻头,薄唇,嘴角紧收,右眼下浅泪痣,窄鹅蛋脸（骨点外显），厚眉骨/中度眼窝，狭长眼·眼尾平直·宽眼距，中高鼻根/中直鼻梁/肉感鼻头，薄唇·嘴角紧收，柔和下颌
FD01729,梨形脸,颊部饱满,宽额,压迫感眉骨,眼下骨感,宽颧骨,轻凹面颊,窄下颌,冷感眼,眼尾平直,宽眼距,浅褐瞳,窄鼻根,柔和鼻梁,窄翼鼻头,弓形唇,单侧上扬,颈侧细疤,梨形脸（颊部饱满），压迫感眉骨/眼下骨感，冷感眼·眼尾平直·宽眼距，窄鼻根/柔和鼻梁/窄翼鼻头，弓形唇·单侧上扬，窄下颌
FD01730,长鹅蛋脸,颊部略凹,窄额,厚眉骨,宽浅眼窝,窄颧骨,成熟收紧面颊,圆方下颌,短圆杏眼,眼尾明显挑,标准眼距,环状虹膜,低鼻根,轻微偏右鼻梁,小圆鼻头,小嘴,单侧上扬,无标志,长鹅蛋脸（颊部略凹），厚眉骨/宽浅眼窝，短圆杏眼·眼尾明显挑·标准眼距，低鼻根/轻微偏右鼻梁/小圆鼻头，小嘴·单侧上扬，圆方下颌
FD01731,宽鹅蛋脸,偏锐收窄,微凸额,外侧突出眉骨,眼下饱满,柔和颧骨,幼态柔软面颊,明显下颌角,蛇系眼,眼尾明显挑,宽眼距,环状虹膜,窄鼻根,轻微偏右鼻梁,肉感鼻头,弓形唇,嘴角紧收,耳后小痣,宽鹅蛋脸（偏锐收窄），外侧突出眉骨/眼下饱满，蛇系眼·眼尾明显挑·宽眼距，窄鼻根/轻微偏右鼻梁/肉感鼻头，弓形唇·嘴角紧收，明显下颌角
FD01732,长菱形,颌角强调,骨感额,外侧突出眉骨,眼下骨感,外扩颧骨,轻凹面颊,收敛下颌,蛇系眼,眼尾微挑,窄眼距,琥珀瞳,中高鼻根,中直鼻梁,小圆鼻头,成熟长唇,嘴角平直,眼睑褶皱不对称,长菱形（颌角强调），外侧突出眉骨/眼下骨感，蛇系眼·眼尾微挑·窄眼距，中高鼻根/中直鼻梁/小圆鼻头，成熟长唇·嘴角平直，收敛下颌
FD01733,正梯形脸,颧部微收,饱满额,外侧突出眉骨,窄深眼窝,高颧骨,幼态柔软面颊,方下颌,宽杏眼,眼尾下压,窄眼距,星点虹膜,中高鼻根,中直鼻梁,轻翘鼻头,薄唇,单侧上扬,无标志,正梯形脸（颧部微收），外侧突出眉骨/窄深眼窝，宽杏眼·眼尾下压·窄眼距，中高鼻根/中直鼻梁/轻翘鼻头，薄唇·单侧上扬，方下颌
FD01734,长心形脸,骨点内敛,饱满额,柔和眉骨,浅眼窝,外扩颧骨,饱满面颊,窄下颌,冷感眼,眼尾明显挑,宽眼距,墨玉瞳,中鼻根,中直鼻梁,轻翘鼻头,薄唇,嘴角上扬,右眉轻断,长心形脸（骨点内敛），柔和眉骨/浅眼窝，冷感眼·眼尾明显挑·宽眼距，中鼻根/中直鼻梁/轻翘鼻头，薄唇·嘴角上扬，窄下颌
FD01735,鹅蛋偏菱,颌角强调,平直额,薄眉骨,眼下骨感,柔和颧骨,薄面颊,明显下颌角,蛇系眼,眼尾微挑,标准眼距,淡金瞳,宽鼻根,宽骨鼻梁,微钝鼻头,小嘴,嘴角上扬,下颌浅疤,鹅蛋偏菱（颌角强调），薄眉骨/眼下骨感，蛇系眼·眼尾微挑·标准眼距，宽鼻根/宽骨鼻梁/微钝鼻头，小嘴·嘴角上扬，明显下颌角
FD01736,肉感短脸,中轴微长,平直额,柔和眉骨,窄深眼窝,宽颧骨,薄面颊,宽下颌,狐狸系眼,眼尾微挑,宽眼距,墨玉瞳,中高鼻根,柔和鼻梁,微钝鼻头,弓形唇,嘴角下垂,左眼下浅泪痣,肉感短脸（中轴微长），柔和眉骨/窄深眼窝，狐狸系眼·眼尾微挑·宽眼距，中高鼻根/柔和鼻梁/微钝鼻头，弓形唇·嘴角下垂，宽下颌
FD01737,长鹅蛋脸,中庭拉长,高额,柔和眉骨,深眼窝,低颧骨,饱满面颊,收敛下颌,丹凤眼,眼尾微挑,标准眼距,浅褐瞳,中高鼻根,中直鼻梁,小圆鼻头,平直唇,嘴角下垂,眉尾旧疤,长鹅蛋脸（中庭拉长），柔和眉骨/深眼窝，丹凤眼·眼尾微挑·标准眼距，中高鼻根/中直鼻梁/小圆鼻头，平直唇·嘴角下垂，收敛下颌
FD01738,倒三角脸,中庭拉长,平直额,低眉骨,窄深眼窝,低颧骨,薄面颊,柔和下颌,短圆杏眼,眼尾微挑,宽眼距,墨玉瞳,高鼻根,宽骨鼻梁,肉感鼻头,平直唇,嘴角下垂,眉尾旧疤,倒三角脸（中庭拉长），低眉骨/窄深眼窝，短圆杏眼·眼尾微挑·宽眼距，高鼻根/宽骨鼻梁/肉感鼻头，平直唇·嘴角下垂，柔和下颌
FD01739,方鹅蛋脸,下庭加重,低额,内侧突出眉骨,深眼窝,柔和颧骨,饱满面颊,柔和下颌,狼系眼,眼尾微挑,标准眼距,墨玉瞳,宽鼻根,柔和鼻梁,骨感鼻头,弓形唇,嘴角下垂,无标志,方鹅蛋脸（下庭加重），内侧突出眉骨/深眼窝，狼系眼·眼尾微挑·标准眼距，宽鼻根/柔和鼻梁/骨感鼻头，弓形唇·嘴角下垂，柔和下颌
FD01740,骨感菱形,上庭收窄,高额,低眉骨,眼下骨感,窄颧骨,轻凹面颊,方下颌,鹤系眼,眼尾延展,宽眼距,深色瞳,宽鼻根,轻微偏右鼻梁,微钝鼻头,平直唇,嘴角平直,碎裂虹膜,骨感菱形（上庭收窄），低眉骨/眼下骨感，鹤系眼·眼尾延展·宽眼距，宽鼻根/轻微偏右鼻梁/微钝鼻头，平直唇·嘴角平直，方下颌
FD01741,宽心形脸,颈部线条收短,窄额,外侧突出眉骨,深眼窝,宽颧骨,轻凹面颊,收敛下颌,窄杏眼,眼尾微挑,窄眼距,浅褐瞳,窄鼻根,宽骨鼻梁,轻翘鼻头,薄唇,嘴角下垂,瞳孔残缺,宽心形脸（颈部线条收短），外侧突出眉骨/深眼窝，窄杏眼·眼尾微挑·窄眼距，窄鼻根/宽骨鼻梁/轻翘鼻头，薄唇·嘴角下垂，收敛下颌
FD01742,幼态方脸,骨点内敛,平直额,柔和眉骨,窄深眼窝,低颧骨,饱满面颊,骨感下颌,窄杏眼,眼尾平直,窄眼距,墨玉瞳,中高鼻根,微弧鼻梁,轻翘鼻头,宽嘴,嘴角下垂,无标志,幼态方脸（骨点内敛），柔和眉骨/窄深眼窝，窄杏眼·眼尾平直·窄眼距，中高鼻根/微弧鼻梁/轻翘鼻头，宽嘴·嘴角下垂，骨感下颌
FD01743,双颌匀称脸,颧部微收,饱满额,外侧突出眉骨,中度眼窝,窄颧骨,饱满面颊,骨感下颌,狭长瑞凤眼,眼尾明显挑,标准眼距,深色瞳,窄鼻根,轻微偏左鼻梁,骨感鼻头,厚唇,单侧上扬,颈侧细疤,双颌匀称脸（颧部微收），外侧突出眉骨/中度眼窝，狭长瑞凤眼·眼尾明显挑·标准眼距，窄鼻根/轻微偏左鼻梁/骨感鼻头，厚唇·单侧上扬，骨感下颌
FD01744,短鹅蛋脸,颈部线条收短,微凸额,压迫感眉骨,深眼窝,窄颧骨,薄面颊,圆方下颌,平凤眼,眼尾下压,标准眼距,碎裂虹膜,高鼻根,中直鼻梁,骨感鼻头,成熟长唇,嘴角平直,额角旧痕,短鹅蛋脸（颈部线条收短），压迫感眉骨/深眼窝，平凤眼·眼尾下压·标准眼距，高鼻根/中直鼻梁/骨感鼻头，成熟长唇·嘴角平直，圆方下颌
FD01745,标准菱形,骨点内敛,宽额,低眉骨,中度眼窝,外扩颧骨,幼态柔软面颊,收敛下颌,下垂眼,眼尾平直,宽眼距,碎裂虹膜,中鼻根,轻鹰钩鼻梁,肉感鼻头,上厚下薄,嘴角下垂,眉上小疤,标准菱形（骨点内敛），低眉骨/中度眼窝，下垂眼·眼尾平直·宽眼距，中鼻根/轻鹰钩鼻梁/肉感鼻头，上厚下薄·嘴角下垂，收敛下颌
FD01746,心形脸,颈部线条延长,低额,外侧突出眉骨,浅眼窝,柔和颧骨,饱满面颊,宽下颌,长杏眼,眼尾明显挑,窄眼距,深色瞳,中鼻根,中直鼻梁,轻翘鼻头,薄唇,嘴角上扬,碎裂虹膜,心形脸（颈部线条延长），外侧突出眉骨/浅眼窝，长杏眼·眼尾明显挑·窄眼距，中鼻根/中直鼻梁/轻翘鼻头，薄唇·嘴角上扬，宽下颌
FD01747,方鹅蛋脸,中庭拉长,窄额,高眉骨,眼下骨感,窄颧骨,薄面颊,宽下颌,冷感眼,眼尾下压,标准眼距,异色瞳,宽鼻根,轻鹰钩鼻梁,下压鼻头,平直唇,嘴角紧收,眼睑褶皱不对称,方鹅蛋脸（中庭拉长），高眉骨/眼下骨感，冷感眼·眼尾下压·标准眼距，宽鼻根/轻鹰钩鼻梁/下压鼻头，平直唇·嘴角紧收，宽下颌
FD01748,倒梯形脸,上庭展开,高额,柔和眉骨,眼下骨感,窄颧骨,轻凹面颊,窄下颌,宽杏眼,眼尾平直,宽眼距,异色瞳,中鼻根,轻微偏右鼻梁,下压鼻头,小嘴,单侧上扬,瞳孔残缺,倒梯形脸（上庭展开），柔和眉骨/眼下骨感，宽杏眼·眼尾平直·宽眼距，中鼻根/轻微偏右鼻梁/下压鼻头，小嘴·单侧上扬，窄下颌
FD01749,倒梯形脸,颌角强调,宽额,薄眉骨,中度眼窝,高颧骨,轻凹面颊,圆方下颌,平凤眼,眼尾明显挑,窄眼距,琥珀瞳,高鼻根,柔和鼻梁,窄翼鼻头,小嘴,单侧上扬,单侧虎牙,倒梯形脸（颌角强调），薄眉骨/中度眼窝，平凤眼·眼尾明显挑·窄眼距，高鼻根/柔和鼻梁/窄翼鼻头，小嘴·单侧上扬，圆方下颌
FD01750,宽心形脸,面中平缓,宽额,高眉骨,宽浅眼窝,外扩颧骨,轻凹面颊,方下颌,鹰隼眼,眼尾微挑,宽眼距,灰蓝瞳,低鼻根,微弧鼻梁,骨感鼻头,小嘴,嘴角紧收,异色瞳,宽心形脸（面中平缓），高眉骨/宽浅眼窝，鹰隼眼·眼尾微挑·宽眼距，低鼻根/微弧鼻梁/骨感鼻头，小嘴·嘴角紧收，方下颌
FD01751,长圆脸,下颌线柔化,饱满额,厚眉骨,深眼窝,低颧骨,薄面颊,骨感下颌,冷感眼,眼尾下沉,宽眼距,淡金瞳,窄鼻根,轻鹰钩鼻梁,肉感鼻头,小嘴,嘴角紧收,无标志,长圆脸（下颌线柔化），厚眉骨/深眼窝，冷感眼·眼尾下沉·宽眼距，窄鼻根/轻鹰钩鼻梁/肉感鼻头，小嘴·嘴角紧收，骨感下颌
FD01752,标准菱形,颊部饱满,微凸额,外侧突出眉骨,深眼窝,高颧骨,饱满面颊,柔和下颌,下垂眼,眼尾微挑,标准眼距,环状虹膜,窄鼻根,中直鼻梁,方圆鼻头,上厚下薄,嘴角下垂,眉尾旧疤,标准菱形（颊部饱满），外侧突出眉骨/深眼窝，下垂眼·眼尾微挑·标准眼距，窄鼻根/中直鼻梁/方圆鼻头，上厚下薄·嘴角下垂，柔和下颌
FD01753,窄方脸,颊部饱满,骨感额,高眉骨,宽浅眼窝,高颧骨,幼态柔软面颊,方下颌,短杏眼,眼尾微挑,宽眼距,浅褐瞳,窄鼻根,轻微偏左鼻梁,小圆鼻头,小嘴,嘴角紧收,指节薄茧,窄方脸（颊部饱满），高眉骨/宽浅眼窝，短杏眼·眼尾微挑·宽眼距，窄鼻根/轻微偏左鼻梁/小圆鼻头，小嘴·嘴角紧收，方下颌
FD01754,鹅蛋偏方,偏柔圆润,窄额,内侧突出眉骨,中度眼窝,低颧骨,饱满面颊,收敛下颌,桃花眼,眼尾微挑,窄眼距,淡金瞳,宽鼻根,高直鼻梁,下压鼻头,小嘴,嘴角紧收,瞳孔残缺,鹅蛋偏方（偏柔圆润），内侧突出眉骨/中度眼窝，桃花眼·眼尾微挑·窄眼距，宽鼻根/高直鼻梁/下压鼻头，小嘴·嘴角紧收，收敛下颌
FD01755,圆方脸,颈部线条延长,平直额,压迫感眉骨,眼下饱满,宽颧骨,薄面颊,柔和下颌,圆长眼,眼尾平直,窄眼距,墨玉瞳,宽鼻根,轻微偏右鼻梁,方圆鼻头,厚唇,单侧上扬,鼻梁旧伤,圆方脸（颈部线条延长），压迫感眉骨/眼下饱满，圆长眼·眼尾平直·窄眼距，宽鼻根/轻微偏右鼻梁/方圆鼻头，厚唇·单侧上扬，柔和下颌
FD01756,鹅蛋偏菱,中庭展宽,平直额,厚眉骨,深眼窝,窄颧骨,轻凹面颊,方下颌,圆长眼,眼尾微挑,标准眼距,浅褐瞳,中高鼻根,轻微偏右鼻梁,轻翘鼻头,平直唇,单侧上扬,颈侧细疤,鹅蛋偏菱（中庭展宽），厚眉骨/深眼窝，圆长眼·眼尾微挑·标准眼距，中高鼻根/轻微偏右鼻梁/轻翘鼻头，平直唇·单侧上扬，方下颌
FD01757,宽鹅蛋脸,颌角强调,微凸额,压迫感眉骨,眼下饱满,柔和颧骨,饱满面颊,收敛下颌,鹿系眼,眼尾微挑,宽眼距,碎裂虹膜,中鼻根,轻微偏左鼻梁,下压鼻头,上厚下薄,单侧上扬,右眉轻断,宽鹅蛋脸（颌角强调），压迫感眉骨/眼下饱满，鹿系眼·眼尾微挑·宽眼距，中鼻根/轻微偏左鼻梁/下压鼻头，上厚下薄·单侧上扬，收敛下颌
FD01758,短方脸,上庭展开,微凸额,柔和眉骨,宽浅眼窝,窄颧骨,轻凹面颊,明显下颌角,鹰隼眼,眼尾下沉,宽眼距,墨玉瞳,高鼻根,宽骨鼻梁,方圆鼻头,上薄下厚,嘴角下垂,异色瞳,短方脸（上庭展开），柔和眉骨/宽浅眼窝，鹰隼眼·眼尾下沉·宽眼距，高鼻根/宽骨鼻梁/方圆鼻头，上薄下厚·嘴角下垂，明显下颌角
FD01759,短方脸,面中平缓,高额,内侧突出眉骨,宽浅眼窝,高颧骨,幼态柔软面颊,柔和下颌,猫系眼,眼尾下压,窄眼距,灰蓝瞳,中高鼻根,宽骨鼻梁,方圆鼻头,平直唇,嘴角平直,无标志,短方脸（面中平缓），内侧突出眉骨/宽浅眼窝，猫系眼·眼尾下压·窄眼距，中高鼻根/宽骨鼻梁/方圆鼻头，平直唇·嘴角平直，柔和下颌
FD01760,宽方脸,面中立体化,微凸额,高眉骨,宽浅眼窝,低颧骨,轻凹面颊,圆方下颌,丹凤眼,眼尾延展,宽眼距,星点虹膜,高鼻根,轻微偏左鼻梁,轻翘鼻头,薄唇,嘴角上扬,指节薄茧,宽方脸（面中立体化），高眉骨/宽浅眼窝，丹凤眼·眼尾延展·宽眼距，高鼻根/轻微偏左鼻梁/轻翘鼻头，薄唇·嘴角上扬，圆方下颌
FD01761,鹅蛋偏方,中轴微长,宽额,高眉骨,中度眼窝,低颧骨,幼态柔软面颊,圆方下颌,宽杏眼,眼尾下压,宽眼距,星点虹膜,中高鼻根,高直鼻梁,小圆鼻头,弓形唇,嘴角平直,唇下小痣,鹅蛋偏方（中轴微长），高眉骨/中度眼窝，宽杏眼·眼尾下压·宽眼距，中高鼻根/高直鼻梁/小圆鼻头，弓形唇·嘴角平直，圆方下颌
FD01762,骨感菱形,中庭展宽,骨感额,外侧突出眉骨,宽浅眼窝,低颧骨,薄面颊,骨感下颌,平凤眼,眼尾平直,宽眼距,淡金瞳,高鼻根,中直鼻梁,轻翘鼻头,上薄下厚,单侧上扬,左眼下浅泪痣,骨感菱形（中庭展宽），外侧突出眉骨/宽浅眼窝，平凤眼·眼尾平直·宽眼距，高鼻根/中直鼻梁/轻翘鼻头，上薄下厚·单侧上扬，骨感下颌
FD01763,骨感菱形,上庭展开,低额,低眉骨,宽浅眼窝,高颧骨,饱满面颊,骨感下颌,半睁懒眼,眼尾延展,宽眼距,琥珀瞳,中鼻根,宽骨鼻梁,小圆鼻头,上厚下薄,嘴角紧收,眼角小痣,骨感菱形（上庭展开），低眉骨/宽浅眼窝，半睁懒眼·眼尾延展·宽眼距，中鼻根/宽骨鼻梁/小圆鼻头，上厚下薄·嘴角紧收，骨感下颌
FD01764,方鹅蛋脸,中轴微长,窄额,压迫感眉骨,中度眼窝,宽颧骨,成熟收紧面颊,收敛下颌,平凤眼,眼尾微挑,宽眼距,墨玉瞳,低鼻根,轻鹰钩鼻梁,轻翘鼻头,宽嘴,嘴角上扬,左颊浅疤,方鹅蛋脸（中轴微长），压迫感眉骨/中度眼窝，平凤眼·眼尾微挑·宽眼距，低鼻根/轻鹰钩鼻梁/轻翘鼻头，宽嘴·嘴角上扬，收敛下颌
FD01765,双颌匀称脸,中轴微长,高额,压迫感眉骨,眼下骨感,窄颧骨,幼态柔软面颊,窄下颌,短杏眼,眼尾下沉,窄眼距,深色瞳,窄鼻根,柔和鼻梁,轻翘鼻头,上厚下薄,嘴角下垂,无标志,双颌匀称脸（中轴微长），压迫感眉骨/眼下骨感，短杏眼·眼尾下沉·窄眼距，窄鼻根/柔和鼻梁/轻翘鼻头，上厚下薄·嘴角下垂，窄下颌
FD01766,宽心形脸,下庭加重,饱满额,低眉骨,深眼窝,外扩颧骨,成熟收紧面颊,明显下颌角,短杏眼,眼尾平直,窄眼距,环状虹膜,中鼻根,柔和鼻梁,骨感鼻头,弓形唇,单侧上扬,右眼下浅泪痣,宽心形脸（下庭加重），低眉骨/深眼窝，短杏眼·眼尾平直·窄眼距，中鼻根/柔和鼻梁/骨感鼻头，弓形唇·单侧上扬，明显下颌角
FD01767,长圆脸,中轴收紧,骨感额,薄眉骨,浅眼窝,宽颧骨,幼态柔软面颊,宽下颌,少年圆眼,眼尾平直,窄眼距,环状虹膜,宽鼻根,轻微偏右鼻梁,方圆鼻头,厚唇,嘴角下垂,无标志,长圆脸（中轴收紧），薄眉骨/浅眼窝，少年圆眼·眼尾平直·窄眼距，宽鼻根/轻微偏右鼻梁/方圆鼻头，厚唇·嘴角下垂，宽下颌
FD01768,长心形脸,颧部外扩,宽额,外侧突出眉骨,眼下饱满,高颧骨,薄面颊,收敛下颌,冷感眼,眼尾明显挑,窄眼距,深色瞳,窄鼻根,轻微偏左鼻梁,方圆鼻头,成熟长唇,嘴角平直,单侧虎牙,长心形脸（颧部外扩），外侧突出眉骨/眼下饱满，冷感眼·眼尾明显挑·窄眼距，窄鼻根/轻微偏左鼻梁/方圆鼻头，成熟长唇·嘴角平直，收敛下颌
FD01769,宽鹅蛋脸,颊部略凹,高额,柔和眉骨,窄深眼窝,柔和颧骨,薄面颊,明显下颌角,柳叶眼,眼尾下压,标准眼距,淡金瞳,低鼻根,轻鹰钩鼻梁,窄翼鼻头,宽嘴,嘴角上扬,唇下小痣,宽鹅蛋脸（颊部略凹），柔和眉骨/窄深眼窝，柳叶眼·眼尾下压·标准眼距，低鼻根/轻鹰钩鼻梁/窄翼鼻头，宽嘴·嘴角上扬，明显下颌角
FD01770,柔和菱形,下庭收窄,骨感额,薄眉骨,窄深眼窝,窄颧骨,成熟收紧面颊,窄下颌,鹤系眼,眼尾明显挑,宽眼距,琥珀瞳,高鼻根,轻微偏右鼻梁,窄翼鼻头,小嘴,嘴角上扬,眉尾旧疤,柔和菱形（下庭收窄），薄眉骨/窄深眼窝，鹤系眼·眼尾明显挑·宽眼距，高鼻根/轻微偏右鼻梁/窄翼鼻头，小嘴·嘴角上扬，窄下颌
FD01771,柔和菱形,上庭展开,低额,柔和眉骨,深眼窝,低颧骨,薄面颊,方下颌,柳叶眼,眼尾下压,宽眼距,琥珀瞳,中鼻根,中直鼻梁,方圆鼻头,厚唇,嘴角紧收,异色瞳,柔和菱形（上庭展开），柔和眉骨/深眼窝，柳叶眼·眼尾下压·宽眼距，中鼻根/中直鼻梁/方圆鼻头，厚唇·嘴角紧收，方下颌
FD01772,正梯形脸,颊部略凹,微凸额,低眉骨,深眼窝,高颧骨,轻凹面颊,方下颌,圆长眼,眼尾下沉,宽眼距,碎裂虹膜,中高鼻根,中直鼻梁,下压鼻头,成熟长唇,嘴角平直,异色瞳,正梯形脸（颊部略凹），低眉骨/深眼窝，圆长眼·眼尾下沉·宽眼距，中高鼻根/中直鼻梁/下压鼻头，成熟长唇·嘴角平直，方下颌
FD01773,方菱过渡脸,下庭收窄,饱满额,内侧突出眉骨,深眼窝,窄颧骨,幼态柔软面颊,骨感下颌,平直杏眼,眼尾延展,标准眼距,深色瞳,窄鼻根,轻微偏左鼻梁,微钝鼻头,成熟长唇,嘴角紧收,眉上小疤,方菱过渡脸（下庭收窄），内侧突出眉骨/深眼窝，平直杏眼·眼尾延展·标准眼距，窄鼻根/轻微偏左鼻梁/微钝鼻头，成熟长唇·嘴角紧收，骨感下颌
FD01774,长心形脸,骨点外显,高额,内侧突出眉骨,眼下饱满,柔和颧骨,饱满面颊,窄下颌,宽杏眼,眼尾明显挑,窄眼距,星点虹膜,中高鼻根,微弧鼻梁,下压鼻头,宽嘴,嘴角下垂,环状虹膜,长心形脸（骨点外显），内侧突出眉骨/眼下饱满，宽杏眼·眼尾明显挑·窄眼距，中高鼻根/微弧鼻梁/下压鼻头，宽嘴·嘴角下垂，窄下颌
FD01775,窄鹅蛋脸,颧部外扩,低额,外侧突出眉骨,眼下饱满,高颧骨,饱满面颊,骨感下颌,疲惫眼,眼尾微挑,标准眼距,灰蓝瞳,高鼻根,微弧鼻梁,方圆鼻头,上薄下厚,嘴角紧收,额角旧痕,窄鹅蛋脸（颧部外扩），外侧突出眉骨/眼下饱满，疲惫眼·眼尾微挑·标准眼距，高鼻根/微弧鼻梁/方圆鼻头，上薄下厚·嘴角紧收，骨感下颌
FD01776,骨感菱形,骨点外显,平直额,外侧突出眉骨,宽浅眼窝,窄颧骨,饱满面颊,明显下颌角,冷感眼,眼尾平直,宽眼距,异色瞳,中鼻根,高直鼻梁,窄翼鼻头,弓形唇,单侧上扬,眉尾旧疤,骨感菱形（骨点外显），外侧突出眉骨/宽浅眼窝，冷感眼·眼尾平直·宽眼距，中鼻根/高直鼻梁/窄翼鼻头，弓形唇·单侧上扬，明显下颌角
FD01777,方鹅蛋脸,中轴收紧,低额,柔和眉骨,窄深眼窝,柔和颧骨,成熟收紧面颊,宽下颌,平凤眼,眼尾下沉,窄眼距,异色瞳,宽鼻根,轻鹰钩鼻梁,肉感鼻头,小嘴,单侧上扬,无标志,方鹅蛋脸（中轴收紧），柔和眉骨/窄深眼窝，平凤眼·眼尾下沉·窄眼距，宽鼻根/轻鹰钩鼻梁/肉感鼻头，小嘴·单侧上扬，宽下颌
FD01778,正梯形脸,面中平缓,高额,内侧突出眉骨,窄深眼窝,窄颧骨,幼态柔软面颊,柔和下颌,窄杏眼,眼尾微挑,标准眼距,琥珀瞳,高鼻根,轻鹰钩鼻梁,窄翼鼻头,平直唇,单侧上扬,颈侧细疤,正梯形脸（面中平缓），内侧突出眉骨/窄深眼窝，窄杏眼·眼尾微挑·标准眼距，高鼻根/轻鹰钩鼻梁/窄翼鼻头，平直唇·单侧上扬，柔和下颌
FD01779,长圆脸,颌角强调,平直额,柔和眉骨,深眼窝,低颧骨,薄面颊,收敛下颌,猫系眼,眼尾明显挑,窄眼距,异色瞳,中高鼻根,中直鼻梁,小圆鼻头,薄唇,单侧上扬,无标志,长圆脸（颌角强调），柔和眉骨/深眼窝，猫系眼·眼尾明显挑·窄眼距，中高鼻根/中直鼻梁/小圆鼻头，薄唇·单侧上扬，收敛下颌
FD01780,柔和菱形,下颌线清晰化,窄额,压迫感眉骨,宽浅眼窝,宽颧骨,成熟收紧面颊,柔和下颌,少年圆眼,眼尾延展,窄眼距,琥珀瞳,窄鼻根,轻鹰钩鼻梁,微钝鼻头,成熟长唇,单侧上扬,指节薄茧,柔和菱形（下颌线清晰化），压迫感眉骨/宽浅眼窝，少年圆眼·眼尾延展·窄眼距，窄鼻根/轻鹰钩鼻梁/微钝鼻头，成熟长唇·单侧上扬，柔和下颌
FD01781,窄鹅蛋脸,骨点外显,骨感额,压迫感眉骨,眼下饱满,外扩颧骨,幼态柔软面颊,方下颌,平直杏眼,眼尾微挑,标准眼距,淡金瞳,高鼻根,宽骨鼻梁,小圆鼻头,平直唇,嘴角平直,颈侧细疤,窄鹅蛋脸（骨点外显），压迫感眉骨/眼下饱满，平直杏眼·眼尾微挑·标准眼距，高鼻根/宽骨鼻梁/小圆鼻头，平直唇·嘴角平直，方下颌
FD01782,窄鹅蛋脸,颊部略凹,低额,压迫感眉骨,眼下骨感,高颧骨,轻凹面颊,方下颌,丹凤眼,眼尾延展,标准眼距,碎裂虹膜,窄鼻根,轻微偏左鼻梁,小圆鼻头,薄唇,嘴角上扬,眉上小疤,窄鹅蛋脸（颊部略凹），压迫感眉骨/眼下骨感，丹凤眼·眼尾延展·标准眼距，窄鼻根/轻微偏左鼻梁/小圆鼻头，薄唇·嘴角上扬，方下颌
FD01783,颧部展开脸,颈部线条延长,骨感额,薄眉骨,浅眼窝,窄颧骨,饱满面颊,明显下颌角,少年圆眼,眼尾平直,宽眼距,碎裂虹膜,宽鼻根,轻微偏左鼻梁,窄翼鼻头,上薄下厚,嘴角上扬,眼睑褶皱不对称,颧部展开脸（颈部线条延长），薄眉骨/浅眼窝，少年圆眼·眼尾平直·宽眼距，宽鼻根/轻微偏左鼻梁/窄翼鼻头，上薄下厚·嘴角上扬，明显下颌角
FD01784,柔和菱形,上庭收窄,高额,厚眉骨,眼下饱满,柔和颧骨,成熟收紧面颊,窄下颌,冷感眼,眼尾下压,窄眼距,深色瞳,高鼻根,高直鼻梁,骨感鼻头,平直唇,嘴角平直,单侧酒窝,柔和菱形（上庭收窄），厚眉骨/眼下饱满，冷感眼·眼尾下压·窄眼距，高鼻根/高直鼻梁/骨感鼻头，平直唇·嘴角平直，窄下颌
FD01785,圆方脸,面中平缓,平直额,内侧突出眉骨,中度眼窝,高颧骨,幼态柔软面颊,骨感下颌,冷感眼,眼尾下压,窄眼距,深色瞳,低鼻根,轻微偏右鼻梁,肉感鼻头,宽嘴,嘴角紧收,无标志,圆方脸（面中平缓），内侧突出眉骨/中度眼窝，冷感眼·眼尾下压·窄眼距，低鼻根/轻微偏右鼻梁/肉感鼻头，宽嘴·嘴角紧收，骨感下颌
FD01786,颧部展开脸,颈部线条收短,微凸额,柔和眉骨,眼下饱满,窄颧骨,幼态柔软面颊,柔和下颌,半睁懒眼,眼尾下沉,窄眼距,琥珀瞳,宽鼻根,微弧鼻梁,窄翼鼻头,厚唇,嘴角平直,右眼下浅泪痣,颧部展开脸（颈部线条收短），柔和眉骨/眼下饱满，半睁懒眼·眼尾下沉·窄眼距，宽鼻根/微弧鼻梁/窄翼鼻头，厚唇·嘴角平直，柔和下颌
FD01787,窄方脸,颌角弱化,高额,厚眉骨,深眼窝,窄颧骨,成熟收紧面颊,窄下颌,宽杏眼,眼尾下压,宽眼距,灰蓝瞳,宽鼻根,柔和鼻梁,下压鼻头,上厚下薄,单侧上扬,左颊浅疤,窄方脸（颌角弱化），厚眉骨/深眼窝，宽杏眼·眼尾下压·宽眼距，宽鼻根/柔和鼻梁/下压鼻头，上厚下薄·单侧上扬，窄下颌
FD01788,圆脸,偏柔圆润,低额,高眉骨,眼下骨感,高颧骨,轻凹面颊,明显下颌角,下垂眼,眼尾下压,宽眼距,浅褐瞳,低鼻根,高直鼻梁,小圆鼻头,小嘴,嘴角上扬,眼睑褶皱不对称,圆脸（偏柔圆润），高眉骨/眼下骨感，下垂眼·眼尾下压·宽眼距，低鼻根/高直鼻梁/小圆鼻头，小嘴·嘴角上扬，明显下颌角
FD01789,宽方脸,颌角强调,低额,压迫感眉骨,深眼窝,高颧骨,饱满面颊,骨感下颌,平凤眼,眼尾明显挑,标准眼距,浅褐瞳,中鼻根,轻微偏左鼻梁,骨感鼻头,薄唇,单侧上扬,眼角小痣,宽方脸（颌角强调），压迫感眉骨/深眼窝，平凤眼·眼尾明显挑·标准眼距，中鼻根/轻微偏左鼻梁/骨感鼻头，薄唇·单侧上扬，骨感下颌
FD01790,柔和方脸,下颌线清晰化,宽额,外侧突出眉骨,眼下骨感,柔和颧骨,轻凹面颊,明显下颌角,蛇系眼,眼尾下沉,宽眼距,浅褐瞳,宽鼻根,柔和鼻梁,肉感鼻头,上厚下薄,嘴角下垂,瞳孔残缺,柔和方脸（下颌线清晰化），外侧突出眉骨/眼下骨感，蛇系眼·眼尾下沉·宽眼距，宽鼻根/柔和鼻梁/肉感鼻头，上厚下薄·嘴角下垂，明显下颌角
FD01791,方鹅蛋脸,颧部外扩,窄额,外侧突出眉骨,眼下饱满,柔和颧骨,幼态柔软面颊,柔和下颌,瑞凤眼,眼尾延展,标准眼距,星点虹膜,宽鼻根,轻微偏左鼻梁,下压鼻头,平直唇,嘴角上扬,单侧酒窝,方鹅蛋脸（颧部外扩），外侧突出眉骨/眼下饱满，瑞凤眼·眼尾延展·标准眼距，宽鼻根/轻微偏左鼻梁/下压鼻头，平直唇·嘴角上扬，柔和下颌
FD01792,窄鹅蛋脸,颧部微收,骨感额,压迫感眉骨,宽浅眼窝,低颧骨,薄面颊,柔和下颌,半睁懒眼,眼尾下沉,标准眼距,环状虹膜,窄鼻根,轻微偏左鼻梁,轻翘鼻头,成熟长唇,嘴角下垂,单侧虎牙,窄鹅蛋脸（颧部微收），压迫感眉骨/宽浅眼窝，半睁懒眼·眼尾下沉·标准眼距，窄鼻根/轻微偏左鼻梁/轻翘鼻头，成熟长唇·嘴角下垂，柔和下颌
FD01793,倒梯形脸,中庭拉长,低额,压迫感眉骨,窄深眼窝,柔和颧骨,成熟收紧面颊,柔和下颌,短圆杏眼,眼尾下压,标准眼距,淡金瞳,窄鼻根,轻微偏右鼻梁,轻翘鼻头,上厚下薄,嘴角上扬,碎裂虹膜,倒梯形脸（中庭拉长），压迫感眉骨/窄深眼窝，短圆杏眼·眼尾下压·标准眼距，窄鼻根/轻微偏右鼻梁/轻翘鼻头，上厚下薄·嘴角上扬，柔和下颌
FD01794,短方脸,下颌线柔化,平直额,压迫感眉骨,宽浅眼窝,外扩颧骨,轻凹面颊,收敛下颌,窄杏眼,眼尾微挑,窄眼距,深色瞳,高鼻根,轻微偏右鼻梁,轻翘鼻头,小嘴,嘴角平直,碎裂虹膜,短方脸（下颌线柔化），压迫感眉骨/宽浅眼窝，窄杏眼·眼尾微挑·窄眼距，高鼻根/轻微偏右鼻梁/轻翘鼻头，小嘴·嘴角平直，收敛下颌
FD01795,骨感菱形,偏柔圆润,平直额,内侧突出眉骨,宽浅眼窝,窄颧骨,薄面颊,窄下颌,桃花眼,眼尾延展,窄眼距,琥珀瞳,中高鼻根,微弧鼻梁,小圆鼻头,弓形唇,嘴角平直,眼睑褶皱不对称,骨感菱形（偏柔圆润），内侧突出眉骨/宽浅眼窝，桃花眼·眼尾延展·窄眼距，中高鼻根/微弧鼻梁/小圆鼻头，弓形唇·嘴角平直，窄下颌
FD01796,双颌匀称脸,面中平缓,饱满额,高眉骨,深眼窝,外扩颧骨,幼态柔软面颊,圆方下颌,鹰隼眼,眼尾明显挑,窄眼距,灰蓝瞳,窄鼻根,轻鹰钩鼻梁,肉感鼻头,厚唇,嘴角下垂,左眼下浅泪痣,双颌匀称脸（面中平缓），高眉骨/深眼窝，鹰隼眼·眼尾明显挑·窄眼距，窄鼻根/轻鹰钩鼻梁/肉感鼻头，厚唇·嘴角下垂，圆方下颌
FD01797,双颌匀称脸,颌角强调,骨感额,低眉骨,中度眼窝,低颧骨,饱满面颊,明显下颌角,宽杏眼,眼尾下沉,窄眼距,墨玉瞳,高鼻根,微弧鼻梁,方圆鼻头,平直唇,嘴角下垂,碎裂虹膜,双颌匀称脸（颌角强调），低眉骨/中度眼窝，宽杏眼·眼尾下沉·窄眼距，高鼻根/微弧鼻梁/方圆鼻头，平直唇·嘴角下垂，明显下颌角
FD01798,清瘦圆脸,中庭拉长,平直额,柔和眉骨,眼下骨感,外扩颧骨,薄面颊,宽下颌,狭长瑞凤眼,眼尾平直,标准眼距,淡金瞳,窄鼻根,微弧鼻梁,骨感鼻头,厚唇,嘴角平直,下颌浅疤,清瘦圆脸（中庭拉长），柔和眉骨/眼下骨感，狭长瑞凤眼·眼尾平直·标准眼距，窄鼻根/微弧鼻梁/骨感鼻头，厚唇·嘴角平直，宽下颌
FD01799,梨形脸,中庭展宽,宽额,低眉骨,浅眼窝,宽颧骨,饱满面颊,收敛下颌,长杏眼,眼尾微挑,标准眼距,琥珀瞳,高鼻根,高直鼻梁,轻翘鼻头,厚唇,嘴角平直,下颌浅疤,梨形脸（中庭展宽），低眉骨/浅眼窝，长杏眼·眼尾微挑·标准眼距，高鼻根/高直鼻梁/轻翘鼻头，厚唇·嘴角平直，收敛下颌
FD01800,柔和方脸,骨点内敛,饱满额,厚眉骨,深眼窝,外扩颧骨,薄面颊,宽下颌,狭长瑞凤眼,眼尾平直,宽眼距,环状虹膜,中高鼻根,轻微偏左鼻梁,轻翘鼻头,平直唇,单侧上扬,唇下小痣,柔和方脸（骨点内敛），厚眉骨/深眼窝，狭长瑞凤眼·眼尾平直·宽眼距，中高鼻根/轻微偏左鼻梁/轻翘鼻头，平直唇·单侧上扬，宽下颌
FD01801,宽鹅蛋脸,下庭收窄,窄额,压迫感眉骨,中度眼窝,柔和颧骨,轻凹面颊,方下颌,鹿系眼,眼尾平直,宽眼距,星点虹膜,窄鼻根,高直鼻梁,微钝鼻头,弓形唇,嘴角上扬,眉尾旧疤,宽鹅蛋脸（下庭收窄），压迫感眉骨/中度眼窝，鹿系眼·眼尾平直·宽眼距，窄鼻根/高直鼻梁/微钝鼻头，弓形唇·嘴角上扬，方下颌
FD01802,幼态圆脸,中轴微长,微凸额,内侧突出眉骨,中度眼窝,柔和颧骨,轻凹面颊,收敛下颌,柳叶眼,眼尾微挑,窄眼距,星点虹膜,宽鼻根,轻微偏左鼻梁,肉感鼻头,厚唇,嘴角上扬,耳后小痣,幼态圆脸（中轴微长），内侧突出眉骨/中度眼窝，柳叶眼·眼尾微挑·窄眼距，宽鼻根/轻微偏左鼻梁/肉感鼻头，厚唇·嘴角上扬，收敛下颌
FD01803,窄鹅蛋脸,颌角弱化,宽额,低眉骨,眼下骨感,宽颧骨,饱满面颊,明显下颌角,圆长眼,眼尾微挑,标准眼距,灰蓝瞳,宽鼻根,微弧鼻梁,骨感鼻头,上厚下薄,单侧上扬,指节薄茧,窄鹅蛋脸（颌角弱化），低眉骨/眼下骨感，圆长眼·眼尾微挑·标准眼距，宽鼻根/微弧鼻梁/骨感鼻头，上厚下薄·单侧上扬，明显下颌角
FD01804,心形脸,颈部线条延长,宽额,压迫感眉骨,浅眼窝,窄颧骨,饱满面颊,圆方下颌,鹤系眼,眼尾明显挑,标准眼距,深色瞳,中高鼻根,柔和鼻梁,肉感鼻头,弓形唇,嘴角上扬,环状虹膜,心形脸（颈部线条延长），压迫感眉骨/浅眼窝，鹤系眼·眼尾明显挑·标准眼距，中高鼻根/柔和鼻梁/肉感鼻头，弓形唇·嘴角上扬，圆方下颌
FD01805,骨感菱形,面中平缓,饱满额,低眉骨,宽浅眼窝,窄颧骨,成熟收紧面颊,明显下颌角,短圆杏眼,眼尾平直,标准眼距,异色瞳,中高鼻根,高直鼻梁,肉感鼻头,厚唇,单侧上扬,无标志,骨感菱形（面中平缓），低眉骨/宽浅眼窝，短圆杏眼·眼尾平直·标准眼距，中高鼻根/高直鼻梁/肉感鼻头，厚唇·单侧上扬，明显下颌角
FD01806,柔和菱形,颊部略凹,平直额,低眉骨,浅眼窝,低颧骨,幼态柔软面颊,圆方下颌,半睁懒眼,眼尾下压,宽眼距,琥珀瞳,宽鼻根,轻鹰钩鼻梁,骨感鼻头,平直唇,单侧上扬,眉尾旧疤,柔和菱形（颊部略凹），低眉骨/浅眼窝，半睁懒眼·眼尾下压·宽眼距，宽鼻根/轻鹰钩鼻梁/骨感鼻头，平直唇·单侧上扬，圆方下颌
FD01807,正梯形脸,颈部线条收短,微凸额,内侧突出眉骨,中度眼窝,低颧骨,轻凹面颊,骨感下颌,狭长眼,眼尾明显挑,标准眼距,深色瞳,宽鼻根,柔和鼻梁,肉感鼻头,上厚下薄,单侧上扬,双侧酒窝,正梯形脸（颈部线条收短），内侧突出眉骨/中度眼窝，狭长眼·眼尾明显挑·标准眼距，宽鼻根/柔和鼻梁/肉感鼻头，上厚下薄·单侧上扬，骨感下颌
FD01808,短鹅蛋脸,颊部饱满,高额,薄眉骨,眼下饱满,高颧骨,幼态柔软面颊,明显下颌角,半睁懒眼,眼尾平直,标准眼距,环状虹膜,中鼻根,微弧鼻梁,窄翼鼻头,成熟长唇,嘴角上扬,指节薄茧,短鹅蛋脸（颊部饱满），薄眉骨/眼下饱满，半睁懒眼·眼尾平直·标准眼距，中鼻根/微弧鼻梁/窄翼鼻头，成熟长唇·嘴角上扬，明显下颌角
FD01809,宽鹅蛋脸,下庭加重,微凸额,内侧突出眉骨,窄深眼窝,窄颧骨,轻凹面颊,宽下颌,桃花眼,眼尾微挑,宽眼距,碎裂虹膜,高鼻根,柔和鼻梁,微钝鼻头,厚唇,嘴角紧收,眉上小疤,宽鹅蛋脸（下庭加重），内侧突出眉骨/窄深眼窝，桃花眼·眼尾微挑·宽眼距，高鼻根/柔和鼻梁/微钝鼻头，厚唇·嘴角紧收，宽下颌
FD01810,鹅蛋偏方,颧部微收,骨感额,压迫感眉骨,深眼窝,高颧骨,幼态柔软面颊,骨感下颌,柳叶眼,眼尾延展,窄眼距,墨玉瞳,高鼻根,轻微偏右鼻梁,肉感鼻头,上厚下薄,嘴角紧收,左颊浅疤,鹅蛋偏方（颧部微收），压迫感眉骨/深眼窝，柳叶眼·眼尾延展·窄眼距，高鼻根/轻微偏右鼻梁/肉感鼻头，上厚下薄·嘴角紧收，骨感下颌
FD01811,短鹅蛋脸,中庭展宽,微凸额,厚眉骨,眼下饱满,柔和颧骨,成熟收紧面颊,骨感下颌,丹凤眼,眼尾微挑,窄眼距,淡金瞳,中高鼻根,柔和鼻梁,下压鼻头,上薄下厚,嘴角紧收,眉尾旧疤,短鹅蛋脸（中庭展宽），厚眉骨/眼下饱满，丹凤眼·眼尾微挑·窄眼距，中高鼻根/柔和鼻梁/下压鼻头，上薄下厚·嘴角紧收，骨感下颌
FD01812,长鹅蛋脸,颊部略凹,低额,低眉骨,眼下饱满,窄颧骨,轻凹面颊,骨感下颌,少年圆眼,眼尾平直,窄眼距,浅褐瞳,低鼻根,轻微偏左鼻梁,下压鼻头,宽嘴,嘴角平直,无标志,长鹅蛋脸（颊部略凹），低眉骨/眼下饱满，少年圆眼·眼尾平直·窄眼距，低鼻根/轻微偏左鼻梁/下压鼻头，宽嘴·嘴角平直，骨感下颌
FD01813,宽方脸,偏锐收窄,饱满额,厚眉骨,深眼窝,低颧骨,成熟收紧面颊,柔和下颌,柳叶眼,眼尾平直,标准眼距,淡金瞳,宽鼻根,柔和鼻梁,骨感鼻头,成熟长唇,嘴角下垂,单侧酒窝,宽方脸（偏锐收窄），厚眉骨/深眼窝，柳叶眼·眼尾平直·标准眼距，宽鼻根/柔和鼻梁/骨感鼻头，成熟长唇·嘴角下垂，柔和下颌
FD01814,柔和方脸,中庭拉长,宽额,压迫感眉骨,眼下骨感,高颧骨,饱满面颊,圆方下颌,冷感眼,眼尾延展,窄眼距,异色瞳,中高鼻根,中直鼻梁,窄翼鼻头,平直唇,嘴角紧收,右眼下浅泪痣,柔和方脸（中庭拉长），压迫感眉骨/眼下骨感，冷感眼·眼尾延展·窄眼距，中高鼻根/中直鼻梁/窄翼鼻头，平直唇·嘴角紧收，圆方下颌
FD01815,骨感菱形,颊部略凹,高额,压迫感眉骨,深眼窝,宽颧骨,成熟收紧面颊,宽下颌,鹤系眼,眼尾微挑,宽眼距,星点虹膜,低鼻根,中直鼻梁,下压鼻头,成熟长唇,嘴角平直,瞳孔残缺,骨感菱形（颊部略凹），压迫感眉骨/深眼窝，鹤系眼·眼尾微挑·宽眼距，低鼻根/中直鼻梁/下压鼻头，成熟长唇·嘴角平直，宽下颌
FD01816,幼态圆脸,下庭收窄,窄额,薄眉骨,深眼窝,高颧骨,成熟收紧面颊,窄下颌,瑞凤眼,眼尾下压,宽眼距,碎裂虹膜,高鼻根,柔和鼻梁,小圆鼻头,宽嘴,单侧上扬,眼角小痣,幼态圆脸（下庭收窄），薄眉骨/深眼窝，瑞凤眼·眼尾下压·宽眼距，高鼻根/柔和鼻梁/小圆鼻头，宽嘴·单侧上扬，窄下颌
FD01817,宽方脸,颊部略凹,低额,薄眉骨,中度眼窝,窄颧骨,轻凹面颊,骨感下颌,半睁懒眼,眼尾延展,窄眼距,异色瞳,低鼻根,高直鼻梁,肉感鼻头,厚唇,嘴角下垂,左眼下浅泪痣,宽方脸（颊部略凹），薄眉骨/中度眼窝，半睁懒眼·眼尾延展·窄眼距，低鼻根/高直鼻梁/肉感鼻头，厚唇·嘴角下垂，骨感下颌
FD01818,圆方脸,中庭拉长,平直额,内侧突出眉骨,中度眼窝,宽颧骨,成熟收紧面颊,收敛下颌,成熟长眼,眼尾微挑,标准眼距,灰蓝瞳,中鼻根,中直鼻梁,下压鼻头,小嘴,嘴角平直,眉尾旧疤,圆方脸（中庭拉长），内侧突出眉骨/中度眼窝，成熟长眼·眼尾微挑·标准眼距，中鼻根/中直鼻梁/下压鼻头，小嘴·嘴角平直，收敛下颌
FD01819,短方脸,颧部外扩,低额,薄眉骨,中度眼窝,低颧骨,薄面颊,宽下颌,丹凤眼,眼尾平直,标准眼距,浅褐瞳,窄鼻根,轻鹰钩鼻梁,小圆鼻头,上薄下厚,嘴角平直,额角旧痕,短方脸（颧部外扩），薄眉骨/中度眼窝，丹凤眼·眼尾平直·标准眼距，窄鼻根/轻鹰钩鼻梁/小圆鼻头，上薄下厚·嘴角平直，宽下颌
FD01820,心形脸,骨点内敛,微凸额,高眉骨,浅眼窝,柔和颧骨,幼态柔软面颊,窄下颌,柳叶眼,眼尾下沉,标准眼距,星点虹膜,低鼻根,轻微偏右鼻梁,骨感鼻头,成熟长唇,嘴角上扬,无标志,心形脸（骨点内敛），高眉骨/浅眼窝，柳叶眼·眼尾下沉·标准眼距，低鼻根/轻微偏右鼻梁/骨感鼻头，成熟长唇·嘴角上扬，窄下颌
FD01821,正梯形脸,颌角强调,骨感额,柔和眉骨,浅眼窝,窄颧骨,轻凹面颊,骨感下颌,平凤眼,眼尾下沉,窄眼距,星点虹膜,中高鼻根,微弧鼻梁,轻翘鼻头,平直唇,嘴角紧收,无标志,正梯形脸（颌角强调），柔和眉骨/浅眼窝，平凤眼·眼尾下沉·窄眼距，中高鼻根/微弧鼻梁/轻翘鼻头，平直唇·嘴角紧收，骨感下颌
FD01822,幼态方脸,颈部线条收短,低额,厚眉骨,眼下骨感,宽颧骨,薄面颊,圆方下颌,宽杏眼,眼尾平直,标准眼距,浅褐瞳,中高鼻根,微弧鼻梁,微钝鼻头,小嘴,嘴角紧收,鼻梁旧伤,幼态方脸（颈部线条收短），厚眉骨/眼下骨感，宽杏眼·眼尾平直·标准眼距，中高鼻根/微弧鼻梁/微钝鼻头，小嘴·嘴角紧收，圆方下颌
FD01823,长方脸,颈部线条延长,宽额,外侧突出眉骨,中度眼窝,柔和颧骨,饱满面颊,窄下颌,窄杏眼,眼尾下压,窄眼距,深色瞳,低鼻根,轻鹰钩鼻梁,轻翘鼻头,小嘴,嘴角紧收,单侧酒窝,长方脸（颈部线条延长），外侧突出眉骨/中度眼窝，窄杏眼·眼尾下压·窄眼距，低鼻根/轻鹰钩鼻梁/轻翘鼻头，小嘴·嘴角紧收，窄下颌
FD01824,肉感短脸,下庭收窄,窄额,压迫感眉骨,深眼窝,外扩颧骨,幼态柔软面颊,宽下颌,蛇系眼,眼尾延展,宽眼距,墨玉瞳,窄鼻根,微弧鼻梁,窄翼鼻头,宽嘴,单侧上扬,左颊浅疤,肉感短脸（下庭收窄），压迫感眉骨/深眼窝，蛇系眼·眼尾延展·宽眼距，窄鼻根/微弧鼻梁/窄翼鼻头，宽嘴·单侧上扬，宽下颌
FD01825,双颌匀称脸,面中立体化,饱满额,外侧突出眉骨,中度眼窝,低颧骨,成熟收紧面颊,方下颌,狼系眼,眼尾平直,标准眼距,琥珀瞳,窄鼻根,轻微偏左鼻梁,轻翘鼻头,小嘴,嘴角下垂,眉心竖纹浅痕,双颌匀称脸（面中立体化），外侧突出眉骨/中度眼窝，狼系眼·眼尾平直·标准眼距，窄鼻根/轻微偏左鼻梁/轻翘鼻头，小嘴·嘴角下垂，方下颌
FD01826,梨形脸,颊部略凹,骨感额,外侧突出眉骨,眼下骨感,低颧骨,薄面颊,柔和下颌,圆长眼,眼尾下压,窄眼距,墨玉瞳,窄鼻根,中直鼻梁,骨感鼻头,上厚下薄,嘴角平直,眉尾旧疤,梨形脸（颊部略凹），外侧突出眉骨/眼下骨感，圆长眼·眼尾下压·窄眼距，窄鼻根/中直鼻梁/骨感鼻头，上厚下薄·嘴角平直，柔和下颌
FD01827,标准菱形,偏柔圆润,窄额,薄眉骨,眼下骨感,窄颧骨,轻凹面颊,方下颌,丹凤眼,眼尾下压,宽眼距,异色瞳,窄鼻根,高直鼻梁,轻翘鼻头,弓形唇,单侧上扬,颈侧细疤,标准菱形（偏柔圆润），薄眉骨/眼下骨感，丹凤眼·眼尾下压·宽眼距，窄鼻根/高直鼻梁/轻翘鼻头，弓形唇·单侧上扬，方下颌
FD01828,上宽下窄脸,颊部略凹,低额,高眉骨,眼下骨感,低颧骨,轻凹面颊,方下颌,圆长眼,眼尾明显挑,宽眼距,环状虹膜,低鼻根,宽骨鼻梁,微钝鼻头,平直唇,嘴角上扬,额角旧痕,上宽下窄脸（颊部略凹），高眉骨/眼下骨感，圆长眼·眼尾明显挑·宽眼距，低鼻根/宽骨鼻梁/微钝鼻头，平直唇·嘴角上扬，方下颌
FD01829,长心形脸,下庭加重,高额,压迫感眉骨,浅眼窝,窄颧骨,薄面颊,方下颌,宽杏眼,眼尾微挑,宽眼距,墨玉瞳,窄鼻根,微弧鼻梁,下压鼻头,成熟长唇,嘴角平直,右眼下浅泪痣,长心形脸（下庭加重），压迫感眉骨/浅眼窝，宽杏眼·眼尾微挑·宽眼距，窄鼻根/微弧鼻梁/下压鼻头，成熟长唇·嘴角平直，方下颌
FD01830,上窄下宽脸,颈部线条延长,平直额,内侧突出眉骨,中度眼窝,外扩颧骨,饱满面颊,骨感下颌,少年圆眼,眼尾下压,窄眼距,星点虹膜,窄鼻根,柔和鼻梁,窄翼鼻头,薄唇,嘴角紧收,异色瞳,上窄下宽脸（颈部线条延长），内侧突出眉骨/中度眼窝，少年圆眼·眼尾下压·窄眼距，窄鼻根/柔和鼻梁/窄翼鼻头，薄唇·嘴角紧收，骨感下颌
FD01831,短鹅蛋脸,面中平缓,宽额,柔和眉骨,浅眼窝,宽颧骨,轻凹面颊,柔和下颌,平直杏眼,眼尾下压,标准眼距,星点虹膜,高鼻根,微弧鼻梁,方圆鼻头,弓形唇,嘴角平直,异色瞳,短鹅蛋脸（面中平缓），柔和眉骨/浅眼窝，平直杏眼·眼尾下压·标准眼距，高鼻根/微弧鼻梁/方圆鼻头，弓形唇·嘴角平直，柔和下颌
FD01832,颧部展开脸,偏柔圆润,高额,压迫感眉骨,眼下饱满,宽颧骨,饱满面颊,柔和下颌,鹰隼眼,眼尾微挑,宽眼距,淡金瞳,宽鼻根,高直鼻梁,骨感鼻头,宽嘴,嘴角下垂,异色瞳,颧部展开脸（偏柔圆润），压迫感眉骨/眼下饱满，鹰隼眼·眼尾微挑·宽眼距，宽鼻根/高直鼻梁/骨感鼻头，宽嘴·嘴角下垂，柔和下颌
FD01833,宽心形脸,偏柔圆润,宽额,高眉骨,宽浅眼窝,柔和颧骨,成熟收紧面颊,柔和下颌,成熟长眼,眼尾平直,窄眼距,墨玉瞳,低鼻根,轻微偏右鼻梁,轻翘鼻头,厚唇,单侧上扬,鼻梁旧伤,宽心形脸（偏柔圆润），高眉骨/宽浅眼窝，成熟长眼·眼尾平直·窄眼距，低鼻根/轻微偏右鼻梁/轻翘鼻头，厚唇·单侧上扬，柔和下颌
FD01834,正梯形脸,上庭收窄,低额,低眉骨,眼下饱满,窄颧骨,薄面颊,窄下颌,上扬凤眼,眼尾明显挑,标准眼距,星点虹膜,窄鼻根,中直鼻梁,下压鼻头,薄唇,嘴角下垂,环状虹膜,正梯形脸（上庭收窄），低眉骨/眼下饱满，上扬凤眼·眼尾明显挑·标准眼距，窄鼻根/中直鼻梁/下压鼻头，薄唇·嘴角下垂，窄下颌
FD01835,长菱形,下庭收窄,微凸额,外侧突出眉骨,宽浅眼窝,窄颧骨,轻凹面颊,圆方下颌,狐狸系眼,眼尾平直,窄眼距,浅褐瞳,中高鼻根,微弧鼻梁,小圆鼻头,上厚下薄,单侧上扬,环状虹膜,长菱形（下庭收窄），外侧突出眉骨/宽浅眼窝，狐狸系眼·眼尾平直·窄眼距，中高鼻根/微弧鼻梁/小圆鼻头，上厚下薄·单侧上扬，圆方下颌
FD01836,下颌突出脸,中庭拉长,高额,柔和眉骨,浅眼窝,窄颧骨,成熟收紧面颊,宽下颌,平直杏眼,眼尾下沉,窄眼距,淡金瞳,低鼻根,微弧鼻梁,轻翘鼻头,弓形唇,单侧上扬,右眉轻断,下颌突出脸（中庭拉长），柔和眉骨/浅眼窝，平直杏眼·眼尾下沉·窄眼距，低鼻根/微弧鼻梁/轻翘鼻头，弓形唇·单侧上扬，宽下颌
FD01837,肉感短脸,颊部略凹,饱满额,薄眉骨,中度眼窝,窄颧骨,成熟收紧面颊,窄下颌,瑞凤眼,眼尾下沉,宽眼距,淡金瞳,中高鼻根,轻微偏右鼻梁,微钝鼻头,宽嘴,嘴角下垂,右眼下浅泪痣,肉感短脸（颊部略凹），薄眉骨/中度眼窝，瑞凤眼·眼尾下沉·宽眼距，中高鼻根/轻微偏右鼻梁/微钝鼻头，宽嘴·嘴角下垂，窄下颌
FD01838,宽心形脸,颊部略凹,窄额,低眉骨,眼下饱满,宽颧骨,饱满面颊,骨感下颌,平凤眼,眼尾平直,宽眼距,星点虹膜,中高鼻根,轻鹰钩鼻梁,骨感鼻头,上薄下厚,单侧上扬,左颊浅疤,宽心形脸（颊部略凹），低眉骨/眼下饱满，平凤眼·眼尾平直·宽眼距，中高鼻根/轻鹰钩鼻梁/骨感鼻头，上薄下厚·单侧上扬，骨感下颌
FD01839,肉感短脸,骨点外显,高额,内侧突出眉骨,眼下饱满,宽颧骨,薄面颊,方下颌,猫系眼,眼尾下沉,宽眼距,浅褐瞳,窄鼻根,宽骨鼻梁,轻翘鼻头,上薄下厚,单侧上扬,左颊浅疤,肉感短脸（骨点外显），内侧突出眉骨/眼下饱满，猫系眼·眼尾下沉·宽眼距，窄鼻根/宽骨鼻梁/轻翘鼻头，上薄下厚·单侧上扬，方下颌
FD01840,幼态方脸,上庭收窄,低额,高眉骨,眼下骨感,柔和颧骨,成熟收紧面颊,宽下颌,鹰隼眼,眼尾下压,窄眼距,星点虹膜,高鼻根,微弧鼻梁,方圆鼻头,成熟长唇,嘴角下垂,环状虹膜,幼态方脸（上庭收窄），高眉骨/眼下骨感，鹰隼眼·眼尾下压·窄眼距，高鼻根/微弧鼻梁/方圆鼻头，成熟长唇·嘴角下垂，宽下颌
FD01841,短鹅蛋脸,颈部线条延长,平直额,低眉骨,宽浅眼窝,高颧骨,薄面颊,骨感下颌,少年圆眼,眼尾微挑,标准眼距,星点虹膜,宽鼻根,宽骨鼻梁,下压鼻头,宽嘴,嘴角紧收,无标志,短鹅蛋脸（颈部线条延长），低眉骨/宽浅眼窝，少年圆眼·眼尾微挑·标准眼距，宽鼻根/宽骨鼻梁/下压鼻头，宽嘴·嘴角紧收，骨感下颌
FD01842,心形脸,颊部略凹,低额,柔和眉骨,眼下骨感,低颧骨,幼态柔软面颊,窄下颌,鹰隼眼,眼尾明显挑,窄眼距,灰蓝瞳,低鼻根,中直鼻梁,下压鼻头,平直唇,嘴角下垂,双侧酒窝,心形脸（颊部略凹），柔和眉骨/眼下骨感，鹰隼眼·眼尾明显挑·窄眼距，低鼻根/中直鼻梁/下压鼻头，平直唇·嘴角下垂，窄下颌
FD01843,梨形脸,颈部线条延长,低额,厚眉骨,窄深眼窝,低颧骨,幼态柔软面颊,方下颌,成熟长眼,眼尾下压,窄眼距,琥珀瞳,高鼻根,柔和鼻梁,轻翘鼻头,小嘴,嘴角紧收,单侧酒窝,梨形脸（颈部线条延长），厚眉骨/窄深眼窝，成熟长眼·眼尾下压·窄眼距，高鼻根/柔和鼻梁/轻翘鼻头，小嘴·嘴角紧收，方下颌
FD01844,长方脸,骨点外显,窄额,高眉骨,宽浅眼窝,柔和颧骨,轻凹面颊,窄下颌,长杏眼,眼尾下压,宽眼距,浅褐瞳,中鼻根,柔和鼻梁,窄翼鼻头,厚唇,嘴角平直,右眼下浅泪痣,长方脸（骨点外显），高眉骨/宽浅眼窝，长杏眼·眼尾下压·宽眼距，中鼻根/柔和鼻梁/窄翼鼻头，厚唇·嘴角平直，窄下颌
FD01845,宽方脸,偏锐收窄,窄额,内侧突出眉骨,宽浅眼窝,窄颧骨,薄面颊,柔和下颌,长杏眼,眼尾平直,窄眼距,深色瞳,中鼻根,轻微偏左鼻梁,骨感鼻头,上厚下薄,嘴角下垂,眉心竖纹浅痕,宽方脸（偏锐收窄），内侧突出眉骨/宽浅眼窝，长杏眼·眼尾平直·窄眼距，中鼻根/轻微偏左鼻梁/骨感鼻头，上厚下薄·嘴角下垂，柔和下颌
FD01846,倒梯形脸,面中立体化,窄额,薄眉骨,深眼窝,窄颧骨,薄面颊,宽下颌,短杏眼,眼尾明显挑,宽眼距,淡金瞳,中鼻根,轻鹰钩鼻梁,骨感鼻头,成熟长唇,嘴角下垂,额角旧痕,倒梯形脸（面中立体化），薄眉骨/深眼窝，短杏眼·眼尾明显挑·宽眼距，中鼻根/轻鹰钩鼻梁/骨感鼻头，成熟长唇·嘴角下垂，宽下颌
FD01847,圆脸,中庭拉长,低额,外侧突出眉骨,中度眼窝,外扩颧骨,薄面颊,骨感下颌,鹰隼眼,眼尾明显挑,窄眼距,异色瞳,低鼻根,轻微偏右鼻梁,小圆鼻头,弓形唇,单侧上扬,无标志,圆脸（中庭拉长），外侧突出眉骨/中度眼窝，鹰隼眼·眼尾明显挑·窄眼距，低鼻根/轻微偏右鼻梁/小圆鼻头，弓形唇·单侧上扬，骨感下颌
FD01848,标准菱形,颊部饱满,高额,高眉骨,宽浅眼窝,窄颧骨,饱满面颊,窄下颌,平凤眼,眼尾微挑,窄眼距,星点虹膜,中鼻根,柔和鼻梁,方圆鼻头,宽嘴,嘴角紧收,双侧酒窝,标准菱形（颊部饱满），高眉骨/宽浅眼窝，平凤眼·眼尾微挑·窄眼距，中鼻根/柔和鼻梁/方圆鼻头，宽嘴·嘴角紧收，窄下颌
FD01849,成熟方脸,中庭展宽,微凸额,内侧突出眉骨,宽浅眼窝,低颧骨,轻凹面颊,窄下颌,鹤系眼,眼尾下沉,标准眼距,异色瞳,中高鼻根,中直鼻梁,微钝鼻头,厚唇,嘴角上扬,颈侧细疤,成熟方脸（中庭展宽），内侧突出眉骨/宽浅眼窝，鹤系眼·眼尾下沉·标准眼距，中高鼻根/中直鼻梁/微钝鼻头，厚唇·嘴角上扬，窄下颌
FD01850,鹅蛋偏方,中轴收紧,平直额,薄眉骨,眼下骨感,低颧骨,幼态柔软面颊,圆方下颌,上扬凤眼,眼尾微挑,窄眼距,碎裂虹膜,低鼻根,高直鼻梁,微钝鼻头,弓形唇,嘴角下垂,左颊浅疤,鹅蛋偏方（中轴收紧），薄眉骨/眼下骨感，上扬凤眼·眼尾微挑·窄眼距，低鼻根/高直鼻梁/微钝鼻头，弓形唇·嘴角下垂，圆方下颌
FD01851,成熟方脸,偏锐收窄,平直额,高眉骨,中度眼窝,窄颧骨,轻凹面颊,圆方下颌,狼系眼,眼尾微挑,窄眼距,浅褐瞳,中鼻根,微弧鼻梁,微钝鼻头,上厚下薄,嘴角平直,无标志,成熟方脸（偏锐收窄），高眉骨/中度眼窝，狼系眼·眼尾微挑·窄眼距，中鼻根/微弧鼻梁/微钝鼻头，上厚下薄·嘴角平直，圆方下颌
FD01852,下颌突出脸,下颌线清晰化,高额,低眉骨,窄深眼窝,宽颧骨,成熟收紧面颊,窄下颌,短杏眼,眼尾平直,宽眼距,星点虹膜,低鼻根,轻微偏左鼻梁,骨感鼻头,上薄下厚,嘴角紧收,眼角小痣,下颌突出脸（下颌线清晰化），低眉骨/窄深眼窝，短杏眼·眼尾平直·宽眼距，低鼻根/轻微偏左鼻梁/骨感鼻头，上薄下厚·嘴角紧收，窄下颌
FD01853,宽菱形,颊部略凹,骨感额,柔和眉骨,眼下骨感,低颧骨,幼态柔软面颊,柔和下颌,狐狸系眼,眼尾明显挑,窄眼距,碎裂虹膜,低鼻根,中直鼻梁,轻翘鼻头,宽嘴,嘴角下垂,右眉轻断,宽菱形（颊部略凹），柔和眉骨/眼下骨感，狐狸系眼·眼尾明显挑·窄眼距，低鼻根/中直鼻梁/轻翘鼻头，宽嘴·嘴角下垂，柔和下颌
FD01854,宽菱形,下庭加重,窄额,高眉骨,窄深眼窝,外扩颧骨,幼态柔软面颊,宽下颌,平凤眼,眼尾平直,标准眼距,淡金瞳,低鼻根,高直鼻梁,窄翼鼻头,薄唇,嘴角上扬,双侧酒窝,宽菱形（下庭加重），高眉骨/窄深眼窝，平凤眼·眼尾平直·标准眼距，低鼻根/高直鼻梁/窄翼鼻头，薄唇·嘴角上扬，宽下颌
FD01855,鹅蛋偏心形,颊部略凹,高额,内侧突出眉骨,宽浅眼窝,外扩颧骨,薄面颊,圆方下颌,疲惫眼,眼尾平直,窄眼距,深色瞳,高鼻根,轻微偏右鼻梁,窄翼鼻头,上薄下厚,单侧上扬,双侧酒窝,鹅蛋偏心形（颊部略凹），内侧突出眉骨/宽浅眼窝，疲惫眼·眼尾平直·窄眼距，高鼻根/轻微偏右鼻梁/窄翼鼻头，上薄下厚·单侧上扬，圆方下颌
FD01856,长心形脸,骨点外显,宽额,内侧突出眉骨,深眼窝,柔和颧骨,饱满面颊,宽下颌,窄杏眼,眼尾下沉,标准眼距,琥珀瞳,宽鼻根,中直鼻梁,骨感鼻头,上厚下薄,嘴角平直,耳后小痣,长心形脸（骨点外显），内侧突出眉骨/深眼窝，窄杏眼·眼尾下沉·标准眼距，宽鼻根/中直鼻梁/骨感鼻头，上厚下薄·嘴角平直，宽下颌
FD01857,方菱过渡脸,颧部微收,饱满额,柔和眉骨,浅眼窝,低颧骨,饱满面颊,骨感下颌,桃花眼,眼尾下压,标准眼距,浅褐瞳,中高鼻根,轻微偏右鼻梁,小圆鼻头,弓形唇,嘴角上扬,眼睑褶皱不对称,方菱过渡脸（颧部微收），柔和眉骨/浅眼窝，桃花眼·眼尾下压·标准眼距，中高鼻根/轻微偏右鼻梁/小圆鼻头，弓形唇·嘴角上扬，骨感下颌
FD01858,正梯形脸,下颌线柔化,饱满额,压迫感眉骨,眼下饱满,宽颧骨,成熟收紧面颊,窄下颌,成熟长眼,眼尾微挑,标准眼距,淡金瞳,宽鼻根,微弧鼻梁,骨感鼻头,弓形唇,嘴角平直,指节薄茧,正梯形脸（下颌线柔化），压迫感眉骨/眼下饱满，成熟长眼·眼尾微挑·标准眼距，宽鼻根/微弧鼻梁/骨感鼻头，弓形唇·嘴角平直，窄下颌
FD01859,宽鹅蛋脸,颈部线条延长,宽额,厚眉骨,眼下骨感,柔和颧骨,薄面颊,方下颌,疲惫眼,眼尾下压,标准眼距,环状虹膜,中鼻根,高直鼻梁,微钝鼻头,小嘴,单侧上扬,双侧酒窝,宽鹅蛋脸（颈部线条延长），厚眉骨/眼下骨感，疲惫眼·眼尾下压·标准眼距，中鼻根/高直鼻梁/微钝鼻头，小嘴·单侧上扬，方下颌
FD01860,窄方脸,下颌线清晰化,骨感额,外侧突出眉骨,眼下饱满,窄颧骨,饱满面颊,圆方下颌,平直杏眼,眼尾延展,窄眼距,星点虹膜,高鼻根,柔和鼻梁,微钝鼻头,薄唇,嘴角平直,耳后小痣,窄方脸（下颌线清晰化），外侧突出眉骨/眼下饱满，平直杏眼·眼尾延展·窄眼距，高鼻根/柔和鼻梁/微钝鼻头，薄唇·嘴角平直，圆方下颌
FD01861,双颌匀称脸,颧部外扩,高额,外侧突出眉骨,眼下骨感,高颧骨,饱满面颊,收敛下颌,平凤眼,眼尾微挑,标准眼距,墨玉瞳,窄鼻根,中直鼻梁,窄翼鼻头,宽嘴,单侧上扬,额角旧痕,双颌匀称脸（颧部外扩），外侧突出眉骨/眼下骨感，平凤眼·眼尾微挑·标准眼距，窄鼻根/中直鼻梁/窄翼鼻头，宽嘴·单侧上扬，收敛下颌
FD01862,短圆脸,颌角强调,骨感额,高眉骨,中度眼窝,宽颧骨,轻凹面颊,窄下颌,柳叶眼,眼尾下沉,窄眼距,灰蓝瞳,高鼻根,高直鼻梁,小圆鼻头,宽嘴,嘴角平直,眼睑褶皱不对称,短圆脸（颌角强调），高眉骨/中度眼窝，柳叶眼·眼尾下沉·窄眼距，高鼻根/高直鼻梁/小圆鼻头，宽嘴·嘴角平直，窄下颌
FD01863,宽心形脸,颊部略凹,微凸额,柔和眉骨,眼下骨感,宽颧骨,饱满面颊,宽下颌,少年圆眼,眼尾下沉,窄眼距,深色瞳,宽鼻根,宽骨鼻梁,方圆鼻头,弓形唇,嘴角上扬,无标志,宽心形脸（颊部略凹），柔和眉骨/眼下骨感，少年圆眼·眼尾下沉·窄眼距，宽鼻根/宽骨鼻梁/方圆鼻头，弓形唇·嘴角上扬，宽下颌
FD01864,长心形脸,中庭拉长,低额,压迫感眉骨,宽浅眼窝,柔和颧骨,饱满面颊,宽下颌,鹿系眼,眼尾微挑,宽眼距,碎裂虹膜,高鼻根,中直鼻梁,窄翼鼻头,成熟长唇,嘴角平直,眉尾旧疤,长心形脸（中庭拉长），压迫感眉骨/宽浅眼窝，鹿系眼·眼尾微挑·宽眼距，高鼻根/中直鼻梁/窄翼鼻头，成熟长唇·嘴角平直，宽下颌
FD01865,柔和方脸,下颌线柔化,窄额,薄眉骨,窄深眼窝,柔和颧骨,幼态柔软面颊,骨感下颌,狭长瑞凤眼,眼尾明显挑,宽眼距,环状虹膜,低鼻根,中直鼻梁,肉感鼻头,小嘴,嘴角上扬,无标志,柔和方脸（下颌线柔化），薄眉骨/窄深眼窝，狭长瑞凤眼·眼尾明显挑·宽眼距，低鼻根/中直鼻梁/肉感鼻头，小嘴·嘴角上扬，骨感下颌
FD01866,幼态方脸,颈部线条收短,骨感额,压迫感眉骨,中度眼窝,高颧骨,饱满面颊,宽下颌,冷感眼,眼尾延展,标准眼距,异色瞳,中鼻根,高直鼻梁,窄翼鼻头,小嘴,嘴角上扬,无标志,幼态方脸（颈部线条收短），压迫感眉骨/中度眼窝，冷感眼·眼尾延展·标准眼距，中鼻根/高直鼻梁/窄翼鼻头，小嘴·嘴角上扬，宽下颌
FD01867,鹅蛋偏心形,上庭收窄,低额,柔和眉骨,眼下骨感,高颧骨,幼态柔软面颊,明显下颌角,短圆杏眼,眼尾下沉,标准眼距,碎裂虹膜,高鼻根,宽骨鼻梁,下压鼻头,小嘴,嘴角上扬,眼角小痣,鹅蛋偏心形（上庭收窄），柔和眉骨/眼下骨感，短圆杏眼·眼尾下沉·标准眼距，高鼻根/宽骨鼻梁/下压鼻头，小嘴·嘴角上扬，明显下颌角
FD01868,宽菱形,偏锐收窄,窄额,柔和眉骨,中度眼窝,高颧骨,幼态柔软面颊,骨感下颌,鹤系眼,眼尾延展,宽眼距,浅褐瞳,宽鼻根,轻鹰钩鼻梁,方圆鼻头,小嘴,嘴角平直,左眼下浅泪痣,宽菱形（偏锐收窄），柔和眉骨/中度眼窝，鹤系眼·眼尾延展·宽眼距，宽鼻根/轻鹰钩鼻梁/方圆鼻头，小嘴·嘴角平直，骨感下颌
FD01869,柔和方脸,中庭拉长,微凸额,压迫感眉骨,窄深眼窝,外扩颧骨,成熟收紧面颊,收敛下颌,猫系眼,眼尾微挑,宽眼距,星点虹膜,中鼻根,轻微偏左鼻梁,窄翼鼻头,弓形唇,嘴角平直,眉上小疤,柔和方脸（中庭拉长），压迫感眉骨/窄深眼窝，猫系眼·眼尾微挑·宽眼距，中鼻根/轻微偏左鼻梁/窄翼鼻头，弓形唇·嘴角平直，收敛下颌
FD01870,清瘦圆脸,中轴微长,平直额,内侧突出眉骨,深眼窝,柔和颧骨,薄面颊,收敛下颌,狭长瑞凤眼,眼尾微挑,标准眼距,浅褐瞳,中高鼻根,轻鹰钩鼻梁,小圆鼻头,上厚下薄,嘴角平直,唇下小痣,清瘦圆脸（中轴微长），内侧突出眉骨/深眼窝，狭长瑞凤眼·眼尾微挑·标准眼距，中高鼻根/轻鹰钩鼻梁/小圆鼻头，上厚下薄·嘴角平直，收敛下颌
FD01871,骨感方脸,骨点内敛,宽额,外侧突出眉骨,眼下骨感,外扩颧骨,成熟收紧面颊,骨感下颌,短杏眼,眼尾延展,宽眼距,深色瞳,低鼻根,微弧鼻梁,肉感鼻头,平直唇,嘴角紧收,无标志,骨感方脸（骨点内敛），外侧突出眉骨/眼下骨感，短杏眼·眼尾延展·宽眼距，低鼻根/微弧鼻梁/肉感鼻头，平直唇·嘴角紧收，骨感下颌
FD01872,方鹅蛋脸,骨点外显,高额,低眉骨,眼下骨感,窄颧骨,轻凹面颊,圆方下颌,疲惫眼,眼尾明显挑,标准眼距,环状虹膜,高鼻根,轻鹰钩鼻梁,窄翼鼻头,弓形唇,嘴角上扬,眼角小痣,方鹅蛋脸（骨点外显），低眉骨/眼下骨感，疲惫眼·眼尾明显挑·标准眼距，高鼻根/轻鹰钩鼻梁/窄翼鼻头，弓形唇·嘴角上扬，圆方下颌
FD01873,短方脸,中庭拉长,低额,压迫感眉骨,中度眼窝,窄颧骨,幼态柔软面颊,圆方下颌,下垂眼,眼尾微挑,窄眼距,碎裂虹膜,中鼻根,微弧鼻梁,窄翼鼻头,上薄下厚,单侧上扬,左眼下浅泪痣,短方脸（中庭拉长），压迫感眉骨/中度眼窝，下垂眼·眼尾微挑·窄眼距，中鼻根/微弧鼻梁/窄翼鼻头，上薄下厚·单侧上扬，圆方下颌
FD01874,圆方脸,颧部外扩,高额,高眉骨,眼下饱满,柔和颧骨,轻凹面颊,窄下颌,半睁懒眼,眼尾微挑,窄眼距,异色瞳,中高鼻根,轻鹰钩鼻梁,小圆鼻头,成熟长唇,单侧上扬,眼睑褶皱不对称,圆方脸（颧部外扩），高眉骨/眼下饱满，半睁懒眼·眼尾微挑·窄眼距，中高鼻根/轻鹰钩鼻梁/小圆鼻头，成熟长唇·单侧上扬，窄下颌
FD01875,正梯形脸,中庭展宽,饱满额,低眉骨,浅眼窝,低颧骨,饱满面颊,窄下颌,冷感眼,眼尾下沉,宽眼距,环状虹膜,高鼻根,轻鹰钩鼻梁,窄翼鼻头,弓形唇,嘴角平直,眼角小痣,正梯形脸（中庭展宽），低眉骨/浅眼窝，冷感眼·眼尾下沉·宽眼距，高鼻根/轻鹰钩鼻梁/窄翼鼻头，弓形唇·嘴角平直，窄下颌
FD01876,长鹅蛋脸,中庭拉长,饱满额,厚眉骨,浅眼窝,窄颧骨,饱满面颊,柔和下颌,窄杏眼,眼尾下沉,窄眼距,浅褐瞳,宽鼻根,轻微偏左鼻梁,方圆鼻头,薄唇,嘴角紧收,右眼下浅泪痣,长鹅蛋脸（中庭拉长），厚眉骨/浅眼窝，窄杏眼·眼尾下沉·窄眼距，宽鼻根/轻微偏左鼻梁/方圆鼻头，薄唇·嘴角紧收，柔和下颌
FD01877,心形脸,颧部外扩,宽额,高眉骨,眼下饱满,高颧骨,幼态柔软面颊,窄下颌,成熟长眼,眼尾微挑,宽眼距,灰蓝瞳,中鼻根,轻微偏左鼻梁,微钝鼻头,薄唇,嘴角平直,下颌浅疤,心形脸（颧部外扩），高眉骨/眼下饱满，成熟长眼·眼尾微挑·宽眼距，中鼻根/轻微偏左鼻梁/微钝鼻头，薄唇·嘴角平直，窄下颌
FD01878,下颌突出脸,上庭收窄,宽额,柔和眉骨,眼下饱满,宽颧骨,成熟收紧面颊,明显下颌角,圆长眼,眼尾延展,标准眼距,深色瞳,中高鼻根,微弧鼻梁,骨感鼻头,成熟长唇,单侧上扬,颈侧细疤,下颌突出脸（上庭收窄），柔和眉骨/眼下饱满，圆长眼·眼尾延展·标准眼距，中高鼻根/微弧鼻梁/骨感鼻头，成熟长唇·单侧上扬，明显下颌角
FD01879,长圆脸,下庭加重,平直额,外侧突出眉骨,窄深眼窝,外扩颧骨,饱满面颊,宽下颌,蛇系眼,眼尾延展,宽眼距,灰蓝瞳,中高鼻根,轻鹰钩鼻梁,微钝鼻头,上厚下薄,嘴角下垂,眉心竖纹浅痕,长圆脸（下庭加重），外侧突出眉骨/窄深眼窝，蛇系眼·眼尾延展·宽眼距，中高鼻根/轻鹰钩鼻梁/微钝鼻头，上厚下薄·嘴角下垂，宽下颌
FD01880,标准菱形,颌角强调,平直额,内侧突出眉骨,宽浅眼窝,宽颧骨,幼态柔软面颊,圆方下颌,宽杏眼,眼尾微挑,宽眼距,灰蓝瞳,窄鼻根,轻微偏左鼻梁,肉感鼻头,弓形唇,单侧上扬,指节薄茧,标准菱形（颌角强调），内侧突出眉骨/宽浅眼窝，宽杏眼·眼尾微挑·宽眼距，窄鼻根/轻微偏左鼻梁/肉感鼻头，弓形唇·单侧上扬，圆方下颌
FD01881,宽鹅蛋脸,偏锐收窄,饱满额,薄眉骨,窄深眼窝,外扩颧骨,薄面颊,收敛下颌,桃花眼,眼尾平直,宽眼距,琥珀瞳,低鼻根,轻微偏左鼻梁,骨感鼻头,弓形唇,嘴角上扬,眉尾旧疤,宽鹅蛋脸（偏锐收窄），薄眉骨/窄深眼窝，桃花眼·眼尾平直·宽眼距，低鼻根/轻微偏左鼻梁/骨感鼻头，弓形唇·嘴角上扬，收敛下颌
FD01882,长心形脸,骨点内敛,平直额,低眉骨,浅眼窝,宽颧骨,饱满面颊,圆方下颌,上扬凤眼,眼尾下压,标准眼距,琥珀瞳,宽鼻根,宽骨鼻梁,下压鼻头,上厚下薄,嘴角上扬,眉心竖纹浅痕,长心形脸（骨点内敛），低眉骨/浅眼窝，上扬凤眼·眼尾下压·标准眼距，宽鼻根/宽骨鼻梁/下压鼻头，上厚下薄·嘴角上扬，圆方下颌
FD01883,标准菱形,颈部线条收短,窄额,外侧突出眉骨,中度眼窝,高颧骨,轻凹面颊,窄下颌,少年圆眼,眼尾平直,窄眼距,淡金瞳,宽鼻根,宽骨鼻梁,小圆鼻头,薄唇,嘴角平直,眉心竖纹浅痕,标准菱形（颈部线条收短），外侧突出眉骨/中度眼窝，少年圆眼·眼尾平直·窄眼距，宽鼻根/宽骨鼻梁/小圆鼻头，薄唇·嘴角平直，窄下颌
FD01884,梨形脸,中庭拉长,高额,外侧突出眉骨,浅眼窝,外扩颧骨,饱满面颊,收敛下颌,圆长眼,眼尾微挑,宽眼距,碎裂虹膜,窄鼻根,中直鼻梁,窄翼鼻头,小嘴,嘴角下垂,耳后小痣,梨形脸（中庭拉长），外侧突出眉骨/浅眼窝，圆长眼·眼尾微挑·宽眼距，窄鼻根/中直鼻梁/窄翼鼻头，小嘴·嘴角下垂，收敛下颌
FD01885,上窄下宽脸,颌角强调,低额,内侧突出眉骨,浅眼窝,窄颧骨,成熟收紧面颊,方下颌,窄杏眼,眼尾延展,标准眼距,灰蓝瞳,中鼻根,微弧鼻梁,下压鼻头,厚唇,嘴角下垂,无标志,上窄下宽脸（颌角强调），内侧突出眉骨/浅眼窝，窄杏眼·眼尾延展·标准眼距，中鼻根/微弧鼻梁/下压鼻头，厚唇·嘴角下垂，方下颌
FD01886,下颌突出脸,颧部外扩,微凸额,压迫感眉骨,眼下骨感,宽颧骨,幼态柔软面颊,宽下颌,少年圆眼,眼尾微挑,标准眼距,琥珀瞳,中高鼻根,轻鹰钩鼻梁,方圆鼻头,弓形唇,嘴角下垂,左眼下浅泪痣,下颌突出脸（颧部外扩），压迫感眉骨/眼下骨感，少年圆眼·眼尾微挑·标准眼距，中高鼻根/轻鹰钩鼻梁/方圆鼻头，弓形唇·嘴角下垂，宽下颌
FD01887,圆方脸,下庭加重,窄额,薄眉骨,眼下饱满,柔和颧骨,幼态柔软面颊,骨感下颌,猫系眼,眼尾下压,宽眼距,灰蓝瞳,窄鼻根,宽骨鼻梁,方圆鼻头,成熟长唇,嘴角平直,鼻梁旧伤,圆方脸（下庭加重），薄眉骨/眼下饱满，猫系眼·眼尾下压·宽眼距，窄鼻根/宽骨鼻梁/方圆鼻头，成熟长唇·嘴角平直，骨感下颌
FD01888,长圆脸,下庭收窄,平直额,高眉骨,眼下饱满,窄颧骨,薄面颊,骨感下颌,桃花眼,眼尾下压,窄眼距,异色瞳,宽鼻根,柔和鼻梁,骨感鼻头,厚唇,单侧上扬,下颌浅疤,长圆脸（下庭收窄），高眉骨/眼下饱满，桃花眼·眼尾下压·窄眼距，宽鼻根/柔和鼻梁/骨感鼻头，厚唇·单侧上扬，骨感下颌
FD01889,骨感方脸,颌角弱化,骨感额,高眉骨,宽浅眼窝,低颧骨,幼态柔软面颊,骨感下颌,狭长瑞凤眼,眼尾下压,标准眼距,灰蓝瞳,宽鼻根,轻微偏右鼻梁,窄翼鼻头,上厚下薄,嘴角上扬,瞳孔残缺,骨感方脸（颌角弱化），高眉骨/宽浅眼窝，狭长瑞凤眼·眼尾下压·标准眼距，宽鼻根/轻微偏右鼻梁/窄翼鼻头，上厚下薄·嘴角上扬，骨感下颌
FD01890,方菱过渡脸,骨点内敛,低额,外侧突出眉骨,宽浅眼窝,外扩颧骨,薄面颊,窄下颌,平直杏眼,眼尾明显挑,窄眼距,环状虹膜,中高鼻根,轻微偏左鼻梁,方圆鼻头,宽嘴,嘴角平直,环状虹膜,方菱过渡脸（骨点内敛），外侧突出眉骨/宽浅眼窝，平直杏眼·眼尾明显挑·窄眼距，中高鼻根/轻微偏左鼻梁/方圆鼻头，宽嘴·嘴角平直，窄下颌
FD01891,长方脸,上庭展开,微凸额,厚眉骨,宽浅眼窝,外扩颧骨,幼态柔软面颊,宽下颌,平凤眼,眼尾下沉,标准眼距,灰蓝瞳,低鼻根,轻鹰钩鼻梁,肉感鼻头,薄唇,嘴角平直,颈侧细疤,长方脸（上庭展开），厚眉骨/宽浅眼窝，平凤眼·眼尾下沉·标准眼距，低鼻根/轻鹰钩鼻梁/肉感鼻头，薄唇·嘴角平直，宽下颌
FD01892,倒梯形脸,中庭展宽,宽额,薄眉骨,宽浅眼窝,外扩颧骨,饱满面颊,方下颌,鹤系眼,眼尾微挑,宽眼距,淡金瞳,中鼻根,轻微偏左鼻梁,轻翘鼻头,小嘴,嘴角平直,无标志,倒梯形脸（中庭展宽），薄眉骨/宽浅眼窝，鹤系眼·眼尾微挑·宽眼距，中鼻根/轻微偏左鼻梁/轻翘鼻头，小嘴·嘴角平直，方下颌
FD01893,骨感方脸,颊部略凹,骨感额,低眉骨,窄深眼窝,高颧骨,轻凹面颊,骨感下颌,长杏眼,眼尾微挑,窄眼距,琥珀瞳,宽鼻根,柔和鼻梁,方圆鼻头,弓形唇,嘴角紧收,双侧酒窝,骨感方脸（颊部略凹），低眉骨/窄深眼窝，长杏眼·眼尾微挑·窄眼距，宽鼻根/柔和鼻梁/方圆鼻头，弓形唇·嘴角紧收，骨感下颌
FD01894,成熟方脸,颧部外扩,平直额,厚眉骨,眼下饱满,窄颧骨,薄面颊,圆方下颌,蛇系眼,眼尾延展,宽眼距,淡金瞳,中高鼻根,高直鼻梁,骨感鼻头,厚唇,嘴角下垂,环状虹膜,成熟方脸（颧部外扩），厚眉骨/眼下饱满，蛇系眼·眼尾延展·宽眼距，中高鼻根/高直鼻梁/骨感鼻头，厚唇·嘴角下垂，圆方下颌
FD01895,短圆脸,下颌线柔化,低额,高眉骨,浅眼窝,高颧骨,轻凹面颊,柔和下颌,猫系眼,眼尾下沉,宽眼距,琥珀瞳,窄鼻根,柔和鼻梁,轻翘鼻头,宽嘴,嘴角上扬,眉上小疤,短圆脸（下颌线柔化），高眉骨/浅眼窝，猫系眼·眼尾下沉·宽眼距，窄鼻根/柔和鼻梁/轻翘鼻头，宽嘴·嘴角上扬，柔和下颌
FD01896,心形脸,偏锐收窄,平直额,内侧突出眉骨,深眼窝,高颧骨,薄面颊,窄下颌,半睁懒眼,眼尾微挑,标准眼距,环状虹膜,窄鼻根,轻微偏右鼻梁,窄翼鼻头,弓形唇,单侧上扬,眼睑褶皱不对称,心形脸（偏锐收窄），内侧突出眉骨/深眼窝，半睁懒眼·眼尾微挑·标准眼距，窄鼻根/轻微偏右鼻梁/窄翼鼻头，弓形唇·单侧上扬，窄下颌
FD01897,骨感方脸,偏柔圆润,高额,厚眉骨,宽浅眼窝,高颧骨,幼态柔软面颊,宽下颌,平直杏眼,眼尾平直,宽眼距,星点虹膜,宽鼻根,轻鹰钩鼻梁,窄翼鼻头,平直唇,嘴角上扬,无标志,骨感方脸（偏柔圆润），厚眉骨/宽浅眼窝，平直杏眼·眼尾平直·宽眼距，宽鼻根/轻鹰钩鼻梁/窄翼鼻头，平直唇·嘴角上扬，宽下颌
FD01898,方鹅蛋脸,下颌线清晰化,平直额,低眉骨,深眼窝,柔和颧骨,成熟收紧面颊,方下颌,上扬凤眼,眼尾延展,标准眼距,深色瞳,宽鼻根,宽骨鼻梁,方圆鼻头,弓形唇,嘴角下垂,左眼下浅泪痣,方鹅蛋脸（下颌线清晰化），低眉骨/深眼窝，上扬凤眼·眼尾延展·标准眼距，宽鼻根/宽骨鼻梁/方圆鼻头，弓形唇·嘴角下垂，方下颌
FD01899,长圆脸,颈部线条延长,宽额,柔和眉骨,眼下骨感,外扩颧骨,轻凹面颊,方下颌,蛇系眼,眼尾平直,宽眼距,墨玉瞳,中鼻根,柔和鼻梁,骨感鼻头,平直唇,嘴角紧收,无标志,长圆脸（颈部线条延长），柔和眉骨/眼下骨感，蛇系眼·眼尾平直·宽眼距，中鼻根/柔和鼻梁/骨感鼻头，平直唇·嘴角紧收，方下颌
FD01900,下颌突出脸,下庭收窄,微凸额,高眉骨,深眼窝,窄颧骨,成熟收紧面颊,明显下颌角,成熟长眼,眼尾平直,标准眼距,异色瞳,低鼻根,中直鼻梁,小圆鼻头,弓形唇,单侧上扬,单侧虎牙,下颌突出脸（下庭收窄），高眉骨/深眼窝，成熟长眼·眼尾平直·标准眼距，低鼻根/中直鼻梁/小圆鼻头，弓形唇·单侧上扬，明显下颌角
FD01901,骨感菱形,中庭展宽,饱满额,内侧突出眉骨,眼下骨感,柔和颧骨,轻凹面颊,方下颌,长杏眼,眼尾下压,宽眼距,环状虹膜,中鼻根,柔和鼻梁,肉感鼻头,成熟长唇,嘴角紧收,眼睑褶皱不对称,骨感菱形（中庭展宽），内侧突出眉骨/眼下骨感，长杏眼·眼尾下压·宽眼距，中鼻根/柔和鼻梁/肉感鼻头，成熟长唇·嘴角紧收，方下颌
FD01902,成熟方脸,颧部微收,微凸额,高眉骨,眼下饱满,窄颧骨,成熟收紧面颊,宽下颌,瑞凤眼,眼尾下压,宽眼距,淡金瞳,高鼻根,微弧鼻梁,下压鼻头,弓形唇,单侧上扬,碎裂虹膜,成熟方脸（颧部微收），高眉骨/眼下饱满，瑞凤眼·眼尾下压·宽眼距，高鼻根/微弧鼻梁/下压鼻头，弓形唇·单侧上扬，宽下颌
FD01903,正梯形脸,颧部微收,平直额,外侧突出眉骨,浅眼窝,柔和颧骨,薄面颊,方下颌,鹤系眼,眼尾平直,窄眼距,墨玉瞳,宽鼻根,高直鼻梁,微钝鼻头,平直唇,嘴角平直,无标志,正梯形脸（颧部微收），外侧突出眉骨/浅眼窝，鹤系眼·眼尾平直·窄眼距，宽鼻根/高直鼻梁/微钝鼻头，平直唇·嘴角平直，方下颌
FD01904,倒梯形脸,颊部略凹,饱满额,内侧突出眉骨,眼下饱满,外扩颧骨,饱满面颊,明显下颌角,成熟长眼,眼尾明显挑,窄眼距,深色瞳,中鼻根,柔和鼻梁,骨感鼻头,宽嘴,嘴角上扬,环状虹膜,倒梯形脸（颊部略凹），内侧突出眉骨/眼下饱满，成熟长眼·眼尾明显挑·窄眼距，中鼻根/柔和鼻梁/骨感鼻头，宽嘴·嘴角上扬，明显下颌角
FD01905,标准菱形,颈部线条延长,宽额,内侧突出眉骨,窄深眼窝,宽颧骨,薄面颊,窄下颌,下垂眼,眼尾微挑,标准眼距,灰蓝瞳,低鼻根,宽骨鼻梁,下压鼻头,上薄下厚,单侧上扬,碎裂虹膜,标准菱形（颈部线条延长），内侧突出眉骨/窄深眼窝，下垂眼·眼尾微挑·标准眼距，低鼻根/宽骨鼻梁/下压鼻头，上薄下厚·单侧上扬，窄下颌
FD01906,心形脸,上庭展开,骨感额,外侧突出眉骨,眼下骨感,外扩颧骨,薄面颊,骨感下颌,半睁懒眼,眼尾明显挑,窄眼距,灰蓝瞳,宽鼻根,宽骨鼻梁,下压鼻头,宽嘴,嘴角下垂,眉上小疤,心形脸（上庭展开），外侧突出眉骨/眼下骨感，半睁懒眼·眼尾明显挑·窄眼距，宽鼻根/宽骨鼻梁/下压鼻头，宽嘴·嘴角下垂，骨感下颌
FD01907,长圆脸,下颌线柔化,平直额,薄眉骨,深眼窝,柔和颧骨,幼态柔软面颊,收敛下颌,狭长眼,眼尾下沉,窄眼距,环状虹膜,中高鼻根,高直鼻梁,轻翘鼻头,厚唇,嘴角平直,眉尾旧疤,长圆脸（下颌线柔化），薄眉骨/深眼窝，狭长眼·眼尾下沉·窄眼距，中高鼻根/高直鼻梁/轻翘鼻头，厚唇·嘴角平直，收敛下颌
FD01908,清瘦圆脸,颈部线条收短,微凸额,高眉骨,宽浅眼窝,外扩颧骨,薄面颊,圆方下颌,成熟长眼,眼尾下沉,宽眼距,浅褐瞳,中鼻根,轻鹰钩鼻梁,微钝鼻头,小嘴,嘴角上扬,耳后小痣,清瘦圆脸（颈部线条收短），高眉骨/宽浅眼窝，成熟长眼·眼尾下沉·宽眼距，中鼻根/轻鹰钩鼻梁/微钝鼻头，小嘴·嘴角上扬，圆方下颌
FD01909,宽鹅蛋脸,上庭展开,高额,压迫感眉骨,深眼窝,高颧骨,幼态柔软面颊,骨感下颌,猫系眼,眼尾微挑,宽眼距,淡金瞳,高鼻根,轻鹰钩鼻梁,骨感鼻头,小嘴,单侧上扬,鼻梁旧伤,宽鹅蛋脸（上庭展开），压迫感眉骨/深眼窝，猫系眼·眼尾微挑·宽眼距，高鼻根/轻鹰钩鼻梁/骨感鼻头，小嘴·单侧上扬，骨感下颌
FD01910,柔和菱形,面中平缓,平直额,厚眉骨,浅眼窝,柔和颧骨,饱满面颊,宽下颌,狐狸系眼,眼尾微挑,标准眼距,异色瞳,高鼻根,轻微偏右鼻梁,轻翘鼻头,厚唇,嘴角上扬,眼角小痣,柔和菱形（面中平缓），厚眉骨/浅眼窝，狐狸系眼·眼尾微挑·标准眼距，高鼻根/轻微偏右鼻梁/轻翘鼻头，厚唇·嘴角上扬，宽下颌
FD01911,梨形脸,下庭收窄,窄额,内侧突出眉骨,宽浅眼窝,宽颧骨,薄面颊,圆方下颌,狭长眼,眼尾下压,宽眼距,琥珀瞳,低鼻根,轻微偏右鼻梁,方圆鼻头,厚唇,嘴角上扬,碎裂虹膜,梨形脸（下庭收窄），内侧突出眉骨/宽浅眼窝，狭长眼·眼尾下压·宽眼距，低鼻根/轻微偏右鼻梁/方圆鼻头，厚唇·嘴角上扬，圆方下颌
FD01912,幼态方脸,下庭收窄,高额,低眉骨,宽浅眼窝,柔和颧骨,饱满面颊,柔和下颌,蛇系眼,眼尾延展,窄眼距,琥珀瞳,高鼻根,轻微偏右鼻梁,小圆鼻头,宽嘴,嘴角上扬,鼻梁旧伤,幼态方脸（下庭收窄），低眉骨/宽浅眼窝，蛇系眼·眼尾延展·窄眼距，高鼻根/轻微偏右鼻梁/小圆鼻头，宽嘴·嘴角上扬，柔和下颌
FD01913,窄方脸,颧部外扩,微凸额,高眉骨,中度眼窝,外扩颧骨,幼态柔软面颊,明显下颌角,窄杏眼,眼尾明显挑,标准眼距,环状虹膜,低鼻根,轻微偏左鼻梁,窄翼鼻头,上薄下厚,嘴角平直,无标志,窄方脸（颧部外扩），高眉骨/中度眼窝，窄杏眼·眼尾明显挑·标准眼距，低鼻根/轻微偏左鼻梁/窄翼鼻头，上薄下厚·嘴角平直，明显下颌角
FD01914,长圆脸,上庭收窄,低额,高眉骨,眼下饱满,低颧骨,薄面颊,方下颌,鹿系眼,眼尾明显挑,窄眼距,星点虹膜,中高鼻根,轻微偏右鼻梁,肉感鼻头,平直唇,嘴角紧收,左颊浅疤,长圆脸（上庭收窄），高眉骨/眼下饱满，鹿系眼·眼尾明显挑·窄眼距，中高鼻根/轻微偏右鼻梁/肉感鼻头，平直唇·嘴角紧收，方下颌
FD01915,上宽下窄脸,骨点外显,饱满额,内侧突出眉骨,窄深眼窝,外扩颧骨,幼态柔软面颊,收敛下颌,短杏眼,眼尾明显挑,标准眼距,星点虹膜,窄鼻根,高直鼻梁,肉感鼻头,宽嘴,单侧上扬,眉心竖纹浅痕,上宽下窄脸（骨点外显），内侧突出眉骨/窄深眼窝，短杏眼·眼尾明显挑·标准眼距，窄鼻根/高直鼻梁/肉感鼻头，宽嘴·单侧上扬，收敛下颌
FD01916,窄方脸,面中立体化,饱满额,柔和眉骨,窄深眼窝,窄颧骨,薄面颊,宽下颌,上扬凤眼,眼尾微挑,宽眼距,深色瞳,低鼻根,高直鼻梁,小圆鼻头,上厚下薄,嘴角下垂,单侧虎牙,窄方脸（面中立体化），柔和眉骨/窄深眼窝，上扬凤眼·眼尾微挑·宽眼距，低鼻根/高直鼻梁/小圆鼻头，上厚下薄·嘴角下垂，宽下颌
FD01917,清瘦圆脸,下颌线清晰化,高额,柔和眉骨,浅眼窝,低颧骨,轻凹面颊,窄下颌,成熟长眼,眼尾延展,窄眼距,琥珀瞳,中高鼻根,宽骨鼻梁,肉感鼻头,弓形唇,嘴角上扬,瞳孔残缺,清瘦圆脸（下颌线清晰化），柔和眉骨/浅眼窝，成熟长眼·眼尾延展·窄眼距，中高鼻根/宽骨鼻梁/肉感鼻头，弓形唇·嘴角上扬，窄下颌
FD01918,长方脸,颌角强调,微凸额,高眉骨,宽浅眼窝,外扩颧骨,饱满面颊,收敛下颌,桃花眼,眼尾明显挑,宽眼距,淡金瞳,低鼻根,高直鼻梁,方圆鼻头,成熟长唇,嘴角平直,眉心竖纹浅痕,长方脸（颌角强调），高眉骨/宽浅眼窝，桃花眼·眼尾明显挑·宽眼距，低鼻根/高直鼻梁/方圆鼻头，成熟长唇·嘴角平直，收敛下颌
FD01919,幼态方脸,颊部略凹,低额,高眉骨,眼下饱满,高颧骨,成熟收紧面颊,明显下颌角,平直杏眼,眼尾延展,标准眼距,深色瞳,中鼻根,柔和鼻梁,窄翼鼻头,小嘴,单侧上扬,碎裂虹膜,幼态方脸（颊部略凹），高眉骨/眼下饱满，平直杏眼·眼尾延展·标准眼距，中鼻根/柔和鼻梁/窄翼鼻头，小嘴·单侧上扬，明显下颌角
FD01920,长菱形,偏柔圆润,微凸额,低眉骨,窄深眼窝,宽颧骨,饱满面颊,柔和下颌,狭长眼,眼尾延展,窄眼距,环状虹膜,窄鼻根,宽骨鼻梁,窄翼鼻头,上薄下厚,嘴角平直,指节薄茧,长菱形（偏柔圆润），低眉骨/窄深眼窝，狭长眼·眼尾延展·窄眼距，窄鼻根/宽骨鼻梁/窄翼鼻头，上薄下厚·嘴角平直，柔和下颌
FD01921,倒梯形脸,颌角强调,饱满额,柔和眉骨,宽浅眼窝,宽颧骨,轻凹面颊,柔和下颌,鹤系眼,眼尾明显挑,宽眼距,深色瞳,中鼻根,中直鼻梁,轻翘鼻头,薄唇,嘴角上扬,右眉轻断,倒梯形脸（颌角强调），柔和眉骨/宽浅眼窝，鹤系眼·眼尾明显挑·宽眼距，中鼻根/中直鼻梁/轻翘鼻头，薄唇·嘴角上扬，柔和下颌
FD01922,长圆脸,下颌线清晰化,窄额,外侧突出眉骨,窄深眼窝,外扩颧骨,幼态柔软面颊,骨感下颌,成熟长眼,眼尾下压,宽眼距,星点虹膜,低鼻根,轻鹰钩鼻梁,窄翼鼻头,成熟长唇,嘴角上扬,异色瞳,长圆脸（下颌线清晰化），外侧突出眉骨/窄深眼窝，成熟长眼·眼尾下压·宽眼距，低鼻根/轻鹰钩鼻梁/窄翼鼻头，成熟长唇·嘴角上扬，骨感下颌
FD01923,倒梯形脸,颧部微收,平直额,内侧突出眉骨,宽浅眼窝,高颧骨,薄面颊,宽下颌,平凤眼,眼尾微挑,标准眼距,深色瞳,窄鼻根,宽骨鼻梁,骨感鼻头,成熟长唇,单侧上扬,瞳孔残缺,倒梯形脸（颧部微收），内侧突出眉骨/宽浅眼窝，平凤眼·眼尾微挑·标准眼距，窄鼻根/宽骨鼻梁/骨感鼻头，成熟长唇·单侧上扬，宽下颌
FD01924,宽心形脸,上庭展开,窄额,内侧突出眉骨,浅眼窝,低颧骨,饱满面颊,收敛下颌,宽杏眼,眼尾明显挑,窄眼距,异色瞳,中高鼻根,柔和鼻梁,窄翼鼻头,宽嘴,嘴角下垂,环状虹膜,宽心形脸（上庭展开），内侧突出眉骨/浅眼窝，宽杏眼·眼尾明显挑·窄眼距，中高鼻根/柔和鼻梁/窄翼鼻头，宽嘴·嘴角下垂，收敛下颌
FD01925,鹅蛋偏心形,面中平缓,低额,厚眉骨,浅眼窝,宽颧骨,幼态柔软面颊,窄下颌,瑞凤眼,眼尾下沉,宽眼距,深色瞳,中高鼻根,轻鹰钩鼻梁,微钝鼻头,平直唇,嘴角平直,单侧酒窝,鹅蛋偏心形（面中平缓），厚眉骨/浅眼窝，瑞凤眼·眼尾下沉·宽眼距，中高鼻根/轻鹰钩鼻梁/微钝鼻头，平直唇·嘴角平直，窄下颌
FD01926,肉感短脸,下庭加重,窄额,压迫感眉骨,浅眼窝,高颧骨,饱满面颊,圆方下颌,狭长眼,眼尾延展,窄眼距,环状虹膜,高鼻根,轻微偏右鼻梁,轻翘鼻头,平直唇,单侧上扬,唇下小痣,肉感短脸（下庭加重），压迫感眉骨/浅眼窝，狭长眼·眼尾延展·窄眼距，高鼻根/轻微偏右鼻梁/轻翘鼻头，平直唇·单侧上扬，圆方下颌
FD01927,柔和菱形,中庭拉长,微凸额,厚眉骨,窄深眼窝,宽颧骨,轻凹面颊,宽下颌,丹凤眼,眼尾延展,窄眼距,灰蓝瞳,中鼻根,轻微偏右鼻梁,微钝鼻头,上薄下厚,嘴角平直,右眼下浅泪痣,柔和菱形（中庭拉长），厚眉骨/窄深眼窝，丹凤眼·眼尾延展·窄眼距，中鼻根/轻微偏右鼻梁/微钝鼻头，上薄下厚·嘴角平直，宽下颌
FD01928,双颌匀称脸,颌角强调,骨感额,柔和眉骨,宽浅眼窝,柔和颧骨,轻凹面颊,窄下颌,圆长眼,眼尾明显挑,标准眼距,灰蓝瞳,宽鼻根,轻微偏左鼻梁,肉感鼻头,小嘴,嘴角下垂,双侧酒窝,双颌匀称脸（颌角强调），柔和眉骨/宽浅眼窝，圆长眼·眼尾明显挑·标准眼距，宽鼻根/轻微偏左鼻梁/肉感鼻头，小嘴·嘴角下垂，窄下颌
FD01929,清瘦圆脸,颌角弱化,微凸额,薄眉骨,宽浅眼窝,低颧骨,幼态柔软面颊,明显下颌角,平凤眼,眼尾下沉,窄眼距,星点虹膜,宽鼻根,宽骨鼻梁,骨感鼻头,厚唇,单侧上扬,右眉轻断,清瘦圆脸（颌角弱化），薄眉骨/宽浅眼窝，平凤眼·眼尾下沉·窄眼距，宽鼻根/宽骨鼻梁/骨感鼻头，厚唇·单侧上扬，明显下颌角
FD01930,圆脸,中轴微长,饱满额,低眉骨,深眼窝,宽颧骨,饱满面颊,窄下颌,半睁懒眼,眼尾明显挑,宽眼距,星点虹膜,高鼻根,宽骨鼻梁,微钝鼻头,平直唇,嘴角紧收,指节薄茧,圆脸（中轴微长），低眉骨/深眼窝，半睁懒眼·眼尾明显挑·宽眼距，高鼻根/宽骨鼻梁/微钝鼻头，平直唇·嘴角紧收，窄下颌
FD01931,鹅蛋偏菱,下颌线柔化,平直额,高眉骨,窄深眼窝,低颧骨,薄面颊,窄下颌,平凤眼,眼尾明显挑,窄眼距,星点虹膜,中高鼻根,中直鼻梁,窄翼鼻头,成熟长唇,嘴角平直,眼角小痣,鹅蛋偏菱（下颌线柔化），高眉骨/窄深眼窝，平凤眼·眼尾明显挑·窄眼距，中高鼻根/中直鼻梁/窄翼鼻头，成熟长唇·嘴角平直，窄下颌
FD01932,梨形脸,上庭收窄,平直额,内侧突出眉骨,深眼窝,窄颧骨,轻凹面颊,宽下颌,宽杏眼,眼尾明显挑,宽眼距,琥珀瞳,中高鼻根,微弧鼻梁,骨感鼻头,弓形唇,单侧上扬,眉上小疤,梨形脸（上庭收窄），内侧突出眉骨/深眼窝，宽杏眼·眼尾明显挑·宽眼距，中高鼻根/微弧鼻梁/骨感鼻头，弓形唇·单侧上扬，宽下颌
FD01933,清瘦圆脸,面中立体化,低额,低眉骨,眼下饱满,宽颧骨,饱满面颊,圆方下颌,瑞凤眼,眼尾微挑,窄眼距,星点虹膜,窄鼻根,轻鹰钩鼻梁,窄翼鼻头,上薄下厚,嘴角紧收,唇下小痣,清瘦圆脸（面中立体化），低眉骨/眼下饱满，瑞凤眼·眼尾微挑·窄眼距，窄鼻根/轻鹰钩鼻梁/窄翼鼻头，上薄下厚·嘴角紧收，圆方下颌
FD01934,幼态方脸,中庭展宽,宽额,内侧突出眉骨,眼下饱满,外扩颧骨,幼态柔软面颊,骨感下颌,丹凤眼,眼尾明显挑,窄眼距,墨玉瞳,宽鼻根,中直鼻梁,肉感鼻头,上薄下厚,嘴角平直,无标志,幼态方脸（中庭展宽），内侧突出眉骨/眼下饱满，丹凤眼·眼尾明显挑·窄眼距，宽鼻根/中直鼻梁/肉感鼻头，上薄下厚·嘴角平直，骨感下颌
FD01935,窄方脸,颈部线条延长,骨感额,高眉骨,浅眼窝,宽颧骨,成熟收紧面颊,方下颌,狼系眼,眼尾延展,窄眼距,灰蓝瞳,窄鼻根,柔和鼻梁,窄翼鼻头,小嘴,单侧上扬,碎裂虹膜,窄方脸（颈部线条延长），高眉骨/浅眼窝，狼系眼·眼尾延展·窄眼距，窄鼻根/柔和鼻梁/窄翼鼻头，小嘴·单侧上扬，方下颌
FD01936,圆脸,颧部外扩,高额,压迫感眉骨,眼下饱满,窄颧骨,幼态柔软面颊,柔和下颌,平直杏眼,眼尾明显挑,宽眼距,灰蓝瞳,宽鼻根,高直鼻梁,骨感鼻头,上薄下厚,单侧上扬,眉上小疤,圆脸（颧部外扩），压迫感眉骨/眼下饱满，平直杏眼·眼尾明显挑·宽眼距，宽鼻根/高直鼻梁/骨感鼻头，上薄下厚·单侧上扬，柔和下颌
FD01937,圆方脸,骨点内敛,宽额,薄眉骨,眼下骨感,外扩颧骨,幼态柔软面颊,收敛下颌,上扬凤眼,眼尾下沉,宽眼距,环状虹膜,窄鼻根,轻鹰钩鼻梁,小圆鼻头,宽嘴,嘴角上扬,双侧酒窝,圆方脸（骨点内敛），薄眉骨/眼下骨感，上扬凤眼·眼尾下沉·宽眼距，窄鼻根/轻鹰钩鼻梁/小圆鼻头，宽嘴·嘴角上扬，收敛下颌
FD01938,窄鹅蛋脸,骨点内敛,微凸额,薄眉骨,宽浅眼窝,外扩颧骨,薄面颊,柔和下颌,狐狸系眼,眼尾明显挑,标准眼距,异色瞳,宽鼻根,轻微偏左鼻梁,窄翼鼻头,上薄下厚,嘴角下垂,唇下小痣,窄鹅蛋脸（骨点内敛），薄眉骨/宽浅眼窝，狐狸系眼·眼尾明显挑·标准眼距，宽鼻根/轻微偏左鼻梁/窄翼鼻头，上薄下厚·嘴角下垂，柔和下颌
FD01939,上窄下宽脸,骨点内敛,窄额,柔和眉骨,浅眼窝,宽颧骨,幼态柔软面颊,收敛下颌,冷感眼,眼尾下沉,宽眼距,碎裂虹膜,窄鼻根,柔和鼻梁,骨感鼻头,厚唇,单侧上扬,瞳孔残缺,上窄下宽脸（骨点内敛），柔和眉骨/浅眼窝，冷感眼·眼尾下沉·宽眼距，窄鼻根/柔和鼻梁/骨感鼻头，厚唇·单侧上扬，收敛下颌
FD01940,宽鹅蛋脸,骨点内敛,骨感额,低眉骨,眼下骨感,柔和颧骨,成熟收紧面颊,圆方下颌,鹰隼眼,眼尾明显挑,宽眼距,墨玉瞳,低鼻根,宽骨鼻梁,骨感鼻头,成熟长唇,单侧上扬,环状虹膜,宽鹅蛋脸（骨点内敛），低眉骨/眼下骨感，鹰隼眼·眼尾明显挑·宽眼距，低鼻根/宽骨鼻梁/骨感鼻头，成熟长唇·单侧上扬，圆方下颌
FD01941,心形脸,面中立体化,微凸额,厚眉骨,眼下饱满,高颧骨,轻凹面颊,骨感下颌,平直杏眼,眼尾明显挑,窄眼距,碎裂虹膜,高鼻根,轻微偏右鼻梁,下压鼻头,厚唇,嘴角平直,双侧酒窝,心形脸（面中立体化），厚眉骨/眼下饱满，平直杏眼·眼尾明显挑·窄眼距，高鼻根/轻微偏右鼻梁/下压鼻头，厚唇·嘴角平直，骨感下颌
FD01942,上窄下宽脸,颌角强调,宽额,厚眉骨,宽浅眼窝,窄颧骨,成熟收紧面颊,宽下颌,狭长眼,眼尾平直,宽眼距,琥珀瞳,中高鼻根,柔和鼻梁,方圆鼻头,上薄下厚,嘴角紧收,碎裂虹膜,上窄下宽脸（颌角强调），厚眉骨/宽浅眼窝，狭长眼·眼尾平直·宽眼距，中高鼻根/柔和鼻梁/方圆鼻头，上薄下厚·嘴角紧收，宽下颌
FD01943,长圆脸,颈部线条延长,骨感额,厚眉骨,深眼窝,窄颧骨,成熟收紧面颊,骨感下颌,瑞凤眼,眼尾延展,宽眼距,淡金瞳,宽鼻根,中直鼻梁,下压鼻头,厚唇,嘴角紧收,无标志,长圆脸（颈部线条延长），厚眉骨/深眼窝，瑞凤眼·眼尾延展·宽眼距，宽鼻根/中直鼻梁/下压鼻头，厚唇·嘴角紧收，骨感下颌
FD01944,骨感菱形,颧部外扩,饱满额,厚眉骨,眼下骨感,外扩颧骨,成熟收紧面颊,方下颌,成熟长眼,眼尾明显挑,标准眼距,环状虹膜,高鼻根,中直鼻梁,方圆鼻头,薄唇,单侧上扬,左颊浅疤,骨感菱形（颧部外扩），厚眉骨/眼下骨感，成熟长眼·眼尾明显挑·标准眼距，高鼻根/中直鼻梁/方圆鼻头，薄唇·单侧上扬，方下颌
FD01945,窄鹅蛋脸,面中立体化,高额,厚眉骨,眼下饱满,窄颧骨,幼态柔软面颊,骨感下颌,平直杏眼,眼尾平直,标准眼距,环状虹膜,低鼻根,轻微偏左鼻梁,轻翘鼻头,厚唇,嘴角上扬,左颊浅疤,窄鹅蛋脸（面中立体化），厚眉骨/眼下饱满，平直杏眼·眼尾平直·标准眼距，低鼻根/轻微偏左鼻梁/轻翘鼻头，厚唇·嘴角上扬，骨感下颌
FD01946,长鹅蛋脸,中庭拉长,高额,薄眉骨,宽浅眼窝,高颧骨,轻凹面颊,方下颌,鹿系眼,眼尾微挑,宽眼距,淡金瞳,宽鼻根,轻鹰钩鼻梁,轻翘鼻头,上厚下薄,嘴角紧收,眉上小疤,长鹅蛋脸（中庭拉长），薄眉骨/宽浅眼窝，鹿系眼·眼尾微挑·宽眼距，宽鼻根/轻鹰钩鼻梁/轻翘鼻头，上厚下薄·嘴角紧收，方下颌
FD01947,窄方脸,颧部外扩,低额,内侧突出眉骨,窄深眼窝,低颧骨,幼态柔软面颊,方下颌,蛇系眼,眼尾平直,标准眼距,深色瞳,中鼻根,轻微偏右鼻梁,方圆鼻头,厚唇,单侧上扬,眼睑褶皱不对称,窄方脸（颧部外扩），内侧突出眉骨/窄深眼窝，蛇系眼·眼尾平直·标准眼距，中鼻根/轻微偏右鼻梁/方圆鼻头，厚唇·单侧上扬，方下颌
FD01948,骨感窄脸,颊部饱满,微凸额,高眉骨,宽浅眼窝,柔和颧骨,薄面颊,明显下颌角,半睁懒眼,眼尾明显挑,窄眼距,浅褐瞳,宽鼻根,微弧鼻梁,肉感鼻头,成熟长唇,嘴角紧收,右眼下浅泪痣,骨感窄脸（颊部饱满），高眉骨/宽浅眼窝，半睁懒眼·眼尾明显挑·窄眼距，宽鼻根/微弧鼻梁/肉感鼻头，成熟长唇·嘴角紧收，明显下颌角
FD01949,骨感窄脸,颧部外扩,骨感额,高眉骨,浅眼窝,高颧骨,成熟收紧面颊,宽下颌,长杏眼,眼尾微挑,标准眼距,碎裂虹膜,中高鼻根,轻鹰钩鼻梁,骨感鼻头,上厚下薄,嘴角平直,无标志,骨感窄脸（颧部外扩），高眉骨/浅眼窝，长杏眼·眼尾微挑·标准眼距，中高鼻根/轻鹰钩鼻梁/骨感鼻头，上厚下薄·嘴角平直，宽下颌
FD01950,宽心形脸,偏柔圆润,骨感额,内侧突出眉骨,眼下饱满,高颧骨,饱满面颊,柔和下颌,上扬凤眼,眼尾延展,标准眼距,墨玉瞳,高鼻根,轻鹰钩鼻梁,方圆鼻头,厚唇,嘴角平直,无标志,宽心形脸（偏柔圆润），内侧突出眉骨/眼下饱满，上扬凤眼·眼尾延展·标准眼距，高鼻根/轻鹰钩鼻梁/方圆鼻头，厚唇·嘴角平直，柔和下颌
FD01951,窄鹅蛋脸,上庭展开,平直额,外侧突出眉骨,眼下骨感,柔和颧骨,薄面颊,柔和下颌,冷感眼,眼尾下沉,窄眼距,异色瞳,宽鼻根,轻鹰钩鼻梁,轻翘鼻头,弓形唇,嘴角紧收,异色瞳,窄鹅蛋脸（上庭展开），外侧突出眉骨/眼下骨感，冷感眼·眼尾下沉·窄眼距，宽鼻根/轻鹰钩鼻梁/轻翘鼻头，弓形唇·嘴角紧收，柔和下颌
FD01952,心形脸,中轴收紧,窄额,内侧突出眉骨,中度眼窝,柔和颧骨,幼态柔软面颊,骨感下颌,下垂眼,眼尾延展,窄眼距,异色瞳,中高鼻根,轻微偏右鼻梁,微钝鼻头,宽嘴,嘴角紧收,单侧酒窝,心形脸（中轴收紧），内侧突出眉骨/中度眼窝，下垂眼·眼尾延展·窄眼距，中高鼻根/轻微偏右鼻梁/微钝鼻头，宽嘴·嘴角紧收，骨感下颌
FD01953,柔和菱形,颊部饱满,饱满额,高眉骨,宽浅眼窝,柔和颧骨,薄面颊,明显下颌角,短圆杏眼,眼尾微挑,宽眼距,浅褐瞳,中高鼻根,宽骨鼻梁,轻翘鼻头,厚唇,单侧上扬,异色瞳,柔和菱形（颊部饱满），高眉骨/宽浅眼窝，短圆杏眼·眼尾微挑·宽眼距，中高鼻根/宽骨鼻梁/轻翘鼻头，厚唇·单侧上扬，明显下颌角
FD01954,长心形脸,下庭收窄,窄额,厚眉骨,眼下骨感,窄颧骨,薄面颊,柔和下颌,平凤眼,眼尾延展,标准眼距,墨玉瞳,窄鼻根,轻微偏左鼻梁,轻翘鼻头,成熟长唇,嘴角下垂,鼻梁旧伤,长心形脸（下庭收窄），厚眉骨/眼下骨感，平凤眼·眼尾延展·标准眼距，窄鼻根/轻微偏左鼻梁/轻翘鼻头，成熟长唇·嘴角下垂，柔和下颌
FD01955,正梯形脸,面中立体化,低额,薄眉骨,宽浅眼窝,柔和颧骨,薄面颊,窄下颌,疲惫眼,眼尾微挑,窄眼距,浅褐瞳,低鼻根,高直鼻梁,轻翘鼻头,宽嘴,嘴角平直,眉上小疤,正梯形脸（面中立体化），薄眉骨/宽浅眼窝，疲惫眼·眼尾微挑·窄眼距，低鼻根/高直鼻梁/轻翘鼻头，宽嘴·嘴角平直，窄下颌
FD01956,标准菱形,颌角强调,低额,内侧突出眉骨,浅眼窝,窄颧骨,饱满面颊,明显下颌角,成熟长眼,眼尾下压,窄眼距,灰蓝瞳,低鼻根,高直鼻梁,骨感鼻头,上薄下厚,嘴角平直,碎裂虹膜,标准菱形（颌角强调），内侧突出眉骨/浅眼窝，成熟长眼·眼尾下压·窄眼距，低鼻根/高直鼻梁/骨感鼻头，上薄下厚·嘴角平直，明显下颌角
FD01957,正梯形脸,中庭展宽,平直额,外侧突出眉骨,中度眼窝,外扩颧骨,饱满面颊,骨感下颌,狼系眼,眼尾延展,窄眼距,墨玉瞳,中高鼻根,轻鹰钩鼻梁,微钝鼻头,宽嘴,嘴角下垂,环状虹膜,正梯形脸（中庭展宽），外侧突出眉骨/中度眼窝，狼系眼·眼尾延展·窄眼距，中高鼻根/轻鹰钩鼻梁/微钝鼻头，宽嘴·嘴角下垂，骨感下颌
FD01958,倒梯形脸,上庭收窄,低额,内侧突出眉骨,深眼窝,宽颧骨,饱满面颊,骨感下颌,桃花眼,眼尾下沉,标准眼距,淡金瞳,中高鼻根,宽骨鼻梁,肉感鼻头,成熟长唇,嘴角平直,无标志,倒梯形脸（上庭收窄），内侧突出眉骨/深眼窝，桃花眼·眼尾下沉·标准眼距，中高鼻根/宽骨鼻梁/肉感鼻头，成熟长唇·嘴角平直，骨感下颌
FD01959,双颌匀称脸,颌角强调,微凸额,低眉骨,中度眼窝,宽颧骨,饱满面颊,圆方下颌,狭长瑞凤眼,眼尾明显挑,标准眼距,墨玉瞳,中鼻根,中直鼻梁,肉感鼻头,平直唇,嘴角上扬,耳后小痣,双颌匀称脸（颌角强调），低眉骨/中度眼窝，狭长瑞凤眼·眼尾明显挑·标准眼距，中鼻根/中直鼻梁/肉感鼻头，平直唇·嘴角上扬，圆方下颌
FD01960,圆方脸,颌角强调,平直额,内侧突出眉骨,眼下骨感,外扩颧骨,轻凹面颊,方下颌,狭长眼,眼尾下沉,宽眼距,淡金瞳,中鼻根,轻微偏左鼻梁,小圆鼻头,宽嘴,嘴角紧收,单侧酒窝,圆方脸（颌角强调），内侧突出眉骨/眼下骨感，狭长眼·眼尾下沉·宽眼距，中鼻根/轻微偏左鼻梁/小圆鼻头，宽嘴·嘴角紧收，方下颌
FD01961,倒梯形脸,中庭拉长,窄额,压迫感眉骨,中度眼窝,低颧骨,薄面颊,圆方下颌,下垂眼,眼尾延展,窄眼距,环状虹膜,高鼻根,宽骨鼻梁,肉感鼻头,上厚下薄,嘴角平直,额角旧痕,倒梯形脸（中庭拉长），压迫感眉骨/中度眼窝，下垂眼·眼尾延展·窄眼距，高鼻根/宽骨鼻梁/肉感鼻头，上厚下薄·嘴角平直，圆方下颌
FD01962,方菱过渡脸,下庭收窄,高额,低眉骨,窄深眼窝,窄颧骨,饱满面颊,骨感下颌,宽杏眼,眼尾微挑,窄眼距,墨玉瞳,高鼻根,轻鹰钩鼻梁,微钝鼻头,弓形唇,嘴角紧收,单侧酒窝,方菱过渡脸（下庭收窄），低眉骨/窄深眼窝，宽杏眼·眼尾微挑·窄眼距，高鼻根/轻鹰钩鼻梁/微钝鼻头，弓形唇·嘴角紧收，骨感下颌
FD01963,心形脸,颌角弱化,宽额,薄眉骨,窄深眼窝,窄颧骨,成熟收紧面颊,骨感下颌,下垂眼,眼尾下压,窄眼距,异色瞳,中高鼻根,宽骨鼻梁,轻翘鼻头,上薄下厚,嘴角下垂,单侧酒窝,心形脸（颌角弱化），薄眉骨/窄深眼窝，下垂眼·眼尾下压·窄眼距，中高鼻根/宽骨鼻梁/轻翘鼻头，上薄下厚·嘴角下垂，骨感下颌
FD01964,梨形脸,下颌线清晰化,低额,薄眉骨,窄深眼窝,窄颧骨,幼态柔软面颊,骨感下颌,短杏眼,眼尾下沉,窄眼距,淡金瞳,高鼻根,宽骨鼻梁,小圆鼻头,成熟长唇,嘴角平直,眉上小疤,梨形脸（下颌线清晰化），薄眉骨/窄深眼窝，短杏眼·眼尾下沉·窄眼距，高鼻根/宽骨鼻梁/小圆鼻头，成熟长唇·嘴角平直，骨感下颌
FD01965,上宽下窄脸,下颌线柔化,低额,低眉骨,宽浅眼窝,柔和颧骨,成熟收紧面颊,收敛下颌,圆长眼,眼尾延展,窄眼距,碎裂虹膜,低鼻根,宽骨鼻梁,小圆鼻头,小嘴,嘴角平直,单侧虎牙,上宽下窄脸（下颌线柔化），低眉骨/宽浅眼窝，圆长眼·眼尾延展·窄眼距，低鼻根/宽骨鼻梁/小圆鼻头，小嘴·嘴角平直，收敛下颌
FD01966,长方脸,颌角弱化,窄额,薄眉骨,眼下骨感,窄颧骨,轻凹面颊,方下颌,宽杏眼,眼尾平直,窄眼距,深色瞳,中鼻根,高直鼻梁,小圆鼻头,小嘴,嘴角上扬,无标志,长方脸（颌角弱化），薄眉骨/眼下骨感，宽杏眼·眼尾平直·窄眼距，中鼻根/高直鼻梁/小圆鼻头，小嘴·嘴角上扬，方下颌
FD01967,双颌匀称脸,下庭收窄,高额,薄眉骨,窄深眼窝,低颧骨,薄面颊,圆方下颌,上扬凤眼,眼尾微挑,标准眼距,墨玉瞳,中鼻根,宽骨鼻梁,微钝鼻头,上薄下厚,嘴角上扬,单侧酒窝,双颌匀称脸（下庭收窄），薄眉骨/窄深眼窝，上扬凤眼·眼尾微挑·标准眼距，中鼻根/宽骨鼻梁/微钝鼻头，上薄下厚·嘴角上扬，圆方下颌
FD01968,梨形脸,中轴收紧,微凸额,低眉骨,窄深眼窝,高颧骨,成熟收紧面颊,收敛下颌,瑞凤眼,眼尾明显挑,标准眼距,淡金瞳,高鼻根,微弧鼻梁,肉感鼻头,厚唇,单侧上扬,单侧酒窝,梨形脸（中轴收紧），低眉骨/窄深眼窝，瑞凤眼·眼尾明显挑·标准眼距，高鼻根/微弧鼻梁/肉感鼻头，厚唇·单侧上扬，收敛下颌
FD01969,短鹅蛋脸,颌角弱化,平直额,薄眉骨,宽浅眼窝,柔和颧骨,饱满面颊,骨感下颌,鹤系眼,眼尾下压,宽眼距,墨玉瞳,高鼻根,中直鼻梁,微钝鼻头,宽嘴,嘴角紧收,左眼下浅泪痣,短鹅蛋脸（颌角弱化），薄眉骨/宽浅眼窝，鹤系眼·眼尾下压·宽眼距，高鼻根/中直鼻梁/微钝鼻头，宽嘴·嘴角紧收，骨感下颌
FD01970,长鹅蛋脸,上庭收窄,低额,薄眉骨,深眼窝,低颧骨,幼态柔软面颊,宽下颌,蛇系眼,眼尾平直,宽眼距,墨玉瞳,中鼻根,轻微偏左鼻梁,方圆鼻头,厚唇,单侧上扬,瞳孔残缺,长鹅蛋脸（上庭收窄），薄眉骨/深眼窝，蛇系眼·眼尾平直·宽眼距，中鼻根/轻微偏左鼻梁/方圆鼻头，厚唇·单侧上扬，宽下颌
FD01971,颧部展开脸,颈部线条延长,宽额,外侧突出眉骨,深眼窝,外扩颧骨,薄面颊,明显下颌角,猫系眼,眼尾微挑,窄眼距,灰蓝瞳,中鼻根,微弧鼻梁,下压鼻头,弓形唇,嘴角下垂,瞳孔残缺,颧部展开脸（颈部线条延长），外侧突出眉骨/深眼窝，猫系眼·眼尾微挑·窄眼距，中鼻根/微弧鼻梁/下压鼻头，弓形唇·嘴角下垂，明显下颌角
FD01972,双颌匀称脸,颈部线条收短,高额,内侧突出眉骨,浅眼窝,柔和颧骨,薄面颊,明显下颌角,平凤眼,眼尾明显挑,标准眼距,灰蓝瞳,窄鼻根,轻鹰钩鼻梁,微钝鼻头,上薄下厚,嘴角平直,耳后小痣,双颌匀称脸（颈部线条收短），内侧突出眉骨/浅眼窝，平凤眼·眼尾明显挑·标准眼距，窄鼻根/轻鹰钩鼻梁/微钝鼻头，上薄下厚·嘴角平直，明显下颌角
FD01973,方菱过渡脸,上庭收窄,微凸额,压迫感眉骨,窄深眼窝,高颧骨,轻凹面颊,骨感下颌,宽杏眼,眼尾明显挑,窄眼距,浅褐瞳,高鼻根,轻鹰钩鼻梁,小圆鼻头,薄唇,嘴角下垂,左颊浅疤,方菱过渡脸（上庭收窄），压迫感眉骨/窄深眼窝，宽杏眼·眼尾明显挑·窄眼距，高鼻根/轻鹰钩鼻梁/小圆鼻头，薄唇·嘴角下垂，骨感下颌
FD01974,成熟方脸,颊部饱满,低额,低眉骨,眼下饱满,高颧骨,薄面颊,骨感下颌,瑞凤眼,眼尾平直,窄眼距,星点虹膜,低鼻根,高直鼻梁,下压鼻头,上厚下薄,嘴角平直,眉尾旧疤,成熟方脸（颊部饱满），低眉骨/眼下饱满，瑞凤眼·眼尾平直·窄眼距，低鼻根/高直鼻梁/下压鼻头，上厚下薄·嘴角平直，骨感下颌
FD01975,短圆脸,下庭收窄,平直额,压迫感眉骨,窄深眼窝,窄颧骨,薄面颊,明显下颌角,桃花眼,眼尾平直,宽眼距,墨玉瞳,宽鼻根,高直鼻梁,骨感鼻头,薄唇,嘴角平直,左颊浅疤,短圆脸（下庭收窄），压迫感眉骨/窄深眼窝，桃花眼·眼尾平直·宽眼距，宽鼻根/高直鼻梁/骨感鼻头，薄唇·嘴角平直，明显下颌角
FD01976,正梯形脸,颊部饱满,骨感额,外侧突出眉骨,窄深眼窝,高颧骨,饱满面颊,方下颌,柳叶眼,眼尾下压,窄眼距,淡金瞳,高鼻根,中直鼻梁,骨感鼻头,小嘴,嘴角紧收,无标志,正梯形脸（颊部饱满），外侧突出眉骨/窄深眼窝，柳叶眼·眼尾下压·窄眼距，高鼻根/中直鼻梁/骨感鼻头，小嘴·嘴角紧收，方下颌
FD01977,鹅蛋偏心形,面中平缓,饱满额,高眉骨,宽浅眼窝,高颧骨,幼态柔软面颊,骨感下颌,蛇系眼,眼尾微挑,窄眼距,环状虹膜,中鼻根,高直鼻梁,窄翼鼻头,厚唇,嘴角上扬,碎裂虹膜,鹅蛋偏心形（面中平缓），高眉骨/宽浅眼窝，蛇系眼·眼尾微挑·窄眼距，中鼻根/高直鼻梁/窄翼鼻头，厚唇·嘴角上扬，骨感下颌
FD01978,倒梯形脸,偏柔圆润,微凸额,柔和眉骨,中度眼窝,宽颧骨,薄面颊,柔和下颌,下垂眼,眼尾延展,窄眼距,环状虹膜,低鼻根,中直鼻梁,肉感鼻头,薄唇,嘴角平直,左眼下浅泪痣,倒梯形脸（偏柔圆润），柔和眉骨/中度眼窝，下垂眼·眼尾延展·窄眼距，低鼻根/中直鼻梁/肉感鼻头，薄唇·嘴角平直，柔和下颌
FD01979,圆方脸,骨点外显,低额,外侧突出眉骨,窄深眼窝,外扩颧骨,成熟收紧面颊,宽下颌,下垂眼,眼尾明显挑,宽眼距,异色瞳,窄鼻根,微弧鼻梁,下压鼻头,薄唇,嘴角平直,瞳孔残缺,圆方脸（骨点外显），外侧突出眉骨/窄深眼窝，下垂眼·眼尾明显挑·宽眼距，窄鼻根/微弧鼻梁/下压鼻头，薄唇·嘴角平直，宽下颌
FD01980,窄鹅蛋脸,下颌线清晰化,骨感额,外侧突出眉骨,眼下饱满,窄颧骨,成熟收紧面颊,宽下颌,狼系眼,眼尾明显挑,窄眼距,墨玉瞳,中鼻根,高直鼻梁,小圆鼻头,上厚下薄,单侧上扬,指节薄茧,窄鹅蛋脸（下颌线清晰化），外侧突出眉骨/眼下饱满，狼系眼·眼尾明显挑·窄眼距，中鼻根/高直鼻梁/小圆鼻头，上厚下薄·单侧上扬，宽下颌
FD01981,成熟方脸,面中平缓,高额,薄眉骨,眼下骨感,柔和颧骨,成熟收紧面颊,圆方下颌,瑞凤眼,眼尾下压,窄眼距,星点虹膜,宽鼻根,轻微偏右鼻梁,方圆鼻头,上厚下薄,嘴角平直,左眼下浅泪痣,成熟方脸（面中平缓），薄眉骨/眼下骨感，瑞凤眼·眼尾下压·窄眼距，宽鼻根/轻微偏右鼻梁/方圆鼻头，上厚下薄·嘴角平直，圆方下颌
FD01982,倒三角脸,下颌线清晰化,饱满额,柔和眉骨,眼下骨感,低颧骨,成熟收紧面颊,明显下颌角,平直杏眼,眼尾下沉,窄眼距,淡金瞳,窄鼻根,轻微偏右鼻梁,小圆鼻头,上薄下厚,嘴角平直,无标志,倒三角脸（下颌线清晰化），柔和眉骨/眼下骨感，平直杏眼·眼尾下沉·窄眼距，窄鼻根/轻微偏右鼻梁/小圆鼻头，上薄下厚·嘴角平直，明显下颌角
FD01983,梨形脸,中轴收紧,窄额,柔和眉骨,中度眼窝,低颧骨,薄面颊,明显下颌角,半睁懒眼,眼尾明显挑,窄眼距,深色瞳,中鼻根,中直鼻梁,小圆鼻头,宽嘴,嘴角上扬,左眼下浅泪痣,梨形脸（中轴收紧），柔和眉骨/中度眼窝，半睁懒眼·眼尾明显挑·窄眼距，中鼻根/中直鼻梁/小圆鼻头，宽嘴·嘴角上扬，明显下颌角
FD01984,骨感菱形,上庭收窄,低额,薄眉骨,眼下骨感,低颧骨,轻凹面颊,宽下颌,半睁懒眼,眼尾延展,窄眼距,星点虹膜,中高鼻根,轻微偏右鼻梁,下压鼻头,小嘴,单侧上扬,左颊浅疤,骨感菱形（上庭收窄），薄眉骨/眼下骨感，半睁懒眼·眼尾延展·窄眼距，中高鼻根/轻微偏右鼻梁/下压鼻头，小嘴·单侧上扬，宽下颌
FD01985,长菱形,颌角弱化,窄额,压迫感眉骨,深眼窝,宽颧骨,成熟收紧面颊,方下颌,平直杏眼,眼尾平直,窄眼距,灰蓝瞳,中高鼻根,高直鼻梁,方圆鼻头,厚唇,嘴角紧收,耳后小痣,长菱形（颌角弱化），压迫感眉骨/深眼窝，平直杏眼·眼尾平直·窄眼距，中高鼻根/高直鼻梁/方圆鼻头，厚唇·嘴角紧收，方下颌
FD01986,梨形脸,颊部饱满,窄额,高眉骨,宽浅眼窝,外扩颧骨,轻凹面颊,宽下颌,猫系眼,眼尾延展,窄眼距,灰蓝瞳,宽鼻根,轻鹰钩鼻梁,小圆鼻头,平直唇,单侧上扬,眉心竖纹浅痕,梨形脸（颊部饱满），高眉骨/宽浅眼窝，猫系眼·眼尾延展·窄眼距，宽鼻根/轻鹰钩鼻梁/小圆鼻头，平直唇·单侧上扬，宽下颌
FD01987,短圆脸,颧部微收,饱满额,薄眉骨,宽浅眼窝,柔和颧骨,幼态柔软面颊,骨感下颌,柳叶眼,眼尾延展,标准眼距,淡金瞳,中高鼻根,柔和鼻梁,方圆鼻头,上厚下薄,单侧上扬,左眼下浅泪痣,短圆脸（颧部微收），薄眉骨/宽浅眼窝，柳叶眼·眼尾延展·标准眼距，中高鼻根/柔和鼻梁/方圆鼻头，上厚下薄·单侧上扬，骨感下颌
FD01988,方鹅蛋脸,上庭收窄,平直额,压迫感眉骨,宽浅眼窝,宽颧骨,饱满面颊,宽下颌,短圆杏眼,眼尾平直,窄眼距,环状虹膜,中高鼻根,宽骨鼻梁,骨感鼻头,上厚下薄,嘴角紧收,无标志,方鹅蛋脸（上庭收窄），压迫感眉骨/宽浅眼窝，短圆杏眼·眼尾平直·窄眼距，中高鼻根/宽骨鼻梁/骨感鼻头，上厚下薄·嘴角紧收，宽下颌
FD01989,柔和方脸,骨点外显,微凸额,高眉骨,眼下骨感,高颧骨,轻凹面颊,方下颌,狼系眼,眼尾微挑,宽眼距,灰蓝瞳,中鼻根,中直鼻梁,小圆鼻头,小嘴,嘴角平直,指节薄茧,柔和方脸（骨点外显），高眉骨/眼下骨感，狼系眼·眼尾微挑·宽眼距，中鼻根/中直鼻梁/小圆鼻头，小嘴·嘴角平直，方下颌
FD01990,上窄下宽脸,颈部线条收短,微凸额,厚眉骨,中度眼窝,高颧骨,薄面颊,圆方下颌,宽杏眼,眼尾延展,标准眼距,异色瞳,中高鼻根,轻微偏左鼻梁,微钝鼻头,弓形唇,嘴角下垂,指节薄茧,上窄下宽脸（颈部线条收短），厚眉骨/中度眼窝，宽杏眼·眼尾延展·标准眼距，中高鼻根/轻微偏左鼻梁/微钝鼻头，弓形唇·嘴角下垂，圆方下颌
FD01991,长圆脸,面中立体化,饱满额,内侧突出眉骨,宽浅眼窝,窄颧骨,轻凹面颊,圆方下颌,窄杏眼,眼尾延展,窄眼距,异色瞳,中高鼻根,轻鹰钩鼻梁,微钝鼻头,弓形唇,单侧上扬,无标志,长圆脸（面中立体化），内侧突出眉骨/宽浅眼窝，窄杏眼·眼尾延展·窄眼距，中高鼻根/轻鹰钩鼻梁/微钝鼻头，弓形唇·单侧上扬，圆方下颌
FD01992,方鹅蛋脸,下颌线清晰化,低额,厚眉骨,中度眼窝,宽颧骨,成熟收紧面颊,方下颌,狐狸系眼,眼尾平直,宽眼距,异色瞳,高鼻根,中直鼻梁,下压鼻头,弓形唇,嘴角上扬,右眼下浅泪痣,方鹅蛋脸（下颌线清晰化），厚眉骨/中度眼窝，狐狸系眼·眼尾平直·宽眼距，高鼻根/中直鼻梁/下压鼻头，弓形唇·嘴角上扬，方下颌
FD01993,宽鹅蛋脸,颧部微收,低额,厚眉骨,宽浅眼窝,宽颧骨,轻凹面颊,柔和下颌,半睁懒眼,眼尾平直,标准眼距,异色瞳,高鼻根,微弧鼻梁,小圆鼻头,成熟长唇,单侧上扬,鼻梁旧伤,宽鹅蛋脸（颧部微收），厚眉骨/宽浅眼窝，半睁懒眼·眼尾平直·标准眼距，高鼻根/微弧鼻梁/小圆鼻头，成熟长唇·单侧上扬，柔和下颌
FD01994,正梯形脸,颈部线条延长,饱满额,厚眉骨,眼下骨感,外扩颧骨,成熟收紧面颊,骨感下颌,上扬凤眼,眼尾微挑,窄眼距,深色瞳,窄鼻根,轻微偏右鼻梁,窄翼鼻头,上厚下薄,单侧上扬,额角旧痕,正梯形脸（颈部线条延长），厚眉骨/眼下骨感，上扬凤眼·眼尾微挑·窄眼距，窄鼻根/轻微偏右鼻梁/窄翼鼻头，上厚下薄·单侧上扬，骨感下颌
FD01995,长菱形,中轴收紧,窄额,外侧突出眉骨,眼下骨感,高颧骨,薄面颊,收敛下颌,少年圆眼,眼尾延展,标准眼距,琥珀瞳,窄鼻根,高直鼻梁,骨感鼻头,上薄下厚,嘴角上扬,眉尾旧疤,长菱形（中轴收紧），外侧突出眉骨/眼下骨感，少年圆眼·眼尾延展·标准眼距，窄鼻根/高直鼻梁/骨感鼻头，上薄下厚·嘴角上扬，收敛下颌
FD01996,长菱形,上庭收窄,低额,薄眉骨,中度眼窝,柔和颧骨,成熟收紧面颊,窄下颌,窄杏眼,眼尾下沉,宽眼距,淡金瞳,低鼻根,轻微偏右鼻梁,窄翼鼻头,宽嘴,嘴角下垂,瞳孔残缺,长菱形（上庭收窄），薄眉骨/中度眼窝，窄杏眼·眼尾下沉·宽眼距，低鼻根/轻微偏右鼻梁/窄翼鼻头，宽嘴·嘴角下垂，窄下颌
FD01997,幼态圆脸,下颌线清晰化,平直额,薄眉骨,浅眼窝,外扩颧骨,轻凹面颊,柔和下颌,鹿系眼,眼尾下压,宽眼距,灰蓝瞳,宽鼻根,轻微偏右鼻梁,轻翘鼻头,弓形唇,单侧上扬,额角旧痕,幼态圆脸（下颌线清晰化），薄眉骨/浅眼窝，鹿系眼·眼尾下压·宽眼距，宽鼻根/轻微偏右鼻梁/轻翘鼻头，弓形唇·单侧上扬，柔和下颌
FD01998,鹅蛋偏菱,颌角强调,饱满额,外侧突出眉骨,深眼窝,柔和颧骨,饱满面颊,明显下颌角,冷感眼,眼尾下压,标准眼距,深色瞳,高鼻根,微弧鼻梁,小圆鼻头,薄唇,嘴角下垂,眼角小痣,鹅蛋偏菱（颌角强调），外侧突出眉骨/深眼窝，冷感眼·眼尾下压·标准眼距，高鼻根/微弧鼻梁/小圆鼻头，薄唇·嘴角下垂，明显下颌角
FD01999,成熟方脸,下颌线清晰化,骨感额,低眉骨,窄深眼窝,外扩颧骨,成熟收紧面颊,窄下颌,少年圆眼,眼尾微挑,宽眼距,灰蓝瞳,低鼻根,微弧鼻梁,下压鼻头,上薄下厚,嘴角平直,无标志,成熟方脸（下颌线清晰化），低眉骨/窄深眼窝，少年圆眼·眼尾微挑·宽眼距，低鼻根/微弧鼻梁/下压鼻头，上薄下厚·嘴角平直，窄下颌
FD02000,鹅蛋偏方,骨点外显,骨感额,低眉骨,眼下骨感,柔和颧骨,成熟收紧面颊,圆方下颌,冷感眼,眼尾下沉,窄眼距,浅褐瞳,窄鼻根,中直鼻梁,小圆鼻头,上厚下薄,单侧上扬,颈侧细疤,鹅蛋偏方（骨点外显），低眉骨/眼下骨感，冷感眼·眼尾下沉·窄眼距，窄鼻根/中直鼻梁/小圆鼻头，上厚下薄·单侧上扬，圆方下颌
FD02001,双颌匀称脸,上庭展开,骨感额,外侧突出眉骨,眼下饱满,柔和颧骨,薄面颊,宽下颌,鹰隼眼,眼尾下压,宽眼距,琥珀瞳,高鼻根,高直鼻梁,微钝鼻头,成熟长唇,嘴角平直,环状虹膜,双颌匀称脸（上庭展开），外侧突出眉骨/眼下饱满，鹰隼眼·眼尾下压·宽眼距，高鼻根/高直鼻梁/微钝鼻头，成熟长唇·嘴角平直，宽下颌
FD02002,骨感菱形,下颌线清晰化,高额,内侧突出眉骨,中度眼窝,高颧骨,轻凹面颊,方下颌,短圆杏眼,眼尾下压,窄眼距,琥珀瞳,宽鼻根,微弧鼻梁,肉感鼻头,上薄下厚,嘴角上扬,异色瞳,骨感菱形（下颌线清晰化），内侧突出眉骨/中度眼窝，短圆杏眼·眼尾下压·窄眼距，宽鼻根/微弧鼻梁/肉感鼻头，上薄下厚·嘴角上扬，方下颌
FD02003,宽鹅蛋脸,上庭收窄,微凸额,外侧突出眉骨,深眼窝,窄颧骨,饱满面颊,柔和下颌,成熟长眼,眼尾延展,宽眼距,琥珀瞳,中高鼻根,轻微偏右鼻梁,肉感鼻头,成熟长唇,嘴角上扬,耳后小痣,宽鹅蛋脸（上庭收窄），外侧突出眉骨/深眼窝，成熟长眼·眼尾延展·宽眼距，中高鼻根/轻微偏右鼻梁/肉感鼻头，成熟长唇·嘴角上扬，柔和下颌
FD02004,倒梯形脸,颊部饱满,平直额,外侧突出眉骨,窄深眼窝,柔和颧骨,饱满面颊,窄下颌,下垂眼,眼尾微挑,标准眼距,异色瞳,宽鼻根,宽骨鼻梁,窄翼鼻头,厚唇,嘴角上扬,眉上小疤,倒梯形脸（颊部饱满），外侧突出眉骨/窄深眼窝，下垂眼·眼尾微挑·标准眼距，宽鼻根/宽骨鼻梁/窄翼鼻头，厚唇·嘴角上扬，窄下颌
FD02005,圆脸,下庭加重,微凸额,低眉骨,宽浅眼窝,宽颧骨,轻凹面颊,柔和下颌,圆长眼,眼尾延展,标准眼距,琥珀瞳,中鼻根,宽骨鼻梁,肉感鼻头,宽嘴,单侧上扬,颈侧细疤,圆脸（下庭加重），低眉骨/宽浅眼窝，圆长眼·眼尾延展·标准眼距，中鼻根/宽骨鼻梁/肉感鼻头，宽嘴·单侧上扬，柔和下颌
FD02006,幼态圆脸,偏锐收窄,窄额,低眉骨,眼下骨感,柔和颧骨,饱满面颊,方下颌,少年圆眼,眼尾明显挑,标准眼距,环状虹膜,宽鼻根,微弧鼻梁,小圆鼻头,宽嘴,嘴角平直,右眉轻断,幼态圆脸（偏锐收窄），低眉骨/眼下骨感，少年圆眼·眼尾明显挑·标准眼距，宽鼻根/微弧鼻梁/小圆鼻头，宽嘴·嘴角平直，方下颌
FD02007,窄鹅蛋脸,中庭展宽,饱满额,高眉骨,浅眼窝,宽颧骨,幼态柔软面颊,方下颌,丹凤眼,眼尾下压,宽眼距,琥珀瞳,窄鼻根,轻鹰钩鼻梁,窄翼鼻头,平直唇,单侧上扬,耳后小痣,窄鹅蛋脸（中庭展宽），高眉骨/浅眼窝，丹凤眼·眼尾下压·宽眼距，窄鼻根/轻鹰钩鼻梁/窄翼鼻头，平直唇·单侧上扬，方下颌
FD02008,短圆脸,下庭加重,微凸额,高眉骨,深眼窝,窄颧骨,成熟收紧面颊,窄下颌,丹凤眼,眼尾下压,标准眼距,星点虹膜,低鼻根,宽骨鼻梁,微钝鼻头,薄唇,嘴角平直,单侧虎牙,短圆脸（下庭加重），高眉骨/深眼窝，丹凤眼·眼尾下压·标准眼距，低鼻根/宽骨鼻梁/微钝鼻头，薄唇·嘴角平直，窄下颌
FD02009,方鹅蛋脸,面中平缓,微凸额,薄眉骨,深眼窝,低颧骨,轻凹面颊,骨感下颌,平凤眼,眼尾延展,标准眼距,异色瞳,高鼻根,宽骨鼻梁,肉感鼻头,上厚下薄,嘴角紧收,左颊浅疤,方鹅蛋脸（面中平缓），薄眉骨/深眼窝，平凤眼·眼尾延展·标准眼距，高鼻根/宽骨鼻梁/肉感鼻头，上厚下薄·嘴角紧收，骨感下颌
FD02010,成熟方脸,上庭收窄,微凸额,内侧突出眉骨,窄深眼窝,高颧骨,幼态柔软面颊,柔和下颌,圆长眼,眼尾平直,宽眼距,灰蓝瞳,高鼻根,中直鼻梁,微钝鼻头,上薄下厚,嘴角平直,异色瞳,成熟方脸（上庭收窄），内侧突出眉骨/窄深眼窝，圆长眼·眼尾平直·宽眼距，高鼻根/中直鼻梁/微钝鼻头，上薄下厚·嘴角平直，柔和下颌
FD02011,长方脸,中轴微长,平直额,内侧突出眉骨,眼下饱满,柔和颧骨,轻凹面颊,明显下颌角,平直杏眼,眼尾微挑,宽眼距,异色瞳,中鼻根,柔和鼻梁,窄翼鼻头,弓形唇,嘴角平直,眼角小痣,长方脸（中轴微长），内侧突出眉骨/眼下饱满，平直杏眼·眼尾微挑·宽眼距，中鼻根/柔和鼻梁/窄翼鼻头，弓形唇·嘴角平直，明显下颌角
FD02012,骨感窄脸,中庭拉长,高额,压迫感眉骨,眼下饱满,柔和颧骨,成熟收紧面颊,骨感下颌,少年圆眼,眼尾下压,宽眼距,淡金瞳,宽鼻根,轻鹰钩鼻梁,肉感鼻头,成熟长唇,单侧上扬,右眉轻断,骨感窄脸（中庭拉长），压迫感眉骨/眼下饱满，少年圆眼·眼尾下压·宽眼距，宽鼻根/轻鹰钩鼻梁/肉感鼻头，成熟长唇·单侧上扬，骨感下颌
FD02013,鹅蛋偏心形,下颌线柔化,宽额,薄眉骨,窄深眼窝,高颧骨,幼态柔软面颊,骨感下颌,下垂眼,眼尾微挑,窄眼距,墨玉瞳,宽鼻根,中直鼻梁,轻翘鼻头,小嘴,嘴角紧收,无标志,鹅蛋偏心形（下颌线柔化），薄眉骨/窄深眼窝，下垂眼·眼尾微挑·窄眼距，宽鼻根/中直鼻梁/轻翘鼻头，小嘴·嘴角紧收，骨感下颌
FD02014,宽鹅蛋脸,下庭收窄,饱满额,压迫感眉骨,浅眼窝,窄颧骨,薄面颊,圆方下颌,下垂眼,眼尾明显挑,标准眼距,深色瞳,中鼻根,微弧鼻梁,下压鼻头,弓形唇,嘴角下垂,眼角小痣,宽鹅蛋脸（下庭收窄），压迫感眉骨/浅眼窝，下垂眼·眼尾明显挑·标准眼距，中鼻根/微弧鼻梁/下压鼻头，弓形唇·嘴角下垂，圆方下颌
FD02015,宽菱形,上庭收窄,骨感额,外侧突出眉骨,深眼窝,窄颧骨,幼态柔软面颊,方下颌,宽杏眼,眼尾延展,宽眼距,环状虹膜,中鼻根,高直鼻梁,方圆鼻头,上薄下厚,嘴角上扬,下颌浅疤,宽菱形（上庭收窄），外侧突出眉骨/深眼窝，宽杏眼·眼尾延展·宽眼距，中鼻根/高直鼻梁/方圆鼻头，上薄下厚·嘴角上扬，方下颌
FD02016,柔和菱形,中轴微长,高额,薄眉骨,眼下饱满,外扩颧骨,幼态柔软面颊,明显下颌角,狐狸系眼,眼尾微挑,标准眼距,异色瞳,高鼻根,宽骨鼻梁,骨感鼻头,小嘴,单侧上扬,指节薄茧,柔和菱形（中轴微长），薄眉骨/眼下饱满，狐狸系眼·眼尾微挑·标准眼距，高鼻根/宽骨鼻梁/骨感鼻头，小嘴·单侧上扬，明显下颌角
FD02017,宽心形脸,颈部线条收短,微凸额,高眉骨,眼下饱满,高颧骨,薄面颊,方下颌,下垂眼,眼尾平直,窄眼距,琥珀瞳,低鼻根,高直鼻梁,肉感鼻头,平直唇,单侧上扬,鼻梁旧伤,宽心形脸（颈部线条收短），高眉骨/眼下饱满，下垂眼·眼尾平直·窄眼距，低鼻根/高直鼻梁/肉感鼻头，平直唇·单侧上扬，方下颌
FD02018,骨感方脸,颧部外扩,平直额,柔和眉骨,眼下骨感,柔和颧骨,薄面颊,柔和下颌,狭长眼,眼尾微挑,窄眼距,环状虹膜,中鼻根,轻鹰钩鼻梁,小圆鼻头,薄唇,嘴角紧收,异色瞳,骨感方脸（颧部外扩），柔和眉骨/眼下骨感，狭长眼·眼尾微挑·窄眼距，中鼻根/轻鹰钩鼻梁/小圆鼻头，薄唇·嘴角紧收，柔和下颌
FD02019,成熟方脸,颈部线条收短,窄额,内侧突出眉骨,深眼窝,外扩颧骨,饱满面颊,骨感下颌,长杏眼,眼尾明显挑,宽眼距,淡金瞳,中鼻根,柔和鼻梁,方圆鼻头,厚唇,嘴角紧收,眉上小疤,成熟方脸（颈部线条收短），内侧突出眉骨/深眼窝，长杏眼·眼尾明显挑·宽眼距，中鼻根/柔和鼻梁/方圆鼻头，厚唇·嘴角紧收，骨感下颌
FD02020,圆脸,偏柔圆润,骨感额,外侧突出眉骨,眼下饱满,外扩颧骨,幼态柔软面颊,方下颌,疲惫眼,眼尾延展,窄眼距,琥珀瞳,高鼻根,微弧鼻梁,下压鼻头,成熟长唇,单侧上扬,异色瞳,圆脸（偏柔圆润），外侧突出眉骨/眼下饱满，疲惫眼·眼尾延展·窄眼距，高鼻根/微弧鼻梁/下压鼻头，成熟长唇·单侧上扬，方下颌
FD02021,上窄下宽脸,骨点外显,低额,低眉骨,窄深眼窝,高颧骨,幼态柔软面颊,方下颌,鹤系眼,眼尾平直,宽眼距,星点虹膜,宽鼻根,轻鹰钩鼻梁,方圆鼻头,薄唇,嘴角下垂,眉尾旧疤,上窄下宽脸（骨点外显），低眉骨/窄深眼窝，鹤系眼·眼尾平直·宽眼距，宽鼻根/轻鹰钩鼻梁/方圆鼻头，薄唇·嘴角下垂，方下颌
FD02022,幼态圆脸,偏锐收窄,窄额,外侧突出眉骨,宽浅眼窝,外扩颧骨,饱满面颊,收敛下颌,冷感眼,眼尾平直,宽眼距,墨玉瞳,宽鼻根,轻微偏左鼻梁,骨感鼻头,成熟长唇,嘴角紧收,额角旧痕,幼态圆脸（偏锐收窄），外侧突出眉骨/宽浅眼窝，冷感眼·眼尾平直·宽眼距，宽鼻根/轻微偏左鼻梁/骨感鼻头，成熟长唇·嘴角紧收，收敛下颌
FD02023,长心形脸,中庭展宽,饱满额,高眉骨,宽浅眼窝,柔和颧骨,饱满面颊,明显下颌角,窄杏眼,眼尾延展,标准眼距,碎裂虹膜,窄鼻根,轻微偏左鼻梁,方圆鼻头,成熟长唇,单侧上扬,单侧虎牙,长心形脸（中庭展宽），高眉骨/宽浅眼窝，窄杏眼·眼尾延展·标准眼距，窄鼻根/轻微偏左鼻梁/方圆鼻头，成熟长唇·单侧上扬，明显下颌角
FD02024,方鹅蛋脸,颧部微收,高额,外侧突出眉骨,浅眼窝,柔和颧骨,幼态柔软面颊,窄下颌,下垂眼,眼尾平直,标准眼距,琥珀瞳,中高鼻根,轻微偏右鼻梁,轻翘鼻头,薄唇,嘴角下垂,左颊浅疤,方鹅蛋脸（颧部微收），外侧突出眉骨/浅眼窝，下垂眼·眼尾平直·标准眼距，中高鼻根/轻微偏右鼻梁/轻翘鼻头，薄唇·嘴角下垂，窄下颌
FD02025,长方脸,颧部微收,微凸额,外侧突出眉骨,中度眼窝,窄颧骨,幼态柔软面颊,方下颌,瑞凤眼,眼尾下压,窄眼距,琥珀瞳,窄鼻根,宽骨鼻梁,窄翼鼻头,厚唇,嘴角下垂,左颊浅疤,长方脸（颧部微收），外侧突出眉骨/中度眼窝，瑞凤眼·眼尾下压·窄眼距，窄鼻根/宽骨鼻梁/窄翼鼻头，厚唇·嘴角下垂，方下颌
FD02026,上窄下宽脸,颧部外扩,宽额,低眉骨,眼下骨感,宽颧骨,轻凹面颊,方下颌,平直杏眼,眼尾延展,宽眼距,碎裂虹膜,中高鼻根,高直鼻梁,轻翘鼻头,薄唇,单侧上扬,碎裂虹膜,上窄下宽脸（颧部外扩），低眉骨/眼下骨感，平直杏眼·眼尾延展·宽眼距，中高鼻根/高直鼻梁/轻翘鼻头，薄唇·单侧上扬，方下颌
FD02027,宽鹅蛋脸,颌角弱化,平直额,厚眉骨,眼下饱满,外扩颧骨,轻凹面颊,骨感下颌,宽杏眼,眼尾明显挑,窄眼距,浅褐瞳,窄鼻根,微弧鼻梁,轻翘鼻头,弓形唇,嘴角紧收,异色瞳,宽鹅蛋脸（颌角弱化），厚眉骨/眼下饱满，宽杏眼·眼尾明显挑·窄眼距，窄鼻根/微弧鼻梁/轻翘鼻头，弓形唇·嘴角紧收，骨感下颌
FD02028,长方脸,上庭收窄,宽额,高眉骨,宽浅眼窝,低颧骨,成熟收紧面颊,骨感下颌,平直杏眼,眼尾微挑,窄眼距,深色瞳,窄鼻根,中直鼻梁,微钝鼻头,平直唇,嘴角下垂,额角旧痕,长方脸（上庭收窄），高眉骨/宽浅眼窝，平直杏眼·眼尾微挑·窄眼距，窄鼻根/中直鼻梁/微钝鼻头，平直唇·嘴角下垂，骨感下颌
FD02029,长方脸,下颌线柔化,骨感额,薄眉骨,深眼窝,宽颧骨,薄面颊,收敛下颌,少年圆眼,眼尾平直,宽眼距,碎裂虹膜,窄鼻根,微弧鼻梁,方圆鼻头,宽嘴,嘴角紧收,双侧酒窝,长方脸（下颌线柔化），薄眉骨/深眼窝，少年圆眼·眼尾平直·宽眼距，窄鼻根/微弧鼻梁/方圆鼻头，宽嘴·嘴角紧收，收敛下颌
FD02030,短圆脸,面中平缓,窄额,薄眉骨,窄深眼窝,柔和颧骨,成熟收紧面颊,明显下颌角,成熟长眼,眼尾平直,标准眼距,墨玉瞳,高鼻根,中直鼻梁,肉感鼻头,厚唇,嘴角紧收,右眼下浅泪痣,短圆脸（面中平缓），薄眉骨/窄深眼窝，成熟长眼·眼尾平直·标准眼距，高鼻根/中直鼻梁/肉感鼻头，厚唇·嘴角紧收，明显下颌角
FD02031,梨形脸,颊部略凹,平直额,厚眉骨,眼下骨感,外扩颧骨,薄面颊,圆方下颌,丹凤眼,眼尾平直,标准眼距,深色瞳,窄鼻根,微弧鼻梁,窄翼鼻头,上薄下厚,嘴角下垂,右眉轻断,梨形脸（颊部略凹），厚眉骨/眼下骨感，丹凤眼·眼尾平直·标准眼距，窄鼻根/微弧鼻梁/窄翼鼻头，上薄下厚·嘴角下垂，圆方下颌
FD02032,标准菱形,下庭加重,低额,低眉骨,眼下骨感,宽颧骨,成熟收紧面颊,方下颌,柳叶眼,眼尾下压,标准眼距,琥珀瞳,中高鼻根,中直鼻梁,微钝鼻头,平直唇,单侧上扬,眉心竖纹浅痕,标准菱形（下庭加重），低眉骨/眼下骨感，柳叶眼·眼尾下压·标准眼距，中高鼻根/中直鼻梁/微钝鼻头，平直唇·单侧上扬，方下颌
FD02033,肉感短脸,面中平缓,窄额,内侧突出眉骨,宽浅眼窝,外扩颧骨,幼态柔软面颊,方下颌,猫系眼,眼尾延展,窄眼距,碎裂虹膜,窄鼻根,轻微偏左鼻梁,轻翘鼻头,小嘴,嘴角紧收,瞳孔残缺,肉感短脸（面中平缓），内侧突出眉骨/宽浅眼窝，猫系眼·眼尾延展·窄眼距，窄鼻根/轻微偏左鼻梁/轻翘鼻头，小嘴·嘴角紧收，方下颌
FD02034,圆方脸,颊部饱满,平直额,柔和眉骨,中度眼窝,高颧骨,幼态柔软面颊,窄下颌,平凤眼,眼尾平直,标准眼距,异色瞳,低鼻根,高直鼻梁,微钝鼻头,薄唇,嘴角平直,眼睑褶皱不对称,圆方脸（颊部饱满），柔和眉骨/中度眼窝，平凤眼·眼尾平直·标准眼距，低鼻根/高直鼻梁/微钝鼻头，薄唇·嘴角平直，窄下颌
FD02035,鹅蛋偏菱,面中立体化,微凸额,柔和眉骨,眼下骨感,宽颧骨,饱满面颊,方下颌,瑞凤眼,眼尾下沉,宽眼距,浅褐瞳,中高鼻根,轻微偏右鼻梁,下压鼻头,薄唇,嘴角上扬,眉心竖纹浅痕,鹅蛋偏菱（面中立体化），柔和眉骨/眼下骨感，瑞凤眼·眼尾下沉·宽眼距，中高鼻根/轻微偏右鼻梁/下压鼻头，薄唇·嘴角上扬，方下颌
FD02036,下颌突出脸,中庭展宽,宽额,高眉骨,眼下饱满,高颧骨,幼态柔软面颊,方下颌,长杏眼,眼尾微挑,宽眼距,环状虹膜,中高鼻根,微弧鼻梁,小圆鼻头,小嘴,嘴角下垂,指节薄茧,下颌突出脸（中庭展宽），高眉骨/眼下饱满，长杏眼·眼尾微挑·宽眼距，中高鼻根/微弧鼻梁/小圆鼻头，小嘴·嘴角下垂，方下颌
FD02037,柔和菱形,面中立体化,宽额,内侧突出眉骨,中度眼窝,高颧骨,轻凹面颊,收敛下颌,丹凤眼,眼尾明显挑,宽眼距,异色瞳,中高鼻根,轻微偏左鼻梁,肉感鼻头,薄唇,嘴角下垂,下颌浅疤,柔和菱形（面中立体化），内侧突出眉骨/中度眼窝，丹凤眼·眼尾明显挑·宽眼距，中高鼻根/轻微偏左鼻梁/肉感鼻头，薄唇·嘴角下垂，收敛下颌
FD02038,圆方脸,偏锐收窄,骨感额,低眉骨,眼下骨感,柔和颧骨,轻凹面颊,收敛下颌,窄杏眼,眼尾微挑,窄眼距,琥珀瞳,中鼻根,轻微偏右鼻梁,小圆鼻头,上厚下薄,嘴角下垂,单侧虎牙,圆方脸（偏锐收窄），低眉骨/眼下骨感，窄杏眼·眼尾微挑·窄眼距，中鼻根/轻微偏右鼻梁/小圆鼻头，上厚下薄·嘴角下垂，收敛下颌
FD02039,柔和菱形,下庭收窄,低额,薄眉骨,浅眼窝,外扩颧骨,成熟收紧面颊,窄下颌,丹凤眼,眼尾下压,窄眼距,浅褐瞳,宽鼻根,中直鼻梁,轻翘鼻头,平直唇,嘴角平直,颈侧细疤,柔和菱形（下庭收窄），薄眉骨/浅眼窝，丹凤眼·眼尾下压·窄眼距，宽鼻根/中直鼻梁/轻翘鼻头，平直唇·嘴角平直，窄下颌
FD02040,长鹅蛋脸,下庭收窄,高额,薄眉骨,中度眼窝,高颧骨,幼态柔软面颊,宽下颌,狭长瑞凤眼,眼尾微挑,窄眼距,深色瞳,中高鼻根,轻鹰钩鼻梁,小圆鼻头,弓形唇,嘴角下垂,右眼下浅泪痣,长鹅蛋脸（下庭收窄），薄眉骨/中度眼窝，狭长瑞凤眼·眼尾微挑·窄眼距，中高鼻根/轻鹰钩鼻梁/小圆鼻头，弓形唇·嘴角下垂，宽下颌
FD02041,肉感短脸,中庭展宽,骨感额,薄眉骨,眼下骨感,柔和颧骨,饱满面颊,窄下颌,丹凤眼,眼尾下沉,宽眼距,琥珀瞳,低鼻根,中直鼻梁,小圆鼻头,宽嘴,嘴角紧收,无标志,肉感短脸（中庭展宽），薄眉骨/眼下骨感，丹凤眼·眼尾下沉·宽眼距，低鼻根/中直鼻梁/小圆鼻头，宽嘴·嘴角紧收，窄下颌
FD02042,长方脸,中庭展宽,高额,内侧突出眉骨,宽浅眼窝,低颧骨,轻凹面颊,明显下颌角,瑞凤眼,眼尾平直,标准眼距,浅褐瞳,中高鼻根,微弧鼻梁,微钝鼻头,厚唇,单侧上扬,指节薄茧,长方脸（中庭展宽），内侧突出眉骨/宽浅眼窝，瑞凤眼·眼尾平直·标准眼距，中高鼻根/微弧鼻梁/微钝鼻头，厚唇·单侧上扬，明显下颌角
FD02043,肉感短脸,上庭收窄,宽额,高眉骨,眼下饱满,宽颧骨,轻凹面颊,方下颌,狭长瑞凤眼,眼尾明显挑,宽眼距,琥珀瞳,中高鼻根,轻鹰钩鼻梁,微钝鼻头,上薄下厚,嘴角下垂,下颌浅疤,肉感短脸（上庭收窄），高眉骨/眼下饱满，狭长瑞凤眼·眼尾明显挑·宽眼距，中高鼻根/轻鹰钩鼻梁/微钝鼻头，上薄下厚·嘴角下垂，方下颌
FD02044,长圆脸,颊部饱满,骨感额,压迫感眉骨,浅眼窝,窄颧骨,饱满面颊,窄下颌,圆长眼,眼尾明显挑,宽眼距,深色瞳,窄鼻根,宽骨鼻梁,轻翘鼻头,薄唇,嘴角平直,耳后小痣,长圆脸（颊部饱满），压迫感眉骨/浅眼窝，圆长眼·眼尾明显挑·宽眼距，窄鼻根/宽骨鼻梁/轻翘鼻头，薄唇·嘴角平直，窄下颌
FD02045,短方脸,颊部饱满,平直额,薄眉骨,浅眼窝,低颧骨,饱满面颊,窄下颌,桃花眼,眼尾下沉,宽眼距,淡金瞳,中高鼻根,轻鹰钩鼻梁,肉感鼻头,上薄下厚,嘴角下垂,单侧酒窝,短方脸（颊部饱满），薄眉骨/浅眼窝，桃花眼·眼尾下沉·宽眼距，中高鼻根/轻鹰钩鼻梁/肉感鼻头，上薄下厚·嘴角下垂，窄下颌
FD02046,上窄下宽脸,面中立体化,低额,压迫感眉骨,窄深眼窝,宽颧骨,饱满面颊,收敛下颌,鹤系眼,眼尾微挑,宽眼距,灰蓝瞳,高鼻根,中直鼻梁,窄翼鼻头,弓形唇,单侧上扬,单侧虎牙,上窄下宽脸（面中立体化），压迫感眉骨/窄深眼窝，鹤系眼·眼尾微挑·宽眼距，高鼻根/中直鼻梁/窄翼鼻头，弓形唇·单侧上扬，收敛下颌
FD02047,方鹅蛋脸,下庭加重,窄额,低眉骨,眼下饱满,柔和颧骨,饱满面颊,收敛下颌,鹰隼眼,眼尾下沉,宽眼距,异色瞳,中鼻根,中直鼻梁,方圆鼻头,小嘴,嘴角紧收,指节薄茧,方鹅蛋脸（下庭加重），低眉骨/眼下饱满，鹰隼眼·眼尾下沉·宽眼距，中鼻根/中直鼻梁/方圆鼻头，小嘴·嘴角紧收，收敛下颌
FD02048,长圆脸,颈部线条延长,平直额,低眉骨,眼下饱满,柔和颧骨,饱满面颊,柔和下颌,下垂眼,眼尾下压,标准眼距,灰蓝瞳,高鼻根,宽骨鼻梁,小圆鼻头,成熟长唇,嘴角上扬,下颌浅疤,长圆脸（颈部线条延长），低眉骨/眼下饱满，下垂眼·眼尾下压·标准眼距，高鼻根/宽骨鼻梁/小圆鼻头，成熟长唇·嘴角上扬，柔和下颌
FD02049,柔和方脸,颌角弱化,窄额,压迫感眉骨,深眼窝,外扩颧骨,饱满面颊,柔和下颌,柳叶眼,眼尾微挑,宽眼距,异色瞳,低鼻根,高直鼻梁,轻翘鼻头,薄唇,单侧上扬,下颌浅疤,柔和方脸（颌角弱化），压迫感眉骨/深眼窝，柳叶眼·眼尾微挑·宽眼距，低鼻根/高直鼻梁/轻翘鼻头，薄唇·单侧上扬，柔和下颌
FD02050,短鹅蛋脸,颊部略凹,微凸额,薄眉骨,宽浅眼窝,宽颧骨,幼态柔软面颊,窄下颌,鹰隼眼,眼尾微挑,宽眼距,异色瞳,低鼻根,轻微偏右鼻梁,方圆鼻头,弓形唇,单侧上扬,碎裂虹膜,短鹅蛋脸（颊部略凹），薄眉骨/宽浅眼窝，鹰隼眼·眼尾微挑·宽眼距，低鼻根/轻微偏右鼻梁/方圆鼻头，弓形唇·单侧上扬，窄下颌
FD02051,倒三角脸,骨点外显,宽额,厚眉骨,中度眼窝,宽颧骨,饱满面颊,收敛下颌,疲惫眼,眼尾微挑,窄眼距,深色瞳,中鼻根,轻微偏左鼻梁,方圆鼻头,成熟长唇,嘴角上扬,无标志,倒三角脸（骨点外显），厚眉骨/中度眼窝，疲惫眼·眼尾微挑·窄眼距，中鼻根/轻微偏左鼻梁/方圆鼻头，成熟长唇·嘴角上扬，收敛下颌
FD02052,标准菱形,颈部线条延长,窄额,厚眉骨,中度眼窝,柔和颧骨,成熟收紧面颊,柔和下颌,疲惫眼,眼尾平直,宽眼距,墨玉瞳,中鼻根,轻微偏右鼻梁,骨感鼻头,厚唇,单侧上扬,无标志,标准菱形（颈部线条延长），厚眉骨/中度眼窝，疲惫眼·眼尾平直·宽眼距，中鼻根/轻微偏右鼻梁/骨感鼻头，厚唇·单侧上扬，柔和下颌
FD02053,双颌匀称脸,下颌线柔化,平直额,厚眉骨,眼下饱满,外扩颧骨,饱满面颊,窄下颌,成熟长眼,眼尾微挑,窄眼距,碎裂虹膜,低鼻根,高直鼻梁,微钝鼻头,上厚下薄,嘴角下垂,无标志,双颌匀称脸（下颌线柔化），厚眉骨/眼下饱满，成熟长眼·眼尾微挑·窄眼距，低鼻根/高直鼻梁/微钝鼻头，上厚下薄·嘴角下垂，窄下颌
FD02054,长方脸,中庭拉长,平直额,高眉骨,眼下骨感,窄颧骨,轻凹面颊,明显下颌角,猫系眼,眼尾微挑,宽眼距,灰蓝瞳,高鼻根,轻微偏右鼻梁,小圆鼻头,上厚下薄,单侧上扬,眉尾旧疤,长方脸（中庭拉长），高眉骨/眼下骨感，猫系眼·眼尾微挑·宽眼距，高鼻根/轻微偏右鼻梁/小圆鼻头，上厚下薄·单侧上扬，明显下颌角
FD02055,倒梯形脸,颌角弱化,微凸额,高眉骨,浅眼窝,外扩颧骨,幼态柔软面颊,宽下颌,平直杏眼,眼尾下压,标准眼距,星点虹膜,窄鼻根,中直鼻梁,小圆鼻头,上薄下厚,嘴角平直,无标志,倒梯形脸（颌角弱化），高眉骨/浅眼窝，平直杏眼·眼尾下压·标准眼距，窄鼻根/中直鼻梁/小圆鼻头，上薄下厚·嘴角平直，宽下颌
FD02056,标准菱形,骨点外显,低额,低眉骨,眼下骨感,窄颧骨,幼态柔软面颊,宽下颌,圆长眼,眼尾下压,窄眼距,异色瞳,中鼻根,宽骨鼻梁,轻翘鼻头,平直唇,单侧上扬,无标志,标准菱形（骨点外显），低眉骨/眼下骨感，圆长眼·眼尾下压·窄眼距，中鼻根/宽骨鼻梁/轻翘鼻头，平直唇·单侧上扬，宽下颌
FD02057,柔和方脸,下庭收窄,窄额,薄眉骨,中度眼窝,柔和颧骨,薄面颊,方下颌,成熟长眼,眼尾下沉,窄眼距,灰蓝瞳,宽鼻根,轻鹰钩鼻梁,骨感鼻头,平直唇,嘴角下垂,额角旧痕,柔和方脸（下庭收窄），薄眉骨/中度眼窝，成熟长眼·眼尾下沉·窄眼距，宽鼻根/轻鹰钩鼻梁/骨感鼻头，平直唇·嘴角下垂，方下颌
FD02058,方鹅蛋脸,中轴微长,平直额,柔和眉骨,深眼窝,高颧骨,饱满面颊,收敛下颌,桃花眼,眼尾微挑,宽眼距,深色瞳,低鼻根,轻微偏左鼻梁,骨感鼻头,平直唇,单侧上扬,右眼下浅泪痣,方鹅蛋脸（中轴微长），柔和眉骨/深眼窝，桃花眼·眼尾微挑·宽眼距，低鼻根/轻微偏左鼻梁/骨感鼻头，平直唇·单侧上扬，收敛下颌
FD02059,倒三角脸,颌角弱化,窄额,外侧突出眉骨,宽浅眼窝,宽颧骨,饱满面颊,方下颌,狐狸系眼,眼尾下沉,宽眼距,淡金瞳,宽鼻根,微弧鼻梁,微钝鼻头,厚唇,嘴角下垂,右眼下浅泪痣,倒三角脸（颌角弱化），外侧突出眉骨/宽浅眼窝，狐狸系眼·眼尾下沉·宽眼距，宽鼻根/微弧鼻梁/微钝鼻头，厚唇·嘴角下垂，方下颌
FD02060,宽方脸,颧部微收,窄额,薄眉骨,宽浅眼窝,窄颧骨,幼态柔软面颊,柔和下颌,猫系眼,眼尾平直,标准眼距,环状虹膜,中高鼻根,高直鼻梁,轻翘鼻头,上薄下厚,嘴角紧收,唇下小痣,宽方脸（颧部微收），薄眉骨/宽浅眼窝，猫系眼·眼尾平直·标准眼距，中高鼻根/高直鼻梁/轻翘鼻头，上薄下厚·嘴角紧收，柔和下颌
FD02061,宽菱形,下庭收窄,微凸额,压迫感眉骨,深眼窝,高颧骨,饱满面颊,圆方下颌,短圆杏眼,眼尾平直,标准眼距,墨玉瞳,高鼻根,高直鼻梁,肉感鼻头,上厚下薄,嘴角上扬,单侧虎牙,宽菱形（下庭收窄），压迫感眉骨/深眼窝，短圆杏眼·眼尾平直·标准眼距，高鼻根/高直鼻梁/肉感鼻头，上厚下薄·嘴角上扬，圆方下颌
FD02062,长圆脸,颌角弱化,饱满额,高眉骨,中度眼窝,宽颧骨,轻凹面颊,宽下颌,蛇系眼,眼尾微挑,宽眼距,淡金瞳,宽鼻根,微弧鼻梁,肉感鼻头,成熟长唇,单侧上扬,额角旧痕,长圆脸（颌角弱化），高眉骨/中度眼窝，蛇系眼·眼尾微挑·宽眼距，宽鼻根/微弧鼻梁/肉感鼻头，成熟长唇·单侧上扬，宽下颌
FD02063,窄方脸,颌角强调,窄额,柔和眉骨,窄深眼窝,外扩颧骨,饱满面颊,收敛下颌,鹤系眼,眼尾明显挑,窄眼距,琥珀瞳,中鼻根,高直鼻梁,窄翼鼻头,上厚下薄,单侧上扬,鼻梁旧伤,窄方脸（颌角强调），柔和眉骨/窄深眼窝，鹤系眼·眼尾明显挑·窄眼距，中鼻根/高直鼻梁/窄翼鼻头，上厚下薄·单侧上扬，收敛下颌
FD02064,鹅蛋偏方,上庭收窄,低额,低眉骨,窄深眼窝,宽颧骨,薄面颊,方下颌,狐狸系眼,眼尾平直,标准眼距,墨玉瞳,低鼻根,中直鼻梁,下压鼻头,成熟长唇,嘴角上扬,双侧酒窝,鹅蛋偏方（上庭收窄），低眉骨/窄深眼窝，狐狸系眼·眼尾平直·标准眼距，低鼻根/中直鼻梁/下压鼻头，成熟长唇·嘴角上扬，方下颌
FD02065,圆方脸,面中立体化,平直额,厚眉骨,浅眼窝,宽颧骨,薄面颊,明显下颌角,短圆杏眼,眼尾平直,宽眼距,淡金瞳,中高鼻根,中直鼻梁,肉感鼻头,成熟长唇,单侧上扬,下颌浅疤,圆方脸（面中立体化），厚眉骨/浅眼窝，短圆杏眼·眼尾平直·宽眼距，中高鼻根/中直鼻梁/肉感鼻头，成熟长唇·单侧上扬，明显下颌角
FD02066,短圆脸,下庭收窄,窄额,压迫感眉骨,浅眼窝,窄颧骨,幼态柔软面颊,收敛下颌,圆长眼,眼尾延展,宽眼距,琥珀瞳,中高鼻根,柔和鼻梁,微钝鼻头,上厚下薄,嘴角紧收,耳后小痣,短圆脸（下庭收窄），压迫感眉骨/浅眼窝，圆长眼·眼尾延展·宽眼距，中高鼻根/柔和鼻梁/微钝鼻头，上厚下薄·嘴角紧收，收敛下颌
FD02067,圆方脸,中轴微长,饱满额,外侧突出眉骨,中度眼窝,窄颧骨,饱满面颊,方下颌,鹿系眼,眼尾微挑,宽眼距,灰蓝瞳,窄鼻根,高直鼻梁,窄翼鼻头,成熟长唇,嘴角下垂,左眼下浅泪痣,圆方脸（中轴微长），外侧突出眉骨/中度眼窝，鹿系眼·眼尾微挑·宽眼距，窄鼻根/高直鼻梁/窄翼鼻头，成熟长唇·嘴角下垂，方下颌
FD02068,窄鹅蛋脸,上庭收窄,微凸额,柔和眉骨,窄深眼窝,柔和颧骨,成熟收紧面颊,明显下颌角,鹰隼眼,眼尾平直,窄眼距,深色瞳,宽鼻根,轻微偏右鼻梁,小圆鼻头,弓形唇,嘴角上扬,下颌浅疤,窄鹅蛋脸（上庭收窄），柔和眉骨/窄深眼窝，鹰隼眼·眼尾平直·窄眼距，宽鼻根/轻微偏右鼻梁/小圆鼻头，弓形唇·嘴角上扬，明显下颌角
FD02069,窄方脸,偏柔圆润,高额,厚眉骨,中度眼窝,窄颧骨,成熟收紧面颊,方下颌,鹤系眼,眼尾明显挑,宽眼距,深色瞳,低鼻根,轻鹰钩鼻梁,肉感鼻头,成熟长唇,嘴角紧收,右眉轻断,窄方脸（偏柔圆润），厚眉骨/中度眼窝，鹤系眼·眼尾明显挑·宽眼距，低鼻根/轻鹰钩鼻梁/肉感鼻头，成熟长唇·嘴角紧收，方下颌
FD02070,宽菱形,颈部线条延长,低额,压迫感眉骨,眼下饱满,柔和颧骨,薄面颊,窄下颌,狭长瑞凤眼,眼尾明显挑,标准眼距,淡金瞳,窄鼻根,中直鼻梁,微钝鼻头,平直唇,单侧上扬,左眼下浅泪痣,宽菱形（颈部线条延长），压迫感眉骨/眼下饱满，狭长瑞凤眼·眼尾明显挑·标准眼距，窄鼻根/中直鼻梁/微钝鼻头，平直唇·单侧上扬，窄下颌
FD02071,窄方脸,颈部线条收短,窄额,高眉骨,窄深眼窝,外扩颧骨,成熟收紧面颊,宽下颌,鹰隼眼,眼尾微挑,窄眼距,深色瞳,高鼻根,柔和鼻梁,小圆鼻头,平直唇,嘴角紧收,无标志,窄方脸（颈部线条收短），高眉骨/窄深眼窝，鹰隼眼·眼尾微挑·窄眼距，高鼻根/柔和鼻梁/小圆鼻头，平直唇·嘴角紧收，宽下颌
FD02072,圆脸,中庭展宽,宽额,内侧突出眉骨,宽浅眼窝,柔和颧骨,成熟收紧面颊,窄下颌,窄杏眼,眼尾明显挑,窄眼距,墨玉瞳,高鼻根,高直鼻梁,肉感鼻头,弓形唇,嘴角上扬,左眼下浅泪痣,圆脸（中庭展宽），内侧突出眉骨/宽浅眼窝，窄杏眼·眼尾明显挑·窄眼距，高鼻根/高直鼻梁/肉感鼻头，弓形唇·嘴角上扬，窄下颌
FD02073,下颌突出脸,颈部线条收短,低额,外侧突出眉骨,眼下饱满,窄颧骨,轻凹面颊,骨感下颌,桃花眼,眼尾平直,标准眼距,星点虹膜,中鼻根,中直鼻梁,轻翘鼻头,成熟长唇,嘴角上扬,颈侧细疤,下颌突出脸（颈部线条收短），外侧突出眉骨/眼下饱满，桃花眼·眼尾平直·标准眼距，中鼻根/中直鼻梁/轻翘鼻头，成熟长唇·嘴角上扬，骨感下颌
FD02074,长心形脸,偏柔圆润,高额,高眉骨,眼下饱满,低颧骨,饱满面颊,宽下颌,鹤系眼,眼尾明显挑,标准眼距,灰蓝瞳,宽鼻根,轻微偏右鼻梁,方圆鼻头,上薄下厚,嘴角平直,单侧虎牙,长心形脸（偏柔圆润），高眉骨/眼下饱满，鹤系眼·眼尾明显挑·标准眼距，宽鼻根/轻微偏右鼻梁/方圆鼻头，上薄下厚·嘴角平直，宽下颌
FD02075,骨感窄脸,下庭收窄,骨感额,高眉骨,宽浅眼窝,宽颧骨,幼态柔软面颊,宽下颌,宽杏眼,眼尾明显挑,宽眼距,灰蓝瞳,高鼻根,高直鼻梁,小圆鼻头,平直唇,嘴角紧收,碎裂虹膜,骨感窄脸（下庭收窄），高眉骨/宽浅眼窝，宽杏眼·眼尾明显挑·宽眼距，高鼻根/高直鼻梁/小圆鼻头，平直唇·嘴角紧收，宽下颌
FD02076,柔和菱形,下颌线清晰化,窄额,厚眉骨,眼下骨感,低颧骨,薄面颊,圆方下颌,狐狸系眼,眼尾明显挑,标准眼距,淡金瞳,窄鼻根,轻微偏右鼻梁,下压鼻头,厚唇,单侧上扬,左眼下浅泪痣,柔和菱形（下颌线清晰化），厚眉骨/眼下骨感，狐狸系眼·眼尾明显挑·标准眼距，窄鼻根/轻微偏右鼻梁/下压鼻头，厚唇·单侧上扬，圆方下颌
FD02077,倒梯形脸,中轴微长,低额,柔和眉骨,中度眼窝,高颧骨,薄面颊,方下颌,狼系眼,眼尾微挑,窄眼距,墨玉瞳,宽鼻根,柔和鼻梁,小圆鼻头,薄唇,单侧上扬,耳后小痣,倒梯形脸（中轴微长），柔和眉骨/中度眼窝，狼系眼·眼尾微挑·窄眼距，宽鼻根/柔和鼻梁/小圆鼻头，薄唇·单侧上扬，方下颌
FD02078,圆方脸,中庭展宽,饱满额,外侧突出眉骨,眼下骨感,柔和颧骨,饱满面颊,方下颌,长杏眼,眼尾微挑,标准眼距,碎裂虹膜,中高鼻根,中直鼻梁,骨感鼻头,上薄下厚,嘴角上扬,双侧酒窝,圆方脸（中庭展宽），外侧突出眉骨/眼下骨感，长杏眼·眼尾微挑·标准眼距，中高鼻根/中直鼻梁/骨感鼻头，上薄下厚·嘴角上扬，方下颌
FD02079,清瘦圆脸,下颌线柔化,微凸额,内侧突出眉骨,深眼窝,高颧骨,轻凹面颊,收敛下颌,上扬凤眼,眼尾明显挑,标准眼距,淡金瞳,低鼻根,轻微偏左鼻梁,小圆鼻头,上厚下薄,嘴角下垂,眉尾旧疤,清瘦圆脸（下颌线柔化），内侧突出眉骨/深眼窝，上扬凤眼·眼尾明显挑·标准眼距，低鼻根/轻微偏左鼻梁/小圆鼻头，上厚下薄·嘴角下垂，收敛下颌
FD02080,骨感窄脸,上庭展开,低额,薄眉骨,中度眼窝,高颧骨,饱满面颊,柔和下颌,鹰隼眼,眼尾明显挑,宽眼距,碎裂虹膜,宽鼻根,宽骨鼻梁,方圆鼻头,弓形唇,嘴角紧收,眉上小疤,骨感窄脸（上庭展开），薄眉骨/中度眼窝，鹰隼眼·眼尾明显挑·宽眼距，宽鼻根/宽骨鼻梁/方圆鼻头，弓形唇·嘴角紧收，柔和下颌
FD02081,倒梯形脸,下颌线清晰化,低额,低眉骨,中度眼窝,柔和颧骨,饱满面颊,柔和下颌,丹凤眼,眼尾微挑,宽眼距,墨玉瞳,低鼻根,轻微偏右鼻梁,方圆鼻头,薄唇,嘴角紧收,指节薄茧,倒梯形脸（下颌线清晰化），低眉骨/中度眼窝，丹凤眼·眼尾微挑·宽眼距，低鼻根/轻微偏右鼻梁/方圆鼻头，薄唇·嘴角紧收，柔和下颌
FD02082,短方脸,中庭拉长,骨感额,压迫感眉骨,浅眼窝,柔和颧骨,饱满面颊,宽下颌,猫系眼,眼尾平直,窄眼距,灰蓝瞳,窄鼻根,柔和鼻梁,方圆鼻头,上薄下厚,嘴角下垂,右眼下浅泪痣,短方脸（中庭拉长），压迫感眉骨/浅眼窝，猫系眼·眼尾平直·窄眼距，窄鼻根/柔和鼻梁/方圆鼻头，上薄下厚·嘴角下垂，宽下颌
FD02083,方菱过渡脸,颌角弱化,骨感额,高眉骨,窄深眼窝,柔和颧骨,饱满面颊,明显下颌角,少年圆眼,眼尾下沉,标准眼距,灰蓝瞳,窄鼻根,中直鼻梁,窄翼鼻头,薄唇,单侧上扬,眉尾旧疤,方菱过渡脸（颌角弱化），高眉骨/窄深眼窝，少年圆眼·眼尾下沉·标准眼距，窄鼻根/中直鼻梁/窄翼鼻头，薄唇·单侧上扬，明显下颌角
FD02084,长方脸,中庭拉长,骨感额,厚眉骨,眼下骨感,柔和颧骨,饱满面颊,收敛下颌,桃花眼,眼尾下压,标准眼距,环状虹膜,中鼻根,轻微偏右鼻梁,小圆鼻头,小嘴,嘴角紧收,眉心竖纹浅痕,长方脸（中庭拉长），厚眉骨/眼下骨感，桃花眼·眼尾下压·标准眼距，中鼻根/轻微偏右鼻梁/小圆鼻头，小嘴·嘴角紧收，收敛下颌
FD02085,颧部展开脸,中轴微长,微凸额,厚眉骨,眼下饱满,柔和颧骨,幼态柔软面颊,圆方下颌,蛇系眼,眼尾延展,标准眼距,碎裂虹膜,高鼻根,中直鼻梁,方圆鼻头,成熟长唇,嘴角上扬,右眼下浅泪痣,颧部展开脸（中轴微长），厚眉骨/眼下饱满，蛇系眼·眼尾延展·标准眼距，高鼻根/中直鼻梁/方圆鼻头，成熟长唇·嘴角上扬，圆方下颌
FD02086,宽鹅蛋脸,颌角弱化,低额,柔和眉骨,深眼窝,外扩颧骨,轻凹面颊,宽下颌,短杏眼,眼尾延展,标准眼距,琥珀瞳,宽鼻根,轻微偏右鼻梁,肉感鼻头,小嘴,嘴角平直,碎裂虹膜,宽鹅蛋脸（颌角弱化），柔和眉骨/深眼窝，短杏眼·眼尾延展·标准眼距，宽鼻根/轻微偏右鼻梁/肉感鼻头，小嘴·嘴角平直，宽下颌
FD02087,上窄下宽脸,骨点内敛,平直额,厚眉骨,眼下骨感,宽颧骨,饱满面颊,明显下颌角,平凤眼,眼尾下压,宽眼距,环状虹膜,窄鼻根,微弧鼻梁,窄翼鼻头,薄唇,嘴角紧收,右眼下浅泪痣,上窄下宽脸（骨点内敛），厚眉骨/眼下骨感，平凤眼·眼尾下压·宽眼距，窄鼻根/微弧鼻梁/窄翼鼻头，薄唇·嘴角紧收，明显下颌角
FD02088,骨感菱形,颧部外扩,窄额,高眉骨,深眼窝,外扩颧骨,成熟收紧面颊,窄下颌,平直杏眼,眼尾下沉,宽眼距,琥珀瞳,高鼻根,中直鼻梁,轻翘鼻头,上厚下薄,嘴角紧收,异色瞳,骨感菱形（颧部外扩），高眉骨/深眼窝，平直杏眼·眼尾下沉·宽眼距，高鼻根/中直鼻梁/轻翘鼻头，上厚下薄·嘴角紧收，窄下颌
FD02089,骨感方脸,下颌线清晰化,饱满额,薄眉骨,宽浅眼窝,柔和颧骨,饱满面颊,明显下颌角,上扬凤眼,眼尾下沉,窄眼距,浅褐瞳,宽鼻根,轻微偏左鼻梁,轻翘鼻头,薄唇,单侧上扬,指节薄茧,骨感方脸（下颌线清晰化），薄眉骨/宽浅眼窝，上扬凤眼·眼尾下沉·窄眼距，宽鼻根/轻微偏左鼻梁/轻翘鼻头，薄唇·单侧上扬，明显下颌角
FD02090,长心形脸,上庭展开,骨感额,外侧突出眉骨,眼下骨感,窄颧骨,幼态柔软面颊,收敛下颌,短圆杏眼,眼尾下沉,标准眼距,墨玉瞳,中鼻根,宽骨鼻梁,窄翼鼻头,成熟长唇,嘴角下垂,环状虹膜,长心形脸（上庭展开），外侧突出眉骨/眼下骨感，短圆杏眼·眼尾下沉·标准眼距，中鼻根/宽骨鼻梁/窄翼鼻头，成熟长唇·嘴角下垂，收敛下颌
FD02091,柔和方脸,面中平缓,微凸额,柔和眉骨,眼下饱满,高颧骨,薄面颊,宽下颌,圆长眼,眼尾微挑,标准眼距,深色瞳,低鼻根,微弧鼻梁,微钝鼻头,宽嘴,嘴角下垂,右眼下浅泪痣,柔和方脸（面中平缓），柔和眉骨/眼下饱满，圆长眼·眼尾微挑·标准眼距，低鼻根/微弧鼻梁/微钝鼻头，宽嘴·嘴角下垂，宽下颌
FD02092,长菱形,下庭加重,微凸额,厚眉骨,中度眼窝,外扩颧骨,饱满面颊,明显下颌角,少年圆眼,眼尾平直,宽眼距,异色瞳,中鼻根,微弧鼻梁,肉感鼻头,平直唇,嘴角紧收,瞳孔残缺,长菱形（下庭加重），厚眉骨/中度眼窝，少年圆眼·眼尾平直·宽眼距，中鼻根/微弧鼻梁/肉感鼻头，平直唇·嘴角紧收，明显下颌角
FD02093,宽心形脸,骨点外显,骨感额,低眉骨,中度眼窝,高颧骨,轻凹面颊,收敛下颌,长杏眼,眼尾下沉,宽眼距,浅褐瞳,高鼻根,中直鼻梁,轻翘鼻头,成熟长唇,嘴角紧收,唇下小痣,宽心形脸（骨点外显），低眉骨/中度眼窝，长杏眼·眼尾下沉·宽眼距，高鼻根/中直鼻梁/轻翘鼻头，成熟长唇·嘴角紧收，收敛下颌
FD02094,宽心形脸,颊部略凹,低额,薄眉骨,眼下饱满,宽颧骨,饱满面颊,圆方下颌,平凤眼,眼尾下压,标准眼距,淡金瞳,窄鼻根,柔和鼻梁,小圆鼻头,成熟长唇,嘴角上扬,眉上小疤,宽心形脸（颊部略凹），薄眉骨/眼下饱满，平凤眼·眼尾下压·标准眼距，窄鼻根/柔和鼻梁/小圆鼻头，成熟长唇·嘴角上扬，圆方下颌
FD02095,正梯形脸,颧部外扩,低额,外侧突出眉骨,窄深眼窝,宽颧骨,饱满面颊,方下颌,柳叶眼,眼尾下沉,窄眼距,碎裂虹膜,高鼻根,柔和鼻梁,轻翘鼻头,薄唇,嘴角上扬,鼻梁旧伤,正梯形脸（颧部外扩），外侧突出眉骨/窄深眼窝，柳叶眼·眼尾下沉·窄眼距，高鼻根/柔和鼻梁/轻翘鼻头，薄唇·嘴角上扬，方下颌
FD02096,鹅蛋偏菱,颧部外扩,饱满额,压迫感眉骨,浅眼窝,窄颧骨,幼态柔软面颊,圆方下颌,鹿系眼,眼尾明显挑,宽眼距,异色瞳,中鼻根,轻微偏右鼻梁,微钝鼻头,成熟长唇,嘴角紧收,碎裂虹膜,鹅蛋偏菱（颧部外扩），压迫感眉骨/浅眼窝，鹿系眼·眼尾明显挑·宽眼距，中鼻根/轻微偏右鼻梁/微钝鼻头，成熟长唇·嘴角紧收，圆方下颌
FD02097,长圆脸,上庭收窄,宽额,厚眉骨,浅眼窝,宽颧骨,饱满面颊,方下颌,少年圆眼,眼尾下压,窄眼距,淡金瞳,宽鼻根,微弧鼻梁,肉感鼻头,宽嘴,嘴角紧收,眼睑褶皱不对称,长圆脸（上庭收窄），厚眉骨/浅眼窝，少年圆眼·眼尾下压·窄眼距，宽鼻根/微弧鼻梁/肉感鼻头，宽嘴·嘴角紧收，方下颌
FD02098,双颌匀称脸,颧部微收,骨感额,压迫感眉骨,眼下骨感,高颧骨,饱满面颊,柔和下颌,宽杏眼,眼尾明显挑,宽眼距,异色瞳,低鼻根,轻鹰钩鼻梁,微钝鼻头,上厚下薄,嘴角平直,左眼下浅泪痣,双颌匀称脸（颧部微收），压迫感眉骨/眼下骨感，宽杏眼·眼尾明显挑·宽眼距，低鼻根/轻鹰钩鼻梁/微钝鼻头，上厚下薄·嘴角平直，柔和下颌
FD02099,上窄下宽脸,颧部微收,高额,内侧突出眉骨,浅眼窝,外扩颧骨,薄面颊,方下颌,短杏眼,眼尾延展,标准眼距,灰蓝瞳,宽鼻根,轻微偏右鼻梁,小圆鼻头,薄唇,嘴角紧收,下颌浅疤,上窄下宽脸（颧部微收），内侧突出眉骨/浅眼窝，短杏眼·眼尾延展·标准眼距，宽鼻根/轻微偏右鼻梁/小圆鼻头，薄唇·嘴角紧收，方下颌
FD02100,宽方脸,中庭展宽,窄额,压迫感眉骨,浅眼窝,宽颧骨,轻凹面颊,方下颌,半睁懒眼,眼尾下沉,标准眼距,深色瞳,窄鼻根,轻鹰钩鼻梁,轻翘鼻头,平直唇,嘴角上扬,鼻梁旧伤,宽方脸（中庭展宽），压迫感眉骨/浅眼窝，半睁懒眼·眼尾下沉·标准眼距，窄鼻根/轻鹰钩鼻梁/轻翘鼻头，平直唇·嘴角上扬，方下颌
FD02101,长方脸,骨点外显,骨感额,厚眉骨,浅眼窝,外扩颧骨,成熟收紧面颊,窄下颌,窄杏眼,眼尾延展,窄眼距,环状虹膜,低鼻根,中直鼻梁,骨感鼻头,薄唇,单侧上扬,眉上小疤,长方脸（骨点外显），厚眉骨/浅眼窝，窄杏眼·眼尾延展·窄眼距，低鼻根/中直鼻梁/骨感鼻头，薄唇·单侧上扬，窄下颌
FD02102,下颌突出脸,颊部略凹,宽额,内侧突出眉骨,浅眼窝,宽颧骨,幼态柔软面颊,窄下颌,鹰隼眼,眼尾下沉,窄眼距,浅褐瞳,高鼻根,宽骨鼻梁,方圆鼻头,厚唇,嘴角紧收,眼睑褶皱不对称,下颌突出脸（颊部略凹），内侧突出眉骨/浅眼窝，鹰隼眼·眼尾下沉·窄眼距，高鼻根/宽骨鼻梁/方圆鼻头，厚唇·嘴角紧收，窄下颌
FD02103,长菱形,偏锐收窄,窄额,外侧突出眉骨,深眼窝,高颧骨,幼态柔软面颊,骨感下颌,鹿系眼,眼尾明显挑,窄眼距,异色瞳,高鼻根,柔和鼻梁,下压鼻头,成熟长唇,嘴角下垂,眉上小疤,长菱形（偏锐收窄），外侧突出眉骨/深眼窝，鹿系眼·眼尾明显挑·窄眼距，高鼻根/柔和鼻梁/下压鼻头，成熟长唇·嘴角下垂，骨感下颌
FD02104,短鹅蛋脸,颧部外扩,骨感额,压迫感眉骨,深眼窝,宽颧骨,成熟收紧面颊,柔和下颌,狼系眼,眼尾平直,宽眼距,星点虹膜,高鼻根,轻微偏右鼻梁,骨感鼻头,厚唇,嘴角下垂,无标志,短鹅蛋脸（颧部外扩），压迫感眉骨/深眼窝，狼系眼·眼尾平直·宽眼距，高鼻根/轻微偏右鼻梁/骨感鼻头，厚唇·嘴角下垂，柔和下颌
FD02105,成熟方脸,颈部线条延长,骨感额,薄眉骨,中度眼窝,柔和颧骨,薄面颊,柔和下颌,冷感眼,眼尾平直,标准眼距,深色瞳,高鼻根,轻微偏右鼻梁,下压鼻头,薄唇,单侧上扬,眉尾旧疤,成熟方脸（颈部线条延长），薄眉骨/中度眼窝，冷感眼·眼尾平直·标准眼距，高鼻根/轻微偏右鼻梁/下压鼻头，薄唇·单侧上扬，柔和下颌
FD02106,双颌匀称脸,中轴收紧,骨感额,压迫感眉骨,浅眼窝,柔和颧骨,轻凹面颊,宽下颌,平凤眼,眼尾明显挑,标准眼距,墨玉瞳,宽鼻根,轻微偏右鼻梁,窄翼鼻头,弓形唇,嘴角下垂,眼角小痣,双颌匀称脸（中轴收紧），压迫感眉骨/浅眼窝，平凤眼·眼尾明显挑·标准眼距，宽鼻根/轻微偏右鼻梁/窄翼鼻头，弓形唇·嘴角下垂，宽下颌
FD02107,窄鹅蛋脸,颧部外扩,饱满额,内侧突出眉骨,窄深眼窝,高颧骨,幼态柔软面颊,骨感下颌,下垂眼,眼尾明显挑,标准眼距,浅褐瞳,中高鼻根,中直鼻梁,微钝鼻头,薄唇,嘴角下垂,无标志,窄鹅蛋脸（颧部外扩），内侧突出眉骨/窄深眼窝，下垂眼·眼尾明显挑·标准眼距，中高鼻根/中直鼻梁/微钝鼻头，薄唇·嘴角下垂，骨感下颌
FD02108,长鹅蛋脸,颊部略凹,饱满额,外侧突出眉骨,中度眼窝,低颧骨,薄面颊,方下颌,窄杏眼,眼尾平直,宽眼距,浅褐瞳,宽鼻根,宽骨鼻梁,方圆鼻头,上厚下薄,嘴角紧收,无标志,长鹅蛋脸（颊部略凹），外侧突出眉骨/中度眼窝，窄杏眼·眼尾平直·宽眼距，宽鼻根/宽骨鼻梁/方圆鼻头，上厚下薄·嘴角紧收，方下颌
FD02109,窄方脸,颌角弱化,高额,内侧突出眉骨,深眼窝,低颧骨,幼态柔软面颊,窄下颌,狼系眼,眼尾延展,窄眼距,深色瞳,高鼻根,高直鼻梁,方圆鼻头,成熟长唇,嘴角上扬,环状虹膜,窄方脸（颌角弱化），内侧突出眉骨/深眼窝，狼系眼·眼尾延展·窄眼距，高鼻根/高直鼻梁/方圆鼻头，成熟长唇·嘴角上扬，窄下颌
FD02110,宽鹅蛋脸,颈部线条延长,宽额,外侧突出眉骨,眼下饱满,窄颧骨,轻凹面颊,骨感下颌,冷感眼,眼尾下压,宽眼距,浅褐瞳,窄鼻根,轻微偏右鼻梁,轻翘鼻头,小嘴,嘴角上扬,下颌浅疤,宽鹅蛋脸（颈部线条延长），外侧突出眉骨/眼下饱满，冷感眼·眼尾下压·宽眼距，窄鼻根/轻微偏右鼻梁/轻翘鼻头，小嘴·嘴角上扬，骨感下颌
FD02111,长圆脸,下颌线柔化,窄额,柔和眉骨,宽浅眼窝,窄颧骨,幼态柔软面颊,骨感下颌,鹤系眼,眼尾延展,标准眼距,异色瞳,低鼻根,轻鹰钩鼻梁,下压鼻头,宽嘴,嘴角平直,无标志,长圆脸（下颌线柔化），柔和眉骨/宽浅眼窝，鹤系眼·眼尾延展·标准眼距，低鼻根/轻鹰钩鼻梁/下压鼻头，宽嘴·嘴角平直，骨感下颌
FD02112,宽方脸,上庭展开,平直额,高眉骨,眼下骨感,外扩颧骨,轻凹面颊,宽下颌,半睁懒眼,眼尾微挑,窄眼距,浅褐瞳,低鼻根,柔和鼻梁,下压鼻头,成熟长唇,嘴角平直,指节薄茧,宽方脸（上庭展开），高眉骨/眼下骨感，半睁懒眼·眼尾微挑·窄眼距，低鼻根/柔和鼻梁/下压鼻头，成熟长唇·嘴角平直，宽下颌
FD02113,短圆脸,上庭展开,骨感额,柔和眉骨,窄深眼窝,柔和颧骨,轻凹面颊,方下颌,桃花眼,眼尾明显挑,窄眼距,淡金瞳,宽鼻根,高直鼻梁,骨感鼻头,小嘴,嘴角上扬,左颊浅疤,短圆脸（上庭展开），柔和眉骨/窄深眼窝，桃花眼·眼尾明显挑·窄眼距，宽鼻根/高直鼻梁/骨感鼻头，小嘴·嘴角上扬，方下颌
FD02114,骨感菱形,颧部微收,低额,厚眉骨,中度眼窝,宽颧骨,饱满面颊,窄下颌,半睁懒眼,眼尾延展,标准眼距,浅褐瞳,中高鼻根,轻鹰钩鼻梁,骨感鼻头,薄唇,嘴角上扬,左眼下浅泪痣,骨感菱形（颧部微收），厚眉骨/中度眼窝，半睁懒眼·眼尾延展·标准眼距，中高鼻根/轻鹰钩鼻梁/骨感鼻头，薄唇·嘴角上扬，窄下颌
FD02115,短圆脸,颊部饱满,微凸额,高眉骨,中度眼窝,低颧骨,轻凹面颊,窄下颌,疲惫眼,眼尾延展,窄眼距,环状虹膜,宽鼻根,轻鹰钩鼻梁,下压鼻头,成熟长唇,嘴角平直,碎裂虹膜,短圆脸（颊部饱满），高眉骨/中度眼窝，疲惫眼·眼尾延展·窄眼距，宽鼻根/轻鹰钩鼻梁/下压鼻头，成熟长唇·嘴角平直，窄下颌
FD02116,幼态方脸,颧部微收,高额,压迫感眉骨,宽浅眼窝,柔和颧骨,成熟收紧面颊,明显下颌角,少年圆眼,眼尾下压,窄眼距,深色瞳,中鼻根,轻微偏左鼻梁,下压鼻头,上厚下薄,嘴角紧收,无标志,幼态方脸（颧部微收），压迫感眉骨/宽浅眼窝，少年圆眼·眼尾下压·窄眼距，中鼻根/轻微偏左鼻梁/下压鼻头，上厚下薄·嘴角紧收，明显下颌角
FD02117,鹅蛋偏菱,面中平缓,饱满额,厚眉骨,眼下饱满,外扩颧骨,幼态柔软面颊,明显下颌角,平直杏眼,眼尾平直,窄眼距,淡金瞳,中鼻根,轻微偏右鼻梁,轻翘鼻头,成熟长唇,嘴角下垂,无标志,鹅蛋偏菱（面中平缓），厚眉骨/眼下饱满，平直杏眼·眼尾平直·窄眼距，中鼻根/轻微偏右鼻梁/轻翘鼻头，成熟长唇·嘴角下垂，明显下颌角
FD02118,鹅蛋偏菱,骨点内敛,高额,外侧突出眉骨,深眼窝,宽颧骨,成熟收紧面颊,收敛下颌,长杏眼,眼尾明显挑,宽眼距,星点虹膜,低鼻根,高直鼻梁,骨感鼻头,小嘴,嘴角平直,唇下小痣,鹅蛋偏菱（骨点内敛），外侧突出眉骨/深眼窝，长杏眼·眼尾明显挑·宽眼距，低鼻根/高直鼻梁/骨感鼻头，小嘴·嘴角平直，收敛下颌
FD02119,心形脸,骨点外显,窄额,薄眉骨,眼下骨感,宽颧骨,饱满面颊,窄下颌,圆长眼,眼尾下沉,标准眼距,环状虹膜,低鼻根,轻微偏左鼻梁,窄翼鼻头,上薄下厚,嘴角下垂,单侧酒窝,心形脸（骨点外显），薄眉骨/眼下骨感，圆长眼·眼尾下沉·标准眼距，低鼻根/轻微偏左鼻梁/窄翼鼻头，上薄下厚·嘴角下垂，窄下颌
FD02120,方菱过渡脸,中庭展宽,宽额,压迫感眉骨,中度眼窝,柔和颧骨,幼态柔软面颊,宽下颌,窄杏眼,眼尾平直,标准眼距,深色瞳,高鼻根,轻微偏左鼻梁,下压鼻头,上厚下薄,单侧上扬,无标志,方菱过渡脸（中庭展宽），压迫感眉骨/中度眼窝，窄杏眼·眼尾平直·标准眼距，高鼻根/轻微偏左鼻梁/下压鼻头，上厚下薄·单侧上扬，宽下颌
FD02121,宽鹅蛋脸,颧部微收,平直额,内侧突出眉骨,宽浅眼窝,高颧骨,成熟收紧面颊,宽下颌,狼系眼,眼尾明显挑,标准眼距,灰蓝瞳,窄鼻根,微弧鼻梁,肉感鼻头,平直唇,嘴角下垂,指节薄茧,宽鹅蛋脸（颧部微收），内侧突出眉骨/宽浅眼窝，狼系眼·眼尾明显挑·标准眼距，窄鼻根/微弧鼻梁/肉感鼻头，平直唇·嘴角下垂，宽下颌
FD02122,柔和菱形,颊部略凹,微凸额,柔和眉骨,中度眼窝,宽颧骨,幼态柔软面颊,方下颌,平直杏眼,眼尾微挑,窄眼距,琥珀瞳,中鼻根,轻微偏右鼻梁,肉感鼻头,薄唇,嘴角紧收,眼角小痣,柔和菱形（颊部略凹），柔和眉骨/中度眼窝，平直杏眼·眼尾微挑·窄眼距，中鼻根/轻微偏右鼻梁/肉感鼻头，薄唇·嘴角紧收，方下颌
FD02123,短鹅蛋脸,面中平缓,微凸额,高眉骨,宽浅眼窝,柔和颧骨,轻凹面颊,窄下颌,鹤系眼,眼尾平直,标准眼距,淡金瞳,低鼻根,宽骨鼻梁,轻翘鼻头,上厚下薄,嘴角平直,无标志,短鹅蛋脸（面中平缓），高眉骨/宽浅眼窝，鹤系眼·眼尾平直·标准眼距，低鼻根/宽骨鼻梁/轻翘鼻头，上厚下薄·嘴角平直，窄下颌
FD02124,骨感窄脸,颧部微收,平直额,高眉骨,眼下饱满,外扩颧骨,幼态柔软面颊,明显下颌角,少年圆眼,眼尾平直,窄眼距,琥珀瞳,中鼻根,柔和鼻梁,窄翼鼻头,弓形唇,嘴角上扬,额角旧痕,骨感窄脸（颧部微收），高眉骨/眼下饱满，少年圆眼·眼尾平直·窄眼距，中鼻根/柔和鼻梁/窄翼鼻头，弓形唇·嘴角上扬，明显下颌角
FD02125,清瘦圆脸,颧部微收,高额,压迫感眉骨,浅眼窝,柔和颧骨,轻凹面颊,窄下颌,宽杏眼,眼尾明显挑,标准眼距,浅褐瞳,中高鼻根,微弧鼻梁,窄翼鼻头,薄唇,单侧上扬,单侧酒窝,清瘦圆脸（颧部微收），压迫感眉骨/浅眼窝，宽杏眼·眼尾明显挑·标准眼距，中高鼻根/微弧鼻梁/窄翼鼻头，薄唇·单侧上扬，窄下颌
FD02126,幼态方脸,偏锐收窄,骨感额,高眉骨,中度眼窝,外扩颧骨,薄面颊,窄下颌,下垂眼,眼尾下压,宽眼距,异色瞳,低鼻根,微弧鼻梁,轻翘鼻头,成熟长唇,单侧上扬,眼睑褶皱不对称,幼态方脸（偏锐收窄），高眉骨/中度眼窝，下垂眼·眼尾下压·宽眼距，低鼻根/微弧鼻梁/轻翘鼻头，成熟长唇·单侧上扬，窄下颌
FD02127,长方脸,下颌线柔化,平直额,柔和眉骨,中度眼窝,外扩颧骨,薄面颊,柔和下颌,宽杏眼,眼尾明显挑,宽眼距,星点虹膜,宽鼻根,轻鹰钩鼻梁,窄翼鼻头,成熟长唇,嘴角平直,左颊浅疤,长方脸（下颌线柔化），柔和眉骨/中度眼窝，宽杏眼·眼尾明显挑·宽眼距，宽鼻根/轻鹰钩鼻梁/窄翼鼻头，成熟长唇·嘴角平直，柔和下颌
FD02128,长鹅蛋脸,上庭展开,宽额,薄眉骨,眼下饱满,外扩颧骨,饱满面颊,方下颌,狼系眼,眼尾下压,窄眼距,灰蓝瞳,中高鼻根,轻微偏左鼻梁,下压鼻头,弓形唇,单侧上扬,左眼下浅泪痣,长鹅蛋脸（上庭展开），薄眉骨/眼下饱满，狼系眼·眼尾下压·窄眼距，中高鼻根/轻微偏左鼻梁/下压鼻头，弓形唇·单侧上扬，方下颌
FD02129,柔和菱形,中庭拉长,饱满额,内侧突出眉骨,宽浅眼窝,低颧骨,饱满面颊,收敛下颌,狼系眼,眼尾延展,窄眼距,环状虹膜,中高鼻根,轻鹰钩鼻梁,肉感鼻头,薄唇,嘴角下垂,环状虹膜,柔和菱形（中庭拉长），内侧突出眉骨/宽浅眼窝，狼系眼·眼尾延展·窄眼距，中高鼻根/轻鹰钩鼻梁/肉感鼻头，薄唇·嘴角下垂，收敛下颌
FD02130,柔和方脸,骨点内敛,高额,高眉骨,眼下饱满,宽颧骨,轻凹面颊,骨感下颌,丹凤眼,眼尾明显挑,宽眼距,碎裂虹膜,宽鼻根,柔和鼻梁,下压鼻头,薄唇,单侧上扬,下颌浅疤,柔和方脸（骨点内敛），高眉骨/眼下饱满，丹凤眼·眼尾明显挑·宽眼距，宽鼻根/柔和鼻梁/下压鼻头，薄唇·单侧上扬，骨感下颌
FD02131,宽菱形,面中平缓,骨感额,厚眉骨,眼下骨感,外扩颧骨,成熟收紧面颊,收敛下颌,狭长眼,眼尾延展,窄眼距,碎裂虹膜,低鼻根,轻微偏右鼻梁,骨感鼻头,宽嘴,单侧上扬,眉心竖纹浅痕,宽菱形（面中平缓），厚眉骨/眼下骨感，狭长眼·眼尾延展·窄眼距，低鼻根/轻微偏右鼻梁/骨感鼻头，宽嘴·单侧上扬，收敛下颌
FD02132,圆脸,颌角强调,高额,压迫感眉骨,眼下骨感,外扩颧骨,幼态柔软面颊,圆方下颌,短杏眼,眼尾平直,窄眼距,墨玉瞳,低鼻根,中直鼻梁,窄翼鼻头,上厚下薄,单侧上扬,无标志,圆脸（颌角强调），压迫感眉骨/眼下骨感，短杏眼·眼尾平直·窄眼距，低鼻根/中直鼻梁/窄翼鼻头，上厚下薄·单侧上扬，圆方下颌
FD02133,骨感窄脸,颧部微收,高额,压迫感眉骨,中度眼窝,窄颧骨,轻凹面颊,骨感下颌,桃花眼,眼尾明显挑,窄眼距,浅褐瞳,宽鼻根,轻鹰钩鼻梁,骨感鼻头,弓形唇,嘴角下垂,眼睑褶皱不对称,骨感窄脸（颧部微收），压迫感眉骨/中度眼窝，桃花眼·眼尾明显挑·窄眼距，宽鼻根/轻鹰钩鼻梁/骨感鼻头，弓形唇·嘴角下垂，骨感下颌
FD02134,圆脸,骨点内敛,平直额,厚眉骨,窄深眼窝,柔和颧骨,幼态柔软面颊,宽下颌,下垂眼,眼尾延展,宽眼距,琥珀瞳,中鼻根,柔和鼻梁,肉感鼻头,宽嘴,单侧上扬,右眼下浅泪痣,圆脸（骨点内敛），厚眉骨/窄深眼窝，下垂眼·眼尾延展·宽眼距，中鼻根/柔和鼻梁/肉感鼻头，宽嘴·单侧上扬，宽下颌
FD02135,鹅蛋偏菱,面中立体化,骨感额,压迫感眉骨,中度眼窝,柔和颧骨,薄面颊,宽下颌,冷感眼,眼尾延展,宽眼距,深色瞳,窄鼻根,高直鼻梁,轻翘鼻头,小嘴,嘴角平直,眉尾旧疤,鹅蛋偏菱（面中立体化），压迫感眉骨/中度眼窝，冷感眼·眼尾延展·宽眼距，窄鼻根/高直鼻梁/轻翘鼻头，小嘴·嘴角平直，宽下颌
FD02136,鹅蛋偏心形,中轴收紧,宽额,低眉骨,深眼窝,柔和颧骨,成熟收紧面颊,柔和下颌,圆长眼,眼尾下压,宽眼距,碎裂虹膜,宽鼻根,轻微偏左鼻梁,方圆鼻头,平直唇,嘴角紧收,左眼下浅泪痣,鹅蛋偏心形（中轴收紧），低眉骨/深眼窝，圆长眼·眼尾下压·宽眼距，宽鼻根/轻微偏左鼻梁/方圆鼻头，平直唇·嘴角紧收，柔和下颌
FD02137,宽菱形,面中平缓,骨感额,压迫感眉骨,眼下骨感,柔和颧骨,薄面颊,骨感下颌,柳叶眼,眼尾明显挑,窄眼距,环状虹膜,高鼻根,高直鼻梁,窄翼鼻头,宽嘴,嘴角紧收,右眉轻断,宽菱形（面中平缓），压迫感眉骨/眼下骨感，柳叶眼·眼尾明显挑·窄眼距，高鼻根/高直鼻梁/窄翼鼻头，宽嘴·嘴角紧收，骨感下颌
FD02138,宽鹅蛋脸,中轴收紧,饱满额,高眉骨,中度眼窝,窄颧骨,轻凹面颊,明显下颌角,少年圆眼,眼尾微挑,标准眼距,异色瞳,窄鼻根,高直鼻梁,骨感鼻头,弓形唇,单侧上扬,左颊浅疤,宽鹅蛋脸（中轴收紧），高眉骨/中度眼窝，少年圆眼·眼尾微挑·标准眼距，窄鼻根/高直鼻梁/骨感鼻头，弓形唇·单侧上扬，明显下颌角
FD02139,幼态方脸,中轴微长,饱满额,厚眉骨,浅眼窝,高颧骨,薄面颊,柔和下颌,短杏眼,眼尾平直,窄眼距,异色瞳,中高鼻根,轻微偏右鼻梁,骨感鼻头,上厚下薄,嘴角上扬,唇下小痣,幼态方脸（中轴微长），厚眉骨/浅眼窝，短杏眼·眼尾平直·窄眼距，中高鼻根/轻微偏右鼻梁/骨感鼻头，上厚下薄·嘴角上扬，柔和下颌
FD02140,长方脸,中庭拉长,微凸额,薄眉骨,窄深眼窝,窄颧骨,饱满面颊,宽下颌,鹤系眼,眼尾平直,宽眼距,琥珀瞳,中鼻根,柔和鼻梁,骨感鼻头,成熟长唇,嘴角上扬,单侧虎牙,长方脸（中庭拉长），薄眉骨/窄深眼窝，鹤系眼·眼尾平直·宽眼距，中鼻根/柔和鼻梁/骨感鼻头，成熟长唇·嘴角上扬，宽下颌
FD02141,短圆脸,偏锐收窄,窄额,柔和眉骨,中度眼窝,窄颧骨,幼态柔软面颊,宽下颌,长杏眼,眼尾明显挑,窄眼距,异色瞳,宽鼻根,高直鼻梁,下压鼻头,宽嘴,嘴角平直,下颌浅疤,短圆脸（偏锐收窄），柔和眉骨/中度眼窝，长杏眼·眼尾明显挑·窄眼距，宽鼻根/高直鼻梁/下压鼻头，宽嘴·嘴角平直，宽下颌
FD02142,窄鹅蛋脸,下庭加重,饱满额,压迫感眉骨,深眼窝,宽颧骨,成熟收紧面颊,宽下颌,猫系眼,眼尾延展,宽眼距,环状虹膜,中高鼻根,微弧鼻梁,骨感鼻头,薄唇,嘴角下垂,瞳孔残缺,窄鹅蛋脸（下庭加重），压迫感眉骨/深眼窝，猫系眼·眼尾延展·宽眼距，中高鼻根/微弧鼻梁/骨感鼻头，薄唇·嘴角下垂，宽下颌
FD02143,颧部展开脸,偏柔圆润,平直额,柔和眉骨,中度眼窝,柔和颧骨,幼态柔软面颊,骨感下颌,半睁懒眼,眼尾微挑,宽眼距,碎裂虹膜,低鼻根,柔和鼻梁,小圆鼻头,厚唇,嘴角紧收,下颌浅疤,颧部展开脸（偏柔圆润），柔和眉骨/中度眼窝，半睁懒眼·眼尾微挑·宽眼距，低鼻根/柔和鼻梁/小圆鼻头，厚唇·嘴角紧收，骨感下颌
FD02144,窄鹅蛋脸,下庭加重,骨感额,低眉骨,中度眼窝,高颧骨,幼态柔软面颊,骨感下颌,上扬凤眼,眼尾下压,标准眼距,深色瞳,中高鼻根,高直鼻梁,小圆鼻头,弓形唇,嘴角下垂,眉心竖纹浅痕,窄鹅蛋脸（下庭加重），低眉骨/中度眼窝，上扬凤眼·眼尾下压·标准眼距，中高鼻根/高直鼻梁/小圆鼻头，弓形唇·嘴角下垂，骨感下颌
FD02145,圆方脸,颊部饱满,微凸额,内侧突出眉骨,中度眼窝,外扩颧骨,轻凹面颊,窄下颌,疲惫眼,眼尾下压,宽眼距,深色瞳,窄鼻根,微弧鼻梁,小圆鼻头,厚唇,单侧上扬,眉上小疤,圆方脸（颊部饱满），内侧突出眉骨/中度眼窝，疲惫眼·眼尾下压·宽眼距，窄鼻根/微弧鼻梁/小圆鼻头，厚唇·单侧上扬，窄下颌
FD02146,长方脸,下庭收窄,窄额,薄眉骨,浅眼窝,宽颧骨,薄面颊,圆方下颌,平凤眼,眼尾明显挑,窄眼距,浅褐瞳,宽鼻根,轻鹰钩鼻梁,小圆鼻头,厚唇,嘴角平直,无标志,长方脸（下庭收窄），薄眉骨/浅眼窝，平凤眼·眼尾明显挑·窄眼距，宽鼻根/轻鹰钩鼻梁/小圆鼻头，厚唇·嘴角平直，圆方下颌
FD02147,宽菱形,骨点内敛,饱满额,高眉骨,眼下饱满,宽颧骨,薄面颊,柔和下颌,柳叶眼,眼尾下沉,宽眼距,异色瞳,中高鼻根,中直鼻梁,下压鼻头,弓形唇,嘴角平直,无标志,宽菱形（骨点内敛），高眉骨/眼下饱满，柳叶眼·眼尾下沉·宽眼距，中高鼻根/中直鼻梁/下压鼻头，弓形唇·嘴角平直，柔和下颌
FD02148,骨感菱形,骨点外显,骨感额,外侧突出眉骨,窄深眼窝,高颧骨,饱满面颊,宽下颌,短杏眼,眼尾下沉,标准眼距,淡金瞳,高鼻根,轻微偏左鼻梁,窄翼鼻头,小嘴,单侧上扬,碎裂虹膜,骨感菱形（骨点外显），外侧突出眉骨/窄深眼窝，短杏眼·眼尾下沉·标准眼距，高鼻根/轻微偏左鼻梁/窄翼鼻头，小嘴·单侧上扬，宽下颌
FD02149,心形脸,骨点内敛,微凸额,厚眉骨,眼下骨感,宽颧骨,幼态柔软面颊,柔和下颌,平直杏眼,眼尾明显挑,标准眼距,灰蓝瞳,中高鼻根,宽骨鼻梁,轻翘鼻头,上厚下薄,单侧上扬,异色瞳,心形脸（骨点内敛），厚眉骨/眼下骨感，平直杏眼·眼尾明显挑·标准眼距，中高鼻根/宽骨鼻梁/轻翘鼻头，上厚下薄·单侧上扬，柔和下颌
FD02150,鹅蛋偏心形,颊部略凹,窄额,外侧突出眉骨,浅眼窝,外扩颧骨,薄面颊,圆方下颌,少年圆眼,眼尾平直,标准眼距,碎裂虹膜,窄鼻根,轻微偏左鼻梁,骨感鼻头,弓形唇,嘴角平直,右眼下浅泪痣,鹅蛋偏心形（颊部略凹），外侧突出眉骨/浅眼窝，少年圆眼·眼尾平直·标准眼距，窄鼻根/轻微偏左鼻梁/骨感鼻头，弓形唇·嘴角平直，圆方下颌
FD02151,柔和菱形,面中平缓,平直额,柔和眉骨,深眼窝,窄颧骨,饱满面颊,方下颌,蛇系眼,眼尾下压,宽眼距,星点虹膜,高鼻根,高直鼻梁,方圆鼻头,平直唇,嘴角下垂,无标志,柔和菱形（面中平缓），柔和眉骨/深眼窝，蛇系眼·眼尾下压·宽眼距，高鼻根/高直鼻梁/方圆鼻头，平直唇·嘴角下垂，方下颌
FD02152,短圆脸,颊部略凹,高额,高眉骨,深眼窝,柔和颧骨,薄面颊,明显下颌角,少年圆眼,眼尾下压,标准眼距,环状虹膜,高鼻根,柔和鼻梁,轻翘鼻头,上薄下厚,嘴角紧收,眉尾旧疤,短圆脸（颊部略凹），高眉骨/深眼窝，少年圆眼·眼尾下压·标准眼距，高鼻根/柔和鼻梁/轻翘鼻头，上薄下厚·嘴角紧收，明显下颌角
FD02153,方鹅蛋脸,下庭加重,平直额,低眉骨,浅眼窝,窄颧骨,薄面颊,柔和下颌,猫系眼,眼尾延展,窄眼距,环状虹膜,窄鼻根,柔和鼻梁,微钝鼻头,薄唇,单侧上扬,眉尾旧疤,方鹅蛋脸（下庭加重），低眉骨/浅眼窝，猫系眼·眼尾延展·窄眼距，窄鼻根/柔和鼻梁/微钝鼻头，薄唇·单侧上扬，柔和下颌
FD02154,上窄下宽脸,颊部饱满,平直额,低眉骨,眼下饱满,低颧骨,幼态柔软面颊,柔和下颌,疲惫眼,眼尾平直,窄眼距,环状虹膜,中鼻根,柔和鼻梁,下压鼻头,小嘴,嘴角上扬,碎裂虹膜,上窄下宽脸（颊部饱满），低眉骨/眼下饱满，疲惫眼·眼尾平直·窄眼距，中鼻根/柔和鼻梁/下压鼻头，小嘴·嘴角上扬，柔和下颌
FD02155,方鹅蛋脸,下庭收窄,窄额,低眉骨,眼下饱满,窄颧骨,轻凹面颊,柔和下颌,猫系眼,眼尾微挑,宽眼距,浅褐瞳,中鼻根,柔和鼻梁,小圆鼻头,宽嘴,嘴角下垂,碎裂虹膜,方鹅蛋脸（下庭收窄），低眉骨/眼下饱满，猫系眼·眼尾微挑·宽眼距，中鼻根/柔和鼻梁/小圆鼻头，宽嘴·嘴角下垂，柔和下颌
FD02156,柔和菱形,上庭收窄,窄额,柔和眉骨,深眼窝,宽颧骨,饱满面颊,明显下颌角,狭长瑞凤眼,眼尾平直,窄眼距,灰蓝瞳,低鼻根,高直鼻梁,轻翘鼻头,宽嘴,嘴角下垂,单侧酒窝,柔和菱形（上庭收窄），柔和眉骨/深眼窝，狭长瑞凤眼·眼尾平直·窄眼距，低鼻根/高直鼻梁/轻翘鼻头，宽嘴·嘴角下垂，明显下颌角
FD02157,短圆脸,上庭收窄,低额,压迫感眉骨,窄深眼窝,宽颧骨,饱满面颊,柔和下颌,桃花眼,眼尾平直,标准眼距,星点虹膜,低鼻根,轻鹰钩鼻梁,骨感鼻头,宽嘴,嘴角上扬,双侧酒窝,短圆脸（上庭收窄），压迫感眉骨/窄深眼窝，桃花眼·眼尾平直·标准眼距，低鼻根/轻鹰钩鼻梁/骨感鼻头，宽嘴·嘴角上扬，柔和下颌
FD02158,宽心形脸,颧部外扩,低额,外侧突出眉骨,眼下骨感,高颧骨,饱满面颊,骨感下颌,长杏眼,眼尾下沉,窄眼距,灰蓝瞳,低鼻根,高直鼻梁,肉感鼻头,平直唇,嘴角下垂,耳后小痣,宽心形脸（颧部外扩），外侧突出眉骨/眼下骨感，长杏眼·眼尾下沉·窄眼距，低鼻根/高直鼻梁/肉感鼻头，平直唇·嘴角下垂，骨感下颌
FD02159,双颌匀称脸,下庭收窄,高额,厚眉骨,窄深眼窝,宽颧骨,薄面颊,柔和下颌,宽杏眼,眼尾平直,宽眼距,星点虹膜,高鼻根,中直鼻梁,小圆鼻头,成熟长唇,嘴角下垂,环状虹膜,双颌匀称脸（下庭收窄），厚眉骨/窄深眼窝，宽杏眼·眼尾平直·宽眼距，高鼻根/中直鼻梁/小圆鼻头，成熟长唇·嘴角下垂，柔和下颌
FD02160,宽方脸,颊部饱满,微凸额,内侧突出眉骨,浅眼窝,外扩颧骨,幼态柔软面颊,收敛下颌,狭长瑞凤眼,眼尾延展,标准眼距,环状虹膜,中高鼻根,轻鹰钩鼻梁,方圆鼻头,小嘴,嘴角平直,单侧酒窝,宽方脸（颊部饱满），内侧突出眉骨/浅眼窝，狭长瑞凤眼·眼尾延展·标准眼距，中高鼻根/轻鹰钩鼻梁/方圆鼻头，小嘴·嘴角平直，收敛下颌
FD02161,宽方脸,中庭展宽,平直额,柔和眉骨,眼下饱满,宽颧骨,薄面颊,明显下颌角,猫系眼,眼尾延展,窄眼距,星点虹膜,中鼻根,轻微偏右鼻梁,轻翘鼻头,上厚下薄,嘴角平直,颈侧细疤,宽方脸（中庭展宽），柔和眉骨/眼下饱满，猫系眼·眼尾延展·窄眼距，中鼻根/轻微偏右鼻梁/轻翘鼻头，上厚下薄·嘴角平直，明显下颌角
FD02162,肉感短脸,面中平缓,高额,高眉骨,浅眼窝,宽颧骨,饱满面颊,窄下颌,短杏眼,眼尾微挑,宽眼距,环状虹膜,高鼻根,轻鹰钩鼻梁,肉感鼻头,小嘴,嘴角下垂,额角旧痕,肉感短脸（面中平缓），高眉骨/浅眼窝，短杏眼·眼尾微挑·宽眼距，高鼻根/轻鹰钩鼻梁/肉感鼻头，小嘴·嘴角下垂，窄下颌
FD02163,圆脸,偏柔圆润,窄额,薄眉骨,深眼窝,宽颧骨,薄面颊,宽下颌,狭长眼,眼尾明显挑,标准眼距,淡金瞳,高鼻根,轻鹰钩鼻梁,肉感鼻头,薄唇,嘴角紧收,无标志,圆脸（偏柔圆润），薄眉骨/深眼窝，狭长眼·眼尾明显挑·标准眼距，高鼻根/轻鹰钩鼻梁/肉感鼻头，薄唇·嘴角紧收，宽下颌
FD02164,方菱过渡脸,中庭展宽,平直额,压迫感眉骨,宽浅眼窝,窄颧骨,轻凹面颊,窄下颌,窄杏眼,眼尾微挑,窄眼距,墨玉瞳,宽鼻根,轻鹰钩鼻梁,下压鼻头,平直唇,嘴角下垂,单侧虎牙,方菱过渡脸（中庭展宽），压迫感眉骨/宽浅眼窝，窄杏眼·眼尾微挑·窄眼距，宽鼻根/轻鹰钩鼻梁/下压鼻头，平直唇·嘴角下垂，窄下颌
FD02165,鹅蛋偏方,颧部微收,微凸额,薄眉骨,窄深眼窝,低颧骨,薄面颊,明显下颌角,鹰隼眼,眼尾平直,窄眼距,星点虹膜,中鼻根,柔和鼻梁,微钝鼻头,上薄下厚,嘴角上扬,双侧酒窝,鹅蛋偏方（颧部微收），薄眉骨/窄深眼窝，鹰隼眼·眼尾平直·窄眼距，中鼻根/柔和鼻梁/微钝鼻头，上薄下厚·嘴角上扬，明显下颌角
FD02166,幼态方脸,颊部略凹,平直额,低眉骨,眼下饱满,柔和颧骨,成熟收紧面颊,骨感下颌,桃花眼,眼尾下压,标准眼距,环状虹膜,高鼻根,微弧鼻梁,下压鼻头,薄唇,嘴角紧收,异色瞳,幼态方脸（颊部略凹），低眉骨/眼下饱满，桃花眼·眼尾下压·标准眼距，高鼻根/微弧鼻梁/下压鼻头，薄唇·嘴角紧收，骨感下颌
FD02167,长菱形,上庭展开,饱满额,高眉骨,眼下骨感,高颧骨,成熟收紧面颊,明显下颌角,狭长眼,眼尾下沉,窄眼距,星点虹膜,中鼻根,微弧鼻梁,下压鼻头,宽嘴,嘴角下垂,眉心竖纹浅痕,长菱形（上庭展开），高眉骨/眼下骨感，狭长眼·眼尾下沉·窄眼距，中鼻根/微弧鼻梁/下压鼻头，宽嘴·嘴角下垂，明显下颌角
FD02168,肉感短脸,偏柔圆润,窄额,内侧突出眉骨,眼下饱满,宽颧骨,成熟收紧面颊,宽下颌,狭长瑞凤眼,眼尾下沉,标准眼距,星点虹膜,低鼻根,轻微偏右鼻梁,微钝鼻头,成熟长唇,单侧上扬,左眼下浅泪痣,肉感短脸（偏柔圆润），内侧突出眉骨/眼下饱满，狭长瑞凤眼·眼尾下沉·标准眼距，低鼻根/轻微偏右鼻梁/微钝鼻头，成熟长唇·单侧上扬，宽下颌
FD02169,柔和菱形,颈部线条延长,微凸额,压迫感眉骨,浅眼窝,外扩颧骨,薄面颊,柔和下颌,蛇系眼,眼尾下压,窄眼距,琥珀瞳,高鼻根,高直鼻梁,肉感鼻头,厚唇,嘴角紧收,右眉轻断,柔和菱形（颈部线条延长），压迫感眉骨/浅眼窝，蛇系眼·眼尾下压·窄眼距，高鼻根/高直鼻梁/肉感鼻头，厚唇·嘴角紧收，柔和下颌
FD02170,短鹅蛋脸,下庭收窄,低额,柔和眉骨,浅眼窝,低颧骨,饱满面颊,骨感下颌,狼系眼,眼尾微挑,标准眼距,浅褐瞳,低鼻根,柔和鼻梁,轻翘鼻头,平直唇,嘴角平直,鼻梁旧伤,短鹅蛋脸（下庭收窄），柔和眉骨/浅眼窝，狼系眼·眼尾微挑·标准眼距，低鼻根/柔和鼻梁/轻翘鼻头，平直唇·嘴角平直，骨感下颌
FD02171,宽心形脸,偏锐收窄,饱满额,厚眉骨,眼下骨感,高颧骨,饱满面颊,宽下颌,短圆杏眼,眼尾明显挑,窄眼距,深色瞳,高鼻根,轻微偏左鼻梁,方圆鼻头,薄唇,单侧上扬,无标志,宽心形脸（偏锐收窄），厚眉骨/眼下骨感，短圆杏眼·眼尾明显挑·窄眼距，高鼻根/轻微偏左鼻梁/方圆鼻头，薄唇·单侧上扬，宽下颌
FD02172,柔和方脸,下庭加重,饱满额,内侧突出眉骨,深眼窝,窄颧骨,饱满面颊,收敛下颌,少年圆眼,眼尾微挑,窄眼距,淡金瞳,低鼻根,轻微偏左鼻梁,轻翘鼻头,宽嘴,单侧上扬,异色瞳,柔和方脸（下庭加重），内侧突出眉骨/深眼窝，少年圆眼·眼尾微挑·窄眼距，低鼻根/轻微偏左鼻梁/轻翘鼻头，宽嘴·单侧上扬，收敛下颌
FD02173,下颌突出脸,偏柔圆润,窄额,厚眉骨,宽浅眼窝,外扩颧骨,饱满面颊,窄下颌,丹凤眼,眼尾下压,标准眼距,碎裂虹膜,高鼻根,轻鹰钩鼻梁,窄翼鼻头,薄唇,嘴角平直,右眼下浅泪痣,下颌突出脸（偏柔圆润），厚眉骨/宽浅眼窝，丹凤眼·眼尾下压·标准眼距，高鼻根/轻鹰钩鼻梁/窄翼鼻头，薄唇·嘴角平直，窄下颌
FD02174,短鹅蛋脸,偏柔圆润,平直额,柔和眉骨,中度眼窝,高颧骨,薄面颊,柔和下颌,鹿系眼,眼尾明显挑,标准眼距,墨玉瞳,高鼻根,高直鼻梁,窄翼鼻头,成熟长唇,单侧上扬,右眼下浅泪痣,短鹅蛋脸（偏柔圆润），柔和眉骨/中度眼窝，鹿系眼·眼尾明显挑·标准眼距，高鼻根/高直鼻梁/窄翼鼻头，成熟长唇·单侧上扬，柔和下颌
FD02175,肉感短脸,中轴收紧,饱满额,柔和眉骨,眼下骨感,柔和颧骨,饱满面颊,方下颌,平凤眼,眼尾明显挑,宽眼距,深色瞳,中高鼻根,轻微偏右鼻梁,下压鼻头,上厚下薄,嘴角紧收,额角旧痕,肉感短脸（中轴收紧），柔和眉骨/眼下骨感，平凤眼·眼尾明显挑·宽眼距，中高鼻根/轻微偏右鼻梁/下压鼻头，上厚下薄·嘴角紧收，方下颌
FD02176,倒梯形脸,下颌线清晰化,低额,薄眉骨,中度眼窝,宽颧骨,薄面颊,宽下颌,宽杏眼,眼尾延展,宽眼距,琥珀瞳,窄鼻根,轻微偏左鼻梁,微钝鼻头,厚唇,单侧上扬,右眼下浅泪痣,倒梯形脸（下颌线清晰化），薄眉骨/中度眼窝，宽杏眼·眼尾延展·宽眼距，窄鼻根/轻微偏左鼻梁/微钝鼻头，厚唇·单侧上扬，宽下颌
FD02177,宽方脸,下庭加重,饱满额,高眉骨,浅眼窝,窄颧骨,薄面颊,宽下颌,蛇系眼,眼尾延展,标准眼距,浅褐瞳,窄鼻根,柔和鼻梁,下压鼻头,小嘴,嘴角下垂,额角旧痕,宽方脸（下庭加重），高眉骨/浅眼窝，蛇系眼·眼尾延展·标准眼距，窄鼻根/柔和鼻梁/下压鼻头，小嘴·嘴角下垂，宽下颌
FD02178,长方脸,骨点外显,平直额,高眉骨,浅眼窝,窄颧骨,轻凹面颊,明显下颌角,平直杏眼,眼尾延展,标准眼距,环状虹膜,低鼻根,轻微偏右鼻梁,方圆鼻头,成熟长唇,嘴角紧收,眼角小痣,长方脸（骨点外显），高眉骨/浅眼窝，平直杏眼·眼尾延展·标准眼距，低鼻根/轻微偏右鼻梁/方圆鼻头，成熟长唇·嘴角紧收，明显下颌角
FD02179,清瘦圆脸,颧部微收,平直额,压迫感眉骨,窄深眼窝,宽颧骨,饱满面颊,收敛下颌,半睁懒眼,眼尾明显挑,宽眼距,琥珀瞳,中鼻根,轻微偏右鼻梁,方圆鼻头,薄唇,嘴角平直,右眉轻断,清瘦圆脸（颧部微收），压迫感眉骨/窄深眼窝，半睁懒眼·眼尾明显挑·宽眼距，中鼻根/轻微偏右鼻梁/方圆鼻头，薄唇·嘴角平直，收敛下颌
FD02180,双颌匀称脸,中庭拉长,平直额,厚眉骨,眼下饱满,柔和颧骨,饱满面颊,明显下颌角,狐狸系眼,眼尾明显挑,宽眼距,异色瞳,高鼻根,轻微偏右鼻梁,窄翼鼻头,上薄下厚,嘴角下垂,唇下小痣,双颌匀称脸（中庭拉长），厚眉骨/眼下饱满，狐狸系眼·眼尾明显挑·宽眼距，高鼻根/轻微偏右鼻梁/窄翼鼻头，上薄下厚·嘴角下垂，明显下颌角
FD02181,幼态方脸,骨点内敛,高额,内侧突出眉骨,中度眼窝,宽颧骨,薄面颊,明显下颌角,鹿系眼,眼尾下沉,标准眼距,深色瞳,中鼻根,轻微偏右鼻梁,肉感鼻头,小嘴,嘴角紧收,碎裂虹膜,幼态方脸（骨点内敛），内侧突出眉骨/中度眼窝，鹿系眼·眼尾下沉·标准眼距，中鼻根/轻微偏右鼻梁/肉感鼻头，小嘴·嘴角紧收，明显下颌角
FD02182,标准菱形,颌角弱化,骨感额,厚眉骨,浅眼窝,低颧骨,饱满面颊,圆方下颌,窄杏眼,眼尾延展,宽眼距,星点虹膜,低鼻根,中直鼻梁,轻翘鼻头,成熟长唇,嘴角紧收,眉尾旧疤,标准菱形（颌角弱化），厚眉骨/浅眼窝，窄杏眼·眼尾延展·宽眼距，低鼻根/中直鼻梁/轻翘鼻头，成熟长唇·嘴角紧收，圆方下颌
FD02183,长方脸,中庭展宽,微凸额,薄眉骨,中度眼窝,低颧骨,饱满面颊,宽下颌,圆长眼,眼尾下压,窄眼距,异色瞳,高鼻根,中直鼻梁,骨感鼻头,弓形唇,嘴角上扬,双侧酒窝,长方脸（中庭展宽），薄眉骨/中度眼窝，圆长眼·眼尾下压·窄眼距，高鼻根/中直鼻梁/骨感鼻头，弓形唇·嘴角上扬，宽下颌
FD02184,圆脸,下颌线清晰化,高额,内侧突出眉骨,浅眼窝,宽颧骨,幼态柔软面颊,收敛下颌,半睁懒眼,眼尾明显挑,宽眼距,环状虹膜,高鼻根,中直鼻梁,骨感鼻头,弓形唇,嘴角紧收,无标志,圆脸（下颌线清晰化），内侧突出眉骨/浅眼窝，半睁懒眼·眼尾明显挑·宽眼距，高鼻根/中直鼻梁/骨感鼻头，弓形唇·嘴角紧收，收敛下颌
FD02185,倒梯形脸,面中平缓,骨感额,厚眉骨,深眼窝,外扩颧骨,成熟收紧面颊,收敛下颌,狼系眼,眼尾延展,窄眼距,浅褐瞳,中高鼻根,中直鼻梁,肉感鼻头,小嘴,嘴角紧收,额角旧痕,倒梯形脸（面中平缓），厚眉骨/深眼窝，狼系眼·眼尾延展·窄眼距，中高鼻根/中直鼻梁/肉感鼻头，小嘴·嘴角紧收，收敛下颌
FD02186,宽菱形,上庭展开,高额,柔和眉骨,眼下骨感,高颧骨,薄面颊,明显下颌角,桃花眼,眼尾平直,宽眼距,墨玉瞳,中鼻根,中直鼻梁,下压鼻头,宽嘴,嘴角紧收,左颊浅疤,宽菱形（上庭展开），柔和眉骨/眼下骨感，桃花眼·眼尾平直·宽眼距，中鼻根/中直鼻梁/下压鼻头，宽嘴·嘴角紧收，明显下颌角
FD02187,成熟方脸,颈部线条延长,高额,高眉骨,宽浅眼窝,低颧骨,薄面颊,方下颌,短圆杏眼,眼尾微挑,宽眼距,深色瞳,中鼻根,轻鹰钩鼻梁,小圆鼻头,平直唇,单侧上扬,耳后小痣,成熟方脸（颈部线条延长），高眉骨/宽浅眼窝，短圆杏眼·眼尾微挑·宽眼距，中鼻根/轻鹰钩鼻梁/小圆鼻头，平直唇·单侧上扬，方下颌
FD02188,柔和方脸,偏锐收窄,窄额,内侧突出眉骨,深眼窝,高颧骨,幼态柔软面颊,明显下颌角,长杏眼,眼尾明显挑,窄眼距,环状虹膜,中鼻根,微弧鼻梁,微钝鼻头,成熟长唇,嘴角下垂,指节薄茧,柔和方脸（偏锐收窄），内侧突出眉骨/深眼窝，长杏眼·眼尾明显挑·窄眼距，中鼻根/微弧鼻梁/微钝鼻头，成熟长唇·嘴角下垂，明显下颌角
FD02189,窄鹅蛋脸,颧部外扩,微凸额,柔和眉骨,眼下骨感,外扩颧骨,成熟收紧面颊,骨感下颌,半睁懒眼,眼尾下沉,宽眼距,星点虹膜,窄鼻根,轻微偏左鼻梁,肉感鼻头,平直唇,嘴角平直,右眉轻断,窄鹅蛋脸（颧部外扩），柔和眉骨/眼下骨感，半睁懒眼·眼尾下沉·宽眼距，窄鼻根/轻微偏左鼻梁/肉感鼻头，平直唇·嘴角平直，骨感下颌
FD02190,鹅蛋偏心形,颊部饱满,宽额,压迫感眉骨,眼下饱满,高颧骨,成熟收紧面颊,宽下颌,下垂眼,眼尾明显挑,宽眼距,墨玉瞳,中鼻根,柔和鼻梁,下压鼻头,薄唇,单侧上扬,颈侧细疤,鹅蛋偏心形（颊部饱满），压迫感眉骨/眼下饱满，下垂眼·眼尾明显挑·宽眼距，中鼻根/柔和鼻梁/下压鼻头，薄唇·单侧上扬，宽下颌
FD02191,幼态方脸,骨点外显,微凸额,高眉骨,中度眼窝,柔和颧骨,轻凹面颊,骨感下颌,宽杏眼,眼尾下沉,标准眼距,灰蓝瞳,中鼻根,轻鹰钩鼻梁,微钝鼻头,小嘴,嘴角上扬,双侧酒窝,幼态方脸（骨点外显），高眉骨/中度眼窝，宽杏眼·眼尾下沉·标准眼距，中鼻根/轻鹰钩鼻梁/微钝鼻头，小嘴·嘴角上扬，骨感下颌
FD02192,清瘦圆脸,面中立体化,宽额,柔和眉骨,窄深眼窝,窄颧骨,轻凹面颊,宽下颌,半睁懒眼,眼尾明显挑,标准眼距,淡金瞳,高鼻根,中直鼻梁,下压鼻头,小嘴,嘴角上扬,右眉轻断,清瘦圆脸（面中立体化），柔和眉骨/窄深眼窝，半睁懒眼·眼尾明显挑·标准眼距，高鼻根/中直鼻梁/下压鼻头，小嘴·嘴角上扬，宽下颌
FD02193,幼态圆脸,颌角弱化,平直额,薄眉骨,浅眼窝,外扩颧骨,薄面颊,明显下颌角,圆长眼,眼尾微挑,标准眼距,环状虹膜,中鼻根,轻微偏左鼻梁,微钝鼻头,薄唇,嘴角平直,双侧酒窝,幼态圆脸（颌角弱化），薄眉骨/浅眼窝，圆长眼·眼尾微挑·标准眼距，中鼻根/轻微偏左鼻梁/微钝鼻头，薄唇·嘴角平直，明显下颌角
FD02194,倒梯形脸,颊部略凹,宽额,低眉骨,浅眼窝,外扩颧骨,成熟收紧面颊,骨感下颌,圆长眼,眼尾平直,宽眼距,碎裂虹膜,中鼻根,高直鼻梁,小圆鼻头,小嘴,嘴角紧收,双侧酒窝,倒梯形脸（颊部略凹），低眉骨/浅眼窝，圆长眼·眼尾平直·宽眼距，中鼻根/高直鼻梁/小圆鼻头，小嘴·嘴角紧收，骨感下颌
FD02195,宽鹅蛋脸,颌角强调,窄额,压迫感眉骨,眼下骨感,外扩颧骨,薄面颊,明显下颌角,圆长眼,眼尾微挑,宽眼距,墨玉瞳,中鼻根,轻鹰钩鼻梁,方圆鼻头,平直唇,嘴角平直,双侧酒窝,宽鹅蛋脸（颌角强调），压迫感眉骨/眼下骨感，圆长眼·眼尾微挑·宽眼距，中鼻根/轻鹰钩鼻梁/方圆鼻头，平直唇·嘴角平直，明显下颌角
FD02196,下颌突出脸,中庭拉长,宽额,内侧突出眉骨,眼下骨感,柔和颧骨,幼态柔软面颊,圆方下颌,半睁懒眼,眼尾明显挑,宽眼距,淡金瞳,低鼻根,轻微偏右鼻梁,小圆鼻头,弓形唇,嘴角上扬,颈侧细疤,下颌突出脸（中庭拉长），内侧突出眉骨/眼下骨感，半睁懒眼·眼尾明显挑·宽眼距，低鼻根/轻微偏右鼻梁/小圆鼻头，弓形唇·嘴角上扬，圆方下颌
FD02197,鹅蛋偏菱,中轴微长,骨感额,薄眉骨,窄深眼窝,宽颧骨,轻凹面颊,柔和下颌,柳叶眼,眼尾延展,宽眼距,墨玉瞳,中鼻根,高直鼻梁,微钝鼻头,小嘴,嘴角平直,环状虹膜,鹅蛋偏菱（中轴微长），薄眉骨/窄深眼窝，柳叶眼·眼尾延展·宽眼距，中鼻根/高直鼻梁/微钝鼻头，小嘴·嘴角平直，柔和下颌
FD02198,宽方脸,颧部微收,平直额,外侧突出眉骨,深眼窝,高颧骨,幼态柔软面颊,明显下颌角,长杏眼,眼尾明显挑,宽眼距,环状虹膜,高鼻根,轻微偏右鼻梁,微钝鼻头,平直唇,嘴角平直,指节薄茧,宽方脸（颧部微收），外侧突出眉骨/深眼窝，长杏眼·眼尾明显挑·宽眼距，高鼻根/轻微偏右鼻梁/微钝鼻头，平直唇·嘴角平直，明显下颌角
FD02199,双颌匀称脸,中庭展宽,宽额,压迫感眉骨,中度眼窝,高颧骨,轻凹面颊,收敛下颌,猫系眼,眼尾延展,标准眼距,琥珀瞳,中高鼻根,柔和鼻梁,轻翘鼻头,宽嘴,嘴角上扬,眉尾旧疤,双颌匀称脸（中庭展宽），压迫感眉骨/中度眼窝，猫系眼·眼尾延展·标准眼距，中高鼻根/柔和鼻梁/轻翘鼻头，宽嘴·嘴角上扬，收敛下颌
FD02200,长菱形,颈部线条延长,微凸额,厚眉骨,浅眼窝,窄颧骨,饱满面颊,骨感下颌,半睁懒眼,眼尾下压,标准眼距,环状虹膜,高鼻根,宽骨鼻梁,小圆鼻头,小嘴,嘴角平直,瞳孔残缺,长菱形（颈部线条延长），厚眉骨/浅眼窝，半睁懒眼·眼尾下压·标准眼距，高鼻根/宽骨鼻梁/小圆鼻头，小嘴·嘴角平直，骨感下颌
FD02201,长心形脸,下庭加重,骨感额,外侧突出眉骨,眼下饱满,宽颧骨,薄面颊,骨感下颌,鹰隼眼,眼尾微挑,标准眼距,灰蓝瞳,宽鼻根,轻鹰钩鼻梁,下压鼻头,平直唇,嘴角平直,异色瞳,长心形脸（下庭加重），外侧突出眉骨/眼下饱满，鹰隼眼·眼尾微挑·标准眼距，宽鼻根/轻鹰钩鼻梁/下压鼻头，平直唇·嘴角平直，骨感下颌
FD02202,肉感短脸,上庭收窄,高额,低眉骨,眼下骨感,低颧骨,幼态柔软面颊,窄下颌,上扬凤眼,眼尾明显挑,标准眼距,墨玉瞳,高鼻根,轻鹰钩鼻梁,肉感鼻头,弓形唇,嘴角紧收,左颊浅疤,肉感短脸（上庭收窄），低眉骨/眼下骨感，上扬凤眼·眼尾明显挑·标准眼距，高鼻根/轻鹰钩鼻梁/肉感鼻头，弓形唇·嘴角紧收，窄下颌
FD02203,宽方脸,中轴微长,微凸额,压迫感眉骨,眼下骨感,柔和颧骨,幼态柔软面颊,方下颌,鹿系眼,眼尾平直,宽眼距,琥珀瞳,中鼻根,中直鼻梁,肉感鼻头,上厚下薄,嘴角平直,左眼下浅泪痣,宽方脸（中轴微长），压迫感眉骨/眼下骨感，鹿系眼·眼尾平直·宽眼距，中鼻根/中直鼻梁/肉感鼻头，上厚下薄·嘴角平直，方下颌
FD02204,柔和方脸,颧部外扩,窄额,高眉骨,宽浅眼窝,低颧骨,饱满面颊,宽下颌,平凤眼,眼尾下压,宽眼距,淡金瞳,高鼻根,微弧鼻梁,微钝鼻头,宽嘴,嘴角下垂,无标志,柔和方脸（颧部外扩），高眉骨/宽浅眼窝，平凤眼·眼尾下压·宽眼距，高鼻根/微弧鼻梁/微钝鼻头，宽嘴·嘴角下垂，宽下颌
FD02205,柔和菱形,中庭拉长,高额,外侧突出眉骨,宽浅眼窝,低颧骨,幼态柔软面颊,柔和下颌,平直杏眼,眼尾下沉,窄眼距,淡金瞳,低鼻根,高直鼻梁,窄翼鼻头,弓形唇,嘴角下垂,眉心竖纹浅痕,柔和菱形（中庭拉长），外侧突出眉骨/宽浅眼窝，平直杏眼·眼尾下沉·窄眼距，低鼻根/高直鼻梁/窄翼鼻头，弓形唇·嘴角下垂，柔和下颌
FD02206,成熟方脸,偏锐收窄,微凸额,外侧突出眉骨,宽浅眼窝,高颧骨,幼态柔软面颊,明显下颌角,柳叶眼,眼尾下压,宽眼距,星点虹膜,高鼻根,轻鹰钩鼻梁,微钝鼻头,厚唇,单侧上扬,瞳孔残缺,成熟方脸（偏锐收窄），外侧突出眉骨/宽浅眼窝，柳叶眼·眼尾下压·宽眼距，高鼻根/轻鹰钩鼻梁/微钝鼻头，厚唇·单侧上扬，明显下颌角
FD02207,窄鹅蛋脸,下庭收窄,平直额,外侧突出眉骨,浅眼窝,外扩颧骨,薄面颊,柔和下颌,瑞凤眼,眼尾下沉,窄眼距,碎裂虹膜,窄鼻根,轻微偏左鼻梁,小圆鼻头,平直唇,单侧上扬,异色瞳,窄鹅蛋脸（下庭收窄），外侧突出眉骨/浅眼窝，瑞凤眼·眼尾下沉·窄眼距，窄鼻根/轻微偏左鼻梁/小圆鼻头，平直唇·单侧上扬，柔和下颌
FD02208,宽方脸,上庭展开,窄额,柔和眉骨,眼下骨感,高颧骨,幼态柔软面颊,方下颌,瑞凤眼,眼尾明显挑,标准眼距,琥珀瞳,宽鼻根,高直鼻梁,微钝鼻头,薄唇,嘴角紧收,瞳孔残缺,宽方脸（上庭展开），柔和眉骨/眼下骨感，瑞凤眼·眼尾明显挑·标准眼距，宽鼻根/高直鼻梁/微钝鼻头，薄唇·嘴角紧收，方下颌
FD02209,骨感方脸,下庭收窄,高额,内侧突出眉骨,眼下骨感,低颧骨,薄面颊,宽下颌,平凤眼,眼尾延展,窄眼距,灰蓝瞳,低鼻根,柔和鼻梁,下压鼻头,成熟长唇,嘴角平直,眉上小疤,骨感方脸（下庭收窄），内侧突出眉骨/眼下骨感，平凤眼·眼尾延展·窄眼距，低鼻根/柔和鼻梁/下压鼻头，成熟长唇·嘴角平直，宽下颌
FD02210,下颌突出脸,偏柔圆润,低额,内侧突出眉骨,宽浅眼窝,宽颧骨,饱满面颊,宽下颌,柳叶眼,眼尾明显挑,宽眼距,碎裂虹膜,高鼻根,轻微偏右鼻梁,下压鼻头,宽嘴,单侧上扬,无标志,下颌突出脸（偏柔圆润），内侧突出眉骨/宽浅眼窝，柳叶眼·眼尾明显挑·宽眼距，高鼻根/轻微偏右鼻梁/下压鼻头，宽嘴·单侧上扬，宽下颌
FD02211,鹅蛋偏菱,骨点内敛,骨感额,低眉骨,眼下骨感,外扩颧骨,幼态柔软面颊,圆方下颌,宽杏眼,眼尾下压,窄眼距,灰蓝瞳,宽鼻根,柔和鼻梁,窄翼鼻头,宽嘴,单侧上扬,眉心竖纹浅痕,鹅蛋偏菱（骨点内敛），低眉骨/眼下骨感，宽杏眼·眼尾下压·窄眼距，宽鼻根/柔和鼻梁/窄翼鼻头，宽嘴·单侧上扬，圆方下颌
FD02212,梨形脸,颊部略凹,宽额,柔和眉骨,窄深眼窝,柔和颧骨,成熟收紧面颊,骨感下颌,平直杏眼,眼尾明显挑,窄眼距,琥珀瞳,中高鼻根,轻微偏左鼻梁,窄翼鼻头,厚唇,嘴角紧收,颈侧细疤,梨形脸（颊部略凹），柔和眉骨/窄深眼窝，平直杏眼·眼尾明显挑·窄眼距，中高鼻根/轻微偏左鼻梁/窄翼鼻头，厚唇·嘴角紧收，骨感下颌
FD02213,圆脸,下庭收窄,宽额,柔和眉骨,深眼窝,宽颧骨,饱满面颊,宽下颌,长杏眼,眼尾平直,宽眼距,浅褐瞳,中鼻根,轻鹰钩鼻梁,窄翼鼻头,成熟长唇,单侧上扬,无标志,圆脸（下庭收窄），柔和眉骨/深眼窝，长杏眼·眼尾平直·宽眼距，中鼻根/轻鹰钩鼻梁/窄翼鼻头，成熟长唇·单侧上扬，宽下颌
FD02214,柔和菱形,偏锐收窄,平直额,薄眉骨,眼下饱满,外扩颧骨,薄面颊,宽下颌,丹凤眼,眼尾下沉,窄眼距,琥珀瞳,窄鼻根,宽骨鼻梁,下压鼻头,厚唇,嘴角平直,左眼下浅泪痣,柔和菱形（偏锐收窄），薄眉骨/眼下饱满，丹凤眼·眼尾下沉·窄眼距，窄鼻根/宽骨鼻梁/下压鼻头，厚唇·嘴角平直，宽下颌
FD02215,骨感窄脸,中轴收紧,平直额,高眉骨,眼下饱满,柔和颧骨,成熟收紧面颊,柔和下颌,鹿系眼,眼尾明显挑,标准眼距,浅褐瞳,高鼻根,中直鼻梁,微钝鼻头,厚唇,嘴角平直,无标志,骨感窄脸（中轴收紧），高眉骨/眼下饱满，鹿系眼·眼尾明显挑·标准眼距，高鼻根/中直鼻梁/微钝鼻头，厚唇·嘴角平直，柔和下颌
FD02216,倒三角脸,下庭加重,骨感额,厚眉骨,眼下骨感,高颧骨,轻凹面颊,收敛下颌,冷感眼,眼尾平直,窄眼距,碎裂虹膜,宽鼻根,中直鼻梁,轻翘鼻头,上薄下厚,单侧上扬,左颊浅疤,倒三角脸（下庭加重），厚眉骨/眼下骨感，冷感眼·眼尾平直·窄眼距，宽鼻根/中直鼻梁/轻翘鼻头，上薄下厚·单侧上扬，收敛下颌
FD02217,短圆脸,颊部略凹,饱满额,厚眉骨,眼下饱满,低颧骨,薄面颊,宽下颌,短圆杏眼,眼尾下压,标准眼距,浅褐瞳,宽鼻根,轻微偏左鼻梁,下压鼻头,宽嘴,嘴角紧收,额角旧痕,短圆脸（颊部略凹），厚眉骨/眼下饱满，短圆杏眼·眼尾下压·标准眼距，宽鼻根/轻微偏左鼻梁/下压鼻头，宽嘴·嘴角紧收，宽下颌
FD02218,幼态圆脸,骨点外显,低额,压迫感眉骨,宽浅眼窝,高颧骨,成熟收紧面颊,明显下颌角,冷感眼,眼尾明显挑,标准眼距,星点虹膜,中高鼻根,轻鹰钩鼻梁,微钝鼻头,成熟长唇,嘴角平直,单侧虎牙,幼态圆脸（骨点外显），压迫感眉骨/宽浅眼窝，冷感眼·眼尾明显挑·标准眼距，中高鼻根/轻鹰钩鼻梁/微钝鼻头，成熟长唇·嘴角平直，明显下颌角
FD02219,颧部展开脸,下庭加重,高额,薄眉骨,眼下骨感,高颧骨,薄面颊,方下颌,短杏眼,眼尾下沉,窄眼距,碎裂虹膜,中高鼻根,中直鼻梁,下压鼻头,小嘴,嘴角紧收,无标志,颧部展开脸（下庭加重），薄眉骨/眼下骨感，短杏眼·眼尾下沉·窄眼距，中高鼻根/中直鼻梁/下压鼻头，小嘴·嘴角紧收，方下颌
FD02220,长心形脸,中轴微长,微凸额,外侧突出眉骨,宽浅眼窝,柔和颧骨,轻凹面颊,圆方下颌,狭长眼,眼尾平直,宽眼距,深色瞳,高鼻根,轻微偏左鼻梁,肉感鼻头,上厚下薄,单侧上扬,左眼下浅泪痣,长心形脸（中轴微长），外侧突出眉骨/宽浅眼窝，狭长眼·眼尾平直·宽眼距，高鼻根/轻微偏左鼻梁/肉感鼻头，上厚下薄·单侧上扬，圆方下颌
FD02221,窄鹅蛋脸,颧部微收,骨感额,内侧突出眉骨,窄深眼窝,外扩颧骨,薄面颊,收敛下颌,疲惫眼,眼尾延展,标准眼距,琥珀瞳,高鼻根,宽骨鼻梁,微钝鼻头,成熟长唇,嘴角下垂,耳后小痣,窄鹅蛋脸（颧部微收），内侧突出眉骨/窄深眼窝，疲惫眼·眼尾延展·标准眼距，高鼻根/宽骨鼻梁/微钝鼻头，成熟长唇·嘴角下垂，收敛下颌
FD02222,宽鹅蛋脸,下庭加重,高额,压迫感眉骨,深眼窝,低颧骨,幼态柔软面颊,圆方下颌,疲惫眼,眼尾延展,标准眼距,浅褐瞳,中高鼻根,高直鼻梁,下压鼻头,成熟长唇,嘴角下垂,环状虹膜,宽鹅蛋脸（下庭加重），压迫感眉骨/深眼窝，疲惫眼·眼尾延展·标准眼距，中高鼻根/高直鼻梁/下压鼻头，成熟长唇·嘴角下垂，圆方下颌
FD02223,鹅蛋偏菱,颧部微收,微凸额,外侧突出眉骨,眼下饱满,宽颧骨,成熟收紧面颊,柔和下颌,狭长瑞凤眼,眼尾平直,标准眼距,墨玉瞳,高鼻根,柔和鼻梁,骨感鼻头,上薄下厚,嘴角紧收,左颊浅疤,鹅蛋偏菱（颧部微收），外侧突出眉骨/眼下饱满，狭长瑞凤眼·眼尾平直·标准眼距，高鼻根/柔和鼻梁/骨感鼻头，上薄下厚·嘴角紧收，柔和下颌
FD02224,双颌匀称脸,中轴收紧,低额,内侧突出眉骨,眼下饱满,柔和颧骨,轻凹面颊,柔和下颌,长杏眼,眼尾明显挑,标准眼距,淡金瞳,中高鼻根,轻微偏右鼻梁,微钝鼻头,弓形唇,嘴角平直,单侧酒窝,双颌匀称脸（中轴收紧），内侧突出眉骨/眼下饱满，长杏眼·眼尾明显挑·标准眼距，中高鼻根/轻微偏右鼻梁/微钝鼻头，弓形唇·嘴角平直，柔和下颌
FD02225,梨形脸,下颌线清晰化,高额,内侧突出眉骨,眼下饱满,窄颧骨,薄面颊,方下颌,短圆杏眼,眼尾下压,宽眼距,星点虹膜,中高鼻根,高直鼻梁,小圆鼻头,厚唇,嘴角平直,左颊浅疤,梨形脸（下颌线清晰化），内侧突出眉骨/眼下饱满，短圆杏眼·眼尾下压·宽眼距，中高鼻根/高直鼻梁/小圆鼻头，厚唇·嘴角平直，方下颌
FD02226,柔和菱形,中庭展宽,饱满额,高眉骨,窄深眼窝,低颧骨,成熟收紧面颊,窄下颌,狭长瑞凤眼,眼尾延展,标准眼距,碎裂虹膜,中鼻根,轻微偏右鼻梁,轻翘鼻头,小嘴,嘴角上扬,碎裂虹膜,柔和菱形（中庭展宽），高眉骨/窄深眼窝，狭长瑞凤眼·眼尾延展·标准眼距，中鼻根/轻微偏右鼻梁/轻翘鼻头，小嘴·嘴角上扬，窄下颌
FD02227,标准菱形,颊部略凹,饱满额,压迫感眉骨,眼下骨感,低颧骨,成熟收紧面颊,窄下颌,柳叶眼,眼尾下沉,窄眼距,异色瞳,中鼻根,宽骨鼻梁,下压鼻头,宽嘴,嘴角下垂,下颌浅疤,标准菱形（颊部略凹），压迫感眉骨/眼下骨感，柳叶眼·眼尾下沉·窄眼距，中鼻根/宽骨鼻梁/下压鼻头，宽嘴·嘴角下垂，窄下颌
FD02228,鹅蛋偏方,中庭拉长,窄额,厚眉骨,眼下骨感,窄颧骨,薄面颊,圆方下颌,平凤眼,眼尾平直,宽眼距,淡金瞳,中鼻根,轻鹰钩鼻梁,方圆鼻头,成熟长唇,嘴角紧收,碎裂虹膜,鹅蛋偏方（中庭拉长），厚眉骨/眼下骨感，平凤眼·眼尾平直·宽眼距，中鼻根/轻鹰钩鼻梁/方圆鼻头，成熟长唇·嘴角紧收，圆方下颌
FD02229,方鹅蛋脸,中轴收紧,平直额,柔和眉骨,浅眼窝,外扩颧骨,幼态柔软面颊,明显下颌角,疲惫眼,眼尾明显挑,宽眼距,墨玉瞳,低鼻根,宽骨鼻梁,窄翼鼻头,薄唇,单侧上扬,下颌浅疤,方鹅蛋脸（中轴收紧），柔和眉骨/浅眼窝，疲惫眼·眼尾明显挑·宽眼距，低鼻根/宽骨鼻梁/窄翼鼻头，薄唇·单侧上扬，明显下颌角
FD02230,方菱过渡脸,偏锐收窄,平直额,内侧突出眉骨,浅眼窝,宽颧骨,成熟收紧面颊,骨感下颌,鹿系眼,眼尾平直,标准眼距,墨玉瞳,中鼻根,柔和鼻梁,下压鼻头,厚唇,嘴角平直,唇下小痣,方菱过渡脸（偏锐收窄），内侧突出眉骨/浅眼窝，鹿系眼·眼尾平直·标准眼距，中鼻根/柔和鼻梁/下压鼻头，厚唇·嘴角平直，骨感下颌
FD02231,鹅蛋偏心形,上庭展开,窄额,内侧突出眉骨,眼下饱满,外扩颧骨,幼态柔软面颊,明显下颌角,平凤眼,眼尾平直,窄眼距,环状虹膜,低鼻根,微弧鼻梁,肉感鼻头,小嘴,嘴角紧收,指节薄茧,鹅蛋偏心形（上庭展开），内侧突出眉骨/眼下饱满，平凤眼·眼尾平直·窄眼距，低鼻根/微弧鼻梁/肉感鼻头，小嘴·嘴角紧收，明显下颌角
FD02232,窄鹅蛋脸,上庭展开,骨感额,低眉骨,中度眼窝,宽颧骨,薄面颊,明显下颌角,狐狸系眼,眼尾微挑,标准眼距,环状虹膜,低鼻根,轻微偏左鼻梁,轻翘鼻头,上厚下薄,嘴角紧收,指节薄茧,窄鹅蛋脸（上庭展开），低眉骨/中度眼窝，狐狸系眼·眼尾微挑·标准眼距，低鼻根/轻微偏左鼻梁/轻翘鼻头，上厚下薄·嘴角紧收，明显下颌角
FD02233,长心形脸,下庭加重,骨感额,厚眉骨,中度眼窝,柔和颧骨,幼态柔软面颊,骨感下颌,宽杏眼,眼尾平直,标准眼距,灰蓝瞳,窄鼻根,微弧鼻梁,下压鼻头,上薄下厚,嘴角上扬,指节薄茧,长心形脸（下庭加重），厚眉骨/中度眼窝，宽杏眼·眼尾平直·标准眼距，窄鼻根/微弧鼻梁/下压鼻头，上薄下厚·嘴角上扬，骨感下颌
FD02234,短圆脸,骨点内敛,宽额,内侧突出眉骨,中度眼窝,低颧骨,饱满面颊,宽下颌,上扬凤眼,眼尾下沉,标准眼距,淡金瞳,低鼻根,轻鹰钩鼻梁,肉感鼻头,薄唇,嘴角上扬,指节薄茧,短圆脸（骨点内敛），内侧突出眉骨/中度眼窝，上扬凤眼·眼尾下沉·标准眼距，低鼻根/轻鹰钩鼻梁/肉感鼻头，薄唇·嘴角上扬，宽下颌
FD02235,鹅蛋偏菱,骨点外显,宽额,低眉骨,浅眼窝,柔和颧骨,成熟收紧面颊,圆方下颌,疲惫眼,眼尾平直,窄眼距,环状虹膜,窄鼻根,高直鼻梁,微钝鼻头,宽嘴,嘴角上扬,异色瞳,鹅蛋偏菱（骨点外显），低眉骨/浅眼窝，疲惫眼·眼尾平直·窄眼距，窄鼻根/高直鼻梁/微钝鼻头，宽嘴·嘴角上扬，圆方下颌
FD02236,宽鹅蛋脸,颈部线条延长,高额,低眉骨,窄深眼窝,高颧骨,薄面颊,窄下颌,桃花眼,眼尾微挑,窄眼距,墨玉瞳,中高鼻根,高直鼻梁,骨感鼻头,小嘴,嘴角上扬,碎裂虹膜,宽鹅蛋脸（颈部线条延长），低眉骨/窄深眼窝，桃花眼·眼尾微挑·窄眼距，中高鼻根/高直鼻梁/骨感鼻头，小嘴·嘴角上扬，窄下颌
FD02237,长心形脸,骨点内敛,平直额,压迫感眉骨,眼下骨感,外扩颧骨,幼态柔软面颊,窄下颌,冷感眼,眼尾明显挑,窄眼距,灰蓝瞳,窄鼻根,柔和鼻梁,方圆鼻头,上薄下厚,单侧上扬,单侧酒窝,长心形脸（骨点内敛），压迫感眉骨/眼下骨感，冷感眼·眼尾明显挑·窄眼距，窄鼻根/柔和鼻梁/方圆鼻头，上薄下厚·单侧上扬，窄下颌
FD02238,下颌突出脸,下庭加重,微凸额,低眉骨,浅眼窝,外扩颧骨,饱满面颊,柔和下颌,成熟长眼,眼尾下压,宽眼距,深色瞳,高鼻根,柔和鼻梁,肉感鼻头,宽嘴,嘴角下垂,右眉轻断,下颌突出脸（下庭加重），低眉骨/浅眼窝，成熟长眼·眼尾下压·宽眼距，高鼻根/柔和鼻梁/肉感鼻头，宽嘴·嘴角下垂，柔和下颌
FD02239,短鹅蛋脸,下庭加重,饱满额,柔和眉骨,深眼窝,柔和颧骨,成熟收紧面颊,宽下颌,柳叶眼,眼尾下压,窄眼距,灰蓝瞳,中高鼻根,柔和鼻梁,微钝鼻头,小嘴,嘴角上扬,瞳孔残缺,短鹅蛋脸（下庭加重），柔和眉骨/深眼窝，柳叶眼·眼尾下压·窄眼距，中高鼻根/柔和鼻梁/微钝鼻头，小嘴·嘴角上扬，宽下颌
FD02240,柔和方脸,颈部线条收短,饱满额,柔和眉骨,中度眼窝,宽颧骨,薄面颊,骨感下颌,狐狸系眼,眼尾微挑,宽眼距,星点虹膜,宽鼻根,轻鹰钩鼻梁,轻翘鼻头,小嘴,嘴角下垂,右眉轻断,柔和方脸（颈部线条收短），柔和眉骨/中度眼窝，狐狸系眼·眼尾微挑·宽眼距，宽鼻根/轻鹰钩鼻梁/轻翘鼻头，小嘴·嘴角下垂，骨感下颌
FD02241,短方脸,颊部略凹,高额,厚眉骨,眼下骨感,柔和颧骨,饱满面颊,方下颌,平直杏眼,眼尾下压,标准眼距,淡金瞳,宽鼻根,轻微偏左鼻梁,窄翼鼻头,薄唇,嘴角紧收,瞳孔残缺,短方脸（颊部略凹），厚眉骨/眼下骨感，平直杏眼·眼尾下压·标准眼距，宽鼻根/轻微偏左鼻梁/窄翼鼻头，薄唇·嘴角紧收，方下颌
FD02242,宽鹅蛋脸,颌角强调,窄额,厚眉骨,窄深眼窝,低颧骨,饱满面颊,明显下颌角,少年圆眼,眼尾下压,窄眼距,浅褐瞳,高鼻根,高直鼻梁,方圆鼻头,成熟长唇,嘴角紧收,唇下小痣,宽鹅蛋脸（颌角强调），厚眉骨/窄深眼窝，少年圆眼·眼尾下压·窄眼距，高鼻根/高直鼻梁/方圆鼻头，成熟长唇·嘴角紧收，明显下颌角
FD02243,圆方脸,颧部外扩,微凸额,低眉骨,中度眼窝,窄颧骨,薄面颊,窄下颌,上扬凤眼,眼尾下压,窄眼距,浅褐瞳,低鼻根,柔和鼻梁,小圆鼻头,厚唇,单侧上扬,单侧酒窝,圆方脸（颧部外扩），低眉骨/中度眼窝，上扬凤眼·眼尾下压·窄眼距，低鼻根/柔和鼻梁/小圆鼻头，厚唇·单侧上扬，窄下颌
FD02244,长心形脸,下颌线清晰化,宽额,压迫感眉骨,眼下骨感,宽颧骨,成熟收紧面颊,收敛下颌,短杏眼,眼尾下压,标准眼距,墨玉瞳,低鼻根,轻鹰钩鼻梁,肉感鼻头,平直唇,嘴角上扬,瞳孔残缺,长心形脸（下颌线清晰化），压迫感眉骨/眼下骨感，短杏眼·眼尾下压·标准眼距，低鼻根/轻鹰钩鼻梁/肉感鼻头，平直唇·嘴角上扬，收敛下颌
FD02245,长心形脸,偏锐收窄,高额,低眉骨,眼下饱满,窄颧骨,成熟收紧面颊,骨感下颌,冷感眼,眼尾明显挑,宽眼距,环状虹膜,低鼻根,微弧鼻梁,骨感鼻头,薄唇,嘴角上扬,异色瞳,长心形脸（偏锐收窄），低眉骨/眼下饱满，冷感眼·眼尾明显挑·宽眼距，低鼻根/微弧鼻梁/骨感鼻头，薄唇·嘴角上扬，骨感下颌
FD02246,柔和方脸,骨点内敛,平直额,薄眉骨,深眼窝,柔和颧骨,幼态柔软面颊,收敛下颌,少年圆眼,眼尾延展,窄眼距,浅褐瞳,中高鼻根,微弧鼻梁,微钝鼻头,上薄下厚,单侧上扬,眼角小痣,柔和方脸（骨点内敛），薄眉骨/深眼窝，少年圆眼·眼尾延展·窄眼距，中高鼻根/微弧鼻梁/微钝鼻头，上薄下厚·单侧上扬，收敛下颌
FD02247,上宽下窄脸,偏柔圆润,宽额,高眉骨,浅眼窝,低颧骨,幼态柔软面颊,宽下颌,疲惫眼,眼尾明显挑,宽眼距,环状虹膜,中鼻根,轻微偏右鼻梁,下压鼻头,小嘴,嘴角平直,无标志,上宽下窄脸（偏柔圆润），高眉骨/浅眼窝，疲惫眼·眼尾明显挑·宽眼距，中鼻根/轻微偏右鼻梁/下压鼻头，小嘴·嘴角平直，宽下颌
FD02248,宽鹅蛋脸,颌角弱化,低额,薄眉骨,眼下骨感,宽颧骨,成熟收紧面颊,方下颌,平直杏眼,眼尾延展,宽眼距,墨玉瞳,中高鼻根,柔和鼻梁,微钝鼻头,厚唇,嘴角紧收,单侧酒窝,宽鹅蛋脸（颌角弱化），薄眉骨/眼下骨感，平直杏眼·眼尾延展·宽眼距，中高鼻根/柔和鼻梁/微钝鼻头，厚唇·嘴角紧收，方下颌
FD02249,颧部展开脸,中轴收紧,窄额,高眉骨,眼下饱满,窄颧骨,薄面颊,柔和下颌,狼系眼,眼尾下沉,标准眼距,环状虹膜,中高鼻根,轻微偏左鼻梁,肉感鼻头,弓形唇,嘴角下垂,右眼下浅泪痣,颧部展开脸（中轴收紧），高眉骨/眼下饱满，狼系眼·眼尾下沉·标准眼距，中高鼻根/轻微偏左鼻梁/肉感鼻头，弓形唇·嘴角下垂，柔和下颌
FD02250,颧部展开脸,颧部微收,饱满额,压迫感眉骨,中度眼窝,低颧骨,轻凹面颊,圆方下颌,蛇系眼,眼尾明显挑,宽眼距,琥珀瞳,窄鼻根,轻微偏右鼻梁,肉感鼻头,弓形唇,嘴角下垂,瞳孔残缺,颧部展开脸（颧部微收），压迫感眉骨/中度眼窝，蛇系眼·眼尾明显挑·宽眼距，窄鼻根/轻微偏右鼻梁/肉感鼻头，弓形唇·嘴角下垂，圆方下颌
FD02251,长圆脸,颧部外扩,饱满额,厚眉骨,宽浅眼窝,柔和颧骨,幼态柔软面颊,骨感下颌,冷感眼,眼尾延展,宽眼距,星点虹膜,宽鼻根,轻鹰钩鼻梁,小圆鼻头,厚唇,单侧上扬,单侧虎牙,长圆脸（颧部外扩），厚眉骨/宽浅眼窝，冷感眼·眼尾延展·宽眼距，宽鼻根/轻鹰钩鼻梁/小圆鼻头，厚唇·单侧上扬，骨感下颌
FD02252,清瘦圆脸,中轴收紧,平直额,压迫感眉骨,中度眼窝,宽颧骨,轻凹面颊,方下颌,短圆杏眼,眼尾延展,宽眼距,异色瞳,中高鼻根,轻鹰钩鼻梁,下压鼻头,宽嘴,嘴角紧收,眼睑褶皱不对称,清瘦圆脸（中轴收紧），压迫感眉骨/中度眼窝，短圆杏眼·眼尾延展·宽眼距，中高鼻根/轻鹰钩鼻梁/下压鼻头，宽嘴·嘴角紧收，方下颌
FD02253,心形脸,面中平缓,宽额,外侧突出眉骨,浅眼窝,宽颧骨,饱满面颊,柔和下颌,上扬凤眼,眼尾下沉,标准眼距,深色瞳,中高鼻根,中直鼻梁,轻翘鼻头,宽嘴,嘴角下垂,无标志,心形脸（面中平缓），外侧突出眉骨/浅眼窝，上扬凤眼·眼尾下沉·标准眼距，中高鼻根/中直鼻梁/轻翘鼻头，宽嘴·嘴角下垂，柔和下颌
FD02254,柔和方脸,骨点内敛,高额,低眉骨,宽浅眼窝,宽颧骨,轻凹面颊,骨感下颌,短杏眼,眼尾下沉,标准眼距,星点虹膜,宽鼻根,宽骨鼻梁,骨感鼻头,厚唇,单侧上扬,眼睑褶皱不对称,柔和方脸（骨点内敛），低眉骨/宽浅眼窝，短杏眼·眼尾下沉·标准眼距，宽鼻根/宽骨鼻梁/骨感鼻头，厚唇·单侧上扬，骨感下颌
FD02255,颧部展开脸,下颌线柔化,平直额,厚眉骨,浅眼窝,柔和颧骨,幼态柔软面颊,宽下颌,狼系眼,眼尾平直,窄眼距,墨玉瞳,中鼻根,柔和鼻梁,方圆鼻头,上厚下薄,单侧上扬,碎裂虹膜,颧部展开脸（下颌线柔化），厚眉骨/浅眼窝，狼系眼·眼尾平直·窄眼距，中鼻根/柔和鼻梁/方圆鼻头，上厚下薄·单侧上扬，宽下颌
FD02256,圆方脸,下颌线柔化,宽额,薄眉骨,深眼窝,外扩颧骨,幼态柔软面颊,柔和下颌,疲惫眼,眼尾微挑,窄眼距,碎裂虹膜,中高鼻根,柔和鼻梁,肉感鼻头,上薄下厚,嘴角下垂,颈侧细疤,圆方脸（下颌线柔化），薄眉骨/深眼窝，疲惫眼·眼尾微挑·窄眼距，中高鼻根/柔和鼻梁/肉感鼻头，上薄下厚·嘴角下垂，柔和下颌
FD02257,长鹅蛋脸,颈部线条延长,微凸额,内侧突出眉骨,中度眼窝,宽颧骨,成熟收紧面颊,柔和下颌,猫系眼,眼尾下沉,标准眼距,环状虹膜,低鼻根,宽骨鼻梁,窄翼鼻头,厚唇,嘴角上扬,异色瞳,长鹅蛋脸（颈部线条延长），内侧突出眉骨/中度眼窝，猫系眼·眼尾下沉·标准眼距，低鼻根/宽骨鼻梁/窄翼鼻头，厚唇·嘴角上扬，柔和下颌
FD02258,成熟方脸,中轴微长,高额,压迫感眉骨,窄深眼窝,外扩颧骨,轻凹面颊,圆方下颌,狭长瑞凤眼,眼尾微挑,宽眼距,灰蓝瞳,宽鼻根,轻鹰钩鼻梁,轻翘鼻头,宽嘴,单侧上扬,右眉轻断,成熟方脸（中轴微长），压迫感眉骨/窄深眼窝，狭长瑞凤眼·眼尾微挑·宽眼距，宽鼻根/轻鹰钩鼻梁/轻翘鼻头，宽嘴·单侧上扬，圆方下颌
FD02259,鹅蛋偏心形,中轴微长,宽额,薄眉骨,眼下饱满,低颧骨,薄面颊,柔和下颌,鹿系眼,眼尾下压,标准眼距,浅褐瞳,宽鼻根,宽骨鼻梁,窄翼鼻头,平直唇,单侧上扬,鼻梁旧伤,鹅蛋偏心形（中轴微长），薄眉骨/眼下饱满，鹿系眼·眼尾下压·标准眼距，宽鼻根/宽骨鼻梁/窄翼鼻头，平直唇·单侧上扬，柔和下颌
FD02260,心形脸,中庭拉长,窄额,内侧突出眉骨,窄深眼窝,低颧骨,饱满面颊,宽下颌,鹰隼眼,眼尾平直,窄眼距,灰蓝瞳,高鼻根,微弧鼻梁,微钝鼻头,厚唇,嘴角平直,瞳孔残缺,心形脸（中庭拉长），内侧突出眉骨/窄深眼窝，鹰隼眼·眼尾平直·窄眼距，高鼻根/微弧鼻梁/微钝鼻头，厚唇·嘴角平直，宽下颌
FD02261,骨感窄脸,下庭收窄,高额,柔和眉骨,眼下饱满,柔和颧骨,饱满面颊,宽下颌,疲惫眼,眼尾延展,宽眼距,琥珀瞳,窄鼻根,轻微偏左鼻梁,小圆鼻头,薄唇,嘴角下垂,眼睑褶皱不对称,骨感窄脸（下庭收窄），柔和眉骨/眼下饱满，疲惫眼·眼尾延展·宽眼距，窄鼻根/轻微偏左鼻梁/小圆鼻头，薄唇·嘴角下垂，宽下颌
FD02262,长心形脸,颈部线条收短,宽额,柔和眉骨,深眼窝,窄颧骨,饱满面颊,骨感下颌,圆长眼,眼尾明显挑,宽眼距,淡金瞳,高鼻根,宽骨鼻梁,小圆鼻头,薄唇,嘴角上扬,碎裂虹膜,长心形脸（颈部线条收短），柔和眉骨/深眼窝，圆长眼·眼尾明显挑·宽眼距，高鼻根/宽骨鼻梁/小圆鼻头，薄唇·嘴角上扬，骨感下颌
FD02263,上窄下宽脸,颌角强调,高额,低眉骨,窄深眼窝,窄颧骨,幼态柔软面颊,方下颌,少年圆眼,眼尾下沉,窄眼距,灰蓝瞳,中高鼻根,中直鼻梁,方圆鼻头,上薄下厚,单侧上扬,眉尾旧疤,上窄下宽脸（颌角强调），低眉骨/窄深眼窝，少年圆眼·眼尾下沉·窄眼距，中高鼻根/中直鼻梁/方圆鼻头，上薄下厚·单侧上扬，方下颌
FD02264,柔和方脸,中庭拉长,窄额,高眉骨,窄深眼窝,宽颧骨,饱满面颊,方下颌,瑞凤眼,眼尾平直,窄眼距,琥珀瞳,中高鼻根,轻鹰钩鼻梁,窄翼鼻头,上厚下薄,嘴角下垂,眉上小疤,柔和方脸（中庭拉长），高眉骨/窄深眼窝，瑞凤眼·眼尾平直·窄眼距，中高鼻根/轻鹰钩鼻梁/窄翼鼻头，上厚下薄·嘴角下垂，方下颌
FD02265,圆方脸,颊部饱满,窄额,低眉骨,深眼窝,高颧骨,成熟收紧面颊,宽下颌,猫系眼,眼尾下沉,标准眼距,异色瞳,中高鼻根,宽骨鼻梁,微钝鼻头,厚唇,嘴角紧收,左眼下浅泪痣,圆方脸（颊部饱满），低眉骨/深眼窝，猫系眼·眼尾下沉·标准眼距，中高鼻根/宽骨鼻梁/微钝鼻头，厚唇·嘴角紧收，宽下颌
FD02266,窄鹅蛋脸,颊部略凹,宽额,内侧突出眉骨,中度眼窝,低颧骨,成熟收紧面颊,柔和下颌,柳叶眼,眼尾下沉,窄眼距,异色瞳,窄鼻根,轻微偏右鼻梁,方圆鼻头,上厚下薄,嘴角紧收,下颌浅疤,窄鹅蛋脸（颊部略凹），内侧突出眉骨/中度眼窝，柳叶眼·眼尾下沉·窄眼距，窄鼻根/轻微偏右鼻梁/方圆鼻头，上厚下薄·嘴角紧收，柔和下颌
FD02267,幼态圆脸,下庭收窄,微凸额,厚眉骨,眼下骨感,窄颧骨,成熟收紧面颊,圆方下颌,长杏眼,眼尾下沉,标准眼距,深色瞳,中鼻根,微弧鼻梁,方圆鼻头,上厚下薄,嘴角紧收,耳后小痣,幼态圆脸（下庭收窄），厚眉骨/眼下骨感，长杏眼·眼尾下沉·标准眼距，中鼻根/微弧鼻梁/方圆鼻头，上厚下薄·嘴角紧收，圆方下颌
FD02268,长方脸,偏锐收窄,饱满额,压迫感眉骨,深眼窝,低颧骨,成熟收紧面颊,柔和下颌,桃花眼,眼尾下压,窄眼距,琥珀瞳,中鼻根,高直鼻梁,微钝鼻头,成熟长唇,单侧上扬,无标志,长方脸（偏锐收窄），压迫感眉骨/深眼窝，桃花眼·眼尾下压·窄眼距，中鼻根/高直鼻梁/微钝鼻头，成熟长唇·单侧上扬，柔和下颌
FD02269,倒梯形脸,颈部线条延长,骨感额,高眉骨,中度眼窝,柔和颧骨,幼态柔软面颊,方下颌,瑞凤眼,眼尾明显挑,标准眼距,琥珀瞳,低鼻根,高直鼻梁,微钝鼻头,弓形唇,嘴角平直,下颌浅疤,倒梯形脸（颈部线条延长），高眉骨/中度眼窝，瑞凤眼·眼尾明显挑·标准眼距，低鼻根/高直鼻梁/微钝鼻头，弓形唇·嘴角平直，方下颌
FD02270,方菱过渡脸,中轴收紧,高额,厚眉骨,窄深眼窝,窄颧骨,幼态柔软面颊,骨感下颌,半睁懒眼,眼尾下压,宽眼距,深色瞳,窄鼻根,轻微偏右鼻梁,窄翼鼻头,小嘴,嘴角平直,环状虹膜,方菱过渡脸（中轴收紧），厚眉骨/窄深眼窝，半睁懒眼·眼尾下压·宽眼距，窄鼻根/轻微偏右鼻梁/窄翼鼻头，小嘴·嘴角平直，骨感下颌
FD02271,倒梯形脸,上庭收窄,低额,柔和眉骨,宽浅眼窝,外扩颧骨,轻凹面颊,骨感下颌,宽杏眼,眼尾明显挑,窄眼距,深色瞳,窄鼻根,高直鼻梁,骨感鼻头,上厚下薄,嘴角下垂,眉尾旧疤,倒梯形脸（上庭收窄），柔和眉骨/宽浅眼窝，宽杏眼·眼尾明显挑·窄眼距，窄鼻根/高直鼻梁/骨感鼻头，上厚下薄·嘴角下垂，骨感下颌
FD02272,幼态圆脸,中轴微长,平直额,内侧突出眉骨,眼下饱满,高颧骨,成熟收紧面颊,窄下颌,瑞凤眼,眼尾下沉,宽眼距,星点虹膜,低鼻根,轻微偏左鼻梁,下压鼻头,弓形唇,单侧上扬,耳后小痣,幼态圆脸（中轴微长），内侧突出眉骨/眼下饱满，瑞凤眼·眼尾下沉·宽眼距，低鼻根/轻微偏左鼻梁/下压鼻头，弓形唇·单侧上扬，窄下颌
FD02273,肉感短脸,下庭加重,低额,柔和眉骨,深眼窝,窄颧骨,饱满面颊,窄下颌,狼系眼,眼尾明显挑,标准眼距,碎裂虹膜,中高鼻根,高直鼻梁,骨感鼻头,厚唇,嘴角平直,无标志,肉感短脸（下庭加重），柔和眉骨/深眼窝，狼系眼·眼尾明显挑·标准眼距，中高鼻根/高直鼻梁/骨感鼻头，厚唇·嘴角平直，窄下颌
FD02274,短方脸,骨点外显,低额,压迫感眉骨,深眼窝,宽颧骨,薄面颊,骨感下颌,瑞凤眼,眼尾下压,标准眼距,灰蓝瞳,中鼻根,中直鼻梁,方圆鼻头,上厚下薄,嘴角上扬,右眉轻断,短方脸（骨点外显），压迫感眉骨/深眼窝，瑞凤眼·眼尾下压·标准眼距，中鼻根/中直鼻梁/方圆鼻头，上厚下薄·嘴角上扬，骨感下颌
FD02275,圆脸,上庭展开,低额,厚眉骨,窄深眼窝,柔和颧骨,饱满面颊,方下颌,猫系眼,眼尾下压,宽眼距,琥珀瞳,中鼻根,高直鼻梁,小圆鼻头,弓形唇,嘴角上扬,眼睑褶皱不对称,圆脸（上庭展开），厚眉骨/窄深眼窝，猫系眼·眼尾下压·宽眼距，中鼻根/高直鼻梁/小圆鼻头，弓形唇·嘴角上扬，方下颌
FD02276,鹅蛋偏菱,颌角强调,饱满额,厚眉骨,宽浅眼窝,柔和颧骨,幼态柔软面颊,宽下颌,疲惫眼,眼尾下压,标准眼距,琥珀瞳,中高鼻根,微弧鼻梁,下压鼻头,厚唇,单侧上扬,无标志,鹅蛋偏菱（颌角强调），厚眉骨/宽浅眼窝，疲惫眼·眼尾下压·标准眼距，中高鼻根/微弧鼻梁/下压鼻头，厚唇·单侧上扬，宽下颌
FD02277,清瘦圆脸,下庭收窄,窄额,柔和眉骨,眼下饱满,宽颧骨,饱满面颊,方下颌,狭长眼,眼尾平直,窄眼距,环状虹膜,中鼻根,轻鹰钩鼻梁,小圆鼻头,薄唇,单侧上扬,左眼下浅泪痣,清瘦圆脸（下庭收窄），柔和眉骨/眼下饱满，狭长眼·眼尾平直·窄眼距，中鼻根/轻鹰钩鼻梁/小圆鼻头，薄唇·单侧上扬，方下颌
FD02278,骨感菱形,下颌线柔化,微凸额,低眉骨,中度眼窝,外扩颧骨,幼态柔软面颊,骨感下颌,圆长眼,眼尾下沉,宽眼距,墨玉瞳,中高鼻根,中直鼻梁,肉感鼻头,弓形唇,嘴角上扬,眉上小疤,骨感菱形（下颌线柔化），低眉骨/中度眼窝，圆长眼·眼尾下沉·宽眼距，中高鼻根/中直鼻梁/肉感鼻头，弓形唇·嘴角上扬，骨感下颌
FD02279,梨形脸,骨点内敛,窄额,高眉骨,中度眼窝,宽颧骨,饱满面颊,明显下颌角,狭长瑞凤眼,眼尾延展,宽眼距,环状虹膜,中高鼻根,轻微偏右鼻梁,微钝鼻头,薄唇,嘴角平直,眉上小疤,梨形脸（骨点内敛），高眉骨/中度眼窝，狭长瑞凤眼·眼尾延展·宽眼距，中高鼻根/轻微偏右鼻梁/微钝鼻头，薄唇·嘴角平直，明显下颌角
FD02280,宽心形脸,颌角强调,低额,压迫感眉骨,眼下饱满,柔和颧骨,饱满面颊,骨感下颌,狭长瑞凤眼,眼尾下沉,标准眼距,淡金瞳,窄鼻根,轻微偏右鼻梁,下压鼻头,平直唇,单侧上扬,耳后小痣,宽心形脸（颌角强调），压迫感眉骨/眼下饱满，狭长瑞凤眼·眼尾下沉·标准眼距，窄鼻根/轻微偏右鼻梁/下压鼻头，平直唇·单侧上扬，骨感下颌
FD02281,宽方脸,中庭展宽,微凸额,柔和眉骨,浅眼窝,低颧骨,薄面颊,宽下颌,少年圆眼,眼尾明显挑,窄眼距,浅褐瞳,中鼻根,中直鼻梁,轻翘鼻头,成熟长唇,嘴角紧收,眉心竖纹浅痕,宽方脸（中庭展宽），柔和眉骨/浅眼窝，少年圆眼·眼尾明显挑·窄眼距，中鼻根/中直鼻梁/轻翘鼻头，成熟长唇·嘴角紧收，宽下颌
FD02282,正梯形脸,偏柔圆润,饱满额,厚眉骨,中度眼窝,柔和颧骨,幼态柔软面颊,圆方下颌,平凤眼,眼尾下沉,标准眼距,星点虹膜,中高鼻根,轻微偏左鼻梁,微钝鼻头,成熟长唇,嘴角下垂,右眉轻断,正梯形脸（偏柔圆润），厚眉骨/中度眼窝，平凤眼·眼尾下沉·标准眼距，中高鼻根/轻微偏左鼻梁/微钝鼻头，成熟长唇·嘴角下垂，圆方下颌
FD02283,鹅蛋偏方,面中平缓,骨感额,柔和眉骨,眼下骨感,高颧骨,饱满面颊,骨感下颌,少年圆眼,眼尾延展,标准眼距,星点虹膜,宽鼻根,微弧鼻梁,肉感鼻头,成熟长唇,嘴角紧收,额角旧痕,鹅蛋偏方（面中平缓），柔和眉骨/眼下骨感，少年圆眼·眼尾延展·标准眼距，宽鼻根/微弧鼻梁/肉感鼻头，成熟长唇·嘴角紧收，骨感下颌
FD02284,方菱过渡脸,面中平缓,高额,高眉骨,眼下骨感,外扩颧骨,薄面颊,收敛下颌,下垂眼,眼尾明显挑,宽眼距,深色瞳,低鼻根,轻微偏左鼻梁,骨感鼻头,成熟长唇,嘴角紧收,鼻梁旧伤,方菱过渡脸（面中平缓），高眉骨/眼下骨感，下垂眼·眼尾明显挑·宽眼距，低鼻根/轻微偏左鼻梁/骨感鼻头，成熟长唇·嘴角紧收，收敛下颌
FD02285,骨感方脸,下颌线清晰化,平直额,内侧突出眉骨,深眼窝,柔和颧骨,薄面颊,方下颌,狐狸系眼,眼尾微挑,窄眼距,碎裂虹膜,低鼻根,微弧鼻梁,窄翼鼻头,小嘴,嘴角上扬,无标志,骨感方脸（下颌线清晰化），内侧突出眉骨/深眼窝，狐狸系眼·眼尾微挑·窄眼距，低鼻根/微弧鼻梁/窄翼鼻头，小嘴·嘴角上扬，方下颌
FD02286,短圆脸,骨点内敛,骨感额,内侧突出眉骨,深眼窝,高颧骨,饱满面颊,明显下颌角,下垂眼,眼尾平直,标准眼距,环状虹膜,高鼻根,轻微偏左鼻梁,轻翘鼻头,宽嘴,嘴角下垂,单侧酒窝,短圆脸（骨点内敛），内侧突出眉骨/深眼窝，下垂眼·眼尾平直·标准眼距，高鼻根/轻微偏左鼻梁/轻翘鼻头，宽嘴·嘴角下垂，明显下颌角
FD02287,幼态圆脸,偏柔圆润,微凸额,低眉骨,中度眼窝,高颧骨,轻凹面颊,宽下颌,冷感眼,眼尾微挑,窄眼距,星点虹膜,中高鼻根,高直鼻梁,窄翼鼻头,上薄下厚,嘴角上扬,异色瞳,幼态圆脸（偏柔圆润），低眉骨/中度眼窝，冷感眼·眼尾微挑·窄眼距，中高鼻根/高直鼻梁/窄翼鼻头，上薄下厚·嘴角上扬，宽下颌
FD02288,窄方脸,偏锐收窄,窄额,外侧突出眉骨,眼下饱满,高颧骨,饱满面颊,骨感下颌,下垂眼,眼尾平直,窄眼距,灰蓝瞳,宽鼻根,高直鼻梁,小圆鼻头,薄唇,嘴角上扬,眉上小疤,窄方脸（偏锐收窄），外侧突出眉骨/眼下饱满，下垂眼·眼尾平直·窄眼距，宽鼻根/高直鼻梁/小圆鼻头，薄唇·嘴角上扬，骨感下颌
FD02289,上窄下宽脸,偏柔圆润,窄额,外侧突出眉骨,浅眼窝,高颧骨,饱满面颊,圆方下颌,狐狸系眼,眼尾延展,窄眼距,异色瞳,高鼻根,轻微偏左鼻梁,小圆鼻头,上薄下厚,嘴角上扬,无标志,上窄下宽脸（偏柔圆润），外侧突出眉骨/浅眼窝，狐狸系眼·眼尾延展·窄眼距，高鼻根/轻微偏左鼻梁/小圆鼻头，上薄下厚·嘴角上扬，圆方下颌
FD02290,圆方脸,颊部饱满,高额,厚眉骨,中度眼窝,低颧骨,薄面颊,柔和下颌,猫系眼,眼尾延展,宽眼距,环状虹膜,低鼻根,微弧鼻梁,肉感鼻头,厚唇,嘴角下垂,单侧酒窝,圆方脸（颊部饱满），厚眉骨/中度眼窝，猫系眼·眼尾延展·宽眼距，低鼻根/微弧鼻梁/肉感鼻头，厚唇·嘴角下垂，柔和下颌
FD02291,圆脸,骨点外显,高额,内侧突出眉骨,深眼窝,宽颧骨,幼态柔软面颊,收敛下颌,疲惫眼,眼尾下沉,窄眼距,异色瞳,中鼻根,轻微偏左鼻梁,骨感鼻头,小嘴,单侧上扬,无标志,圆脸（骨点外显），内侧突出眉骨/深眼窝，疲惫眼·眼尾下沉·窄眼距，中鼻根/轻微偏左鼻梁/骨感鼻头，小嘴·单侧上扬，收敛下颌
FD02292,骨感菱形,中庭展宽,饱满额,厚眉骨,眼下骨感,窄颧骨,幼态柔软面颊,宽下颌,狼系眼,眼尾下沉,标准眼距,灰蓝瞳,窄鼻根,柔和鼻梁,骨感鼻头,平直唇,嘴角下垂,眉上小疤,骨感菱形（中庭展宽），厚眉骨/眼下骨感，狼系眼·眼尾下沉·标准眼距，窄鼻根/柔和鼻梁/骨感鼻头，平直唇·嘴角下垂，宽下颌
FD02293,清瘦圆脸,颊部略凹,平直额,高眉骨,宽浅眼窝,窄颧骨,薄面颊,窄下颌,蛇系眼,眼尾下压,宽眼距,异色瞳,窄鼻根,高直鼻梁,肉感鼻头,厚唇,嘴角平直,无标志,清瘦圆脸（颊部略凹），高眉骨/宽浅眼窝，蛇系眼·眼尾下压·宽眼距，窄鼻根/高直鼻梁/肉感鼻头，厚唇·嘴角平直，窄下颌
FD02294,窄鹅蛋脸,偏锐收窄,高额,柔和眉骨,浅眼窝,低颧骨,幼态柔软面颊,窄下颌,鹰隼眼,眼尾延展,标准眼距,星点虹膜,中高鼻根,高直鼻梁,方圆鼻头,厚唇,嘴角平直,耳后小痣,窄鹅蛋脸（偏锐收窄），柔和眉骨/浅眼窝，鹰隼眼·眼尾延展·标准眼距，中高鼻根/高直鼻梁/方圆鼻头，厚唇·嘴角平直，窄下颌
FD02295,宽方脸,中轴收紧,饱满额,柔和眉骨,宽浅眼窝,柔和颧骨,饱满面颊,明显下颌角,少年圆眼,眼尾下沉,宽眼距,淡金瞳,中鼻根,中直鼻梁,下压鼻头,宽嘴,嘴角上扬,左眼下浅泪痣,宽方脸（中轴收紧），柔和眉骨/宽浅眼窝，少年圆眼·眼尾下沉·宽眼距，中鼻根/中直鼻梁/下压鼻头，宽嘴·嘴角上扬，明显下颌角
FD02296,短鹅蛋脸,面中平缓,骨感额,外侧突出眉骨,深眼窝,柔和颧骨,成熟收紧面颊,骨感下颌,猫系眼,眼尾延展,宽眼距,碎裂虹膜,高鼻根,中直鼻梁,窄翼鼻头,弓形唇,嘴角下垂,环状虹膜,短鹅蛋脸（面中平缓），外侧突出眉骨/深眼窝，猫系眼·眼尾延展·宽眼距，高鼻根/中直鼻梁/窄翼鼻头，弓形唇·嘴角下垂，骨感下颌
FD02297,短圆脸,面中平缓,低额,压迫感眉骨,窄深眼窝,外扩颧骨,饱满面颊,收敛下颌,鹤系眼,眼尾微挑,标准眼距,淡金瞳,中高鼻根,柔和鼻梁,轻翘鼻头,厚唇,嘴角平直,单侧虎牙,短圆脸（面中平缓），压迫感眉骨/窄深眼窝，鹤系眼·眼尾微挑·标准眼距，中高鼻根/柔和鼻梁/轻翘鼻头，厚唇·嘴角平直，收敛下颌
FD02298,长圆脸,偏柔圆润,微凸额,柔和眉骨,眼下饱满,外扩颧骨,薄面颊,骨感下颌,鹤系眼,眼尾延展,宽眼距,星点虹膜,窄鼻根,轻微偏左鼻梁,方圆鼻头,平直唇,嘴角紧收,唇下小痣,长圆脸（偏柔圆润），柔和眉骨/眼下饱满，鹤系眼·眼尾延展·宽眼距，窄鼻根/轻微偏左鼻梁/方圆鼻头，平直唇·嘴角紧收，骨感下颌
FD02299,肉感短脸,骨点外显,平直额,薄眉骨,浅眼窝,宽颧骨,轻凹面颊,宽下颌,短圆杏眼,眼尾下沉,窄眼距,墨玉瞳,宽鼻根,轻鹰钩鼻梁,骨感鼻头,成熟长唇,嘴角平直,眉上小疤,肉感短脸（骨点外显），薄眉骨/浅眼窝，短圆杏眼·眼尾下沉·窄眼距，宽鼻根/轻鹰钩鼻梁/骨感鼻头，成熟长唇·嘴角平直，宽下颌
FD02300,清瘦圆脸,偏锐收窄,骨感额,内侧突出眉骨,眼下骨感,高颧骨,成熟收紧面颊,方下颌,柳叶眼,眼尾下沉,标准眼距,异色瞳,中高鼻根,轻鹰钩鼻梁,方圆鼻头,小嘴,嘴角上扬,额角旧痕,清瘦圆脸（偏锐收窄），内侧突出眉骨/眼下骨感，柳叶眼·眼尾下沉·标准眼距，中高鼻根/轻鹰钩鼻梁/方圆鼻头，小嘴·嘴角上扬，方下颌
FD02301,倒三角脸,中庭拉长,饱满额,柔和眉骨,眼下骨感,高颧骨,薄面颊,圆方下颌,圆长眼,眼尾下压,窄眼距,碎裂虹膜,高鼻根,轻微偏左鼻梁,肉感鼻头,宽嘴,嘴角上扬,眉尾旧疤,倒三角脸（中庭拉长），柔和眉骨/眼下骨感，圆长眼·眼尾下压·窄眼距，高鼻根/轻微偏左鼻梁/肉感鼻头，宽嘴·嘴角上扬，圆方下颌
FD02302,窄鹅蛋脸,下庭收窄,低额,压迫感眉骨,浅眼窝,低颧骨,轻凹面颊,宽下颌,宽杏眼,眼尾平直,标准眼距,浅褐瞳,窄鼻根,高直鼻梁,下压鼻头,上厚下薄,嘴角平直,无标志,窄鹅蛋脸（下庭收窄），压迫感眉骨/浅眼窝，宽杏眼·眼尾平直·标准眼距，窄鼻根/高直鼻梁/下压鼻头，上厚下薄·嘴角平直，宽下颌
FD02303,倒梯形脸,上庭收窄,高额,厚眉骨,眼下饱满,高颧骨,薄面颊,收敛下颌,圆长眼,眼尾平直,宽眼距,琥珀瞳,宽鼻根,高直鼻梁,肉感鼻头,厚唇,单侧上扬,碎裂虹膜,倒梯形脸（上庭收窄），厚眉骨/眼下饱满，圆长眼·眼尾平直·宽眼距，宽鼻根/高直鼻梁/肉感鼻头，厚唇·单侧上扬，收敛下颌
FD02304,宽菱形,中庭拉长,低额,厚眉骨,中度眼窝,窄颧骨,成熟收紧面颊,收敛下颌,鹰隼眼,眼尾明显挑,标准眼距,灰蓝瞳,中鼻根,微弧鼻梁,骨感鼻头,上薄下厚,嘴角紧收,左颊浅疤,宽菱形（中庭拉长），厚眉骨/中度眼窝，鹰隼眼·眼尾明显挑·标准眼距，中鼻根/微弧鼻梁/骨感鼻头，上薄下厚·嘴角紧收，收敛下颌
FD02305,心形脸,颈部线条收短,低额,薄眉骨,眼下饱满,外扩颧骨,轻凹面颊,骨感下颌,鹰隼眼,眼尾下沉,宽眼距,环状虹膜,高鼻根,宽骨鼻梁,肉感鼻头,弓形唇,嘴角紧收,唇下小痣,心形脸（颈部线条收短），薄眉骨/眼下饱满，鹰隼眼·眼尾下沉·宽眼距，高鼻根/宽骨鼻梁/肉感鼻头，弓形唇·嘴角紧收，骨感下颌
FD02306,幼态方脸,中轴收紧,微凸额,薄眉骨,浅眼窝,柔和颧骨,饱满面颊,窄下颌,瑞凤眼,眼尾延展,窄眼距,深色瞳,宽鼻根,轻微偏右鼻梁,窄翼鼻头,成熟长唇,嘴角平直,双侧酒窝,幼态方脸（中轴收紧），薄眉骨/浅眼窝，瑞凤眼·眼尾延展·窄眼距，宽鼻根/轻微偏右鼻梁/窄翼鼻头，成熟长唇·嘴角平直，窄下颌
FD02307,梨形脸,颌角强调,窄额,厚眉骨,眼下饱满,外扩颧骨,成熟收紧面颊,骨感下颌,狭长眼,眼尾下压,宽眼距,深色瞳,高鼻根,轻鹰钩鼻梁,肉感鼻头,成熟长唇,嘴角平直,无标志,梨形脸（颌角强调），厚眉骨/眼下饱满，狭长眼·眼尾下压·宽眼距，高鼻根/轻鹰钩鼻梁/肉感鼻头，成熟长唇·嘴角平直，骨感下颌
FD02308,颧部展开脸,下颌线柔化,骨感额,厚眉骨,中度眼窝,窄颧骨,薄面颊,柔和下颌,瑞凤眼,眼尾下沉,宽眼距,墨玉瞳,高鼻根,柔和鼻梁,肉感鼻头,小嘴,嘴角平直,眼角小痣,颧部展开脸（下颌线柔化），厚眉骨/中度眼窝，瑞凤眼·眼尾下沉·宽眼距，高鼻根/柔和鼻梁/肉感鼻头，小嘴·嘴角平直，柔和下颌
FD02309,骨感菱形,偏柔圆润,窄额,厚眉骨,中度眼窝,宽颧骨,薄面颊,骨感下颌,鹿系眼,眼尾微挑,标准眼距,环状虹膜,高鼻根,高直鼻梁,窄翼鼻头,宽嘴,嘴角平直,耳后小痣,骨感菱形（偏柔圆润），厚眉骨/中度眼窝，鹿系眼·眼尾微挑·标准眼距，高鼻根/高直鼻梁/窄翼鼻头，宽嘴·嘴角平直，骨感下颌
FD02310,骨感方脸,颌角弱化,饱满额,高眉骨,窄深眼窝,低颧骨,幼态柔软面颊,骨感下颌,平凤眼,眼尾明显挑,标准眼距,灰蓝瞳,中高鼻根,中直鼻梁,窄翼鼻头,平直唇,嘴角上扬,耳后小痣,骨感方脸（颌角弱化），高眉骨/窄深眼窝，平凤眼·眼尾明显挑·标准眼距，中高鼻根/中直鼻梁/窄翼鼻头，平直唇·嘴角上扬，骨感下颌
FD02311,短圆脸,颈部线条延长,平直额,内侧突出眉骨,眼下饱满,宽颧骨,轻凹面颊,方下颌,狼系眼,眼尾明显挑,宽眼距,淡金瞳,低鼻根,柔和鼻梁,骨感鼻头,厚唇,嘴角下垂,无标志,短圆脸（颈部线条延长），内侧突出眉骨/眼下饱满，狼系眼·眼尾明显挑·宽眼距，低鼻根/柔和鼻梁/骨感鼻头，厚唇·嘴角下垂，方下颌
FD02312,双颌匀称脸,颊部略凹,饱满额,内侧突出眉骨,眼下骨感,宽颧骨,饱满面颊,明显下颌角,短杏眼,眼尾延展,宽眼距,琥珀瞳,中鼻根,轻鹰钩鼻梁,方圆鼻头,上薄下厚,嘴角上扬,环状虹膜,双颌匀称脸（颊部略凹），内侧突出眉骨/眼下骨感，短杏眼·眼尾延展·宽眼距，中鼻根/轻鹰钩鼻梁/方圆鼻头，上薄下厚·嘴角上扬，明显下颌角
FD02313,窄方脸,面中立体化,窄额,厚眉骨,深眼窝,外扩颧骨,薄面颊,骨感下颌,长杏眼,眼尾平直,标准眼距,环状虹膜,宽鼻根,轻微偏左鼻梁,窄翼鼻头,厚唇,嘴角下垂,无标志,窄方脸（面中立体化），厚眉骨/深眼窝，长杏眼·眼尾平直·标准眼距，宽鼻根/轻微偏左鼻梁/窄翼鼻头，厚唇·嘴角下垂，骨感下颌
FD02314,宽方脸,颈部线条延长,骨感额,内侧突出眉骨,眼下饱满,宽颧骨,薄面颊,圆方下颌,猫系眼,眼尾微挑,窄眼距,环状虹膜,宽鼻根,微弧鼻梁,微钝鼻头,宽嘴,嘴角上扬,耳后小痣,宽方脸（颈部线条延长），内侧突出眉骨/眼下饱满，猫系眼·眼尾微挑·窄眼距，宽鼻根/微弧鼻梁/微钝鼻头，宽嘴·嘴角上扬，圆方下颌
FD02315,柔和方脸,下颌线清晰化,饱满额,压迫感眉骨,眼下骨感,外扩颧骨,成熟收紧面颊,柔和下颌,柳叶眼,眼尾平直,标准眼距,星点虹膜,高鼻根,中直鼻梁,方圆鼻头,上厚下薄,嘴角紧收,右眉轻断,柔和方脸（下颌线清晰化），压迫感眉骨/眼下骨感，柳叶眼·眼尾平直·标准眼距，高鼻根/中直鼻梁/方圆鼻头，上厚下薄·嘴角紧收，柔和下颌
FD02316,倒梯形脸,偏锐收窄,低额,柔和眉骨,眼下饱满,外扩颧骨,轻凹面颊,明显下颌角,长杏眼,眼尾微挑,窄眼距,环状虹膜,中鼻根,高直鼻梁,骨感鼻头,弓形唇,嘴角紧收,无标志,倒梯形脸（偏锐收窄），柔和眉骨/眼下饱满，长杏眼·眼尾微挑·窄眼距，中鼻根/高直鼻梁/骨感鼻头，弓形唇·嘴角紧收，明显下颌角
FD02317,鹅蛋偏心形,颈部线条延长,微凸额,薄眉骨,浅眼窝,低颧骨,饱满面颊,明显下颌角,狼系眼,眼尾微挑,窄眼距,环状虹膜,中鼻根,宽骨鼻梁,肉感鼻头,薄唇,单侧上扬,眉尾旧疤,鹅蛋偏心形（颈部线条延长），薄眉骨/浅眼窝，狼系眼·眼尾微挑·窄眼距，中鼻根/宽骨鼻梁/肉感鼻头，薄唇·单侧上扬，明显下颌角
FD02318,窄方脸,下庭加重,平直额,低眉骨,深眼窝,外扩颧骨,幼态柔软面颊,骨感下颌,疲惫眼,眼尾延展,宽眼距,琥珀瞳,中鼻根,宽骨鼻梁,下压鼻头,上薄下厚,嘴角紧收,无标志,窄方脸（下庭加重），低眉骨/深眼窝，疲惫眼·眼尾延展·宽眼距，中鼻根/宽骨鼻梁/下压鼻头，上薄下厚·嘴角紧收，骨感下颌
FD02319,正梯形脸,面中立体化,平直额,压迫感眉骨,眼下骨感,外扩颧骨,薄面颊,明显下颌角,丹凤眼,眼尾微挑,窄眼距,环状虹膜,宽鼻根,高直鼻梁,小圆鼻头,上薄下厚,嘴角上扬,无标志,正梯形脸（面中立体化），压迫感眉骨/眼下骨感，丹凤眼·眼尾微挑·窄眼距，宽鼻根/高直鼻梁/小圆鼻头，上薄下厚·嘴角上扬，明显下颌角
FD02320,成熟方脸,偏柔圆润,平直额,薄眉骨,深眼窝,外扩颧骨,幼态柔软面颊,宽下颌,疲惫眼,眼尾平直,宽眼距,灰蓝瞳,窄鼻根,轻鹰钩鼻梁,轻翘鼻头,弓形唇,嘴角上扬,双侧酒窝,成熟方脸（偏柔圆润），薄眉骨/深眼窝，疲惫眼·眼尾平直·宽眼距，窄鼻根/轻鹰钩鼻梁/轻翘鼻头，弓形唇·嘴角上扬，宽下颌
FD02321,颧部展开脸,面中立体化,高额,厚眉骨,浅眼窝,外扩颧骨,饱满面颊,柔和下颌,鹰隼眼,眼尾明显挑,宽眼距,深色瞳,中鼻根,柔和鼻梁,肉感鼻头,平直唇,嘴角紧收,眉心竖纹浅痕,颧部展开脸（面中立体化），厚眉骨/浅眼窝，鹰隼眼·眼尾明显挑·宽眼距，中鼻根/柔和鼻梁/肉感鼻头，平直唇·嘴角紧收，柔和下颌
FD02322,窄鹅蛋脸,面中平缓,微凸额,压迫感眉骨,浅眼窝,高颧骨,幼态柔软面颊,宽下颌,圆长眼,眼尾下压,宽眼距,浅褐瞳,窄鼻根,轻微偏左鼻梁,下压鼻头,小嘴,嘴角上扬,下颌浅疤,窄鹅蛋脸（面中平缓），压迫感眉骨/浅眼窝，圆长眼·眼尾下压·宽眼距，窄鼻根/轻微偏左鼻梁/下压鼻头，小嘴·嘴角上扬，宽下颌
FD02323,方菱过渡脸,中庭拉长,骨感额,柔和眉骨,窄深眼窝,低颧骨,轻凹面颊,明显下颌角,短杏眼,眼尾明显挑,窄眼距,碎裂虹膜,中高鼻根,中直鼻梁,肉感鼻头,平直唇,单侧上扬,无标志,方菱过渡脸（中庭拉长），柔和眉骨/窄深眼窝，短杏眼·眼尾明显挑·窄眼距，中高鼻根/中直鼻梁/肉感鼻头，平直唇·单侧上扬，明显下颌角
FD02324,短方脸,颌角强调,窄额,厚眉骨,窄深眼窝,高颧骨,薄面颊,柔和下颌,狭长瑞凤眼,眼尾下沉,宽眼距,环状虹膜,宽鼻根,高直鼻梁,下压鼻头,上薄下厚,嘴角紧收,双侧酒窝,短方脸（颌角强调），厚眉骨/窄深眼窝，狭长瑞凤眼·眼尾下沉·宽眼距，宽鼻根/高直鼻梁/下压鼻头，上薄下厚·嘴角紧收，柔和下颌
FD02325,宽方脸,偏柔圆润,饱满额,厚眉骨,眼下饱满,外扩颧骨,薄面颊,宽下颌,少年圆眼,眼尾下沉,窄眼距,淡金瞳,窄鼻根,轻微偏右鼻梁,窄翼鼻头,上薄下厚,嘴角紧收,鼻梁旧伤,宽方脸（偏柔圆润），厚眉骨/眼下饱满，少年圆眼·眼尾下沉·窄眼距，窄鼻根/轻微偏右鼻梁/窄翼鼻头，上薄下厚·嘴角紧收，宽下颌
FD02326,窄方脸,面中平缓,微凸额,薄眉骨,中度眼窝,宽颧骨,薄面颊,骨感下颌,柳叶眼,眼尾延展,窄眼距,灰蓝瞳,窄鼻根,微弧鼻梁,骨感鼻头,平直唇,嘴角紧收,指节薄茧,窄方脸（面中平缓），薄眉骨/中度眼窝，柳叶眼·眼尾延展·窄眼距，窄鼻根/微弧鼻梁/骨感鼻头，平直唇·嘴角紧收，骨感下颌
FD02327,梨形脸,颌角强调,高额,压迫感眉骨,中度眼窝,窄颧骨,薄面颊,宽下颌,短圆杏眼,眼尾平直,宽眼距,浅褐瞳,中鼻根,轻微偏左鼻梁,肉感鼻头,薄唇,嘴角下垂,颈侧细疤,梨形脸（颌角强调），压迫感眉骨/中度眼窝，短圆杏眼·眼尾平直·宽眼距，中鼻根/轻微偏左鼻梁/肉感鼻头，薄唇·嘴角下垂，宽下颌
FD02328,幼态方脸,中庭展宽,宽额,内侧突出眉骨,眼下饱满,窄颧骨,轻凹面颊,宽下颌,半睁懒眼,眼尾微挑,标准眼距,碎裂虹膜,窄鼻根,微弧鼻梁,下压鼻头,宽嘴,嘴角上扬,单侧酒窝,幼态方脸（中庭展宽），内侧突出眉骨/眼下饱满，半睁懒眼·眼尾微挑·标准眼距，窄鼻根/微弧鼻梁/下压鼻头，宽嘴·嘴角上扬，宽下颌
FD02329,正梯形脸,颌角强调,平直额,柔和眉骨,眼下骨感,低颧骨,成熟收紧面颊,柔和下颌,半睁懒眼,眼尾平直,窄眼距,深色瞳,中高鼻根,轻鹰钩鼻梁,窄翼鼻头,小嘴,单侧上扬,左颊浅疤,正梯形脸（颌角强调），柔和眉骨/眼下骨感，半睁懒眼·眼尾平直·窄眼距，中高鼻根/轻鹰钩鼻梁/窄翼鼻头，小嘴·单侧上扬，柔和下颌
FD02330,短鹅蛋脸,中庭展宽,骨感额,薄眉骨,眼下饱满,低颧骨,轻凹面颊,窄下颌,桃花眼,眼尾下沉,窄眼距,淡金瞳,宽鼻根,轻微偏右鼻梁,轻翘鼻头,上厚下薄,嘴角上扬,唇下小痣,短鹅蛋脸（中庭展宽），薄眉骨/眼下饱满，桃花眼·眼尾下沉·窄眼距，宽鼻根/轻微偏右鼻梁/轻翘鼻头，上厚下薄·嘴角上扬，窄下颌
FD02331,上窄下宽脸,颊部略凹,饱满额,高眉骨,深眼窝,外扩颧骨,薄面颊,方下颌,下垂眼,眼尾下压,标准眼距,深色瞳,低鼻根,宽骨鼻梁,方圆鼻头,上厚下薄,嘴角下垂,单侧虎牙,上窄下宽脸（颊部略凹），高眉骨/深眼窝，下垂眼·眼尾下压·标准眼距，低鼻根/宽骨鼻梁/方圆鼻头，上厚下薄·嘴角下垂，方下颌
FD02332,宽心形脸,上庭收窄,骨感额,压迫感眉骨,宽浅眼窝,窄颧骨,幼态柔软面颊,骨感下颌,瑞凤眼,眼尾下压,窄眼距,琥珀瞳,窄鼻根,轻鹰钩鼻梁,窄翼鼻头,上厚下薄,单侧上扬,右眉轻断,宽心形脸（上庭收窄），压迫感眉骨/宽浅眼窝，瑞凤眼·眼尾下压·窄眼距，窄鼻根/轻鹰钩鼻梁/窄翼鼻头，上厚下薄·单侧上扬，骨感下颌
FD02333,心形脸,骨点外显,饱满额,压迫感眉骨,宽浅眼窝,外扩颧骨,幼态柔软面颊,骨感下颌,蛇系眼,眼尾平直,标准眼距,墨玉瞳,窄鼻根,柔和鼻梁,小圆鼻头,薄唇,嘴角紧收,眉尾旧疤,心形脸（骨点外显），压迫感眉骨/宽浅眼窝，蛇系眼·眼尾平直·标准眼距，窄鼻根/柔和鼻梁/小圆鼻头，薄唇·嘴角紧收，骨感下颌
FD02334,标准菱形,颈部线条收短,微凸额,厚眉骨,中度眼窝,低颧骨,轻凹面颊,方下颌,少年圆眼,眼尾下沉,标准眼距,墨玉瞳,宽鼻根,宽骨鼻梁,轻翘鼻头,弓形唇,嘴角平直,额角旧痕,标准菱形（颈部线条收短），厚眉骨/中度眼窝，少年圆眼·眼尾下沉·标准眼距，宽鼻根/宽骨鼻梁/轻翘鼻头，弓形唇·嘴角平直，方下颌
FD02335,圆脸,上庭展开,低额,厚眉骨,眼下骨感,外扩颧骨,饱满面颊,方下颌,圆长眼,眼尾微挑,标准眼距,碎裂虹膜,窄鼻根,高直鼻梁,窄翼鼻头,厚唇,嘴角上扬,左颊浅疤,圆脸（上庭展开），厚眉骨/眼下骨感，圆长眼·眼尾微挑·标准眼距，窄鼻根/高直鼻梁/窄翼鼻头，厚唇·嘴角上扬，方下颌
FD02336,鹅蛋偏菱,面中平缓,窄额,高眉骨,眼下饱满,高颧骨,成熟收紧面颊,收敛下颌,丹凤眼,眼尾下沉,宽眼距,深色瞳,宽鼻根,柔和鼻梁,方圆鼻头,小嘴,嘴角下垂,环状虹膜,鹅蛋偏菱（面中平缓），高眉骨/眼下饱满，丹凤眼·眼尾下沉·宽眼距，宽鼻根/柔和鼻梁/方圆鼻头，小嘴·嘴角下垂，收敛下颌
FD02337,圆方脸,颊部饱满,饱满额,内侧突出眉骨,宽浅眼窝,柔和颧骨,轻凹面颊,收敛下颌,窄杏眼,眼尾下沉,标准眼距,淡金瞳,宽鼻根,微弧鼻梁,窄翼鼻头,平直唇,单侧上扬,单侧虎牙,圆方脸（颊部饱满），内侧突出眉骨/宽浅眼窝，窄杏眼·眼尾下沉·标准眼距，宽鼻根/微弧鼻梁/窄翼鼻头，平直唇·单侧上扬，收敛下颌
FD02338,骨感方脸,下庭收窄,微凸额,压迫感眉骨,中度眼窝,柔和颧骨,轻凹面颊,明显下颌角,平凤眼,眼尾明显挑,标准眼距,深色瞳,低鼻根,轻微偏左鼻梁,骨感鼻头,上薄下厚,嘴角紧收,颈侧细疤,骨感方脸（下庭收窄），压迫感眉骨/中度眼窝，平凤眼·眼尾明显挑·标准眼距，低鼻根/轻微偏左鼻梁/骨感鼻头，上薄下厚·嘴角紧收，明显下颌角
FD02339,上窄下宽脸,颌角强调,骨感额,高眉骨,眼下饱满,高颧骨,薄面颊,宽下颌,狭长眼,眼尾下沉,标准眼距,深色瞳,中高鼻根,宽骨鼻梁,肉感鼻头,上厚下薄,单侧上扬,额角旧痕,上窄下宽脸（颌角强调），高眉骨/眼下饱满，狭长眼·眼尾下沉·标准眼距，中高鼻根/宽骨鼻梁/肉感鼻头，上厚下薄·单侧上扬，宽下颌
FD02340,柔和方脸,面中平缓,窄额,低眉骨,中度眼窝,柔和颧骨,轻凹面颊,骨感下颌,狐狸系眼,眼尾明显挑,宽眼距,环状虹膜,低鼻根,宽骨鼻梁,小圆鼻头,宽嘴,嘴角上扬,鼻梁旧伤,柔和方脸（面中平缓），低眉骨/中度眼窝，狐狸系眼·眼尾明显挑·宽眼距，低鼻根/宽骨鼻梁/小圆鼻头，宽嘴·嘴角上扬，骨感下颌
FD02341,方鹅蛋脸,上庭收窄,微凸额,低眉骨,窄深眼窝,高颧骨,幼态柔软面颊,明显下颌角,成熟长眼,眼尾明显挑,宽眼距,浅褐瞳,高鼻根,宽骨鼻梁,微钝鼻头,上厚下薄,嘴角下垂,下颌浅疤,方鹅蛋脸（上庭收窄），低眉骨/窄深眼窝，成熟长眼·眼尾明显挑·宽眼距，高鼻根/宽骨鼻梁/微钝鼻头，上厚下薄·嘴角下垂，明显下颌角
FD02342,梨形脸,颈部线条延长,饱满额,柔和眉骨,窄深眼窝,宽颧骨,幼态柔软面颊,圆方下颌,圆长眼,眼尾明显挑,宽眼距,环状虹膜,中高鼻根,宽骨鼻梁,轻翘鼻头,成熟长唇,单侧上扬,眼睑褶皱不对称,梨形脸（颈部线条延长），柔和眉骨/窄深眼窝，圆长眼·眼尾明显挑·宽眼距，中高鼻根/宽骨鼻梁/轻翘鼻头，成熟长唇·单侧上扬，圆方下颌
FD02343,标准菱形,下颌线柔化,骨感额,高眉骨,眼下骨感,宽颧骨,饱满面颊,宽下颌,柳叶眼,眼尾下压,宽眼距,琥珀瞳,低鼻根,微弧鼻梁,轻翘鼻头,薄唇,嘴角紧收,额角旧痕,标准菱形（下颌线柔化），高眉骨/眼下骨感，柳叶眼·眼尾下压·宽眼距，低鼻根/微弧鼻梁/轻翘鼻头，薄唇·嘴角紧收，宽下颌
FD02344,方鹅蛋脸,下庭收窄,平直额,外侧突出眉骨,中度眼窝,柔和颧骨,成熟收紧面颊,明显下颌角,宽杏眼,眼尾平直,窄眼距,琥珀瞳,低鼻根,高直鼻梁,窄翼鼻头,弓形唇,嘴角平直,眼睑褶皱不对称,方鹅蛋脸（下庭收窄），外侧突出眉骨/中度眼窝，宽杏眼·眼尾平直·窄眼距，低鼻根/高直鼻梁/窄翼鼻头，弓形唇·嘴角平直，明显下颌角
FD02345,下颌突出脸,颈部线条收短,窄额,厚眉骨,中度眼窝,高颧骨,幼态柔软面颊,方下颌,猫系眼,眼尾下压,宽眼距,墨玉瞳,中鼻根,中直鼻梁,轻翘鼻头,小嘴,嘴角平直,右眉轻断,下颌突出脸（颈部线条收短），厚眉骨/中度眼窝，猫系眼·眼尾下压·宽眼距，中鼻根/中直鼻梁/轻翘鼻头，小嘴·嘴角平直，方下颌
FD02346,上宽下窄脸,颧部外扩,宽额,高眉骨,眼下饱满,外扩颧骨,轻凹面颊,柔和下颌,半睁懒眼,眼尾延展,宽眼距,环状虹膜,中高鼻根,柔和鼻梁,骨感鼻头,厚唇,嘴角平直,右眼下浅泪痣,上宽下窄脸（颧部外扩），高眉骨/眼下饱满，半睁懒眼·眼尾延展·宽眼距，中高鼻根/柔和鼻梁/骨感鼻头，厚唇·嘴角平直，柔和下颌
FD02347,幼态圆脸,中庭展宽,平直额,低眉骨,深眼窝,外扩颧骨,薄面颊,方下颌,鹰隼眼,眼尾下沉,标准眼距,碎裂虹膜,高鼻根,轻微偏右鼻梁,微钝鼻头,小嘴,嘴角上扬,耳后小痣,幼态圆脸（中庭展宽），低眉骨/深眼窝，鹰隼眼·眼尾下沉·标准眼距，高鼻根/轻微偏右鼻梁/微钝鼻头，小嘴·嘴角上扬，方下颌
FD02348,鹅蛋偏方,下庭收窄,高额,高眉骨,窄深眼窝,低颧骨,轻凹面颊,方下颌,宽杏眼,眼尾平直,标准眼距,星点虹膜,中高鼻根,轻微偏右鼻梁,肉感鼻头,上薄下厚,单侧上扬,眉心竖纹浅痕,鹅蛋偏方（下庭收窄），高眉骨/窄深眼窝，宽杏眼·眼尾平直·标准眼距，中高鼻根/轻微偏右鼻梁/肉感鼻头，上薄下厚·单侧上扬，方下颌
FD02349,心形脸,颧部外扩,微凸额,柔和眉骨,浅眼窝,低颧骨,幼态柔软面颊,宽下颌,少年圆眼,眼尾下沉,窄眼距,琥珀瞳,中鼻根,轻微偏左鼻梁,骨感鼻头,上薄下厚,嘴角上扬,耳后小痣,心形脸（颧部外扩），柔和眉骨/浅眼窝，少年圆眼·眼尾下沉·窄眼距，中鼻根/轻微偏左鼻梁/骨感鼻头，上薄下厚·嘴角上扬，宽下颌
FD02350,骨感菱形,上庭收窄,骨感额,压迫感眉骨,窄深眼窝,低颧骨,薄面颊,方下颌,猫系眼,眼尾下压,标准眼距,淡金瞳,中鼻根,柔和鼻梁,肉感鼻头,宽嘴,单侧上扬,单侧酒窝,骨感菱形（上庭收窄），压迫感眉骨/窄深眼窝，猫系眼·眼尾下压·标准眼距，中鼻根/柔和鼻梁/肉感鼻头，宽嘴·单侧上扬，方下颌
FD02351,方菱过渡脸,偏柔圆润,低额,内侧突出眉骨,窄深眼窝,低颧骨,幼态柔软面颊,骨感下颌,少年圆眼,眼尾延展,窄眼距,淡金瞳,窄鼻根,轻鹰钩鼻梁,下压鼻头,平直唇,嘴角紧收,右眼下浅泪痣,方菱过渡脸（偏柔圆润），内侧突出眉骨/窄深眼窝，少年圆眼·眼尾延展·窄眼距，窄鼻根/轻鹰钩鼻梁/下压鼻头，平直唇·嘴角紧收，骨感下颌
FD02352,鹅蛋偏方,骨点内敛,骨感额,内侧突出眉骨,浅眼窝,外扩颧骨,轻凹面颊,宽下颌,蛇系眼,眼尾明显挑,窄眼距,墨玉瞳,宽鼻根,微弧鼻梁,肉感鼻头,小嘴,嘴角紧收,环状虹膜,鹅蛋偏方（骨点内敛），内侧突出眉骨/浅眼窝，蛇系眼·眼尾明显挑·窄眼距，宽鼻根/微弧鼻梁/肉感鼻头，小嘴·嘴角紧收，宽下颌
FD02353,宽菱形,上庭展开,宽额,压迫感眉骨,浅眼窝,宽颧骨,成熟收紧面颊,收敛下颌,上扬凤眼,眼尾微挑,标准眼距,浅褐瞳,中鼻根,轻微偏右鼻梁,肉感鼻头,小嘴,嘴角平直,右眼下浅泪痣,宽菱形（上庭展开），压迫感眉骨/浅眼窝，上扬凤眼·眼尾微挑·标准眼距，中鼻根/轻微偏右鼻梁/肉感鼻头，小嘴·嘴角平直，收敛下颌
FD02354,鹅蛋偏方,偏柔圆润,窄额,厚眉骨,眼下饱满,宽颧骨,成熟收紧面颊,明显下颌角,少年圆眼,眼尾下压,窄眼距,异色瞳,中鼻根,微弧鼻梁,方圆鼻头,弓形唇,嘴角平直,耳后小痣,鹅蛋偏方（偏柔圆润），厚眉骨/眼下饱满，少年圆眼·眼尾下压·窄眼距，中鼻根/微弧鼻梁/方圆鼻头，弓形唇·嘴角平直，明显下颌角
FD02355,倒梯形脸,骨点内敛,宽额,内侧突出眉骨,眼下饱满,窄颧骨,成熟收紧面颊,收敛下颌,平直杏眼,眼尾延展,窄眼距,碎裂虹膜,宽鼻根,轻微偏右鼻梁,微钝鼻头,上薄下厚,单侧上扬,双侧酒窝,倒梯形脸（骨点内敛），内侧突出眉骨/眼下饱满，平直杏眼·眼尾延展·窄眼距，宽鼻根/轻微偏右鼻梁/微钝鼻头，上薄下厚·单侧上扬，收敛下颌
FD02356,双颌匀称脸,中轴微长,骨感额,高眉骨,窄深眼窝,外扩颧骨,幼态柔软面颊,窄下颌,柳叶眼,眼尾下压,标准眼距,碎裂虹膜,中高鼻根,微弧鼻梁,微钝鼻头,成熟长唇,嘴角紧收,眉心竖纹浅痕,双颌匀称脸（中轴微长），高眉骨/窄深眼窝，柳叶眼·眼尾下压·标准眼距，中高鼻根/微弧鼻梁/微钝鼻头，成熟长唇·嘴角紧收，窄下颌
FD02357,骨感方脸,中庭展宽,骨感额,厚眉骨,中度眼窝,外扩颧骨,饱满面颊,宽下颌,少年圆眼,眼尾下沉,标准眼距,碎裂虹膜,高鼻根,轻鹰钩鼻梁,轻翘鼻头,成熟长唇,嘴角平直,左颊浅疤,骨感方脸（中庭展宽），厚眉骨/中度眼窝，少年圆眼·眼尾下沉·标准眼距，高鼻根/轻鹰钩鼻梁/轻翘鼻头，成熟长唇·嘴角平直，宽下颌
FD02358,下颌突出脸,面中立体化,窄额,外侧突出眉骨,浅眼窝,柔和颧骨,饱满面颊,骨感下颌,下垂眼,眼尾下压,宽眼距,墨玉瞳,宽鼻根,轻鹰钩鼻梁,肉感鼻头,成熟长唇,嘴角上扬,耳后小痣,下颌突出脸（面中立体化），外侧突出眉骨/浅眼窝，下垂眼·眼尾下压·宽眼距，宽鼻根/轻鹰钩鼻梁/肉感鼻头，成熟长唇·嘴角上扬，骨感下颌
FD02359,倒三角脸,颧部微收,高额,高眉骨,窄深眼窝,低颧骨,幼态柔软面颊,窄下颌,短杏眼,眼尾下沉,标准眼距,墨玉瞳,中高鼻根,中直鼻梁,窄翼鼻头,厚唇,单侧上扬,眼睑褶皱不对称,倒三角脸（颧部微收），高眉骨/窄深眼窝，短杏眼·眼尾下沉·标准眼距，中高鼻根/中直鼻梁/窄翼鼻头，厚唇·单侧上扬，窄下颌
FD02360,长圆脸,偏锐收窄,骨感额,薄眉骨,眼下骨感,低颧骨,薄面颊,宽下颌,少年圆眼,眼尾下沉,标准眼距,琥珀瞳,窄鼻根,宽骨鼻梁,窄翼鼻头,平直唇,嘴角紧收,双侧酒窝,长圆脸（偏锐收窄），薄眉骨/眼下骨感，少年圆眼·眼尾下沉·标准眼距，窄鼻根/宽骨鼻梁/窄翼鼻头，平直唇·嘴角紧收，宽下颌
FD02361,圆脸,偏锐收窄,高额,高眉骨,浅眼窝,宽颧骨,幼态柔软面颊,方下颌,短杏眼,眼尾明显挑,窄眼距,淡金瞳,中高鼻根,高直鼻梁,肉感鼻头,薄唇,嘴角紧收,鼻梁旧伤,圆脸（偏锐收窄），高眉骨/浅眼窝，短杏眼·眼尾明显挑·窄眼距，中高鼻根/高直鼻梁/肉感鼻头，薄唇·嘴角紧收，方下颌
FD02362,颧部展开脸,骨点内敛,高额,厚眉骨,眼下饱满,宽颧骨,薄面颊,圆方下颌,成熟长眼,眼尾下沉,窄眼距,墨玉瞳,高鼻根,轻微偏右鼻梁,肉感鼻头,平直唇,嘴角紧收,右眉轻断,颧部展开脸（骨点内敛），厚眉骨/眼下饱满，成熟长眼·眼尾下沉·窄眼距，高鼻根/轻微偏右鼻梁/肉感鼻头，平直唇·嘴角紧收，圆方下颌
FD02363,骨感窄脸,下颌线清晰化,高额,低眉骨,浅眼窝,低颧骨,饱满面颊,柔和下颌,短圆杏眼,眼尾平直,标准眼距,淡金瞳,中高鼻根,轻微偏左鼻梁,下压鼻头,上厚下薄,单侧上扬,左颊浅疤,骨感窄脸（下颌线清晰化），低眉骨/浅眼窝，短圆杏眼·眼尾平直·标准眼距，中高鼻根/轻微偏左鼻梁/下压鼻头，上厚下薄·单侧上扬，柔和下颌
FD02364,标准菱形,骨点外显,骨感额,高眉骨,深眼窝,低颧骨,成熟收紧面颊,收敛下颌,狭长瑞凤眼,眼尾微挑,宽眼距,深色瞳,中鼻根,柔和鼻梁,方圆鼻头,平直唇,嘴角紧收,右眉轻断,标准菱形（骨点外显），高眉骨/深眼窝，狭长瑞凤眼·眼尾微挑·宽眼距，中鼻根/柔和鼻梁/方圆鼻头，平直唇·嘴角紧收，收敛下颌
FD02365,宽方脸,颌角强调,平直额,外侧突出眉骨,窄深眼窝,柔和颧骨,轻凹面颊,窄下颌,狐狸系眼,眼尾下沉,宽眼距,淡金瞳,高鼻根,高直鼻梁,下压鼻头,小嘴,嘴角上扬,眼角小痣,宽方脸（颌角强调），外侧突出眉骨/窄深眼窝，狐狸系眼·眼尾下沉·宽眼距，高鼻根/高直鼻梁/下压鼻头，小嘴·嘴角上扬，窄下颌
FD02366,颧部展开脸,下庭收窄,平直额,高眉骨,深眼窝,宽颧骨,饱满面颊,明显下颌角,宽杏眼,眼尾下沉,窄眼距,深色瞳,中鼻根,宽骨鼻梁,轻翘鼻头,成熟长唇,嘴角下垂,碎裂虹膜,颧部展开脸（下庭收窄），高眉骨/深眼窝，宽杏眼·眼尾下沉·窄眼距，中鼻根/宽骨鼻梁/轻翘鼻头，成熟长唇·嘴角下垂，明显下颌角
FD02367,长圆脸,中轴微长,骨感额,外侧突出眉骨,深眼窝,低颧骨,薄面颊,圆方下颌,狐狸系眼,眼尾延展,标准眼距,淡金瞳,中高鼻根,柔和鼻梁,下压鼻头,上厚下薄,嘴角上扬,下颌浅疤,长圆脸（中轴微长），外侧突出眉骨/深眼窝，狐狸系眼·眼尾延展·标准眼距，中高鼻根/柔和鼻梁/下压鼻头，上厚下薄·嘴角上扬，圆方下颌
FD02368,短鹅蛋脸,偏锐收窄,宽额,柔和眉骨,眼下骨感,低颧骨,幼态柔软面颊,圆方下颌,平直杏眼,眼尾延展,标准眼距,浅褐瞳,低鼻根,轻微偏右鼻梁,骨感鼻头,厚唇,嘴角下垂,唇下小痣,短鹅蛋脸（偏锐收窄），柔和眉骨/眼下骨感，平直杏眼·眼尾延展·标准眼距，低鼻根/轻微偏右鼻梁/骨感鼻头，厚唇·嘴角下垂，圆方下颌
FD02369,骨感方脸,中轴收紧,高额,薄眉骨,深眼窝,低颧骨,幼态柔软面颊,柔和下颌,鹿系眼,眼尾延展,标准眼距,琥珀瞳,低鼻根,宽骨鼻梁,小圆鼻头,上厚下薄,嘴角紧收,单侧酒窝,骨感方脸（中轴收紧），薄眉骨/深眼窝，鹿系眼·眼尾延展·标准眼距，低鼻根/宽骨鼻梁/小圆鼻头，上厚下薄·嘴角紧收，柔和下颌
FD02370,长鹅蛋脸,下颌线清晰化,微凸额,薄眉骨,宽浅眼窝,柔和颧骨,饱满面颊,明显下颌角,短圆杏眼,眼尾下压,宽眼距,深色瞳,中鼻根,中直鼻梁,窄翼鼻头,宽嘴,单侧上扬,双侧酒窝,长鹅蛋脸（下颌线清晰化），薄眉骨/宽浅眼窝，短圆杏眼·眼尾下压·宽眼距，中鼻根/中直鼻梁/窄翼鼻头，宽嘴·单侧上扬，明显下颌角
FD02371,短圆脸,颈部线条延长,窄额,外侧突出眉骨,眼下饱满,窄颧骨,成熟收紧面颊,方下颌,猫系眼,眼尾平直,宽眼距,环状虹膜,中鼻根,轻微偏右鼻梁,轻翘鼻头,上薄下厚,单侧上扬,颈侧细疤,短圆脸（颈部线条延长），外侧突出眉骨/眼下饱满，猫系眼·眼尾平直·宽眼距，中鼻根/轻微偏右鼻梁/轻翘鼻头，上薄下厚·单侧上扬，方下颌
FD02372,短鹅蛋脸,面中平缓,宽额,低眉骨,窄深眼窝,窄颧骨,轻凹面颊,宽下颌,狼系眼,眼尾下压,宽眼距,琥珀瞳,中高鼻根,高直鼻梁,窄翼鼻头,成熟长唇,嘴角平直,眉心竖纹浅痕,短鹅蛋脸（面中平缓），低眉骨/窄深眼窝，狼系眼·眼尾下压·宽眼距，中高鼻根/高直鼻梁/窄翼鼻头，成熟长唇·嘴角平直，宽下颌
FD02373,圆脸,中庭拉长,高额,高眉骨,窄深眼窝,宽颧骨,成熟收紧面颊,宽下颌,半睁懒眼,眼尾下压,窄眼距,深色瞳,高鼻根,微弧鼻梁,肉感鼻头,宽嘴,单侧上扬,瞳孔残缺,圆脸（中庭拉长），高眉骨/窄深眼窝，半睁懒眼·眼尾下压·窄眼距，高鼻根/微弧鼻梁/肉感鼻头，宽嘴·单侧上扬，宽下颌
FD02374,长菱形,面中立体化,宽额,压迫感眉骨,深眼窝,宽颧骨,轻凹面颊,骨感下颌,短杏眼,眼尾平直,标准眼距,异色瞳,高鼻根,高直鼻梁,方圆鼻头,上薄下厚,嘴角下垂,唇下小痣,长菱形（面中立体化），压迫感眉骨/深眼窝，短杏眼·眼尾平直·标准眼距，高鼻根/高直鼻梁/方圆鼻头，上薄下厚·嘴角下垂，骨感下颌
FD02375,长方脸,颈部线条收短,骨感额,低眉骨,眼下骨感,窄颧骨,饱满面颊,柔和下颌,窄杏眼,眼尾下沉,标准眼距,灰蓝瞳,窄鼻根,微弧鼻梁,轻翘鼻头,上厚下薄,嘴角平直,环状虹膜,长方脸（颈部线条收短），低眉骨/眼下骨感，窄杏眼·眼尾下沉·标准眼距，窄鼻根/微弧鼻梁/轻翘鼻头，上厚下薄·嘴角平直，柔和下颌
FD02376,上窄下宽脸,颧部外扩,饱满额,外侧突出眉骨,窄深眼窝,低颧骨,成熟收紧面颊,明显下颌角,平凤眼,眼尾明显挑,标准眼距,环状虹膜,中高鼻根,轻微偏右鼻梁,微钝鼻头,厚唇,嘴角上扬,单侧酒窝,上窄下宽脸（颧部外扩），外侧突出眉骨/窄深眼窝，平凤眼·眼尾明显挑·标准眼距，中高鼻根/轻微偏右鼻梁/微钝鼻头，厚唇·嘴角上扬，明显下颌角
FD02377,方鹅蛋脸,颧部外扩,骨感额,低眉骨,眼下骨感,高颧骨,成熟收紧面颊,圆方下颌,蛇系眼,眼尾下压,标准眼距,淡金瞳,窄鼻根,中直鼻梁,轻翘鼻头,厚唇,嘴角平直,单侧酒窝,方鹅蛋脸（颧部外扩），低眉骨/眼下骨感，蛇系眼·眼尾下压·标准眼距，窄鼻根/中直鼻梁/轻翘鼻头，厚唇·嘴角平直，圆方下颌
FD02378,幼态圆脸,颈部线条延长,窄额,内侧突出眉骨,宽浅眼窝,柔和颧骨,薄面颊,骨感下颌,狭长眼,眼尾平直,窄眼距,灰蓝瞳,中鼻根,宽骨鼻梁,小圆鼻头,弓形唇,嘴角上扬,眉尾旧疤,幼态圆脸（颈部线条延长），内侧突出眉骨/宽浅眼窝，狭长眼·眼尾平直·窄眼距，中鼻根/宽骨鼻梁/小圆鼻头，弓形唇·嘴角上扬，骨感下颌
FD02379,肉感短脸,骨点外显,高额,厚眉骨,深眼窝,低颧骨,轻凹面颊,窄下颌,狼系眼,眼尾延展,标准眼距,淡金瞳,宽鼻根,中直鼻梁,骨感鼻头,厚唇,嘴角上扬,眉上小疤,肉感短脸（骨点外显），厚眉骨/深眼窝，狼系眼·眼尾延展·标准眼距，宽鼻根/中直鼻梁/骨感鼻头，厚唇·嘴角上扬，窄下颌
FD02380,长心形脸,颧部外扩,高额,薄眉骨,眼下骨感,低颧骨,成熟收紧面颊,宽下颌,狼系眼,眼尾延展,宽眼距,环状虹膜,窄鼻根,微弧鼻梁,肉感鼻头,平直唇,嘴角上扬,耳后小痣,长心形脸（颧部外扩），薄眉骨/眼下骨感，狼系眼·眼尾延展·宽眼距，窄鼻根/微弧鼻梁/肉感鼻头，平直唇·嘴角上扬，宽下颌
FD02381,宽心形脸,面中立体化,骨感额,柔和眉骨,眼下骨感,高颧骨,轻凹面颊,骨感下颌,圆长眼,眼尾下压,宽眼距,琥珀瞳,中鼻根,微弧鼻梁,方圆鼻头,弓形唇,嘴角紧收,唇下小痣,宽心形脸（面中立体化），柔和眉骨/眼下骨感，圆长眼·眼尾下压·宽眼距，中鼻根/微弧鼻梁/方圆鼻头，弓形唇·嘴角紧收，骨感下颌
FD02382,下颌突出脸,中轴收紧,骨感额,厚眉骨,窄深眼窝,窄颧骨,成熟收紧面颊,骨感下颌,猫系眼,眼尾平直,窄眼距,墨玉瞳,中高鼻根,柔和鼻梁,微钝鼻头,上薄下厚,嘴角紧收,无标志,下颌突出脸（中轴收紧），厚眉骨/窄深眼窝，猫系眼·眼尾平直·窄眼距，中高鼻根/柔和鼻梁/微钝鼻头，上薄下厚·嘴角紧收，骨感下颌
FD02383,正梯形脸,中庭展宽,饱满额,内侧突出眉骨,宽浅眼窝,窄颧骨,轻凹面颊,圆方下颌,鹿系眼,眼尾微挑,宽眼距,墨玉瞳,低鼻根,轻微偏右鼻梁,下压鼻头,厚唇,嘴角紧收,瞳孔残缺,正梯形脸（中庭展宽），内侧突出眉骨/宽浅眼窝，鹿系眼·眼尾微挑·宽眼距，低鼻根/轻微偏右鼻梁/下压鼻头，厚唇·嘴角紧收，圆方下颌
FD02384,长圆脸,上庭收窄,宽额,外侧突出眉骨,深眼窝,窄颧骨,成熟收紧面颊,骨感下颌,狭长瑞凤眼,眼尾明显挑,标准眼距,星点虹膜,窄鼻根,高直鼻梁,下压鼻头,宽嘴,嘴角上扬,颈侧细疤,长圆脸（上庭收窄），外侧突出眉骨/深眼窝，狭长瑞凤眼·眼尾明显挑·标准眼距，窄鼻根/高直鼻梁/下压鼻头，宽嘴·嘴角上扬，骨感下颌
FD02385,窄方脸,颌角强调,高额,外侧突出眉骨,眼下骨感,高颧骨,饱满面颊,圆方下颌,鹤系眼,眼尾下沉,窄眼距,异色瞳,低鼻根,微弧鼻梁,肉感鼻头,弓形唇,嘴角上扬,右眉轻断,窄方脸（颌角强调），外侧突出眉骨/眼下骨感，鹤系眼·眼尾下沉·窄眼距，低鼻根/微弧鼻梁/肉感鼻头，弓形唇·嘴角上扬，圆方下颌
FD02386,上宽下窄脸,中庭展宽,低额,低眉骨,眼下饱满,高颧骨,成熟收紧面颊,宽下颌,圆长眼,眼尾微挑,窄眼距,异色瞳,中高鼻根,轻微偏左鼻梁,轻翘鼻头,小嘴,嘴角上扬,耳后小痣,上宽下窄脸（中庭展宽），低眉骨/眼下饱满，圆长眼·眼尾微挑·窄眼距，中高鼻根/轻微偏左鼻梁/轻翘鼻头，小嘴·嘴角上扬，宽下颌
FD02387,方菱过渡脸,颈部线条收短,微凸额,压迫感眉骨,中度眼窝,外扩颧骨,幼态柔软面颊,圆方下颌,蛇系眼,眼尾下沉,宽眼距,星点虹膜,高鼻根,轻微偏右鼻梁,下压鼻头,上厚下薄,嘴角平直,右眉轻断,方菱过渡脸（颈部线条收短），压迫感眉骨/中度眼窝，蛇系眼·眼尾下沉·宽眼距，高鼻根/轻微偏右鼻梁/下压鼻头，上厚下薄·嘴角平直，圆方下颌
FD02388,柔和菱形,骨点外显,低额,低眉骨,眼下饱满,窄颧骨,轻凹面颊,窄下颌,窄杏眼,眼尾平直,窄眼距,星点虹膜,高鼻根,高直鼻梁,小圆鼻头,上厚下薄,嘴角紧收,颈侧细疤,柔和菱形（骨点外显），低眉骨/眼下饱满，窄杏眼·眼尾平直·窄眼距，高鼻根/高直鼻梁/小圆鼻头，上厚下薄·嘴角紧收，窄下颌
FD02389,方鹅蛋脸,上庭收窄,微凸额,低眉骨,中度眼窝,宽颧骨,薄面颊,窄下颌,狼系眼,眼尾平直,窄眼距,墨玉瞳,低鼻根,轻微偏右鼻梁,小圆鼻头,平直唇,嘴角下垂,唇下小痣,方鹅蛋脸（上庭收窄），低眉骨/中度眼窝，狼系眼·眼尾平直·窄眼距，低鼻根/轻微偏右鼻梁/小圆鼻头，平直唇·嘴角下垂，窄下颌
FD02390,幼态方脸,中庭拉长,骨感额,柔和眉骨,眼下饱满,高颧骨,成熟收紧面颊,宽下颌,圆长眼,眼尾微挑,宽眼距,碎裂虹膜,中鼻根,轻微偏右鼻梁,轻翘鼻头,厚唇,嘴角紧收,唇下小痣,幼态方脸（中庭拉长），柔和眉骨/眼下饱满，圆长眼·眼尾微挑·宽眼距，中鼻根/轻微偏右鼻梁/轻翘鼻头，厚唇·嘴角紧收，宽下颌
FD02391,柔和菱形,颈部线条延长,饱满额,高眉骨,宽浅眼窝,高颧骨,薄面颊,宽下颌,瑞凤眼,眼尾下沉,标准眼距,墨玉瞳,中高鼻根,高直鼻梁,小圆鼻头,上薄下厚,单侧上扬,瞳孔残缺,柔和菱形（颈部线条延长），高眉骨/宽浅眼窝，瑞凤眼·眼尾下沉·标准眼距，中高鼻根/高直鼻梁/小圆鼻头，上薄下厚·单侧上扬，宽下颌
FD02392,骨感菱形,面中平缓,高额,厚眉骨,眼下骨感,宽颧骨,成熟收紧面颊,柔和下颌,少年圆眼,眼尾延展,标准眼距,浅褐瞳,高鼻根,轻微偏左鼻梁,下压鼻头,小嘴,嘴角平直,耳后小痣,骨感菱形（面中平缓），厚眉骨/眼下骨感，少年圆眼·眼尾延展·标准眼距，高鼻根/轻微偏左鼻梁/下压鼻头，小嘴·嘴角平直，柔和下颌
FD02393,短鹅蛋脸,偏柔圆润,低额,柔和眉骨,宽浅眼窝,高颧骨,薄面颊,柔和下颌,长杏眼,眼尾平直,窄眼距,异色瞳,低鼻根,轻鹰钩鼻梁,窄翼鼻头,小嘴,嘴角紧收,双侧酒窝,短鹅蛋脸（偏柔圆润），柔和眉骨/宽浅眼窝，长杏眼·眼尾平直·窄眼距，低鼻根/轻鹰钩鼻梁/窄翼鼻头，小嘴·嘴角紧收，柔和下颌
FD02394,标准菱形,颊部略凹,平直额,薄眉骨,深眼窝,高颧骨,饱满面颊,柔和下颌,鹿系眼,眼尾平直,宽眼距,星点虹膜,高鼻根,中直鼻梁,肉感鼻头,小嘴,嘴角下垂,眼睑褶皱不对称,标准菱形（颊部略凹），薄眉骨/深眼窝，鹿系眼·眼尾平直·宽眼距，高鼻根/中直鼻梁/肉感鼻头，小嘴·嘴角下垂，柔和下颌
FD02395,下颌突出脸,颧部外扩,微凸额,柔和眉骨,窄深眼窝,柔和颧骨,薄面颊,明显下颌角,下垂眼,眼尾微挑,标准眼距,深色瞳,中鼻根,微弧鼻梁,骨感鼻头,宽嘴,嘴角紧收,下颌浅疤,下颌突出脸（颧部外扩），柔和眉骨/窄深眼窝，下垂眼·眼尾微挑·标准眼距，中鼻根/微弧鼻梁/骨感鼻头，宽嘴·嘴角紧收，明显下颌角
FD02396,上窄下宽脸,面中立体化,窄额,高眉骨,浅眼窝,外扩颧骨,薄面颊,明显下颌角,冷感眼,眼尾下沉,宽眼距,灰蓝瞳,中高鼻根,轻微偏右鼻梁,小圆鼻头,上薄下厚,嘴角紧收,环状虹膜,上窄下宽脸（面中立体化），高眉骨/浅眼窝，冷感眼·眼尾下沉·宽眼距，中高鼻根/轻微偏右鼻梁/小圆鼻头，上薄下厚·嘴角紧收，明显下颌角
FD02397,长圆脸,偏锐收窄,微凸额,柔和眉骨,浅眼窝,柔和颧骨,薄面颊,柔和下颌,半睁懒眼,眼尾微挑,标准眼距,浅褐瞳,低鼻根,高直鼻梁,微钝鼻头,小嘴,单侧上扬,碎裂虹膜,长圆脸（偏锐收窄），柔和眉骨/浅眼窝，半睁懒眼·眼尾微挑·标准眼距，低鼻根/高直鼻梁/微钝鼻头，小嘴·单侧上扬，柔和下颌
FD02398,倒三角脸,偏柔圆润,骨感额,柔和眉骨,眼下饱满,高颧骨,饱满面颊,收敛下颌,鹰隼眼,眼尾平直,标准眼距,浅褐瞳,低鼻根,中直鼻梁,骨感鼻头,薄唇,嘴角下垂,左眼下浅泪痣,倒三角脸（偏柔圆润），柔和眉骨/眼下饱满，鹰隼眼·眼尾平直·标准眼距，低鼻根/中直鼻梁/骨感鼻头，薄唇·嘴角下垂，收敛下颌
FD02399,颧部展开脸,上庭收窄,窄额,低眉骨,窄深眼窝,宽颧骨,薄面颊,骨感下颌,狭长眼,眼尾平直,标准眼距,琥珀瞳,窄鼻根,微弧鼻梁,骨感鼻头,厚唇,嘴角下垂,左颊浅疤,颧部展开脸（上庭收窄），低眉骨/窄深眼窝，狭长眼·眼尾平直·标准眼距，窄鼻根/微弧鼻梁/骨感鼻头，厚唇·嘴角下垂，骨感下颌
FD02400,颧部展开脸,颈部线条收短,饱满额,内侧突出眉骨,中度眼窝,外扩颧骨,成熟收紧面颊,宽下颌,半睁懒眼,眼尾明显挑,标准眼距,浅褐瞳,低鼻根,轻微偏右鼻梁,窄翼鼻头,小嘴,嘴角紧收,碎裂虹膜,颧部展开脸（颈部线条收短），内侧突出眉骨/中度眼窝，半睁懒眼·眼尾明显挑·标准眼距，低鼻根/轻微偏右鼻梁/窄翼鼻头，小嘴·嘴角紧收，宽下颌
FD02401,短圆脸,骨点内敛,骨感额,外侧突出眉骨,眼下骨感,外扩颧骨,薄面颊,收敛下颌,短圆杏眼,眼尾延展,标准眼距,琥珀瞳,窄鼻根,中直鼻梁,小圆鼻头,上厚下薄,嘴角下垂,碎裂虹膜,短圆脸（骨点内敛），外侧突出眉骨/眼下骨感，短圆杏眼·眼尾延展·标准眼距，窄鼻根/中直鼻梁/小圆鼻头，上厚下薄·嘴角下垂，收敛下颌
FD02402,幼态方脸,中庭展宽,平直额,外侧突出眉骨,深眼窝,柔和颧骨,薄面颊,宽下颌,狼系眼,眼尾下压,标准眼距,异色瞳,中高鼻根,轻鹰钩鼻梁,骨感鼻头,薄唇,嘴角下垂,眼睑褶皱不对称,幼态方脸（中庭展宽），外侧突出眉骨/深眼窝，狼系眼·眼尾下压·标准眼距，中高鼻根/轻鹰钩鼻梁/骨感鼻头，薄唇·嘴角下垂，宽下颌
FD02403,成熟方脸,中庭展宽,低额,薄眉骨,浅眼窝,外扩颧骨,幼态柔软面颊,圆方下颌,短杏眼,眼尾延展,窄眼距,异色瞳,中鼻根,高直鼻梁,小圆鼻头,平直唇,嘴角紧收,无标志,成熟方脸（中庭展宽），薄眉骨/浅眼窝，短杏眼·眼尾延展·窄眼距，中鼻根/高直鼻梁/小圆鼻头，平直唇·嘴角紧收，圆方下颌
FD02404,心形脸,骨点外显,骨感额,低眉骨,宽浅眼窝,外扩颧骨,薄面颊,圆方下颌,短圆杏眼,眼尾延展,宽眼距,星点虹膜,宽鼻根,宽骨鼻梁,骨感鼻头,成熟长唇,嘴角平直,眉尾旧疤,心形脸（骨点外显），低眉骨/宽浅眼窝，短圆杏眼·眼尾延展·宽眼距，宽鼻根/宽骨鼻梁/骨感鼻头，成熟长唇·嘴角平直，圆方下颌
FD02405,鹅蛋偏心形,偏锐收窄,饱满额,压迫感眉骨,宽浅眼窝,外扩颧骨,幼态柔软面颊,收敛下颌,蛇系眼,眼尾明显挑,标准眼距,琥珀瞳,宽鼻根,轻微偏左鼻梁,小圆鼻头,上厚下薄,嘴角紧收,无标志,鹅蛋偏心形（偏锐收窄），压迫感眉骨/宽浅眼窝，蛇系眼·眼尾明显挑·标准眼距，宽鼻根/轻微偏左鼻梁/小圆鼻头，上厚下薄·嘴角紧收，收敛下颌
FD02406,骨感方脸,骨点外显,宽额,高眉骨,眼下骨感,高颧骨,成熟收紧面颊,柔和下颌,鹰隼眼,眼尾下沉,宽眼距,环状虹膜,宽鼻根,中直鼻梁,小圆鼻头,弓形唇,嘴角上扬,眉心竖纹浅痕,骨感方脸（骨点外显），高眉骨/眼下骨感，鹰隼眼·眼尾下沉·宽眼距，宽鼻根/中直鼻梁/小圆鼻头，弓形唇·嘴角上扬，柔和下颌
FD02407,成熟方脸,下颌线柔化,饱满额,压迫感眉骨,眼下饱满,外扩颧骨,饱满面颊,明显下颌角,成熟长眼,眼尾下压,窄眼距,墨玉瞳,低鼻根,宽骨鼻梁,轻翘鼻头,薄唇,嘴角紧收,异色瞳,成熟方脸（下颌线柔化），压迫感眉骨/眼下饱满，成熟长眼·眼尾下压·窄眼距，低鼻根/宽骨鼻梁/轻翘鼻头，薄唇·嘴角紧收，明显下颌角
FD02408,上宽下窄脸,面中立体化,宽额,压迫感眉骨,宽浅眼窝,低颧骨,成熟收紧面颊,圆方下颌,上扬凤眼,眼尾下压,标准眼距,碎裂虹膜,宽鼻根,中直鼻梁,骨感鼻头,弓形唇,嘴角下垂,颈侧细疤,上宽下窄脸（面中立体化），压迫感眉骨/宽浅眼窝，上扬凤眼·眼尾下压·标准眼距，宽鼻根/中直鼻梁/骨感鼻头，弓形唇·嘴角下垂，圆方下颌
FD02409,倒梯形脸,中轴微长,低额,高眉骨,浅眼窝,宽颧骨,轻凹面颊,方下颌,柳叶眼,眼尾下沉,宽眼距,琥珀瞳,中高鼻根,柔和鼻梁,小圆鼻头,上薄下厚,嘴角平直,无标志,倒梯形脸（中轴微长），高眉骨/浅眼窝，柳叶眼·眼尾下沉·宽眼距，中高鼻根/柔和鼻梁/小圆鼻头，上薄下厚·嘴角平直，方下颌
FD02410,上宽下窄脸,下庭加重,窄额,低眉骨,深眼窝,柔和颧骨,轻凹面颊,宽下颌,丹凤眼,眼尾延展,标准眼距,异色瞳,低鼻根,高直鼻梁,方圆鼻头,弓形唇,单侧上扬,眼角小痣,上宽下窄脸（下庭加重），低眉骨/深眼窝，丹凤眼·眼尾延展·标准眼距，低鼻根/高直鼻梁/方圆鼻头，弓形唇·单侧上扬，宽下颌
FD02411,上宽下窄脸,颧部微收,低额,厚眉骨,眼下骨感,柔和颧骨,薄面颊,收敛下颌,长杏眼,眼尾延展,宽眼距,灰蓝瞳,中鼻根,轻微偏左鼻梁,肉感鼻头,平直唇,嘴角平直,右眉轻断,上宽下窄脸（颧部微收），厚眉骨/眼下骨感，长杏眼·眼尾延展·宽眼距，中鼻根/轻微偏左鼻梁/肉感鼻头，平直唇·嘴角平直，收敛下颌
FD02412,颧部展开脸,颈部线条收短,低额,厚眉骨,浅眼窝,窄颧骨,薄面颊,明显下颌角,柳叶眼,眼尾明显挑,标准眼距,浅褐瞳,高鼻根,柔和鼻梁,微钝鼻头,上薄下厚,单侧上扬,右眼下浅泪痣,颧部展开脸（颈部线条收短），厚眉骨/浅眼窝，柳叶眼·眼尾明显挑·标准眼距，高鼻根/柔和鼻梁/微钝鼻头，上薄下厚·单侧上扬，明显下颌角
FD02413,宽方脸,颊部饱满,平直额,厚眉骨,宽浅眼窝,柔和颧骨,成熟收紧面颊,圆方下颌,鹤系眼,眼尾下压,窄眼距,淡金瞳,中高鼻根,宽骨鼻梁,骨感鼻头,宽嘴,单侧上扬,右眼下浅泪痣,宽方脸（颊部饱满），厚眉骨/宽浅眼窝，鹤系眼·眼尾下压·窄眼距，中高鼻根/宽骨鼻梁/骨感鼻头，宽嘴·单侧上扬，圆方下颌
FD02414,骨感窄脸,下颌线柔化,微凸额,柔和眉骨,眼下骨感,外扩颧骨,饱满面颊,圆方下颌,上扬凤眼,眼尾下压,窄眼距,碎裂虹膜,中高鼻根,微弧鼻梁,微钝鼻头,上薄下厚,单侧上扬,右眼下浅泪痣,骨感窄脸（下颌线柔化），柔和眉骨/眼下骨感，上扬凤眼·眼尾下压·窄眼距，中高鼻根/微弧鼻梁/微钝鼻头，上薄下厚·单侧上扬，圆方下颌
FD02415,短圆脸,颌角弱化,低额,薄眉骨,宽浅眼窝,高颧骨,幼态柔软面颊,明显下颌角,上扬凤眼,眼尾下压,标准眼距,星点虹膜,窄鼻根,宽骨鼻梁,骨感鼻头,上厚下薄,单侧上扬,单侧酒窝,短圆脸（颌角弱化），薄眉骨/宽浅眼窝，上扬凤眼·眼尾下压·标准眼距，窄鼻根/宽骨鼻梁/骨感鼻头，上厚下薄·单侧上扬，明显下颌角
FD02416,骨感窄脸,中庭展宽,低额,高眉骨,窄深眼窝,低颧骨,饱满面颊,收敛下颌,平直杏眼,眼尾微挑,标准眼距,异色瞳,宽鼻根,轻微偏右鼻梁,肉感鼻头,成熟长唇,单侧上扬,额角旧痕,骨感窄脸（中庭展宽），高眉骨/窄深眼窝，平直杏眼·眼尾微挑·标准眼距，宽鼻根/轻微偏右鼻梁/肉感鼻头，成熟长唇·单侧上扬，收敛下颌
FD02417,短方脸,下颌线柔化,微凸额,薄眉骨,眼下饱满,外扩颧骨,幼态柔软面颊,宽下颌,平直杏眼,眼尾明显挑,宽眼距,淡金瞳,高鼻根,中直鼻梁,肉感鼻头,上厚下薄,嘴角平直,右眼下浅泪痣,短方脸（下颌线柔化），薄眉骨/眼下饱满，平直杏眼·眼尾明显挑·宽眼距，高鼻根/中直鼻梁/肉感鼻头，上厚下薄·嘴角平直，宽下颌
FD02418,正梯形脸,中轴收紧,高额,厚眉骨,宽浅眼窝,低颧骨,成熟收紧面颊,柔和下颌,圆长眼,眼尾微挑,宽眼距,浅褐瞳,窄鼻根,中直鼻梁,下压鼻头,成熟长唇,嘴角上扬,左颊浅疤,正梯形脸（中轴收紧），厚眉骨/宽浅眼窝，圆长眼·眼尾微挑·宽眼距，窄鼻根/中直鼻梁/下压鼻头，成熟长唇·嘴角上扬，柔和下颌
FD02419,圆方脸,下庭收窄,骨感额,高眉骨,宽浅眼窝,低颧骨,幼态柔软面颊,圆方下颌,长杏眼,眼尾明显挑,窄眼距,环状虹膜,中高鼻根,轻微偏左鼻梁,下压鼻头,厚唇,嘴角上扬,无标志,圆方脸（下庭收窄），高眉骨/宽浅眼窝，长杏眼·眼尾明显挑·窄眼距，中高鼻根/轻微偏左鼻梁/下压鼻头，厚唇·嘴角上扬，圆方下颌
FD02420,标准菱形,骨点外显,宽额,低眉骨,窄深眼窝,柔和颧骨,幼态柔软面颊,方下颌,宽杏眼,眼尾平直,窄眼距,碎裂虹膜,中高鼻根,高直鼻梁,方圆鼻头,小嘴,嘴角平直,左眼下浅泪痣,标准菱形（骨点外显），低眉骨/窄深眼窝，宽杏眼·眼尾平直·窄眼距，中高鼻根/高直鼻梁/方圆鼻头，小嘴·嘴角平直，方下颌
FD02421,上宽下窄脸,偏锐收窄,窄额,外侧突出眉骨,宽浅眼窝,宽颧骨,幼态柔软面颊,柔和下颌,半睁懒眼,眼尾平直,窄眼距,深色瞳,窄鼻根,轻鹰钩鼻梁,下压鼻头,上薄下厚,嘴角下垂,颈侧细疤,上宽下窄脸（偏锐收窄），外侧突出眉骨/宽浅眼窝，半睁懒眼·眼尾平直·窄眼距，窄鼻根/轻鹰钩鼻梁/下压鼻头，上薄下厚·嘴角下垂，柔和下颌
FD02422,倒三角脸,下颌线清晰化,高额,薄眉骨,宽浅眼窝,外扩颧骨,轻凹面颊,骨感下颌,上扬凤眼,眼尾下压,窄眼距,浅褐瞳,宽鼻根,中直鼻梁,肉感鼻头,平直唇,嘴角下垂,耳后小痣,倒三角脸（下颌线清晰化），薄眉骨/宽浅眼窝，上扬凤眼·眼尾下压·窄眼距，宽鼻根/中直鼻梁/肉感鼻头，平直唇·嘴角下垂，骨感下颌
FD02423,颧部展开脸,下庭收窄,饱满额,厚眉骨,眼下骨感,外扩颧骨,饱满面颊,窄下颌,鹿系眼,眼尾下压,窄眼距,墨玉瞳,低鼻根,轻微偏左鼻梁,小圆鼻头,宽嘴,嘴角平直,眉上小疤,颧部展开脸（下庭收窄），厚眉骨/眼下骨感，鹿系眼·眼尾下压·窄眼距，低鼻根/轻微偏左鼻梁/小圆鼻头，宽嘴·嘴角平直，窄下颌
FD02424,柔和菱形,面中立体化,宽额,外侧突出眉骨,窄深眼窝,外扩颧骨,饱满面颊,方下颌,宽杏眼,眼尾下沉,标准眼距,环状虹膜,高鼻根,轻微偏左鼻梁,轻翘鼻头,上厚下薄,嘴角紧收,眉尾旧疤,柔和菱形（面中立体化），外侧突出眉骨/窄深眼窝，宽杏眼·眼尾下沉·标准眼距，高鼻根/轻微偏左鼻梁/轻翘鼻头，上厚下薄·嘴角紧收，方下颌
FD02425,窄方脸,骨点内敛,平直额,柔和眉骨,眼下骨感,窄颧骨,成熟收紧面颊,收敛下颌,半睁懒眼,眼尾微挑,宽眼距,琥珀瞳,窄鼻根,轻微偏右鼻梁,下压鼻头,小嘴,嘴角上扬,瞳孔残缺,窄方脸（骨点内敛），柔和眉骨/眼下骨感，半睁懒眼·眼尾微挑·宽眼距，窄鼻根/轻微偏右鼻梁/下压鼻头，小嘴·嘴角上扬，收敛下颌
FD02426,心形脸,颌角强调,低额,高眉骨,中度眼窝,宽颧骨,轻凹面颊,窄下颌,平凤眼,眼尾下沉,窄眼距,淡金瞳,窄鼻根,柔和鼻梁,轻翘鼻头,宽嘴,嘴角上扬,无标志,心形脸（颌角强调），高眉骨/中度眼窝，平凤眼·眼尾下沉·窄眼距，窄鼻根/柔和鼻梁/轻翘鼻头，宽嘴·嘴角上扬，窄下颌
FD02427,上窄下宽脸,颌角强调,高额,厚眉骨,宽浅眼窝,低颧骨,薄面颊,圆方下颌,平凤眼,眼尾平直,标准眼距,碎裂虹膜,窄鼻根,高直鼻梁,轻翘鼻头,弓形唇,嘴角上扬,环状虹膜,上窄下宽脸（颌角强调），厚眉骨/宽浅眼窝，平凤眼·眼尾平直·标准眼距，窄鼻根/高直鼻梁/轻翘鼻头，弓形唇·嘴角上扬，圆方下颌
FD02428,长方脸,下庭收窄,骨感额,低眉骨,眼下饱满,宽颧骨,成熟收紧面颊,骨感下颌,鹤系眼,眼尾延展,宽眼距,灰蓝瞳,中高鼻根,柔和鼻梁,骨感鼻头,平直唇,嘴角上扬,指节薄茧,长方脸（下庭收窄），低眉骨/眼下饱满，鹤系眼·眼尾延展·宽眼距，中高鼻根/柔和鼻梁/骨感鼻头，平直唇·嘴角上扬，骨感下颌
FD02429,长心形脸,中轴收紧,骨感额,外侧突出眉骨,浅眼窝,宽颧骨,成熟收紧面颊,骨感下颌,疲惫眼,眼尾延展,窄眼距,深色瞳,低鼻根,轻微偏右鼻梁,方圆鼻头,小嘴,嘴角平直,额角旧痕,长心形脸（中轴收紧），外侧突出眉骨/浅眼窝，疲惫眼·眼尾延展·窄眼距，低鼻根/轻微偏右鼻梁/方圆鼻头，小嘴·嘴角平直，骨感下颌
FD02430,圆脸,下颌线清晰化,窄额,低眉骨,窄深眼窝,窄颧骨,幼态柔软面颊,窄下颌,上扬凤眼,眼尾延展,宽眼距,淡金瞳,高鼻根,轻微偏右鼻梁,窄翼鼻头,薄唇,嘴角上扬,单侧酒窝,圆脸（下颌线清晰化），低眉骨/窄深眼窝，上扬凤眼·眼尾延展·宽眼距，高鼻根/轻微偏右鼻梁/窄翼鼻头，薄唇·嘴角上扬，窄下颌
FD02431,颧部展开脸,颊部略凹,平直额,内侧突出眉骨,眼下骨感,外扩颧骨,饱满面颊,窄下颌,疲惫眼,眼尾下压,标准眼距,灰蓝瞳,高鼻根,宽骨鼻梁,方圆鼻头,厚唇,嘴角下垂,左眼下浅泪痣,颧部展开脸（颊部略凹），内侧突出眉骨/眼下骨感，疲惫眼·眼尾下压·标准眼距，高鼻根/宽骨鼻梁/方圆鼻头，厚唇·嘴角下垂，窄下颌
FD02432,下颌突出脸,中庭拉长,宽额,外侧突出眉骨,宽浅眼窝,宽颧骨,幼态柔软面颊,柔和下颌,成熟长眼,眼尾平直,窄眼距,琥珀瞳,中高鼻根,宽骨鼻梁,下压鼻头,弓形唇,嘴角紧收,下颌浅疤,下颌突出脸（中庭拉长），外侧突出眉骨/宽浅眼窝，成熟长眼·眼尾平直·窄眼距，中高鼻根/宽骨鼻梁/下压鼻头，弓形唇·嘴角紧收，柔和下颌
FD02433,长菱形,骨点内敛,宽额,厚眉骨,窄深眼窝,低颧骨,薄面颊,圆方下颌,平凤眼,眼尾下沉,窄眼距,琥珀瞳,宽鼻根,宽骨鼻梁,方圆鼻头,上厚下薄,单侧上扬,唇下小痣,长菱形（骨点内敛），厚眉骨/窄深眼窝，平凤眼·眼尾下沉·窄眼距，宽鼻根/宽骨鼻梁/方圆鼻头，上厚下薄·单侧上扬，圆方下颌
FD02434,窄方脸,颈部线条收短,微凸额,厚眉骨,眼下骨感,柔和颧骨,薄面颊,明显下颌角,冷感眼,眼尾延展,标准眼距,深色瞳,高鼻根,中直鼻梁,下压鼻头,上薄下厚,嘴角平直,碎裂虹膜,窄方脸（颈部线条收短），厚眉骨/眼下骨感，冷感眼·眼尾延展·标准眼距，高鼻根/中直鼻梁/下压鼻头，上薄下厚·嘴角平直，明显下颌角
FD02435,上宽下窄脸,颌角强调,平直额,压迫感眉骨,宽浅眼窝,宽颧骨,薄面颊,方下颌,上扬凤眼,眼尾下沉,窄眼距,深色瞳,低鼻根,轻鹰钩鼻梁,方圆鼻头,成熟长唇,嘴角紧收,环状虹膜,上宽下窄脸（颌角强调），压迫感眉骨/宽浅眼窝，上扬凤眼·眼尾下沉·窄眼距，低鼻根/轻鹰钩鼻梁/方圆鼻头，成熟长唇·嘴角紧收，方下颌
FD02436,宽心形脸,面中平缓,微凸额,薄眉骨,中度眼窝,窄颧骨,饱满面颊,柔和下颌,瑞凤眼,眼尾微挑,窄眼距,深色瞳,窄鼻根,轻微偏左鼻梁,肉感鼻头,宽嘴,嘴角紧收,眉上小疤,宽心形脸（面中平缓），薄眉骨/中度眼窝，瑞凤眼·眼尾微挑·窄眼距，窄鼻根/轻微偏左鼻梁/肉感鼻头，宽嘴·嘴角紧收，柔和下颌
FD02437,长鹅蛋脸,下颌线清晰化,窄额,外侧突出眉骨,窄深眼窝,柔和颧骨,薄面颊,骨感下颌,短圆杏眼,眼尾微挑,窄眼距,琥珀瞳,中高鼻根,高直鼻梁,轻翘鼻头,成熟长唇,嘴角平直,单侧虎牙,长鹅蛋脸（下颌线清晰化），外侧突出眉骨/窄深眼窝，短圆杏眼·眼尾微挑·窄眼距，中高鼻根/高直鼻梁/轻翘鼻头，成熟长唇·嘴角平直，骨感下颌
FD02438,方菱过渡脸,偏柔圆润,窄额,低眉骨,深眼窝,高颧骨,幼态柔软面颊,骨感下颌,狭长眼,眼尾明显挑,标准眼距,星点虹膜,低鼻根,微弧鼻梁,骨感鼻头,厚唇,嘴角上扬,无标志,方菱过渡脸（偏柔圆润），低眉骨/深眼窝，狭长眼·眼尾明显挑·标准眼距，低鼻根/微弧鼻梁/骨感鼻头，厚唇·嘴角上扬，骨感下颌
FD02439,宽方脸,中庭拉长,微凸额,低眉骨,深眼窝,窄颧骨,轻凹面颊,明显下颌角,柳叶眼,眼尾下沉,窄眼距,墨玉瞳,高鼻根,轻鹰钩鼻梁,小圆鼻头,厚唇,嘴角下垂,单侧酒窝,宽方脸（中庭拉长），低眉骨/深眼窝，柳叶眼·眼尾下沉·窄眼距，高鼻根/轻鹰钩鼻梁/小圆鼻头，厚唇·嘴角下垂，明显下颌角
FD02440,倒三角脸,下颌线清晰化,饱满额,内侧突出眉骨,宽浅眼窝,外扩颧骨,轻凹面颊,宽下颌,瑞凤眼,眼尾微挑,标准眼距,环状虹膜,窄鼻根,中直鼻梁,窄翼鼻头,平直唇,单侧上扬,右眼下浅泪痣,倒三角脸（下颌线清晰化），内侧突出眉骨/宽浅眼窝，瑞凤眼·眼尾微挑·标准眼距，窄鼻根/中直鼻梁/窄翼鼻头，平直唇·单侧上扬，宽下颌
FD02441,长圆脸,骨点外显,窄额,柔和眉骨,窄深眼窝,宽颧骨,薄面颊,圆方下颌,蛇系眼,眼尾平直,宽眼距,碎裂虹膜,低鼻根,中直鼻梁,骨感鼻头,宽嘴,嘴角上扬,眼角小痣,长圆脸（骨点外显），柔和眉骨/窄深眼窝，蛇系眼·眼尾平直·宽眼距，低鼻根/中直鼻梁/骨感鼻头，宽嘴·嘴角上扬，圆方下颌
FD02442,长菱形,骨点外显,窄额,压迫感眉骨,窄深眼窝,高颧骨,薄面颊,方下颌,鹿系眼,眼尾明显挑,标准眼距,异色瞳,中高鼻根,柔和鼻梁,方圆鼻头,上薄下厚,嘴角平直,无标志,长菱形（骨点外显），压迫感眉骨/窄深眼窝，鹿系眼·眼尾明显挑·标准眼距，中高鼻根/柔和鼻梁/方圆鼻头，上薄下厚·嘴角平直，方下颌
FD02443,长心形脸,上庭收窄,平直额,柔和眉骨,窄深眼窝,高颧骨,饱满面颊,方下颌,圆长眼,眼尾平直,窄眼距,环状虹膜,中鼻根,宽骨鼻梁,小圆鼻头,上薄下厚,嘴角平直,下颌浅疤,长心形脸（上庭收窄），柔和眉骨/窄深眼窝，圆长眼·眼尾平直·窄眼距，中鼻根/宽骨鼻梁/小圆鼻头，上薄下厚·嘴角平直，方下颌
FD02444,幼态方脸,颌角弱化,高额,薄眉骨,眼下饱满,宽颧骨,成熟收紧面颊,收敛下颌,桃花眼,眼尾下沉,宽眼距,淡金瞳,高鼻根,高直鼻梁,骨感鼻头,成熟长唇,嘴角紧收,单侧虎牙,幼态方脸（颌角弱化），薄眉骨/眼下饱满，桃花眼·眼尾下沉·宽眼距，高鼻根/高直鼻梁/骨感鼻头，成熟长唇·嘴角紧收，收敛下颌
FD02445,骨感方脸,颧部微收,饱满额,低眉骨,窄深眼窝,低颧骨,幼态柔软面颊,窄下颌,鹤系眼,眼尾下压,窄眼距,深色瞳,中鼻根,微弧鼻梁,窄翼鼻头,宽嘴,嘴角平直,单侧虎牙,骨感方脸（颧部微收），低眉骨/窄深眼窝，鹤系眼·眼尾下压·窄眼距，中鼻根/微弧鼻梁/窄翼鼻头，宽嘴·嘴角平直，窄下颌
FD02446,鹅蛋偏菱,颌角弱化,低额,内侧突出眉骨,中度眼窝,宽颧骨,幼态柔软面颊,柔和下颌,短圆杏眼,眼尾下沉,窄眼距,浅褐瞳,低鼻根,柔和鼻梁,肉感鼻头,成熟长唇,嘴角紧收,瞳孔残缺,鹅蛋偏菱（颌角弱化），内侧突出眉骨/中度眼窝，短圆杏眼·眼尾下沉·窄眼距，低鼻根/柔和鼻梁/肉感鼻头，成熟长唇·嘴角紧收，柔和下颌
FD02447,宽方脸,颌角弱化,饱满额,厚眉骨,浅眼窝,外扩颧骨,薄面颊,骨感下颌,平凤眼,眼尾平直,标准眼距,异色瞳,高鼻根,轻微偏左鼻梁,轻翘鼻头,上厚下薄,嘴角上扬,右眉轻断,宽方脸（颌角弱化），厚眉骨/浅眼窝，平凤眼·眼尾平直·标准眼距，高鼻根/轻微偏左鼻梁/轻翘鼻头，上厚下薄·嘴角上扬，骨感下颌
FD02448,长圆脸,中轴微长,高额,压迫感眉骨,宽浅眼窝,宽颧骨,轻凹面颊,明显下颌角,成熟长眼,眼尾明显挑,宽眼距,深色瞳,低鼻根,中直鼻梁,轻翘鼻头,厚唇,单侧上扬,碎裂虹膜,长圆脸（中轴微长），压迫感眉骨/宽浅眼窝，成熟长眼·眼尾明显挑·宽眼距，低鼻根/中直鼻梁/轻翘鼻头，厚唇·单侧上扬，明显下颌角
FD02449,幼态圆脸,下颌线清晰化,骨感额,薄眉骨,宽浅眼窝,低颧骨,薄面颊,圆方下颌,狼系眼,眼尾延展,窄眼距,星点虹膜,窄鼻根,宽骨鼻梁,轻翘鼻头,成熟长唇,嘴角上扬,鼻梁旧伤,幼态圆脸（下颌线清晰化），薄眉骨/宽浅眼窝，狼系眼·眼尾延展·窄眼距，窄鼻根/宽骨鼻梁/轻翘鼻头，成熟长唇·嘴角上扬，圆方下颌
FD02450,骨感窄脸,下颌线清晰化,饱满额,低眉骨,宽浅眼窝,宽颧骨,轻凹面颊,宽下颌,狭长瑞凤眼,眼尾下压,宽眼距,深色瞳,低鼻根,中直鼻梁,骨感鼻头,上厚下薄,嘴角平直,无标志,骨感窄脸（下颌线清晰化），低眉骨/宽浅眼窝，狭长瑞凤眼·眼尾下压·宽眼距，低鼻根/中直鼻梁/骨感鼻头，上厚下薄·嘴角平直，宽下颌
FD02451,窄鹅蛋脸,骨点内敛,窄额,低眉骨,窄深眼窝,高颧骨,成熟收紧面颊,方下颌,半睁懒眼,眼尾下压,标准眼距,深色瞳,高鼻根,中直鼻梁,轻翘鼻头,平直唇,嘴角上扬,环状虹膜,窄鹅蛋脸（骨点内敛），低眉骨/窄深眼窝，半睁懒眼·眼尾下压·标准眼距，高鼻根/中直鼻梁/轻翘鼻头，平直唇·嘴角上扬，方下颌
FD02452,宽心形脸,上庭展开,微凸额,外侧突出眉骨,眼下饱满,外扩颧骨,薄面颊,窄下颌,下垂眼,眼尾下沉,宽眼距,环状虹膜,中鼻根,宽骨鼻梁,方圆鼻头,薄唇,嘴角上扬,眉心竖纹浅痕,宽心形脸（上庭展开），外侧突出眉骨/眼下饱满，下垂眼·眼尾下沉·宽眼距，中鼻根/宽骨鼻梁/方圆鼻头，薄唇·嘴角上扬，窄下颌
FD02453,肉感短脸,颊部饱满,骨感额,压迫感眉骨,眼下骨感,宽颧骨,轻凹面颊,骨感下颌,少年圆眼,眼尾下沉,宽眼距,琥珀瞳,中鼻根,轻微偏右鼻梁,窄翼鼻头,宽嘴,嘴角平直,指节薄茧,肉感短脸（颊部饱满），压迫感眉骨/眼下骨感，少年圆眼·眼尾下沉·宽眼距，中鼻根/轻微偏右鼻梁/窄翼鼻头，宽嘴·嘴角平直，骨感下颌
FD02454,成熟方脸,骨点内敛,平直额,压迫感眉骨,中度眼窝,宽颧骨,幼态柔软面颊,柔和下颌,长杏眼,眼尾下压,宽眼距,星点虹膜,宽鼻根,微弧鼻梁,窄翼鼻头,上薄下厚,单侧上扬,额角旧痕,成熟方脸（骨点内敛），压迫感眉骨/中度眼窝，长杏眼·眼尾下压·宽眼距，宽鼻根/微弧鼻梁/窄翼鼻头，上薄下厚·单侧上扬，柔和下颌
FD02455,颧部展开脸,颊部略凹,微凸额,外侧突出眉骨,宽浅眼窝,低颧骨,饱满面颊,窄下颌,狭长瑞凤眼,眼尾下压,窄眼距,灰蓝瞳,窄鼻根,宽骨鼻梁,方圆鼻头,薄唇,嘴角上扬,无标志,颧部展开脸（颊部略凹），外侧突出眉骨/宽浅眼窝，狭长瑞凤眼·眼尾下压·窄眼距，窄鼻根/宽骨鼻梁/方圆鼻头，薄唇·嘴角上扬，窄下颌
FD02456,梨形脸,面中立体化,高额,低眉骨,宽浅眼窝,外扩颧骨,成熟收紧面颊,方下颌,桃花眼,眼尾平直,标准眼距,淡金瞳,中高鼻根,中直鼻梁,肉感鼻头,厚唇,嘴角平直,左眼下浅泪痣,梨形脸（面中立体化），低眉骨/宽浅眼窝，桃花眼·眼尾平直·标准眼距，中高鼻根/中直鼻梁/肉感鼻头，厚唇·嘴角平直，方下颌
FD02457,清瘦圆脸,下颌线清晰化,高额,压迫感眉骨,深眼窝,高颧骨,轻凹面颊,骨感下颌,成熟长眼,眼尾下沉,窄眼距,墨玉瞳,高鼻根,宽骨鼻梁,小圆鼻头,薄唇,嘴角紧收,瞳孔残缺,清瘦圆脸（下颌线清晰化），压迫感眉骨/深眼窝，成熟长眼·眼尾下沉·窄眼距，高鼻根/宽骨鼻梁/小圆鼻头，薄唇·嘴角紧收，骨感下颌
FD02458,上窄下宽脸,骨点外显,平直额,外侧突出眉骨,中度眼窝,柔和颧骨,薄面颊,骨感下颌,半睁懒眼,眼尾平直,窄眼距,墨玉瞳,中高鼻根,宽骨鼻梁,小圆鼻头,宽嘴,嘴角平直,无标志,上窄下宽脸（骨点外显），外侧突出眉骨/中度眼窝，半睁懒眼·眼尾平直·窄眼距，中高鼻根/宽骨鼻梁/小圆鼻头，宽嘴·嘴角平直，骨感下颌
FD02459,鹅蛋偏方,偏柔圆润,微凸额,高眉骨,浅眼窝,柔和颧骨,轻凹面颊,圆方下颌,平直杏眼,眼尾下沉,标准眼距,琥珀瞳,中鼻根,微弧鼻梁,窄翼鼻头,弓形唇,嘴角下垂,鼻梁旧伤,鹅蛋偏方（偏柔圆润），高眉骨/浅眼窝，平直杏眼·眼尾下沉·标准眼距，中鼻根/微弧鼻梁/窄翼鼻头，弓形唇·嘴角下垂，圆方下颌
FD02460,圆脸,面中立体化,骨感额,压迫感眉骨,中度眼窝,柔和颧骨,薄面颊,方下颌,半睁懒眼,眼尾微挑,窄眼距,碎裂虹膜,中高鼻根,轻微偏右鼻梁,下压鼻头,厚唇,嘴角下垂,颈侧细疤,圆脸（面中立体化），压迫感眉骨/中度眼窝，半睁懒眼·眼尾微挑·窄眼距，中高鼻根/轻微偏右鼻梁/下压鼻头，厚唇·嘴角下垂，方下颌
FD02461,正梯形脸,颈部线条延长,窄额,薄眉骨,宽浅眼窝,外扩颧骨,饱满面颊,柔和下颌,瑞凤眼,眼尾平直,标准眼距,灰蓝瞳,窄鼻根,柔和鼻梁,肉感鼻头,宽嘴,嘴角紧收,无标志,正梯形脸（颈部线条延长），薄眉骨/宽浅眼窝，瑞凤眼·眼尾平直·标准眼距，窄鼻根/柔和鼻梁/肉感鼻头，宽嘴·嘴角紧收，柔和下颌
FD02462,长心形脸,面中平缓,饱满额,压迫感眉骨,眼下骨感,柔和颧骨,幼态柔软面颊,宽下颌,冷感眼,眼尾下压,标准眼距,墨玉瞳,窄鼻根,宽骨鼻梁,方圆鼻头,上薄下厚,嘴角紧收,左眼下浅泪痣,长心形脸（面中平缓），压迫感眉骨/眼下骨感，冷感眼·眼尾下压·标准眼距，窄鼻根/宽骨鼻梁/方圆鼻头，上薄下厚·嘴角紧收，宽下颌
FD02463,窄鹅蛋脸,面中平缓,平直额,压迫感眉骨,宽浅眼窝,外扩颧骨,成熟收紧面颊,柔和下颌,鹰隼眼,眼尾平直,标准眼距,灰蓝瞳,中鼻根,高直鼻梁,小圆鼻头,小嘴,嘴角下垂,唇下小痣,窄鹅蛋脸（面中平缓），压迫感眉骨/宽浅眼窝，鹰隼眼·眼尾平直·标准眼距，中鼻根/高直鼻梁/小圆鼻头，小嘴·嘴角下垂，柔和下颌
FD02464,上窄下宽脸,颊部略凹,饱满额,高眉骨,中度眼窝,柔和颧骨,薄面颊,窄下颌,下垂眼,眼尾微挑,宽眼距,墨玉瞳,高鼻根,轻鹰钩鼻梁,下压鼻头,小嘴,嘴角下垂,指节薄茧,上窄下宽脸（颊部略凹），高眉骨/中度眼窝，下垂眼·眼尾微挑·宽眼距，高鼻根/轻鹰钩鼻梁/下压鼻头，小嘴·嘴角下垂，窄下颌
FD02465,窄方脸,颧部微收,低额,厚眉骨,眼下骨感,宽颧骨,成熟收紧面颊,明显下颌角,鹰隼眼,眼尾明显挑,窄眼距,深色瞳,高鼻根,轻鹰钩鼻梁,骨感鼻头,薄唇,嘴角平直,指节薄茧,窄方脸（颧部微收），厚眉骨/眼下骨感，鹰隼眼·眼尾明显挑·窄眼距，高鼻根/轻鹰钩鼻梁/骨感鼻头，薄唇·嘴角平直，明显下颌角
FD02466,方鹅蛋脸,下庭加重,低额,柔和眉骨,宽浅眼窝,高颧骨,成熟收紧面颊,柔和下颌,下垂眼,眼尾明显挑,宽眼距,环状虹膜,中鼻根,宽骨鼻梁,轻翘鼻头,成熟长唇,嘴角紧收,鼻梁旧伤,方鹅蛋脸（下庭加重），柔和眉骨/宽浅眼窝，下垂眼·眼尾明显挑·宽眼距，中鼻根/宽骨鼻梁/轻翘鼻头，成熟长唇·嘴角紧收，柔和下颌
FD02467,方菱过渡脸,中轴收紧,窄额,压迫感眉骨,宽浅眼窝,宽颧骨,幼态柔软面颊,明显下颌角,鹤系眼,眼尾下压,宽眼距,星点虹膜,低鼻根,轻微偏左鼻梁,肉感鼻头,平直唇,嘴角上扬,左颊浅疤,方菱过渡脸（中轴收紧），压迫感眉骨/宽浅眼窝，鹤系眼·眼尾下压·宽眼距，低鼻根/轻微偏左鼻梁/肉感鼻头，平直唇·嘴角上扬，明显下颌角
FD02468,梨形脸,颈部线条延长,低额,柔和眉骨,宽浅眼窝,外扩颧骨,幼态柔软面颊,明显下颌角,下垂眼,眼尾延展,标准眼距,星点虹膜,低鼻根,高直鼻梁,肉感鼻头,厚唇,嘴角紧收,眉心竖纹浅痕,梨形脸（颈部线条延长），柔和眉骨/宽浅眼窝，下垂眼·眼尾延展·标准眼距，低鼻根/高直鼻梁/肉感鼻头，厚唇·嘴角紧收，明显下颌角
FD02469,上宽下窄脸,颌角弱化,宽额,高眉骨,眼下骨感,低颧骨,轻凹面颊,宽下颌,狭长眼,眼尾明显挑,宽眼距,碎裂虹膜,窄鼻根,高直鼻梁,窄翼鼻头,弓形唇,嘴角下垂,耳后小痣,上宽下窄脸（颌角弱化），高眉骨/眼下骨感，狭长眼·眼尾明显挑·宽眼距，窄鼻根/高直鼻梁/窄翼鼻头，弓形唇·嘴角下垂，宽下颌
FD02470,短圆脸,颌角弱化,骨感额,薄眉骨,眼下饱满,低颧骨,饱满面颊,柔和下颌,蛇系眼,眼尾延展,窄眼距,琥珀瞳,中高鼻根,高直鼻梁,轻翘鼻头,宽嘴,嘴角平直,左眼下浅泪痣,短圆脸（颌角弱化），薄眉骨/眼下饱满，蛇系眼·眼尾延展·窄眼距，中高鼻根/高直鼻梁/轻翘鼻头，宽嘴·嘴角平直，柔和下颌
FD02471,心形脸,面中平缓,平直额,内侧突出眉骨,浅眼窝,低颧骨,轻凹面颊,宽下颌,桃花眼,眼尾微挑,标准眼距,琥珀瞳,中高鼻根,中直鼻梁,下压鼻头,弓形唇,嘴角平直,唇下小痣,心形脸（面中平缓），内侧突出眉骨/浅眼窝，桃花眼·眼尾微挑·标准眼距，中高鼻根/中直鼻梁/下压鼻头，弓形唇·嘴角平直，宽下颌
FD02472,柔和菱形,颈部线条收短,高额,薄眉骨,窄深眼窝,窄颧骨,薄面颊,柔和下颌,成熟长眼,眼尾明显挑,标准眼距,环状虹膜,宽鼻根,轻微偏右鼻梁,肉感鼻头,上薄下厚,单侧上扬,额角旧痕,柔和菱形（颈部线条收短），薄眉骨/窄深眼窝，成熟长眼·眼尾明显挑·标准眼距，宽鼻根/轻微偏右鼻梁/肉感鼻头，上薄下厚·单侧上扬，柔和下颌
FD02473,窄方脸,上庭展开,饱满额,压迫感眉骨,宽浅眼窝,柔和颧骨,轻凹面颊,明显下颌角,鹿系眼,眼尾平直,窄眼距,异色瞳,窄鼻根,中直鼻梁,下压鼻头,弓形唇,单侧上扬,单侧虎牙,窄方脸（上庭展开），压迫感眉骨/宽浅眼窝，鹿系眼·眼尾平直·窄眼距，窄鼻根/中直鼻梁/下压鼻头，弓形唇·单侧上扬，明显下颌角
FD02474,短方脸,偏锐收窄,窄额,低眉骨,眼下骨感,低颧骨,饱满面颊,圆方下颌,宽杏眼,眼尾微挑,窄眼距,灰蓝瞳,高鼻根,轻鹰钩鼻梁,下压鼻头,厚唇,嘴角上扬,唇下小痣,短方脸（偏锐收窄），低眉骨/眼下骨感，宽杏眼·眼尾微挑·窄眼距，高鼻根/轻鹰钩鼻梁/下压鼻头，厚唇·嘴角上扬，圆方下颌
FD02475,宽菱形,上庭展开,微凸额,柔和眉骨,眼下骨感,低颧骨,成熟收紧面颊,圆方下颌,成熟长眼,眼尾微挑,标准眼距,星点虹膜,窄鼻根,微弧鼻梁,下压鼻头,上薄下厚,嘴角下垂,眉尾旧疤,宽菱形（上庭展开），柔和眉骨/眼下骨感，成熟长眼·眼尾微挑·标准眼距，窄鼻根/微弧鼻梁/下压鼻头，上薄下厚·嘴角下垂，圆方下颌
FD02476,圆方脸,骨点外显,宽额,低眉骨,窄深眼窝,高颧骨,轻凹面颊,骨感下颌,宽杏眼,眼尾延展,窄眼距,琥珀瞳,宽鼻根,微弧鼻梁,肉感鼻头,上厚下薄,嘴角上扬,眉上小疤,圆方脸（骨点外显），低眉骨/窄深眼窝，宽杏眼·眼尾延展·窄眼距，宽鼻根/微弧鼻梁/肉感鼻头，上厚下薄·嘴角上扬，骨感下颌
FD02477,鹅蛋偏方,骨点外显,平直额,薄眉骨,窄深眼窝,高颧骨,幼态柔软面颊,窄下颌,鹤系眼,眼尾微挑,窄眼距,异色瞳,低鼻根,宽骨鼻梁,窄翼鼻头,弓形唇,单侧上扬,单侧虎牙,鹅蛋偏方（骨点外显），薄眉骨/窄深眼窝，鹤系眼·眼尾微挑·窄眼距，低鼻根/宽骨鼻梁/窄翼鼻头，弓形唇·单侧上扬，窄下颌
FD02478,倒梯形脸,颊部略凹,高额,柔和眉骨,眼下骨感,高颧骨,幼态柔软面颊,骨感下颌,短圆杏眼,眼尾下沉,宽眼距,异色瞳,中鼻根,中直鼻梁,下压鼻头,宽嘴,单侧上扬,碎裂虹膜,倒梯形脸（颊部略凹），柔和眉骨/眼下骨感，短圆杏眼·眼尾下沉·宽眼距，中鼻根/中直鼻梁/下压鼻头，宽嘴·单侧上扬，骨感下颌
FD02479,宽方脸,颊部饱满,饱满额,厚眉骨,浅眼窝,柔和颧骨,成熟收紧面颊,圆方下颌,窄杏眼,眼尾下沉,窄眼距,琥珀瞳,中鼻根,微弧鼻梁,骨感鼻头,上厚下薄,嘴角紧收,单侧酒窝,宽方脸（颊部饱满），厚眉骨/浅眼窝，窄杏眼·眼尾下沉·窄眼距，中鼻根/微弧鼻梁/骨感鼻头，上厚下薄·嘴角紧收，圆方下颌
FD02480,短鹅蛋脸,下庭收窄,饱满额,外侧突出眉骨,眼下饱满,高颧骨,幼态柔软面颊,方下颌,狭长眼,眼尾平直,标准眼距,琥珀瞳,中高鼻根,轻微偏右鼻梁,轻翘鼻头,上薄下厚,嘴角紧收,鼻梁旧伤,短鹅蛋脸（下庭收窄），外侧突出眉骨/眼下饱满，狭长眼·眼尾平直·标准眼距，中高鼻根/轻微偏右鼻梁/轻翘鼻头，上薄下厚·嘴角紧收，方下颌
FD02481,宽心形脸,颧部外扩,平直额,薄眉骨,中度眼窝,外扩颧骨,饱满面颊,明显下颌角,圆长眼,眼尾微挑,宽眼距,环状虹膜,高鼻根,轻微偏左鼻梁,肉感鼻头,成熟长唇,单侧上扬,眼角小痣,宽心形脸（颧部外扩），薄眉骨/中度眼窝，圆长眼·眼尾微挑·宽眼距，高鼻根/轻微偏左鼻梁/肉感鼻头，成熟长唇·单侧上扬，明显下颌角
FD02482,骨感窄脸,中轴微长,宽额,厚眉骨,眼下骨感,高颧骨,幼态柔软面颊,明显下颌角,圆长眼,眼尾微挑,宽眼距,异色瞳,中高鼻根,宽骨鼻梁,下压鼻头,小嘴,嘴角紧收,鼻梁旧伤,骨感窄脸（中轴微长），厚眉骨/眼下骨感，圆长眼·眼尾微挑·宽眼距，中高鼻根/宽骨鼻梁/下压鼻头，小嘴·嘴角紧收，明显下颌角
FD02483,幼态方脸,下庭加重,高额,高眉骨,浅眼窝,低颧骨,轻凹面颊,明显下颌角,半睁懒眼,眼尾明显挑,宽眼距,环状虹膜,宽鼻根,轻微偏右鼻梁,肉感鼻头,上厚下薄,嘴角下垂,眉尾旧疤,幼态方脸（下庭加重），高眉骨/浅眼窝，半睁懒眼·眼尾明显挑·宽眼距，宽鼻根/轻微偏右鼻梁/肉感鼻头，上厚下薄·嘴角下垂，明显下颌角
FD02484,正梯形脸,颧部外扩,窄额,薄眉骨,深眼窝,窄颧骨,饱满面颊,收敛下颌,狼系眼,眼尾下压,窄眼距,环状虹膜,窄鼻根,中直鼻梁,窄翼鼻头,薄唇,嘴角上扬,左眼下浅泪痣,正梯形脸（颧部外扩），薄眉骨/深眼窝，狼系眼·眼尾下压·窄眼距，窄鼻根/中直鼻梁/窄翼鼻头，薄唇·嘴角上扬，收敛下颌
FD02485,肉感短脸,上庭收窄,骨感额,薄眉骨,眼下饱满,柔和颧骨,薄面颊,方下颌,短圆杏眼,眼尾下沉,标准眼距,异色瞳,中鼻根,宽骨鼻梁,微钝鼻头,厚唇,嘴角下垂,额角旧痕,肉感短脸（上庭收窄），薄眉骨/眼下饱满，短圆杏眼·眼尾下沉·标准眼距，中鼻根/宽骨鼻梁/微钝鼻头，厚唇·嘴角下垂，方下颌
FD02486,肉感短脸,下颌线清晰化,平直额,高眉骨,浅眼窝,窄颧骨,轻凹面颊,方下颌,宽杏眼,眼尾下沉,宽眼距,深色瞳,中鼻根,轻微偏左鼻梁,下压鼻头,弓形唇,嘴角平直,无标志,肉感短脸（下颌线清晰化），高眉骨/浅眼窝，宽杏眼·眼尾下沉·宽眼距，中鼻根/轻微偏左鼻梁/下压鼻头，弓形唇·嘴角平直，方下颌
FD02487,方鹅蛋脸,偏柔圆润,窄额,压迫感眉骨,深眼窝,宽颧骨,饱满面颊,圆方下颌,冷感眼,眼尾下压,标准眼距,碎裂虹膜,中高鼻根,轻微偏左鼻梁,窄翼鼻头,成熟长唇,嘴角平直,无标志,方鹅蛋脸（偏柔圆润），压迫感眉骨/深眼窝，冷感眼·眼尾下压·标准眼距，中高鼻根/轻微偏左鼻梁/窄翼鼻头，成熟长唇·嘴角平直，圆方下颌
FD02488,柔和方脸,颈部线条收短,饱满额,低眉骨,中度眼窝,低颧骨,薄面颊,宽下颌,平凤眼,眼尾明显挑,宽眼距,碎裂虹膜,高鼻根,宽骨鼻梁,方圆鼻头,厚唇,嘴角紧收,左颊浅疤,柔和方脸（颈部线条收短），低眉骨/中度眼窝，平凤眼·眼尾明显挑·宽眼距，高鼻根/宽骨鼻梁/方圆鼻头，厚唇·嘴角紧收，宽下颌
FD02489,长菱形,下颌线清晰化,宽额,薄眉骨,浅眼窝,宽颧骨,轻凹面颊,明显下颌角,瑞凤眼,眼尾微挑,宽眼距,浅褐瞳,中鼻根,轻微偏左鼻梁,微钝鼻头,小嘴,嘴角下垂,颈侧细疤,长菱形（下颌线清晰化），薄眉骨/浅眼窝，瑞凤眼·眼尾微挑·宽眼距，中鼻根/轻微偏左鼻梁/微钝鼻头，小嘴·嘴角下垂，明显下颌角
FD02490,短圆脸,面中平缓,窄额,压迫感眉骨,窄深眼窝,窄颧骨,薄面颊,窄下颌,狐狸系眼,眼尾平直,宽眼距,异色瞳,宽鼻根,轻微偏左鼻梁,小圆鼻头,上厚下薄,嘴角紧收,指节薄茧,短圆脸（面中平缓），压迫感眉骨/窄深眼窝，狐狸系眼·眼尾平直·宽眼距，宽鼻根/轻微偏左鼻梁/小圆鼻头，上厚下薄·嘴角紧收，窄下颌
FD02491,宽鹅蛋脸,偏柔圆润,平直额,内侧突出眉骨,眼下骨感,窄颧骨,轻凹面颊,宽下颌,鹿系眼,眼尾延展,窄眼距,异色瞳,高鼻根,高直鼻梁,方圆鼻头,弓形唇,单侧上扬,单侧虎牙,宽鹅蛋脸（偏柔圆润），内侧突出眉骨/眼下骨感，鹿系眼·眼尾延展·窄眼距，高鼻根/高直鼻梁/方圆鼻头，弓形唇·单侧上扬，宽下颌
FD02492,下颌突出脸,颊部略凹,高额,高眉骨,浅眼窝,宽颧骨,饱满面颊,宽下颌,圆长眼,眼尾平直,窄眼距,星点虹膜,宽鼻根,轻微偏右鼻梁,骨感鼻头,薄唇,嘴角下垂,单侧虎牙,下颌突出脸（颊部略凹），高眉骨/浅眼窝，圆长眼·眼尾平直·窄眼距，宽鼻根/轻微偏右鼻梁/骨感鼻头，薄唇·嘴角下垂，宽下颌
FD02493,骨感窄脸,上庭收窄,饱满额,压迫感眉骨,宽浅眼窝,低颧骨,饱满面颊,方下颌,圆长眼,眼尾明显挑,窄眼距,异色瞳,低鼻根,中直鼻梁,肉感鼻头,上厚下薄,嘴角平直,眉上小疤,骨感窄脸（上庭收窄），压迫感眉骨/宽浅眼窝，圆长眼·眼尾明显挑·窄眼距，低鼻根/中直鼻梁/肉感鼻头，上厚下薄·嘴角平直，方下颌
FD02494,鹅蛋偏方,中轴微长,饱满额,外侧突出眉骨,深眼窝,宽颧骨,薄面颊,柔和下颌,桃花眼,眼尾延展,窄眼距,淡金瞳,宽鼻根,中直鼻梁,微钝鼻头,上厚下薄,单侧上扬,碎裂虹膜,鹅蛋偏方（中轴微长），外侧突出眉骨/深眼窝，桃花眼·眼尾延展·窄眼距，宽鼻根/中直鼻梁/微钝鼻头，上厚下薄·单侧上扬，柔和下颌
FD02495,圆脸,下颌线清晰化,微凸额,低眉骨,宽浅眼窝,宽颧骨,薄面颊,宽下颌,蛇系眼,眼尾延展,窄眼距,淡金瞳,中高鼻根,宽骨鼻梁,下压鼻头,小嘴,嘴角紧收,右眉轻断,圆脸（下颌线清晰化），低眉骨/宽浅眼窝，蛇系眼·眼尾延展·窄眼距，中高鼻根/宽骨鼻梁/下压鼻头，小嘴·嘴角紧收，宽下颌
FD02496,短鹅蛋脸,颊部饱满,骨感额,内侧突出眉骨,眼下骨感,低颧骨,幼态柔软面颊,明显下颌角,平直杏眼,眼尾明显挑,标准眼距,琥珀瞳,中高鼻根,宽骨鼻梁,方圆鼻头,宽嘴,单侧上扬,眉上小疤,短鹅蛋脸（颊部饱满），内侧突出眉骨/眼下骨感，平直杏眼·眼尾明显挑·标准眼距，中高鼻根/宽骨鼻梁/方圆鼻头，宽嘴·单侧上扬，明显下颌角
FD02497,骨感窄脸,面中平缓,低额,高眉骨,浅眼窝,外扩颧骨,成熟收紧面颊,圆方下颌,鹤系眼,眼尾明显挑,标准眼距,浅褐瞳,高鼻根,中直鼻梁,轻翘鼻头,宽嘴,嘴角平直,耳后小痣,骨感窄脸（面中平缓），高眉骨/浅眼窝，鹤系眼·眼尾明显挑·标准眼距，高鼻根/中直鼻梁/轻翘鼻头，宽嘴·嘴角平直，圆方下颌
FD02498,倒梯形脸,上庭收窄,饱满额,压迫感眉骨,中度眼窝,外扩颧骨,薄面颊,明显下颌角,疲惫眼,眼尾平直,宽眼距,碎裂虹膜,低鼻根,柔和鼻梁,肉感鼻头,上厚下薄,嘴角紧收,无标志,倒梯形脸（上庭收窄），压迫感眉骨/中度眼窝，疲惫眼·眼尾平直·宽眼距，低鼻根/柔和鼻梁/肉感鼻头，上厚下薄·嘴角紧收，明显下颌角
FD02499,短圆脸,上庭展开,宽额,外侧突出眉骨,窄深眼窝,低颧骨,饱满面颊,窄下颌,狐狸系眼,眼尾延展,标准眼距,碎裂虹膜,中鼻根,高直鼻梁,窄翼鼻头,小嘴,嘴角紧收,颈侧细疤,短圆脸（上庭展开），外侧突出眉骨/窄深眼窝，狐狸系眼·眼尾延展·标准眼距，中鼻根/高直鼻梁/窄翼鼻头，小嘴·嘴角紧收，窄下颌
FD02500,长方脸,偏锐收窄,宽额,外侧突出眉骨,宽浅眼窝,柔和颧骨,薄面颊,明显下颌角,下垂眼,眼尾延展,宽眼距,环状虹膜,高鼻根,柔和鼻梁,窄翼鼻头,上薄下厚,单侧上扬,瞳孔残缺,长方脸（偏锐收窄），外侧突出眉骨/宽浅眼窝，下垂眼·眼尾延展·宽眼距，高鼻根/柔和鼻梁/窄翼鼻头，上薄下厚·单侧上扬，明显下颌角
FD02501,圆方脸,骨点外显,低额,低眉骨,宽浅眼窝,外扩颧骨,饱满面颊,窄下颌,少年圆眼,眼尾延展,窄眼距,异色瞳,窄鼻根,微弧鼻梁,微钝鼻头,弓形唇,嘴角下垂,眉尾旧疤,圆方脸（骨点外显），低眉骨/宽浅眼窝，少年圆眼·眼尾延展·窄眼距，窄鼻根/微弧鼻梁/微钝鼻头，弓形唇·嘴角下垂，窄下颌
FD02502,宽方脸,面中平缓,微凸额,高眉骨,中度眼窝,窄颧骨,成熟收紧面颊,圆方下颌,平直杏眼,眼尾下压,标准眼距,琥珀瞳,中鼻根,轻鹰钩鼻梁,小圆鼻头,小嘴,嘴角上扬,左颊浅疤,宽方脸（面中平缓），高眉骨/中度眼窝，平直杏眼·眼尾下压·标准眼距，中鼻根/轻鹰钩鼻梁/小圆鼻头，小嘴·嘴角上扬，圆方下颌
FD02503,宽鹅蛋脸,面中立体化,骨感额,低眉骨,中度眼窝,窄颧骨,成熟收紧面颊,收敛下颌,狐狸系眼,眼尾微挑,窄眼距,深色瞳,中鼻根,柔和鼻梁,窄翼鼻头,弓形唇,单侧上扬,眉上小疤,宽鹅蛋脸（面中立体化），低眉骨/中度眼窝，狐狸系眼·眼尾微挑·窄眼距，中鼻根/柔和鼻梁/窄翼鼻头，弓形唇·单侧上扬，收敛下颌
FD02504,柔和菱形,颈部线条收短,高额,高眉骨,中度眼窝,柔和颧骨,成熟收紧面颊,宽下颌,丹凤眼,眼尾平直,标准眼距,浅褐瞳,中高鼻根,微弧鼻梁,窄翼鼻头,薄唇,嘴角平直,单侧虎牙,柔和菱形（颈部线条收短），高眉骨/中度眼窝，丹凤眼·眼尾平直·标准眼距，中高鼻根/微弧鼻梁/窄翼鼻头，薄唇·嘴角平直，宽下颌
FD02505,骨感窄脸,上庭收窄,低额,薄眉骨,窄深眼窝,宽颧骨,饱满面颊,方下颌,鹤系眼,眼尾下压,标准眼距,墨玉瞳,窄鼻根,高直鼻梁,轻翘鼻头,宽嘴,单侧上扬,唇下小痣,骨感窄脸（上庭收窄），薄眉骨/窄深眼窝，鹤系眼·眼尾下压·标准眼距，窄鼻根/高直鼻梁/轻翘鼻头，宽嘴·单侧上扬，方下颌
FD02506,宽心形脸,上庭展开,低额,厚眉骨,深眼窝,柔和颧骨,幼态柔软面颊,柔和下颌,平凤眼,眼尾微挑,窄眼距,灰蓝瞳,中鼻根,宽骨鼻梁,下压鼻头,成熟长唇,嘴角紧收,眉上小疤,宽心形脸（上庭展开），厚眉骨/深眼窝，平凤眼·眼尾微挑·窄眼距，中鼻根/宽骨鼻梁/下压鼻头，成熟长唇·嘴角紧收，柔和下颌
FD02507,柔和菱形,颌角弱化,低额,柔和眉骨,眼下饱满,外扩颧骨,薄面颊,骨感下颌,蛇系眼,眼尾下压,窄眼距,碎裂虹膜,宽鼻根,柔和鼻梁,骨感鼻头,上薄下厚,嘴角上扬,眼角小痣,柔和菱形（颌角弱化），柔和眉骨/眼下饱满，蛇系眼·眼尾下压·窄眼距，宽鼻根/柔和鼻梁/骨感鼻头，上薄下厚·嘴角上扬，骨感下颌
FD02508,圆方脸,偏柔圆润,平直额,内侧突出眉骨,深眼窝,低颧骨,幼态柔软面颊,窄下颌,长杏眼,眼尾平直,宽眼距,碎裂虹膜,中高鼻根,中直鼻梁,方圆鼻头,上厚下薄,嘴角平直,右眼下浅泪痣,圆方脸（偏柔圆润），内侧突出眉骨/深眼窝，长杏眼·眼尾平直·宽眼距，中高鼻根/中直鼻梁/方圆鼻头，上厚下薄·嘴角平直，窄下颌
FD02509,长方脸,面中平缓,高额,高眉骨,深眼窝,宽颧骨,轻凹面颊,收敛下颌,平直杏眼,眼尾下沉,标准眼距,环状虹膜,低鼻根,宽骨鼻梁,窄翼鼻头,成熟长唇,嘴角上扬,耳后小痣,长方脸（面中平缓），高眉骨/深眼窝，平直杏眼·眼尾下沉·标准眼距，低鼻根/宽骨鼻梁/窄翼鼻头，成熟长唇·嘴角上扬，收敛下颌
FD02510,柔和方脸,下庭收窄,高额,低眉骨,眼下饱满,宽颧骨,成熟收紧面颊,明显下颌角,丹凤眼,眼尾下沉,窄眼距,浅褐瞳,高鼻根,柔和鼻梁,小圆鼻头,平直唇,嘴角上扬,右眼下浅泪痣,柔和方脸（下庭收窄），低眉骨/眼下饱满，丹凤眼·眼尾下沉·窄眼距，高鼻根/柔和鼻梁/小圆鼻头，平直唇·嘴角上扬，明显下颌角
FD02511,长圆脸,上庭展开,低额,柔和眉骨,眼下骨感,低颧骨,饱满面颊,方下颌,猫系眼,眼尾平直,宽眼距,浅褐瞳,中鼻根,轻微偏左鼻梁,下压鼻头,宽嘴,嘴角下垂,异色瞳,长圆脸（上庭展开），柔和眉骨/眼下骨感，猫系眼·眼尾平直·宽眼距，中鼻根/轻微偏左鼻梁/下压鼻头，宽嘴·嘴角下垂，方下颌
FD02512,成熟方脸,颌角弱化,宽额,高眉骨,眼下饱满,宽颧骨,成熟收紧面颊,窄下颌,鹿系眼,眼尾平直,窄眼距,琥珀瞳,宽鼻根,柔和鼻梁,肉感鼻头,薄唇,嘴角下垂,无标志,成熟方脸（颌角弱化），高眉骨/眼下饱满，鹿系眼·眼尾平直·窄眼距，宽鼻根/柔和鼻梁/肉感鼻头，薄唇·嘴角下垂，窄下颌
FD02513,方菱过渡脸,颧部外扩,骨感额,厚眉骨,眼下饱满,柔和颧骨,饱满面颊,方下颌,狭长眼,眼尾下沉,窄眼距,深色瞳,窄鼻根,柔和鼻梁,方圆鼻头,宽嘴,嘴角平直,左眼下浅泪痣,方菱过渡脸（颧部外扩），厚眉骨/眼下饱满，狭长眼·眼尾下沉·窄眼距，窄鼻根/柔和鼻梁/方圆鼻头，宽嘴·嘴角平直，方下颌
FD02514,双颌匀称脸,上庭展开,饱满额,外侧突出眉骨,浅眼窝,低颧骨,幼态柔软面颊,圆方下颌,短圆杏眼,眼尾下沉,窄眼距,琥珀瞳,中鼻根,中直鼻梁,方圆鼻头,弓形唇,嘴角上扬,耳后小痣,双颌匀称脸（上庭展开），外侧突出眉骨/浅眼窝，短圆杏眼·眼尾下沉·窄眼距，中鼻根/中直鼻梁/方圆鼻头，弓形唇·嘴角上扬，圆方下颌
FD02515,宽鹅蛋脸,中庭展宽,饱满额,薄眉骨,窄深眼窝,窄颧骨,薄面颊,骨感下颌,鹰隼眼,眼尾明显挑,宽眼距,琥珀瞳,低鼻根,中直鼻梁,肉感鼻头,宽嘴,嘴角上扬,无标志,宽鹅蛋脸（中庭展宽），薄眉骨/窄深眼窝，鹰隼眼·眼尾明显挑·宽眼距，低鼻根/中直鼻梁/肉感鼻头，宽嘴·嘴角上扬，骨感下颌
FD02516,上宽下窄脸,中轴微长,窄额,外侧突出眉骨,宽浅眼窝,窄颧骨,轻凹面颊,宽下颌,长杏眼,眼尾下压,标准眼距,灰蓝瞳,高鼻根,轻微偏右鼻梁,肉感鼻头,宽嘴,嘴角平直,额角旧痕,上宽下窄脸（中轴微长），外侧突出眉骨/宽浅眼窝，长杏眼·眼尾下压·标准眼距，高鼻根/轻微偏右鼻梁/肉感鼻头，宽嘴·嘴角平直，宽下颌
FD02517,上宽下窄脸,颊部饱满,微凸额,厚眉骨,深眼窝,柔和颧骨,饱满面颊,方下颌,平直杏眼,眼尾微挑,窄眼距,淡金瞳,宽鼻根,柔和鼻梁,窄翼鼻头,上厚下薄,嘴角下垂,眉尾旧疤,上宽下窄脸（颊部饱满），厚眉骨/深眼窝，平直杏眼·眼尾微挑·窄眼距，宽鼻根/柔和鼻梁/窄翼鼻头，上厚下薄·嘴角下垂，方下颌
FD02518,长鹅蛋脸,偏柔圆润,高额,厚眉骨,宽浅眼窝,宽颧骨,幼态柔软面颊,圆方下颌,狭长瑞凤眼,眼尾微挑,宽眼距,异色瞳,高鼻根,宽骨鼻梁,窄翼鼻头,成熟长唇,嘴角平直,唇下小痣,长鹅蛋脸（偏柔圆润），厚眉骨/宽浅眼窝，狭长瑞凤眼·眼尾微挑·宽眼距，高鼻根/宽骨鼻梁/窄翼鼻头，成熟长唇·嘴角平直，圆方下颌
FD02519,心形脸,骨点内敛,微凸额,厚眉骨,眼下骨感,窄颧骨,成熟收紧面颊,窄下颌,下垂眼,眼尾明显挑,标准眼距,浅褐瞳,中高鼻根,微弧鼻梁,窄翼鼻头,宽嘴,嘴角下垂,眼睑褶皱不对称,心形脸（骨点内敛），厚眉骨/眼下骨感，下垂眼·眼尾明显挑·标准眼距，中高鼻根/微弧鼻梁/窄翼鼻头，宽嘴·嘴角下垂，窄下颌
FD02520,圆脸,颌角弱化,微凸额,薄眉骨,宽浅眼窝,低颧骨,轻凹面颊,窄下颌,鹰隼眼,眼尾平直,窄眼距,琥珀瞳,宽鼻根,微弧鼻梁,窄翼鼻头,小嘴,嘴角下垂,瞳孔残缺,圆脸（颌角弱化），薄眉骨/宽浅眼窝，鹰隼眼·眼尾平直·窄眼距，宽鼻根/微弧鼻梁/窄翼鼻头，小嘴·嘴角下垂，窄下颌
FD02521,长鹅蛋脸,下庭收窄,窄额,内侧突出眉骨,浅眼窝,宽颧骨,幼态柔软面颊,明显下颌角,鹿系眼,眼尾明显挑,窄眼距,淡金瞳,宽鼻根,微弧鼻梁,下压鼻头,上厚下薄,嘴角紧收,鼻梁旧伤,长鹅蛋脸（下庭收窄），内侧突出眉骨/浅眼窝，鹿系眼·眼尾明显挑·窄眼距，宽鼻根/微弧鼻梁/下压鼻头，上厚下薄·嘴角紧收，明显下颌角
FD02522,上窄下宽脸,颧部微收,饱满额,高眉骨,眼下饱满,柔和颧骨,轻凹面颊,收敛下颌,鹿系眼,眼尾延展,标准眼距,墨玉瞳,中鼻根,高直鼻梁,微钝鼻头,薄唇,单侧上扬,指节薄茧,上窄下宽脸（颧部微收），高眉骨/眼下饱满，鹿系眼·眼尾延展·标准眼距，中鼻根/高直鼻梁/微钝鼻头，薄唇·单侧上扬，收敛下颌
FD02523,骨感菱形,颈部线条延长,宽额,薄眉骨,宽浅眼窝,外扩颧骨,成熟收紧面颊,收敛下颌,狭长眼,眼尾下沉,标准眼距,琥珀瞳,中鼻根,轻微偏左鼻梁,微钝鼻头,弓形唇,嘴角紧收,右眼下浅泪痣,骨感菱形（颈部线条延长），薄眉骨/宽浅眼窝，狭长眼·眼尾下沉·标准眼距，中鼻根/轻微偏左鼻梁/微钝鼻头，弓形唇·嘴角紧收，收敛下颌
FD02524,双颌匀称脸,颌角强调,宽额,压迫感眉骨,眼下饱满,窄颧骨,成熟收紧面颊,方下颌,短杏眼,眼尾下压,宽眼距,环状虹膜,宽鼻根,轻鹰钩鼻梁,肉感鼻头,上薄下厚,嘴角下垂,眼睑褶皱不对称,双颌匀称脸（颌角强调），压迫感眉骨/眼下饱满，短杏眼·眼尾下压·宽眼距，宽鼻根/轻鹰钩鼻梁/肉感鼻头，上薄下厚·嘴角下垂，方下颌
FD02525,幼态圆脸,下庭收窄,饱满额,厚眉骨,浅眼窝,低颧骨,饱满面颊,收敛下颌,瑞凤眼,眼尾延展,宽眼距,碎裂虹膜,宽鼻根,柔和鼻梁,窄翼鼻头,弓形唇,嘴角紧收,单侧酒窝,幼态圆脸（下庭收窄），厚眉骨/浅眼窝，瑞凤眼·眼尾延展·宽眼距，宽鼻根/柔和鼻梁/窄翼鼻头，弓形唇·嘴角紧收，收敛下颌
FD02526,成熟方脸,中轴微长,宽额,内侧突出眉骨,窄深眼窝,外扩颧骨,饱满面颊,方下颌,狭长瑞凤眼,眼尾下压,标准眼距,异色瞳,窄鼻根,轻鹰钩鼻梁,小圆鼻头,弓形唇,嘴角平直,异色瞳,成熟方脸（中轴微长），内侧突出眉骨/窄深眼窝，狭长瑞凤眼·眼尾下压·标准眼距，窄鼻根/轻鹰钩鼻梁/小圆鼻头，弓形唇·嘴角平直，方下颌
FD02527,梨形脸,颊部饱满,平直额,薄眉骨,浅眼窝,窄颧骨,成熟收紧面颊,宽下颌,少年圆眼,眼尾明显挑,窄眼距,异色瞳,高鼻根,柔和鼻梁,骨感鼻头,小嘴,嘴角紧收,异色瞳,梨形脸（颊部饱满），薄眉骨/浅眼窝，少年圆眼·眼尾明显挑·窄眼距，高鼻根/柔和鼻梁/骨感鼻头，小嘴·嘴角紧收，宽下颌
FD02528,上宽下窄脸,偏锐收窄,高额,外侧突出眉骨,宽浅眼窝,窄颧骨,薄面颊,窄下颌,蛇系眼,眼尾下压,宽眼距,环状虹膜,中鼻根,高直鼻梁,方圆鼻头,平直唇,嘴角平直,眉尾旧疤,上宽下窄脸（偏锐收窄），外侧突出眉骨/宽浅眼窝，蛇系眼·眼尾下压·宽眼距，中鼻根/高直鼻梁/方圆鼻头，平直唇·嘴角平直，窄下颌
FD02529,鹅蛋偏方,中庭展宽,骨感额,高眉骨,浅眼窝,低颧骨,幼态柔软面颊,方下颌,下垂眼,眼尾微挑,标准眼距,深色瞳,中高鼻根,微弧鼻梁,窄翼鼻头,上薄下厚,嘴角下垂,唇下小痣,鹅蛋偏方（中庭展宽），高眉骨/浅眼窝，下垂眼·眼尾微挑·标准眼距，中高鼻根/微弧鼻梁/窄翼鼻头，上薄下厚·嘴角下垂，方下颌
FD02530,骨感窄脸,颧部微收,饱满额,压迫感眉骨,眼下饱满,宽颧骨,轻凹面颊,收敛下颌,鹤系眼,眼尾延展,标准眼距,星点虹膜,低鼻根,轻鹰钩鼻梁,肉感鼻头,厚唇,嘴角上扬,额角旧痕,骨感窄脸（颧部微收），压迫感眉骨/眼下饱满，鹤系眼·眼尾延展·标准眼距，低鼻根/轻鹰钩鼻梁/肉感鼻头，厚唇·嘴角上扬，收敛下颌
FD02531,下颌突出脸,颧部微收,骨感额,薄眉骨,眼下骨感,高颧骨,幼态柔软面颊,明显下颌角,冷感眼,眼尾延展,标准眼距,深色瞳,宽鼻根,轻微偏右鼻梁,微钝鼻头,平直唇,嘴角紧收,眉尾旧疤,下颌突出脸（颧部微收），薄眉骨/眼下骨感，冷感眼·眼尾延展·标准眼距，宽鼻根/轻微偏右鼻梁/微钝鼻头，平直唇·嘴角紧收，明显下颌角
FD02532,长菱形,面中立体化,低额,柔和眉骨,宽浅眼窝,宽颧骨,幼态柔软面颊,窄下颌,瑞凤眼,眼尾下压,窄眼距,环状虹膜,低鼻根,柔和鼻梁,方圆鼻头,厚唇,嘴角平直,无标志,长菱形（面中立体化），柔和眉骨/宽浅眼窝，瑞凤眼·眼尾下压·窄眼距，低鼻根/柔和鼻梁/方圆鼻头，厚唇·嘴角平直，窄下颌
FD02533,宽菱形,偏锐收窄,低额,外侧突出眉骨,眼下骨感,窄颧骨,薄面颊,收敛下颌,蛇系眼,眼尾下压,宽眼距,浅褐瞳,宽鼻根,高直鼻梁,小圆鼻头,上薄下厚,嘴角紧收,唇下小痣,宽菱形（偏锐收窄），外侧突出眉骨/眼下骨感，蛇系眼·眼尾下压·宽眼距，宽鼻根/高直鼻梁/小圆鼻头，上薄下厚·嘴角紧收，收敛下颌
FD02534,颧部展开脸,下颌线清晰化,平直额,柔和眉骨,中度眼窝,宽颧骨,幼态柔软面颊,窄下颌,短圆杏眼,眼尾平直,标准眼距,深色瞳,宽鼻根,轻微偏右鼻梁,微钝鼻头,薄唇,嘴角上扬,耳后小痣,颧部展开脸（下颌线清晰化），柔和眉骨/中度眼窝，短圆杏眼·眼尾平直·标准眼距，宽鼻根/轻微偏右鼻梁/微钝鼻头，薄唇·嘴角上扬，窄下颌
FD02535,宽方脸,颈部线条收短,平直额,外侧突出眉骨,眼下骨感,柔和颧骨,成熟收紧面颊,明显下颌角,冷感眼,眼尾下压,窄眼距,碎裂虹膜,中高鼻根,宽骨鼻梁,微钝鼻头,宽嘴,单侧上扬,无标志,宽方脸（颈部线条收短），外侧突出眉骨/眼下骨感，冷感眼·眼尾下压·窄眼距，中高鼻根/宽骨鼻梁/微钝鼻头，宽嘴·单侧上扬，明显下颌角
FD02536,柔和方脸,中庭展宽,窄额,薄眉骨,宽浅眼窝,外扩颧骨,轻凹面颊,宽下颌,蛇系眼,眼尾下沉,窄眼距,环状虹膜,低鼻根,微弧鼻梁,下压鼻头,成熟长唇,嘴角上扬,眼角小痣,柔和方脸（中庭展宽），薄眉骨/宽浅眼窝，蛇系眼·眼尾下沉·窄眼距，低鼻根/微弧鼻梁/下压鼻头，成熟长唇·嘴角上扬，宽下颌
FD02537,窄方脸,下颌线柔化,低额,柔和眉骨,浅眼窝,高颧骨,饱满面颊,窄下颌,猫系眼,眼尾平直,宽眼距,淡金瞳,中鼻根,轻微偏右鼻梁,下压鼻头,上厚下薄,单侧上扬,下颌浅疤,窄方脸（下颌线柔化），柔和眉骨/浅眼窝，猫系眼·眼尾平直·宽眼距，中鼻根/轻微偏右鼻梁/下压鼻头，上厚下薄·单侧上扬，窄下颌
FD02538,上宽下窄脸,下颌线清晰化,窄额,高眉骨,眼下骨感,窄颧骨,轻凹面颊,收敛下颌,瑞凤眼,眼尾延展,窄眼距,星点虹膜,高鼻根,轻鹰钩鼻梁,微钝鼻头,宽嘴,单侧上扬,碎裂虹膜,上宽下窄脸（下颌线清晰化），高眉骨/眼下骨感，瑞凤眼·眼尾延展·窄眼距，高鼻根/轻鹰钩鼻梁/微钝鼻头，宽嘴·单侧上扬，收敛下颌
FD02539,方鹅蛋脸,颈部线条收短,骨感额,外侧突出眉骨,宽浅眼窝,柔和颧骨,饱满面颊,方下颌,成熟长眼,眼尾延展,窄眼距,墨玉瞳,中鼻根,轻鹰钩鼻梁,骨感鼻头,薄唇,单侧上扬,碎裂虹膜,方鹅蛋脸（颈部线条收短），外侧突出眉骨/宽浅眼窝，成熟长眼·眼尾延展·窄眼距，中鼻根/轻鹰钩鼻梁/骨感鼻头，薄唇·单侧上扬，方下颌
FD02540,宽心形脸,下颌线清晰化,微凸额,内侧突出眉骨,宽浅眼窝,高颧骨,成熟收紧面颊,骨感下颌,桃花眼,眼尾下沉,标准眼距,淡金瞳,中高鼻根,宽骨鼻梁,骨感鼻头,上薄下厚,单侧上扬,碎裂虹膜,宽心形脸（下颌线清晰化），内侧突出眉骨/宽浅眼窝，桃花眼·眼尾下沉·标准眼距，中高鼻根/宽骨鼻梁/骨感鼻头，上薄下厚·单侧上扬，骨感下颌
FD02541,短圆脸,颊部略凹,窄额,薄眉骨,浅眼窝,外扩颧骨,成熟收紧面颊,收敛下颌,瑞凤眼,眼尾延展,宽眼距,环状虹膜,中高鼻根,高直鼻梁,方圆鼻头,成熟长唇,嘴角平直,左颊浅疤,短圆脸（颊部略凹），薄眉骨/浅眼窝，瑞凤眼·眼尾延展·宽眼距，中高鼻根/高直鼻梁/方圆鼻头，成熟长唇·嘴角平直，收敛下颌
FD02542,上宽下窄脸,偏锐收窄,骨感额,薄眉骨,宽浅眼窝,窄颧骨,饱满面颊,骨感下颌,平凤眼,眼尾下沉,宽眼距,深色瞳,高鼻根,轻微偏左鼻梁,微钝鼻头,成熟长唇,嘴角上扬,耳后小痣,上宽下窄脸（偏锐收窄），薄眉骨/宽浅眼窝，平凤眼·眼尾下沉·宽眼距，高鼻根/轻微偏左鼻梁/微钝鼻头，成熟长唇·嘴角上扬，骨感下颌
FD02543,长菱形,上庭收窄,饱满额,内侧突出眉骨,中度眼窝,宽颧骨,饱满面颊,方下颌,鹤系眼,眼尾下压,宽眼距,浅褐瞳,宽鼻根,轻微偏右鼻梁,轻翘鼻头,平直唇,单侧上扬,右眼下浅泪痣,长菱形（上庭收窄），内侧突出眉骨/中度眼窝，鹤系眼·眼尾下压·宽眼距，宽鼻根/轻微偏右鼻梁/轻翘鼻头，平直唇·单侧上扬，方下颌
FD02544,上窄下宽脸,中轴收紧,骨感额,内侧突出眉骨,宽浅眼窝,宽颧骨,成熟收紧面颊,窄下颌,长杏眼,眼尾下压,窄眼距,深色瞳,宽鼻根,轻微偏右鼻梁,下压鼻头,小嘴,单侧上扬,碎裂虹膜,上窄下宽脸（中轴收紧），内侧突出眉骨/宽浅眼窝，长杏眼·眼尾下压·窄眼距，宽鼻根/轻微偏右鼻梁/下压鼻头，小嘴·单侧上扬，窄下颌
FD02545,圆脸,颧部微收,宽额,压迫感眉骨,宽浅眼窝,低颧骨,成熟收紧面颊,圆方下颌,狭长瑞凤眼,眼尾下压,宽眼距,墨玉瞳,高鼻根,中直鼻梁,小圆鼻头,上厚下薄,嘴角下垂,无标志,圆脸（颧部微收），压迫感眉骨/宽浅眼窝，狭长瑞凤眼·眼尾下压·宽眼距，高鼻根/中直鼻梁/小圆鼻头，上厚下薄·嘴角下垂，圆方下颌
FD02546,短方脸,颈部线条收短,宽额,压迫感眉骨,眼下骨感,窄颧骨,饱满面颊,明显下颌角,下垂眼,眼尾明显挑,窄眼距,墨玉瞳,中鼻根,轻鹰钩鼻梁,窄翼鼻头,宽嘴,嘴角紧收,异色瞳,短方脸（颈部线条收短），压迫感眉骨/眼下骨感，下垂眼·眼尾明显挑·窄眼距，中鼻根/轻鹰钩鼻梁/窄翼鼻头，宽嘴·嘴角紧收，明显下颌角
FD02547,宽菱形,颌角强调,饱满额,高眉骨,深眼窝,柔和颧骨,轻凹面颊,柔和下颌,狼系眼,眼尾微挑,宽眼距,墨玉瞳,高鼻根,中直鼻梁,小圆鼻头,宽嘴,嘴角下垂,鼻梁旧伤,宽菱形（颌角强调），高眉骨/深眼窝，狼系眼·眼尾微挑·宽眼距，高鼻根/中直鼻梁/小圆鼻头，宽嘴·嘴角下垂，柔和下颌
FD02548,骨感方脸,颧部外扩,高额,柔和眉骨,浅眼窝,高颧骨,饱满面颊,收敛下颌,半睁懒眼,眼尾延展,窄眼距,碎裂虹膜,窄鼻根,高直鼻梁,骨感鼻头,上厚下薄,嘴角上扬,鼻梁旧伤,骨感方脸（颧部外扩），柔和眉骨/浅眼窝，半睁懒眼·眼尾延展·窄眼距，窄鼻根/高直鼻梁/骨感鼻头，上厚下薄·嘴角上扬，收敛下颌
FD02549,宽鹅蛋脸,中轴微长,平直额,压迫感眉骨,眼下骨感,宽颧骨,幼态柔软面颊,窄下颌,少年圆眼,眼尾延展,标准眼距,墨玉瞳,窄鼻根,高直鼻梁,骨感鼻头,小嘴,嘴角紧收,双侧酒窝,宽鹅蛋脸（中轴微长），压迫感眉骨/眼下骨感，少年圆眼·眼尾延展·标准眼距，窄鼻根/高直鼻梁/骨感鼻头，小嘴·嘴角紧收，窄下颌
FD02550,正梯形脸,骨点外显,微凸额,厚眉骨,中度眼窝,宽颧骨,轻凹面颊,骨感下颌,下垂眼,眼尾微挑,宽眼距,淡金瞳,中高鼻根,中直鼻梁,微钝鼻头,宽嘴,嘴角下垂,无标志,正梯形脸（骨点外显），厚眉骨/中度眼窝，下垂眼·眼尾微挑·宽眼距，中高鼻根/中直鼻梁/微钝鼻头，宽嘴·嘴角下垂，骨感下颌
FD02551,下颌突出脸,中庭拉长,窄额,柔和眉骨,窄深眼窝,高颧骨,饱满面颊,柔和下颌,鹿系眼,眼尾下沉,宽眼距,琥珀瞳,宽鼻根,宽骨鼻梁,小圆鼻头,成熟长唇,嘴角上扬,无标志,下颌突出脸（中庭拉长），柔和眉骨/窄深眼窝，鹿系眼·眼尾下沉·宽眼距，宽鼻根/宽骨鼻梁/小圆鼻头，成熟长唇·嘴角上扬，柔和下颌
FD02552,宽心形脸,上庭收窄,高额,柔和眉骨,中度眼窝,高颧骨,轻凹面颊,窄下颌,长杏眼,眼尾平直,宽眼距,星点虹膜,窄鼻根,中直鼻梁,肉感鼻头,薄唇,嘴角下垂,左眼下浅泪痣,宽心形脸（上庭收窄），柔和眉骨/中度眼窝，长杏眼·眼尾平直·宽眼距，窄鼻根/中直鼻梁/肉感鼻头，薄唇·嘴角下垂，窄下颌
FD02553,宽菱形,骨点内敛,宽额,低眉骨,眼下骨感,外扩颧骨,幼态柔软面颊,骨感下颌,短杏眼,眼尾平直,窄眼距,琥珀瞳,高鼻根,高直鼻梁,轻翘鼻头,成熟长唇,嘴角下垂,额角旧痕,宽菱形（骨点内敛），低眉骨/眼下骨感，短杏眼·眼尾平直·窄眼距，高鼻根/高直鼻梁/轻翘鼻头，成熟长唇·嘴角下垂，骨感下颌
FD02554,窄鹅蛋脸,骨点内敛,微凸额,外侧突出眉骨,浅眼窝,宽颧骨,轻凹面颊,方下颌,狐狸系眼,眼尾下压,宽眼距,深色瞳,窄鼻根,轻微偏左鼻梁,下压鼻头,小嘴,嘴角紧收,指节薄茧,窄鹅蛋脸（骨点内敛），外侧突出眉骨/浅眼窝，狐狸系眼·眼尾下压·宽眼距，窄鼻根/轻微偏左鼻梁/下压鼻头，小嘴·嘴角紧收，方下颌
FD02555,鹅蛋偏心形,中庭展宽,骨感额,内侧突出眉骨,中度眼窝,柔和颧骨,薄面颊,宽下颌,疲惫眼,眼尾延展,标准眼距,琥珀瞳,中鼻根,轻微偏左鼻梁,轻翘鼻头,上厚下薄,嘴角平直,眉上小疤,鹅蛋偏心形（中庭展宽），内侧突出眉骨/中度眼窝，疲惫眼·眼尾延展·标准眼距，中鼻根/轻微偏左鼻梁/轻翘鼻头，上厚下薄·嘴角平直，宽下颌
FD02556,长心形脸,中庭展宽,骨感额,薄眉骨,窄深眼窝,外扩颧骨,幼态柔软面颊,柔和下颌,猫系眼,眼尾下压,宽眼距,异色瞳,高鼻根,柔和鼻梁,窄翼鼻头,宽嘴,嘴角上扬,左眼下浅泪痣,长心形脸（中庭展宽），薄眉骨/窄深眼窝，猫系眼·眼尾下压·宽眼距，高鼻根/柔和鼻梁/窄翼鼻头，宽嘴·嘴角上扬，柔和下颌
FD02557,宽菱形,偏柔圆润,平直额,高眉骨,中度眼窝,宽颧骨,饱满面颊,宽下颌,成熟长眼,眼尾下沉,窄眼距,环状虹膜,高鼻根,轻鹰钩鼻梁,轻翘鼻头,宽嘴,单侧上扬,额角旧痕,宽菱形（偏柔圆润），高眉骨/中度眼窝，成熟长眼·眼尾下沉·窄眼距，高鼻根/轻鹰钩鼻梁/轻翘鼻头，宽嘴·单侧上扬，宽下颌
FD02558,倒梯形脸,上庭展开,骨感额,内侧突出眉骨,眼下骨感,低颧骨,成熟收紧面颊,收敛下颌,短圆杏眼,眼尾下压,窄眼距,深色瞳,宽鼻根,微弧鼻梁,方圆鼻头,宽嘴,嘴角上扬,单侧酒窝,倒梯形脸（上庭展开），内侧突出眉骨/眼下骨感，短圆杏眼·眼尾下压·窄眼距，宽鼻根/微弧鼻梁/方圆鼻头，宽嘴·嘴角上扬，收敛下颌
FD02559,下颌突出脸,下庭收窄,骨感额,低眉骨,窄深眼窝,高颧骨,成熟收紧面颊,收敛下颌,圆长眼,眼尾平直,宽眼距,琥珀瞳,中鼻根,中直鼻梁,下压鼻头,薄唇,嘴角下垂,左颊浅疤,下颌突出脸（下庭收窄），低眉骨/窄深眼窝，圆长眼·眼尾平直·宽眼距，中鼻根/中直鼻梁/下压鼻头，薄唇·嘴角下垂，收敛下颌
FD02560,柔和菱形,中庭展宽,平直额,薄眉骨,眼下饱满,宽颧骨,饱满面颊,骨感下颌,丹凤眼,眼尾延展,窄眼距,环状虹膜,低鼻根,轻微偏右鼻梁,方圆鼻头,薄唇,单侧上扬,额角旧痕,柔和菱形（中庭展宽），薄眉骨/眼下饱满，丹凤眼·眼尾延展·窄眼距，低鼻根/轻微偏右鼻梁/方圆鼻头，薄唇·单侧上扬，骨感下颌
FD02561,长鹅蛋脸,下颌线清晰化,饱满额,内侧突出眉骨,眼下骨感,高颧骨,薄面颊,明显下颌角,窄杏眼,眼尾平直,标准眼距,墨玉瞳,高鼻根,高直鼻梁,方圆鼻头,弓形唇,嘴角下垂,颈侧细疤,长鹅蛋脸（下颌线清晰化），内侧突出眉骨/眼下骨感，窄杏眼·眼尾平直·标准眼距，高鼻根/高直鼻梁/方圆鼻头，弓形唇·嘴角下垂，明显下颌角
FD02562,标准菱形,骨点外显,饱满额,柔和眉骨,宽浅眼窝,高颧骨,轻凹面颊,圆方下颌,瑞凤眼,眼尾平直,标准眼距,墨玉瞳,窄鼻根,宽骨鼻梁,小圆鼻头,上厚下薄,嘴角上扬,异色瞳,标准菱形（骨点外显），柔和眉骨/宽浅眼窝，瑞凤眼·眼尾平直·标准眼距，窄鼻根/宽骨鼻梁/小圆鼻头，上厚下薄·嘴角上扬，圆方下颌
FD02563,肉感短脸,颊部略凹,低额,低眉骨,宽浅眼窝,柔和颧骨,薄面颊,明显下颌角,鹿系眼,眼尾延展,宽眼距,深色瞳,中高鼻根,高直鼻梁,窄翼鼻头,上厚下薄,嘴角上扬,颈侧细疤,肉感短脸（颊部略凹），低眉骨/宽浅眼窝，鹿系眼·眼尾延展·宽眼距，中高鼻根/高直鼻梁/窄翼鼻头，上厚下薄·嘴角上扬，明显下颌角
FD02564,标准菱形,下庭收窄,微凸额,压迫感眉骨,眼下饱满,柔和颧骨,幼态柔软面颊,骨感下颌,圆长眼,眼尾延展,窄眼距,墨玉瞳,宽鼻根,柔和鼻梁,肉感鼻头,弓形唇,嘴角平直,指节薄茧,标准菱形（下庭收窄），压迫感眉骨/眼下饱满，圆长眼·眼尾延展·窄眼距，宽鼻根/柔和鼻梁/肉感鼻头，弓形唇·嘴角平直，骨感下颌
FD02565,清瘦圆脸,上庭收窄,饱满额,厚眉骨,眼下饱满,外扩颧骨,薄面颊,窄下颌,长杏眼,眼尾平直,宽眼距,环状虹膜,低鼻根,宽骨鼻梁,骨感鼻头,上厚下薄,嘴角平直,眉心竖纹浅痕,清瘦圆脸（上庭收窄），厚眉骨/眼下饱满，长杏眼·眼尾平直·宽眼距，低鼻根/宽骨鼻梁/骨感鼻头，上厚下薄·嘴角平直，窄下颌
FD02566,短鹅蛋脸,颊部饱满,骨感额,薄眉骨,中度眼窝,柔和颧骨,成熟收紧面颊,宽下颌,成熟长眼,眼尾下沉,窄眼距,浅褐瞳,高鼻根,高直鼻梁,轻翘鼻头,上厚下薄,嘴角上扬,右眼下浅泪痣,短鹅蛋脸（颊部饱满），薄眉骨/中度眼窝，成熟长眼·眼尾下沉·窄眼距，高鼻根/高直鼻梁/轻翘鼻头，上厚下薄·嘴角上扬，宽下颌
FD02567,肉感短脸,中轴收紧,高额,压迫感眉骨,窄深眼窝,高颧骨,成熟收紧面颊,宽下颌,狼系眼,眼尾明显挑,窄眼距,深色瞳,宽鼻根,轻微偏右鼻梁,窄翼鼻头,小嘴,嘴角平直,碎裂虹膜,肉感短脸（中轴收紧），压迫感眉骨/窄深眼窝，狼系眼·眼尾明显挑·窄眼距，宽鼻根/轻微偏右鼻梁/窄翼鼻头，小嘴·嘴角平直，宽下颌
FD02568,幼态方脸,颧部微收,低额,内侧突出眉骨,浅眼窝,宽颧骨,饱满面颊,窄下颌,平直杏眼,眼尾延展,标准眼距,碎裂虹膜,高鼻根,柔和鼻梁,下压鼻头,上薄下厚,嘴角下垂,耳后小痣,幼态方脸（颧部微收），内侧突出眉骨/浅眼窝，平直杏眼·眼尾延展·标准眼距，高鼻根/柔和鼻梁/下压鼻头，上薄下厚·嘴角下垂，窄下颌
FD02569,鹅蛋偏菱,颧部微收,高额,外侧突出眉骨,眼下骨感,窄颧骨,轻凹面颊,骨感下颌,猫系眼,眼尾延展,窄眼距,墨玉瞳,中高鼻根,中直鼻梁,骨感鼻头,厚唇,嘴角上扬,无标志,鹅蛋偏菱（颧部微收），外侧突出眉骨/眼下骨感，猫系眼·眼尾延展·窄眼距，中高鼻根/中直鼻梁/骨感鼻头，厚唇·嘴角上扬，骨感下颌
FD02570,鹅蛋偏菱,下颌线清晰化,高额,内侧突出眉骨,宽浅眼窝,窄颧骨,幼态柔软面颊,柔和下颌,少年圆眼,眼尾明显挑,窄眼距,环状虹膜,中高鼻根,高直鼻梁,骨感鼻头,成熟长唇,单侧上扬,双侧酒窝,鹅蛋偏菱（下颌线清晰化），内侧突出眉骨/宽浅眼窝，少年圆眼·眼尾明显挑·窄眼距，中高鼻根/高直鼻梁/骨感鼻头，成熟长唇·单侧上扬，柔和下颌
FD02571,梨形脸,偏柔圆润,饱满额,高眉骨,眼下饱满,窄颧骨,轻凹面颊,窄下颌,狐狸系眼,眼尾平直,标准眼距,墨玉瞳,窄鼻根,高直鼻梁,微钝鼻头,弓形唇,嘴角下垂,单侧酒窝,梨形脸（偏柔圆润），高眉骨/眼下饱满，狐狸系眼·眼尾平直·标准眼距，窄鼻根/高直鼻梁/微钝鼻头，弓形唇·嘴角下垂，窄下颌
FD02572,圆脸,下颌线柔化,宽额,内侧突出眉骨,中度眼窝,窄颧骨,成熟收紧面颊,圆方下颌,狐狸系眼,眼尾下沉,窄眼距,深色瞳,高鼻根,轻鹰钩鼻梁,微钝鼻头,平直唇,嘴角平直,双侧酒窝,圆脸（下颌线柔化），内侧突出眉骨/中度眼窝，狐狸系眼·眼尾下沉·窄眼距，高鼻根/轻鹰钩鼻梁/微钝鼻头，平直唇·嘴角平直，圆方下颌
FD02573,上窄下宽脸,下庭加重,宽额,高眉骨,中度眼窝,宽颧骨,幼态柔软面颊,宽下颌,鹿系眼,眼尾平直,窄眼距,碎裂虹膜,高鼻根,轻微偏左鼻梁,窄翼鼻头,厚唇,嘴角下垂,鼻梁旧伤,上窄下宽脸（下庭加重），高眉骨/中度眼窝，鹿系眼·眼尾平直·窄眼距，高鼻根/轻微偏左鼻梁/窄翼鼻头，厚唇·嘴角下垂，宽下颌
FD02574,颧部展开脸,中轴收紧,饱满额,内侧突出眉骨,眼下骨感,高颧骨,薄面颊,窄下颌,半睁懒眼,眼尾明显挑,窄眼距,琥珀瞳,宽鼻根,柔和鼻梁,骨感鼻头,上厚下薄,嘴角上扬,眉上小疤,颧部展开脸（中轴收紧），内侧突出眉骨/眼下骨感，半睁懒眼·眼尾明显挑·窄眼距，宽鼻根/柔和鼻梁/骨感鼻头，上厚下薄·嘴角上扬，窄下颌
FD02575,鹅蛋偏方,中轴收紧,微凸额,薄眉骨,窄深眼窝,低颧骨,成熟收紧面颊,骨感下颌,狭长瑞凤眼,眼尾微挑,标准眼距,淡金瞳,高鼻根,轻鹰钩鼻梁,轻翘鼻头,上薄下厚,单侧上扬,指节薄茧,鹅蛋偏方（中轴收紧），薄眉骨/窄深眼窝，狭长瑞凤眼·眼尾微挑·标准眼距，高鼻根/轻鹰钩鼻梁/轻翘鼻头，上薄下厚·单侧上扬，骨感下颌
FD02576,骨感窄脸,颌角弱化,微凸额,内侧突出眉骨,中度眼窝,柔和颧骨,薄面颊,骨感下颌,平直杏眼,眼尾下压,宽眼距,琥珀瞳,低鼻根,微弧鼻梁,小圆鼻头,成熟长唇,单侧上扬,碎裂虹膜,骨感窄脸（颌角弱化），内侧突出眉骨/中度眼窝，平直杏眼·眼尾下压·宽眼距，低鼻根/微弧鼻梁/小圆鼻头，成熟长唇·单侧上扬，骨感下颌
FD02577,骨感窄脸,下庭加重,宽额,柔和眉骨,深眼窝,外扩颧骨,薄面颊,收敛下颌,鹿系眼,眼尾延展,标准眼距,异色瞳,中高鼻根,轻微偏右鼻梁,肉感鼻头,弓形唇,嘴角下垂,单侧酒窝,骨感窄脸（下庭加重），柔和眉骨/深眼窝，鹿系眼·眼尾延展·标准眼距，中高鼻根/轻微偏右鼻梁/肉感鼻头，弓形唇·嘴角下垂，收敛下颌
FD02578,窄方脸,颈部线条收短,窄额,内侧突出眉骨,中度眼窝,窄颧骨,幼态柔软面颊,宽下颌,鹿系眼,眼尾微挑,窄眼距,琥珀瞳,高鼻根,微弧鼻梁,方圆鼻头,小嘴,嘴角下垂,鼻梁旧伤,窄方脸（颈部线条收短），内侧突出眉骨/中度眼窝，鹿系眼·眼尾微挑·窄眼距，高鼻根/微弧鼻梁/方圆鼻头，小嘴·嘴角下垂，宽下颌
FD02579,短方脸,颌角强调,高额,内侧突出眉骨,窄深眼窝,宽颧骨,幼态柔软面颊,圆方下颌,瑞凤眼,眼尾下沉,宽眼距,琥珀瞳,高鼻根,高直鼻梁,下压鼻头,厚唇,嘴角紧收,眉心竖纹浅痕,短方脸（颌角强调），内侧突出眉骨/窄深眼窝，瑞凤眼·眼尾下沉·宽眼距，高鼻根/高直鼻梁/下压鼻头，厚唇·嘴角紧收，圆方下颌
FD02580,宽鹅蛋脸,中轴收紧,骨感额,厚眉骨,中度眼窝,宽颧骨,薄面颊,圆方下颌,冷感眼,眼尾明显挑,标准眼距,灰蓝瞳,低鼻根,中直鼻梁,下压鼻头,弓形唇,嘴角上扬,无标志,宽鹅蛋脸（中轴收紧），厚眉骨/中度眼窝，冷感眼·眼尾明显挑·标准眼距，低鼻根/中直鼻梁/下压鼻头，弓形唇·嘴角上扬，圆方下颌
FD02581,长鹅蛋脸,上庭收窄,平直额,高眉骨,眼下骨感,低颧骨,成熟收紧面颊,骨感下颌,狭长眼,眼尾延展,标准眼距,淡金瞳,中鼻根,轻微偏左鼻梁,方圆鼻头,上厚下薄,嘴角上扬,眉尾旧疤,长鹅蛋脸（上庭收窄），高眉骨/眼下骨感，狭长眼·眼尾延展·标准眼距，中鼻根/轻微偏左鼻梁/方圆鼻头，上厚下薄·嘴角上扬，骨感下颌
FD02582,宽菱形,颈部线条收短,饱满额,低眉骨,眼下饱满,窄颧骨,幼态柔软面颊,宽下颌,鹿系眼,眼尾下压,标准眼距,灰蓝瞳,中鼻根,轻鹰钩鼻梁,轻翘鼻头,宽嘴,嘴角紧收,鼻梁旧伤,宽菱形（颈部线条收短），低眉骨/眼下饱满，鹿系眼·眼尾下压·标准眼距，中鼻根/轻鹰钩鼻梁/轻翘鼻头，宽嘴·嘴角紧收，宽下颌
FD02583,圆方脸,上庭展开,高额,压迫感眉骨,深眼窝,低颧骨,幼态柔软面颊,骨感下颌,鹿系眼,眼尾下沉,宽眼距,灰蓝瞳,高鼻根,轻微偏右鼻梁,肉感鼻头,上厚下薄,单侧上扬,鼻梁旧伤,圆方脸（上庭展开），压迫感眉骨/深眼窝，鹿系眼·眼尾下沉·宽眼距，高鼻根/轻微偏右鼻梁/肉感鼻头，上厚下薄·单侧上扬，骨感下颌
FD02584,上窄下宽脸,中轴微长,骨感额,厚眉骨,深眼窝,外扩颧骨,成熟收紧面颊,柔和下颌,鹿系眼,眼尾下压,窄眼距,星点虹膜,窄鼻根,中直鼻梁,肉感鼻头,上薄下厚,嘴角下垂,无标志,上窄下宽脸（中轴微长），厚眉骨/深眼窝，鹿系眼·眼尾下压·窄眼距，窄鼻根/中直鼻梁/肉感鼻头，上薄下厚·嘴角下垂，柔和下颌
FD02585,圆脸,上庭展开,骨感额,柔和眉骨,浅眼窝,外扩颧骨,成熟收紧面颊,收敛下颌,下垂眼,眼尾延展,窄眼距,淡金瞳,中高鼻根,高直鼻梁,下压鼻头,上薄下厚,嘴角下垂,单侧虎牙,圆脸（上庭展开），柔和眉骨/浅眼窝，下垂眼·眼尾延展·窄眼距，中高鼻根/高直鼻梁/下压鼻头，上薄下厚·嘴角下垂，收敛下颌
FD02586,上窄下宽脸,颈部线条延长,低额,压迫感眉骨,深眼窝,宽颧骨,饱满面颊,宽下颌,丹凤眼,眼尾平直,宽眼距,浅褐瞳,中高鼻根,轻微偏左鼻梁,方圆鼻头,弓形唇,嘴角紧收,右眼下浅泪痣,上窄下宽脸（颈部线条延长），压迫感眉骨/深眼窝，丹凤眼·眼尾平直·宽眼距，中高鼻根/轻微偏左鼻梁/方圆鼻头，弓形唇·嘴角紧收，宽下颌
FD02587,清瘦圆脸,中轴收紧,宽额,柔和眉骨,深眼窝,高颧骨,幼态柔软面颊,圆方下颌,少年圆眼,眼尾明显挑,标准眼距,异色瞳,高鼻根,高直鼻梁,下压鼻头,弓形唇,嘴角紧收,颈侧细疤,清瘦圆脸（中轴收紧），柔和眉骨/深眼窝，少年圆眼·眼尾明显挑·标准眼距，高鼻根/高直鼻梁/下压鼻头，弓形唇·嘴角紧收，圆方下颌
FD02588,标准菱形,下颌线清晰化,微凸额,厚眉骨,眼下饱满,低颧骨,成熟收紧面颊,柔和下颌,桃花眼,眼尾微挑,宽眼距,琥珀瞳,高鼻根,微弧鼻梁,下压鼻头,成熟长唇,嘴角平直,异色瞳,标准菱形（下颌线清晰化），厚眉骨/眼下饱满，桃花眼·眼尾微挑·宽眼距，高鼻根/微弧鼻梁/下压鼻头，成熟长唇·嘴角平直，柔和下颌
FD02589,窄方脸,中轴微长,微凸额,外侧突出眉骨,眼下饱满,低颧骨,成熟收紧面颊,明显下颌角,上扬凤眼,眼尾下压,窄眼距,碎裂虹膜,中鼻根,轻鹰钩鼻梁,方圆鼻头,宽嘴,嘴角下垂,鼻梁旧伤,窄方脸（中轴微长），外侧突出眉骨/眼下饱满，上扬凤眼·眼尾下压·窄眼距，中鼻根/轻鹰钩鼻梁/方圆鼻头，宽嘴·嘴角下垂，明显下颌角
FD02590,窄鹅蛋脸,偏锐收窄,高额,内侧突出眉骨,宽浅眼窝,高颧骨,幼态柔软面颊,收敛下颌,猫系眼,眼尾微挑,窄眼距,淡金瞳,中高鼻根,高直鼻梁,小圆鼻头,薄唇,嘴角下垂,耳后小痣,窄鹅蛋脸（偏锐收窄），内侧突出眉骨/宽浅眼窝，猫系眼·眼尾微挑·窄眼距，中高鼻根/高直鼻梁/小圆鼻头，薄唇·嘴角下垂，收敛下颌
FD02591,宽菱形,颧部外扩,高额,高眉骨,浅眼窝,窄颧骨,饱满面颊,收敛下颌,下垂眼,眼尾延展,窄眼距,环状虹膜,低鼻根,宽骨鼻梁,骨感鼻头,厚唇,单侧上扬,鼻梁旧伤,宽菱形（颧部外扩），高眉骨/浅眼窝，下垂眼·眼尾延展·窄眼距，低鼻根/宽骨鼻梁/骨感鼻头，厚唇·单侧上扬，收敛下颌
FD02592,长圆脸,颈部线条收短,高额,低眉骨,浅眼窝,宽颧骨,成熟收紧面颊,骨感下颌,窄杏眼,眼尾下沉,窄眼距,深色瞳,中鼻根,中直鼻梁,小圆鼻头,宽嘴,嘴角上扬,无标志,长圆脸（颈部线条收短），低眉骨/浅眼窝，窄杏眼·眼尾下沉·窄眼距，中鼻根/中直鼻梁/小圆鼻头，宽嘴·嘴角上扬，骨感下颌
FD02593,长心形脸,骨点外显,微凸额,薄眉骨,深眼窝,柔和颧骨,饱满面颊,圆方下颌,狼系眼,眼尾微挑,窄眼距,淡金瞳,窄鼻根,中直鼻梁,下压鼻头,弓形唇,嘴角下垂,双侧酒窝,长心形脸（骨点外显），薄眉骨/深眼窝，狼系眼·眼尾微挑·窄眼距，窄鼻根/中直鼻梁/下压鼻头，弓形唇·嘴角下垂，圆方下颌
FD02594,柔和方脸,骨点外显,宽额,厚眉骨,窄深眼窝,高颧骨,幼态柔软面颊,柔和下颌,短杏眼,眼尾明显挑,窄眼距,浅褐瞳,宽鼻根,轻鹰钩鼻梁,轻翘鼻头,宽嘴,单侧上扬,鼻梁旧伤,柔和方脸（骨点外显），厚眉骨/窄深眼窝，短杏眼·眼尾明显挑·窄眼距，宽鼻根/轻鹰钩鼻梁/轻翘鼻头，宽嘴·单侧上扬，柔和下颌
FD02595,标准菱形,上庭收窄,宽额,厚眉骨,眼下骨感,柔和颧骨,薄面颊,圆方下颌,冷感眼,眼尾下沉,窄眼距,墨玉瞳,中高鼻根,宽骨鼻梁,下压鼻头,宽嘴,嘴角下垂,单侧虎牙,标准菱形（上庭收窄），厚眉骨/眼下骨感，冷感眼·眼尾下沉·窄眼距，中高鼻根/宽骨鼻梁/下压鼻头，宽嘴·嘴角下垂，圆方下颌
FD02596,宽菱形,偏锐收窄,饱满额,压迫感眉骨,深眼窝,低颧骨,饱满面颊,骨感下颌,平凤眼,眼尾平直,窄眼距,浅褐瞳,低鼻根,轻微偏左鼻梁,骨感鼻头,弓形唇,嘴角上扬,耳后小痣,宽菱形（偏锐收窄），压迫感眉骨/深眼窝，平凤眼·眼尾平直·窄眼距，低鼻根/轻微偏左鼻梁/骨感鼻头，弓形唇·嘴角上扬，骨感下颌
FD02597,成熟方脸,颊部略凹,骨感额,内侧突出眉骨,宽浅眼窝,窄颧骨,薄面颊,窄下颌,平直杏眼,眼尾平直,窄眼距,琥珀瞳,中高鼻根,轻微偏左鼻梁,小圆鼻头,薄唇,嘴角下垂,异色瞳,成熟方脸（颊部略凹），内侧突出眉骨/宽浅眼窝，平直杏眼·眼尾平直·窄眼距，中高鼻根/轻微偏左鼻梁/小圆鼻头，薄唇·嘴角下垂，窄下颌
FD02598,肉感短脸,偏柔圆润,低额,柔和眉骨,眼下骨感,高颧骨,成熟收紧面颊,明显下颌角,疲惫眼,眼尾下沉,窄眼距,深色瞳,中鼻根,轻鹰钩鼻梁,肉感鼻头,小嘴,嘴角上扬,瞳孔残缺,肉感短脸（偏柔圆润），柔和眉骨/眼下骨感，疲惫眼·眼尾下沉·窄眼距，中鼻根/轻鹰钩鼻梁/肉感鼻头，小嘴·嘴角上扬，明显下颌角
FD02599,上宽下窄脸,中轴收紧,平直额,外侧突出眉骨,深眼窝,柔和颧骨,薄面颊,骨感下颌,丹凤眼,眼尾下沉,标准眼距,浅褐瞳,低鼻根,高直鼻梁,方圆鼻头,薄唇,嘴角下垂,碎裂虹膜,上宽下窄脸（中轴收紧），外侧突出眉骨/深眼窝，丹凤眼·眼尾下沉·标准眼距，低鼻根/高直鼻梁/方圆鼻头，薄唇·嘴角下垂，骨感下颌
FD02600,方鹅蛋脸,偏锐收窄,高额,外侧突出眉骨,眼下饱满,外扩颧骨,薄面颊,宽下颌,桃花眼,眼尾延展,宽眼距,环状虹膜,高鼻根,柔和鼻梁,窄翼鼻头,小嘴,单侧上扬,指节薄茧,方鹅蛋脸（偏锐收窄），外侧突出眉骨/眼下饱满，桃花眼·眼尾延展·宽眼距，高鼻根/柔和鼻梁/窄翼鼻头，小嘴·单侧上扬，宽下颌
FD02601,骨感窄脸,骨点内敛,低额,内侧突出眉骨,深眼窝,柔和颧骨,幼态柔软面颊,柔和下颌,短杏眼,眼尾下压,宽眼距,灰蓝瞳,高鼻根,轻微偏右鼻梁,下压鼻头,平直唇,单侧上扬,右眼下浅泪痣,骨感窄脸（骨点内敛），内侧突出眉骨/深眼窝，短杏眼·眼尾下压·宽眼距，高鼻根/轻微偏右鼻梁/下压鼻头，平直唇·单侧上扬，柔和下颌
FD02602,倒三角脸,偏柔圆润,宽额,柔和眉骨,浅眼窝,高颧骨,饱满面颊,收敛下颌,狭长眼,眼尾延展,宽眼距,星点虹膜,中高鼻根,轻微偏左鼻梁,骨感鼻头,成熟长唇,嘴角平直,异色瞳,倒三角脸（偏柔圆润），柔和眉骨/浅眼窝，狭长眼·眼尾延展·宽眼距，中高鼻根/轻微偏左鼻梁/骨感鼻头，成熟长唇·嘴角平直，收敛下颌
FD02603,心形脸,颧部外扩,平直额,厚眉骨,眼下骨感,高颧骨,幼态柔软面颊,骨感下颌,下垂眼,眼尾下压,窄眼距,墨玉瞳,低鼻根,轻鹰钩鼻梁,小圆鼻头,宽嘴,嘴角上扬,下颌浅疤,心形脸（颧部外扩），厚眉骨/眼下骨感，下垂眼·眼尾下压·窄眼距，低鼻根/轻鹰钩鼻梁/小圆鼻头，宽嘴·嘴角上扬，骨感下颌
FD02604,幼态圆脸,中庭拉长,饱满额,内侧突出眉骨,眼下骨感,窄颧骨,幼态柔软面颊,骨感下颌,短杏眼,眼尾延展,宽眼距,星点虹膜,中高鼻根,微弧鼻梁,骨感鼻头,成熟长唇,嘴角上扬,眉上小疤,幼态圆脸（中庭拉长），内侧突出眉骨/眼下骨感，短杏眼·眼尾延展·宽眼距，中高鼻根/微弧鼻梁/骨感鼻头，成熟长唇·嘴角上扬，骨感下颌
FD02605,短圆脸,骨点内敛,微凸额,薄眉骨,中度眼窝,窄颧骨,饱满面颊,窄下颌,柳叶眼,眼尾微挑,窄眼距,灰蓝瞳,中鼻根,轻鹰钩鼻梁,下压鼻头,平直唇,嘴角下垂,右眼下浅泪痣,短圆脸（骨点内敛），薄眉骨/中度眼窝，柳叶眼·眼尾微挑·窄眼距，中鼻根/轻鹰钩鼻梁/下压鼻头，平直唇·嘴角下垂，窄下颌
FD02606,宽心形脸,颌角弱化,低额,柔和眉骨,窄深眼窝,柔和颧骨,成熟收紧面颊,方下颌,桃花眼,眼尾延展,宽眼距,异色瞳,高鼻根,轻微偏右鼻梁,方圆鼻头,小嘴,单侧上扬,额角旧痕,宽心形脸（颌角弱化），柔和眉骨/窄深眼窝，桃花眼·眼尾延展·宽眼距，高鼻根/轻微偏右鼻梁/方圆鼻头，小嘴·单侧上扬，方下颌
FD02607,柔和菱形,下颌线柔化,饱满额,柔和眉骨,中度眼窝,宽颧骨,轻凹面颊,明显下颌角,宽杏眼,眼尾明显挑,宽眼距,灰蓝瞳,窄鼻根,宽骨鼻梁,方圆鼻头,上薄下厚,嘴角平直,眉尾旧疤,柔和菱形（下颌线柔化），柔和眉骨/中度眼窝，宽杏眼·眼尾明显挑·宽眼距，窄鼻根/宽骨鼻梁/方圆鼻头，上薄下厚·嘴角平直，明显下颌角
FD02608,短圆脸,颊部略凹,饱满额,厚眉骨,窄深眼窝,外扩颧骨,薄面颊,宽下颌,疲惫眼,眼尾微挑,标准眼距,异色瞳,宽鼻根,轻鹰钩鼻梁,微钝鼻头,厚唇,嘴角平直,眉上小疤,短圆脸（颊部略凹），厚眉骨/窄深眼窝，疲惫眼·眼尾微挑·标准眼距，宽鼻根/轻鹰钩鼻梁/微钝鼻头，厚唇·嘴角平直，宽下颌
FD02609,梨形脸,面中立体化,饱满额,高眉骨,深眼窝,柔和颧骨,饱满面颊,方下颌,短杏眼,眼尾下沉,窄眼距,星点虹膜,窄鼻根,微弧鼻梁,下压鼻头,上厚下薄,嘴角紧收,环状虹膜,梨形脸（面中立体化），高眉骨/深眼窝，短杏眼·眼尾下沉·窄眼距，窄鼻根/微弧鼻梁/下压鼻头，上厚下薄·嘴角紧收，方下颌
FD02610,幼态圆脸,骨点外显,微凸额,薄眉骨,窄深眼窝,窄颧骨,薄面颊,窄下颌,平直杏眼,眼尾延展,窄眼距,墨玉瞳,低鼻根,中直鼻梁,方圆鼻头,薄唇,嘴角上扬,眼角小痣,幼态圆脸（骨点外显），薄眉骨/窄深眼窝，平直杏眼·眼尾延展·窄眼距，低鼻根/中直鼻梁/方圆鼻头，薄唇·嘴角上扬，窄下颌
FD02611,骨感菱形,骨点内敛,宽额,外侧突出眉骨,浅眼窝,窄颧骨,成熟收紧面颊,宽下颌,上扬凤眼,眼尾平直,标准眼距,淡金瞳,低鼻根,轻鹰钩鼻梁,小圆鼻头,弓形唇,嘴角上扬,指节薄茧,骨感菱形（骨点内敛），外侧突出眉骨/浅眼窝，上扬凤眼·眼尾平直·标准眼距，低鼻根/轻鹰钩鼻梁/小圆鼻头，弓形唇·嘴角上扬，宽下颌
FD02612,倒梯形脸,上庭展开,高额,厚眉骨,窄深眼窝,窄颧骨,幼态柔软面颊,柔和下颌,狭长瑞凤眼,眼尾微挑,标准眼距,浅褐瞳,低鼻根,中直鼻梁,下压鼻头,宽嘴,嘴角上扬,左眼下浅泪痣,倒梯形脸（上庭展开），厚眉骨/窄深眼窝，狭长瑞凤眼·眼尾微挑·标准眼距，低鼻根/中直鼻梁/下压鼻头，宽嘴·嘴角上扬，柔和下颌
FD02613,长圆脸,颈部线条延长,低额,薄眉骨,中度眼窝,高颧骨,薄面颊,宽下颌,短杏眼,眼尾延展,窄眼距,墨玉瞳,低鼻根,轻鹰钩鼻梁,小圆鼻头,薄唇,嘴角平直,鼻梁旧伤,长圆脸（颈部线条延长），薄眉骨/中度眼窝，短杏眼·眼尾延展·窄眼距，低鼻根/轻鹰钩鼻梁/小圆鼻头，薄唇·嘴角平直，宽下颌
FD02614,鹅蛋偏菱,骨点内敛,骨感额,高眉骨,浅眼窝,宽颧骨,成熟收紧面颊,圆方下颌,猫系眼,眼尾微挑,标准眼距,星点虹膜,中鼻根,宽骨鼻梁,骨感鼻头,薄唇,单侧上扬,额角旧痕,鹅蛋偏菱（骨点内敛），高眉骨/浅眼窝，猫系眼·眼尾微挑·标准眼距，中鼻根/宽骨鼻梁/骨感鼻头，薄唇·单侧上扬，圆方下颌
FD02615,清瘦圆脸,颊部饱满,饱满额,高眉骨,中度眼窝,窄颧骨,轻凹面颊,宽下颌,鹤系眼,眼尾明显挑,标准眼距,淡金瞳,宽鼻根,轻鹰钩鼻梁,下压鼻头,上厚下薄,单侧上扬,唇下小痣,清瘦圆脸（颊部饱满），高眉骨/中度眼窝，鹤系眼·眼尾明显挑·标准眼距，宽鼻根/轻鹰钩鼻梁/下压鼻头，上厚下薄·单侧上扬，宽下颌
FD02616,柔和菱形,颌角弱化,微凸额,外侧突出眉骨,深眼窝,低颧骨,薄面颊,圆方下颌,狐狸系眼,眼尾下沉,宽眼距,异色瞳,中高鼻根,轻微偏右鼻梁,微钝鼻头,弓形唇,嘴角上扬,无标志,柔和菱形（颌角弱化），外侧突出眉骨/深眼窝，狐狸系眼·眼尾下沉·宽眼距，中高鼻根/轻微偏右鼻梁/微钝鼻头，弓形唇·嘴角上扬，圆方下颌
FD02617,窄鹅蛋脸,骨点外显,低额,外侧突出眉骨,深眼窝,宽颧骨,幼态柔软面颊,收敛下颌,窄杏眼,眼尾下压,窄眼距,墨玉瞳,高鼻根,高直鼻梁,方圆鼻头,厚唇,嘴角下垂,右眼下浅泪痣,窄鹅蛋脸（骨点外显），外侧突出眉骨/深眼窝，窄杏眼·眼尾下压·窄眼距，高鼻根/高直鼻梁/方圆鼻头，厚唇·嘴角下垂，收敛下颌
FD02618,双颌匀称脸,颈部线条收短,宽额,低眉骨,窄深眼窝,宽颧骨,饱满面颊,宽下颌,宽杏眼,眼尾下沉,窄眼距,墨玉瞳,中高鼻根,中直鼻梁,骨感鼻头,厚唇,嘴角平直,下颌浅疤,双颌匀称脸（颈部线条收短），低眉骨/窄深眼窝，宽杏眼·眼尾下沉·窄眼距，中高鼻根/中直鼻梁/骨感鼻头，厚唇·嘴角平直，宽下颌
FD02619,倒三角脸,中庭拉长,平直额,柔和眉骨,眼下饱满,柔和颧骨,轻凹面颊,宽下颌,宽杏眼,眼尾微挑,标准眼距,深色瞳,宽鼻根,轻微偏右鼻梁,方圆鼻头,厚唇,嘴角平直,双侧酒窝,倒三角脸（中庭拉长），柔和眉骨/眼下饱满，宽杏眼·眼尾微挑·标准眼距，宽鼻根/轻微偏右鼻梁/方圆鼻头，厚唇·嘴角平直，宽下颌
FD02620,长方脸,颌角强调,高额,柔和眉骨,眼下饱满,窄颧骨,轻凹面颊,柔和下颌,猫系眼,眼尾延展,宽眼距,碎裂虹膜,中鼻根,高直鼻梁,骨感鼻头,上厚下薄,嘴角紧收,异色瞳,长方脸（颌角强调），柔和眉骨/眼下饱满，猫系眼·眼尾延展·宽眼距，中鼻根/高直鼻梁/骨感鼻头，上厚下薄·嘴角紧收，柔和下颌
FD02621,鹅蛋偏菱,骨点外显,宽额,厚眉骨,中度眼窝,窄颧骨,成熟收紧面颊,方下颌,下垂眼,眼尾明显挑,宽眼距,碎裂虹膜,中鼻根,宽骨鼻梁,下压鼻头,平直唇,嘴角紧收,单侧虎牙,鹅蛋偏菱（骨点外显），厚眉骨/中度眼窝，下垂眼·眼尾明显挑·宽眼距，中鼻根/宽骨鼻梁/下压鼻头，平直唇·嘴角紧收，方下颌
FD02622,窄鹅蛋脸,颌角弱化,骨感额,压迫感眉骨,眼下骨感,柔和颧骨,成熟收紧面颊,方下颌,柳叶眼,眼尾明显挑,宽眼距,浅褐瞳,中高鼻根,柔和鼻梁,窄翼鼻头,平直唇,嘴角平直,右眉轻断,窄鹅蛋脸（颌角弱化），压迫感眉骨/眼下骨感，柳叶眼·眼尾明显挑·宽眼距，中高鼻根/柔和鼻梁/窄翼鼻头，平直唇·嘴角平直，方下颌
FD02623,清瘦圆脸,中轴收紧,平直额,薄眉骨,深眼窝,高颧骨,轻凹面颊,收敛下颌,圆长眼,眼尾下压,宽眼距,星点虹膜,宽鼻根,宽骨鼻梁,窄翼鼻头,宽嘴,嘴角上扬,异色瞳,清瘦圆脸（中轴收紧），薄眉骨/深眼窝，圆长眼·眼尾下压·宽眼距，宽鼻根/宽骨鼻梁/窄翼鼻头，宽嘴·嘴角上扬，收敛下颌
FD02624,肉感短脸,颊部饱满,微凸额,厚眉骨,中度眼窝,宽颧骨,薄面颊,窄下颌,下垂眼,眼尾延展,窄眼距,墨玉瞳,窄鼻根,中直鼻梁,小圆鼻头,成熟长唇,嘴角紧收,左颊浅疤,肉感短脸（颊部饱满），厚眉骨/中度眼窝，下垂眼·眼尾延展·窄眼距，窄鼻根/中直鼻梁/小圆鼻头，成熟长唇·嘴角紧收，窄下颌
FD02625,方鹅蛋脸,颌角强调,饱满额,薄眉骨,宽浅眼窝,外扩颧骨,饱满面颊,圆方下颌,丹凤眼,眼尾微挑,窄眼距,异色瞳,窄鼻根,中直鼻梁,小圆鼻头,小嘴,嘴角上扬,颈侧细疤,方鹅蛋脸（颌角强调），薄眉骨/宽浅眼窝，丹凤眼·眼尾微挑·窄眼距，窄鼻根/中直鼻梁/小圆鼻头，小嘴·嘴角上扬，圆方下颌
FD02626,鹅蛋偏菱,下颌线柔化,低额,内侧突出眉骨,宽浅眼窝,低颧骨,薄面颊,骨感下颌,平直杏眼,眼尾明显挑,宽眼距,琥珀瞳,宽鼻根,柔和鼻梁,轻翘鼻头,薄唇,嘴角下垂,左眼下浅泪痣,鹅蛋偏菱（下颌线柔化），内侧突出眉骨/宽浅眼窝，平直杏眼·眼尾明显挑·宽眼距，宽鼻根/柔和鼻梁/轻翘鼻头，薄唇·嘴角下垂，骨感下颌
FD02627,双颌匀称脸,上庭展开,高额,外侧突出眉骨,浅眼窝,柔和颧骨,成熟收紧面颊,圆方下颌,短圆杏眼,眼尾下压,标准眼距,星点虹膜,宽鼻根,柔和鼻梁,下压鼻头,成熟长唇,嘴角上扬,眼睑褶皱不对称,双颌匀称脸（上庭展开），外侧突出眉骨/浅眼窝，短圆杏眼·眼尾下压·标准眼距，宽鼻根/柔和鼻梁/下压鼻头，成熟长唇·嘴角上扬，圆方下颌
FD02628,骨感方脸,颈部线条收短,骨感额,柔和眉骨,窄深眼窝,高颧骨,轻凹面颊,窄下颌,鹤系眼,眼尾平直,窄眼距,星点虹膜,低鼻根,轻微偏右鼻梁,骨感鼻头,弓形唇,嘴角上扬,指节薄茧,骨感方脸（颈部线条收短），柔和眉骨/窄深眼窝，鹤系眼·眼尾平直·窄眼距，低鼻根/轻微偏右鼻梁/骨感鼻头，弓形唇·嘴角上扬，窄下颌
FD02629,宽鹅蛋脸,偏柔圆润,高额,厚眉骨,窄深眼窝,高颧骨,幼态柔软面颊,圆方下颌,蛇系眼,眼尾明显挑,宽眼距,星点虹膜,中高鼻根,柔和鼻梁,窄翼鼻头,薄唇,嘴角下垂,双侧酒窝,宽鹅蛋脸（偏柔圆润），厚眉骨/窄深眼窝，蛇系眼·眼尾明显挑·宽眼距，中高鼻根/柔和鼻梁/窄翼鼻头，薄唇·嘴角下垂，圆方下颌
FD02630,鹅蛋偏方,颧部微收,骨感额,高眉骨,中度眼窝,高颧骨,成熟收紧面颊,收敛下颌,疲惫眼,眼尾明显挑,窄眼距,星点虹膜,中鼻根,轻微偏左鼻梁,肉感鼻头,宽嘴,嘴角紧收,异色瞳,鹅蛋偏方（颧部微收），高眉骨/中度眼窝，疲惫眼·眼尾明显挑·窄眼距，中鼻根/轻微偏左鼻梁/肉感鼻头，宽嘴·嘴角紧收，收敛下颌
FD02631,窄鹅蛋脸,上庭展开,微凸额,外侧突出眉骨,浅眼窝,外扩颧骨,成熟收紧面颊,圆方下颌,狭长眼,眼尾下沉,宽眼距,琥珀瞳,低鼻根,轻鹰钩鼻梁,小圆鼻头,厚唇,嘴角上扬,环状虹膜,窄鹅蛋脸（上庭展开），外侧突出眉骨/浅眼窝，狭长眼·眼尾下沉·宽眼距，低鼻根/轻鹰钩鼻梁/小圆鼻头，厚唇·嘴角上扬，圆方下颌
FD02632,倒三角脸,骨点外显,饱满额,高眉骨,眼下骨感,窄颧骨,成熟收紧面颊,窄下颌,半睁懒眼,眼尾明显挑,宽眼距,碎裂虹膜,低鼻根,高直鼻梁,小圆鼻头,上薄下厚,嘴角紧收,眼睑褶皱不对称,倒三角脸（骨点外显），高眉骨/眼下骨感，半睁懒眼·眼尾明显挑·宽眼距，低鼻根/高直鼻梁/小圆鼻头，上薄下厚·嘴角紧收，窄下颌
FD02633,长鹅蛋脸,面中立体化,窄额,内侧突出眉骨,深眼窝,外扩颧骨,轻凹面颊,收敛下颌,狐狸系眼,眼尾微挑,窄眼距,淡金瞳,高鼻根,柔和鼻梁,小圆鼻头,上厚下薄,嘴角紧收,单侧虎牙,长鹅蛋脸（面中立体化），内侧突出眉骨/深眼窝，狐狸系眼·眼尾微挑·窄眼距，高鼻根/柔和鼻梁/小圆鼻头，上厚下薄·嘴角紧收，收敛下颌
FD02634,标准菱形,中庭展宽,微凸额,低眉骨,宽浅眼窝,高颧骨,成熟收紧面颊,收敛下颌,窄杏眼,眼尾延展,宽眼距,墨玉瞳,窄鼻根,高直鼻梁,微钝鼻头,上薄下厚,单侧上扬,右眼下浅泪痣,标准菱形（中庭展宽），低眉骨/宽浅眼窝，窄杏眼·眼尾延展·宽眼距，窄鼻根/高直鼻梁/微钝鼻头，上薄下厚·单侧上扬，收敛下颌
FD02635,方鹅蛋脸,偏锐收窄,高额,压迫感眉骨,眼下饱满,窄颧骨,饱满面颊,柔和下颌,鹤系眼,眼尾下压,标准眼距,深色瞳,中高鼻根,柔和鼻梁,骨感鼻头,成熟长唇,嘴角平直,颈侧细疤,方鹅蛋脸（偏锐收窄），压迫感眉骨/眼下饱满，鹤系眼·眼尾下压·标准眼距，中高鼻根/柔和鼻梁/骨感鼻头，成熟长唇·嘴角平直，柔和下颌
FD02636,窄鹅蛋脸,颊部饱满,低额,薄眉骨,眼下骨感,外扩颧骨,饱满面颊,柔和下颌,下垂眼,眼尾明显挑,窄眼距,琥珀瞳,高鼻根,高直鼻梁,骨感鼻头,成熟长唇,嘴角下垂,眉心竖纹浅痕,窄鹅蛋脸（颊部饱满），薄眉骨/眼下骨感，下垂眼·眼尾明显挑·窄眼距，高鼻根/高直鼻梁/骨感鼻头，成熟长唇·嘴角下垂，柔和下颌
FD02637,上窄下宽脸,颊部饱满,饱满额,厚眉骨,中度眼窝,高颧骨,饱满面颊,宽下颌,鹿系眼,眼尾平直,窄眼距,深色瞳,中高鼻根,轻微偏右鼻梁,轻翘鼻头,厚唇,嘴角紧收,眼角小痣,上窄下宽脸（颊部饱满），厚眉骨/中度眼窝，鹿系眼·眼尾平直·窄眼距，中高鼻根/轻微偏右鼻梁/轻翘鼻头，厚唇·嘴角紧收，宽下颌
FD02638,骨感方脸,颌角强调,饱满额,外侧突出眉骨,中度眼窝,窄颧骨,饱满面颊,收敛下颌,少年圆眼,眼尾平直,宽眼距,灰蓝瞳,高鼻根,宽骨鼻梁,轻翘鼻头,成熟长唇,嘴角平直,环状虹膜,骨感方脸（颌角强调），外侧突出眉骨/中度眼窝，少年圆眼·眼尾平直·宽眼距，高鼻根/宽骨鼻梁/轻翘鼻头，成熟长唇·嘴角平直，收敛下颌
FD02639,短鹅蛋脸,中庭拉长,骨感额,压迫感眉骨,眼下骨感,窄颧骨,薄面颊,明显下颌角,狭长瑞凤眼,眼尾微挑,窄眼距,环状虹膜,中鼻根,轻鹰钩鼻梁,骨感鼻头,成熟长唇,嘴角上扬,左颊浅疤,短鹅蛋脸（中庭拉长），压迫感眉骨/眼下骨感，狭长瑞凤眼·眼尾微挑·窄眼距，中鼻根/轻鹰钩鼻梁/骨感鼻头，成熟长唇·嘴角上扬，明显下颌角
FD02640,下颌突出脸,颈部线条收短,微凸额,薄眉骨,眼下骨感,柔和颧骨,幼态柔软面颊,收敛下颌,狼系眼,眼尾延展,窄眼距,碎裂虹膜,高鼻根,宽骨鼻梁,窄翼鼻头,上薄下厚,嘴角平直,单侧酒窝,下颌突出脸（颈部线条收短），薄眉骨/眼下骨感，狼系眼·眼尾延展·窄眼距，高鼻根/宽骨鼻梁/窄翼鼻头，上薄下厚·嘴角平直，收敛下颌
FD02641,骨感窄脸,偏柔圆润,窄额,柔和眉骨,深眼窝,高颧骨,成熟收紧面颊,收敛下颌,狼系眼,眼尾下压,宽眼距,星点虹膜,窄鼻根,轻微偏左鼻梁,骨感鼻头,薄唇,嘴角紧收,眼睑褶皱不对称,骨感窄脸（偏柔圆润），柔和眉骨/深眼窝，狼系眼·眼尾下压·宽眼距，窄鼻根/轻微偏左鼻梁/骨感鼻头，薄唇·嘴角紧收，收敛下颌
FD02642,梨形脸,中庭拉长,饱满额,柔和眉骨,中度眼窝,外扩颧骨,幼态柔软面颊,圆方下颌,蛇系眼,眼尾微挑,窄眼距,碎裂虹膜,中高鼻根,宽骨鼻梁,方圆鼻头,薄唇,嘴角上扬,眉尾旧疤,梨形脸（中庭拉长），柔和眉骨/中度眼窝，蛇系眼·眼尾微挑·窄眼距，中高鼻根/宽骨鼻梁/方圆鼻头，薄唇·嘴角上扬，圆方下颌
FD02643,长方脸,颊部略凹,饱满额,内侧突出眉骨,眼下骨感,窄颧骨,轻凹面颊,宽下颌,狐狸系眼,眼尾下压,宽眼距,琥珀瞳,中高鼻根,中直鼻梁,骨感鼻头,上厚下薄,嘴角紧收,耳后小痣,长方脸（颊部略凹），内侧突出眉骨/眼下骨感，狐狸系眼·眼尾下压·宽眼距，中高鼻根/中直鼻梁/骨感鼻头，上厚下薄·嘴角紧收，宽下颌
FD02644,柔和方脸,中轴微长,低额,厚眉骨,深眼窝,窄颧骨,幼态柔软面颊,柔和下颌,狼系眼,眼尾延展,窄眼距,深色瞳,宽鼻根,柔和鼻梁,小圆鼻头,宽嘴,嘴角紧收,唇下小痣,柔和方脸（中轴微长），厚眉骨/深眼窝，狼系眼·眼尾延展·窄眼距，宽鼻根/柔和鼻梁/小圆鼻头，宽嘴·嘴角紧收，柔和下颌
FD02645,长方脸,中轴微长,饱满额,内侧突出眉骨,中度眼窝,柔和颧骨,幼态柔软面颊,方下颌,上扬凤眼,眼尾延展,窄眼距,浅褐瞳,低鼻根,柔和鼻梁,肉感鼻头,上薄下厚,嘴角紧收,无标志,长方脸（中轴微长），内侧突出眉骨/中度眼窝，上扬凤眼·眼尾延展·窄眼距，低鼻根/柔和鼻梁/肉感鼻头，上薄下厚·嘴角紧收，方下颌
FD02646,长方脸,上庭展开,宽额,外侧突出眉骨,眼下骨感,低颧骨,饱满面颊,圆方下颌,狭长眼,眼尾平直,宽眼距,星点虹膜,低鼻根,柔和鼻梁,骨感鼻头,上薄下厚,嘴角下垂,单侧酒窝,长方脸（上庭展开），外侧突出眉骨/眼下骨感，狭长眼·眼尾平直·宽眼距，低鼻根/柔和鼻梁/骨感鼻头，上薄下厚·嘴角下垂，圆方下颌
FD02647,肉感短脸,颌角强调,骨感额,柔和眉骨,眼下骨感,外扩颧骨,轻凹面颊,宽下颌,柳叶眼,眼尾平直,标准眼距,环状虹膜,窄鼻根,高直鼻梁,微钝鼻头,弓形唇,嘴角平直,右眉轻断,肉感短脸（颌角强调），柔和眉骨/眼下骨感，柳叶眼·眼尾平直·标准眼距，窄鼻根/高直鼻梁/微钝鼻头，弓形唇·嘴角平直，宽下颌
FD02648,成熟方脸,颊部饱满,窄额,外侧突出眉骨,深眼窝,柔和颧骨,薄面颊,收敛下颌,平凤眼,眼尾微挑,标准眼距,琥珀瞳,宽鼻根,宽骨鼻梁,方圆鼻头,成熟长唇,嘴角下垂,右眉轻断,成熟方脸（颊部饱满），外侧突出眉骨/深眼窝，平凤眼·眼尾微挑·标准眼距，宽鼻根/宽骨鼻梁/方圆鼻头，成熟长唇·嘴角下垂，收敛下颌
FD02649,倒梯形脸,中庭展宽,饱满额,高眉骨,深眼窝,柔和颧骨,轻凹面颊,收敛下颌,平凤眼,眼尾下压,标准眼距,深色瞳,高鼻根,轻鹰钩鼻梁,肉感鼻头,成熟长唇,嘴角上扬,鼻梁旧伤,倒梯形脸（中庭展宽），高眉骨/深眼窝，平凤眼·眼尾下压·标准眼距，高鼻根/轻鹰钩鼻梁/肉感鼻头，成熟长唇·嘴角上扬，收敛下颌
FD02650,心形脸,中庭拉长,微凸额,外侧突出眉骨,深眼窝,低颧骨,成熟收紧面颊,方下颌,蛇系眼,眼尾微挑,窄眼距,碎裂虹膜,宽鼻根,柔和鼻梁,小圆鼻头,上薄下厚,嘴角平直,眉上小疤,心形脸（中庭拉长），外侧突出眉骨/深眼窝，蛇系眼·眼尾微挑·窄眼距，宽鼻根/柔和鼻梁/小圆鼻头，上薄下厚·嘴角平直，方下颌
FD02651,清瘦圆脸,中庭拉长,宽额,薄眉骨,宽浅眼窝,柔和颧骨,轻凹面颊,圆方下颌,成熟长眼,眼尾微挑,窄眼距,琥珀瞳,中高鼻根,轻鹰钩鼻梁,微钝鼻头,弓形唇,嘴角紧收,无标志,清瘦圆脸（中庭拉长），薄眉骨/宽浅眼窝，成熟长眼·眼尾微挑·窄眼距，中高鼻根/轻鹰钩鼻梁/微钝鼻头，弓形唇·嘴角紧收，圆方下颌
FD02652,长圆脸,颊部略凹,高额,内侧突出眉骨,眼下骨感,高颧骨,成熟收紧面颊,方下颌,鹤系眼,眼尾下沉,标准眼距,环状虹膜,中高鼻根,轻微偏右鼻梁,窄翼鼻头,薄唇,嘴角紧收,环状虹膜,长圆脸（颊部略凹），内侧突出眉骨/眼下骨感，鹤系眼·眼尾下沉·标准眼距，中高鼻根/轻微偏右鼻梁/窄翼鼻头，薄唇·嘴角紧收，方下颌
FD02653,幼态方脸,上庭展开,高额,低眉骨,深眼窝,外扩颧骨,成熟收紧面颊,柔和下颌,瑞凤眼,眼尾微挑,标准眼距,环状虹膜,中高鼻根,高直鼻梁,轻翘鼻头,弓形唇,单侧上扬,耳后小痣,幼态方脸（上庭展开），低眉骨/深眼窝，瑞凤眼·眼尾微挑·标准眼距，中高鼻根/高直鼻梁/轻翘鼻头，弓形唇·单侧上扬，柔和下颌
FD02654,鹅蛋偏心形,中轴收紧,低额,薄眉骨,眼下骨感,柔和颧骨,成熟收紧面颊,窄下颌,疲惫眼,眼尾下压,窄眼距,环状虹膜,低鼻根,柔和鼻梁,轻翘鼻头,成熟长唇,嘴角下垂,下颌浅疤,鹅蛋偏心形（中轴收紧），薄眉骨/眼下骨感，疲惫眼·眼尾下压·窄眼距，低鼻根/柔和鼻梁/轻翘鼻头，成熟长唇·嘴角下垂，窄下颌
FD02655,短鹅蛋脸,中轴收紧,高额,薄眉骨,窄深眼窝,高颧骨,轻凹面颊,方下颌,半睁懒眼,眼尾延展,窄眼距,琥珀瞳,低鼻根,柔和鼻梁,小圆鼻头,宽嘴,嘴角下垂,左眼下浅泪痣,短鹅蛋脸（中轴收紧），薄眉骨/窄深眼窝，半睁懒眼·眼尾延展·窄眼距，低鼻根/柔和鼻梁/小圆鼻头，宽嘴·嘴角下垂，方下颌
FD02656,长圆脸,下庭收窄,宽额,柔和眉骨,眼下骨感,外扩颧骨,饱满面颊,圆方下颌,瑞凤眼,眼尾微挑,窄眼距,琥珀瞳,宽鼻根,轻微偏右鼻梁,窄翼鼻头,厚唇,嘴角紧收,额角旧痕,长圆脸（下庭收窄），柔和眉骨/眼下骨感，瑞凤眼·眼尾微挑·窄眼距，宽鼻根/轻微偏右鼻梁/窄翼鼻头，厚唇·嘴角紧收，圆方下颌
FD02657,骨感方脸,下庭加重,饱满额,内侧突出眉骨,中度眼窝,高颧骨,饱满面颊,方下颌,柳叶眼,眼尾平直,标准眼距,淡金瞳,窄鼻根,轻鹰钩鼻梁,窄翼鼻头,厚唇,单侧上扬,眉尾旧疤,骨感方脸（下庭加重），内侧突出眉骨/中度眼窝，柳叶眼·眼尾平直·标准眼距，窄鼻根/轻鹰钩鼻梁/窄翼鼻头，厚唇·单侧上扬，方下颌
FD02658,梨形脸,中庭展宽,平直额,高眉骨,中度眼窝,窄颧骨,薄面颊,方下颌,短杏眼,眼尾下沉,窄眼距,碎裂虹膜,高鼻根,宽骨鼻梁,窄翼鼻头,宽嘴,嘴角上扬,眉上小疤,梨形脸（中庭展宽），高眉骨/中度眼窝，短杏眼·眼尾下沉·窄眼距，高鼻根/宽骨鼻梁/窄翼鼻头，宽嘴·嘴角上扬，方下颌
FD02659,窄方脸,中庭展宽,窄额,薄眉骨,眼下饱满,柔和颧骨,薄面颊,方下颌,平凤眼,眼尾下压,标准眼距,墨玉瞳,低鼻根,中直鼻梁,肉感鼻头,成熟长唇,嘴角上扬,眉心竖纹浅痕,窄方脸（中庭展宽），薄眉骨/眼下饱满，平凤眼·眼尾下压·标准眼距，低鼻根/中直鼻梁/肉感鼻头，成熟长唇·嘴角上扬，方下颌
FD02660,圆脸,下颌线清晰化,骨感额,柔和眉骨,窄深眼窝,窄颧骨,薄面颊,收敛下颌,成熟长眼,眼尾平直,宽眼距,碎裂虹膜,宽鼻根,宽骨鼻梁,轻翘鼻头,上厚下薄,嘴角紧收,唇下小痣,圆脸（下颌线清晰化），柔和眉骨/窄深眼窝，成熟长眼·眼尾平直·宽眼距，宽鼻根/宽骨鼻梁/轻翘鼻头，上厚下薄·嘴角紧收，收敛下颌
FD02661,颧部展开脸,颈部线条收短,微凸额,压迫感眉骨,窄深眼窝,外扩颧骨,幼态柔软面颊,骨感下颌,圆长眼,眼尾下压,标准眼距,琥珀瞳,高鼻根,高直鼻梁,下压鼻头,弓形唇,嘴角紧收,右眉轻断,颧部展开脸（颈部线条收短），压迫感眉骨/窄深眼窝，圆长眼·眼尾下压·标准眼距，高鼻根/高直鼻梁/下压鼻头，弓形唇·嘴角紧收，骨感下颌
FD02662,肉感短脸,骨点内敛,微凸额,柔和眉骨,眼下饱满,柔和颧骨,轻凹面颊,柔和下颌,鹰隼眼,眼尾微挑,标准眼距,琥珀瞳,中鼻根,轻微偏左鼻梁,微钝鼻头,上薄下厚,单侧上扬,下颌浅疤,肉感短脸（骨点内敛），柔和眉骨/眼下饱满，鹰隼眼·眼尾微挑·标准眼距，中鼻根/轻微偏左鼻梁/微钝鼻头，上薄下厚·单侧上扬，柔和下颌
FD02663,骨感方脸,颈部线条收短,高额,压迫感眉骨,眼下骨感,外扩颧骨,幼态柔软面颊,明显下颌角,蛇系眼,眼尾明显挑,标准眼距,淡金瞳,宽鼻根,高直鼻梁,肉感鼻头,上薄下厚,嘴角上扬,左眼下浅泪痣,骨感方脸（颈部线条收短），压迫感眉骨/眼下骨感，蛇系眼·眼尾明显挑·标准眼距，宽鼻根/高直鼻梁/肉感鼻头，上薄下厚·嘴角上扬，明显下颌角
FD02664,上宽下窄脸,中轴微长,微凸额,高眉骨,中度眼窝,柔和颧骨,轻凹面颊,宽下颌,少年圆眼,眼尾延展,标准眼距,碎裂虹膜,宽鼻根,轻微偏左鼻梁,轻翘鼻头,成熟长唇,嘴角下垂,无标志,上宽下窄脸（中轴微长），高眉骨/中度眼窝，少年圆眼·眼尾延展·标准眼距，宽鼻根/轻微偏左鼻梁/轻翘鼻头，成熟长唇·嘴角下垂，宽下颌
FD02665,长方脸,下颌线柔化,微凸额,内侧突出眉骨,中度眼窝,外扩颧骨,薄面颊,方下颌,成熟长眼,眼尾微挑,窄眼距,星点虹膜,低鼻根,微弧鼻梁,窄翼鼻头,上薄下厚,嘴角上扬,无标志,长方脸（下颌线柔化），内侧突出眉骨/中度眼窝，成熟长眼·眼尾微挑·窄眼距，低鼻根/微弧鼻梁/窄翼鼻头，上薄下厚·嘴角上扬，方下颌
FD02666,圆脸,中庭拉长,平直额,柔和眉骨,眼下骨感,窄颧骨,成熟收紧面颊,方下颌,桃花眼,眼尾微挑,宽眼距,碎裂虹膜,低鼻根,柔和鼻梁,骨感鼻头,小嘴,嘴角下垂,眉尾旧疤,圆脸（中庭拉长），柔和眉骨/眼下骨感，桃花眼·眼尾微挑·宽眼距，低鼻根/柔和鼻梁/骨感鼻头，小嘴·嘴角下垂，方下颌
FD02667,宽心形脸,下庭收窄,宽额,内侧突出眉骨,窄深眼窝,高颧骨,饱满面颊,明显下颌角,狐狸系眼,眼尾下压,窄眼距,琥珀瞳,低鼻根,中直鼻梁,窄翼鼻头,上薄下厚,嘴角平直,无标志,宽心形脸（下庭收窄），内侧突出眉骨/窄深眼窝，狐狸系眼·眼尾下压·窄眼距，低鼻根/中直鼻梁/窄翼鼻头，上薄下厚·嘴角平直，明显下颌角
FD02668,正梯形脸,下庭加重,平直额,高眉骨,宽浅眼窝,高颧骨,成熟收紧面颊,窄下颌,猫系眼,眼尾平直,标准眼距,琥珀瞳,中高鼻根,宽骨鼻梁,肉感鼻头,小嘴,嘴角上扬,左眼下浅泪痣,正梯形脸（下庭加重），高眉骨/宽浅眼窝，猫系眼·眼尾平直·标准眼距，中高鼻根/宽骨鼻梁/肉感鼻头，小嘴·嘴角上扬，窄下颌
FD02669,骨感菱形,颌角弱化,平直额,压迫感眉骨,中度眼窝,窄颧骨,轻凹面颊,收敛下颌,成熟长眼,眼尾平直,窄眼距,墨玉瞳,中鼻根,宽骨鼻梁,小圆鼻头,厚唇,嘴角下垂,眉上小疤,骨感菱形（颌角弱化），压迫感眉骨/中度眼窝，成熟长眼·眼尾平直·窄眼距，中鼻根/宽骨鼻梁/小圆鼻头，厚唇·嘴角下垂，收敛下颌
FD02670,倒三角脸,颧部外扩,饱满额,内侧突出眉骨,宽浅眼窝,外扩颧骨,成熟收紧面颊,明显下颌角,半睁懒眼,眼尾平直,标准眼距,星点虹膜,宽鼻根,轻微偏右鼻梁,窄翼鼻头,小嘴,单侧上扬,单侧虎牙,倒三角脸（颧部外扩），内侧突出眉骨/宽浅眼窝，半睁懒眼·眼尾平直·标准眼距，宽鼻根/轻微偏右鼻梁/窄翼鼻头，小嘴·单侧上扬，明显下颌角
FD02671,宽鹅蛋脸,下颌线柔化,饱满额,高眉骨,窄深眼窝,柔和颧骨,轻凹面颊,明显下颌角,长杏眼,眼尾延展,标准眼距,淡金瞳,中鼻根,微弧鼻梁,肉感鼻头,薄唇,单侧上扬,左颊浅疤,宽鹅蛋脸（下颌线柔化），高眉骨/窄深眼窝，长杏眼·眼尾延展·标准眼距，中鼻根/微弧鼻梁/肉感鼻头，薄唇·单侧上扬，明显下颌角
FD02672,窄鹅蛋脸,上庭收窄,窄额,外侧突出眉骨,窄深眼窝,外扩颧骨,成熟收紧面颊,窄下颌,鹿系眼,眼尾明显挑,标准眼距,星点虹膜,中鼻根,柔和鼻梁,下压鼻头,平直唇,嘴角下垂,鼻梁旧伤,窄鹅蛋脸（上庭收窄），外侧突出眉骨/窄深眼窝，鹿系眼·眼尾明显挑·标准眼距，中鼻根/柔和鼻梁/下压鼻头，平直唇·嘴角下垂，窄下颌
FD02673,肉感短脸,颊部略凹,平直额,薄眉骨,浅眼窝,窄颧骨,成熟收紧面颊,明显下颌角,瑞凤眼,眼尾下压,窄眼距,环状虹膜,宽鼻根,轻微偏左鼻梁,方圆鼻头,平直唇,嘴角紧收,单侧酒窝,肉感短脸（颊部略凹），薄眉骨/浅眼窝，瑞凤眼·眼尾下压·窄眼距，宽鼻根/轻微偏左鼻梁/方圆鼻头，平直唇·嘴角紧收，明显下颌角
FD02674,长方脸,下庭收窄,高额,低眉骨,中度眼窝,窄颧骨,成熟收紧面颊,圆方下颌,下垂眼,眼尾明显挑,宽眼距,环状虹膜,窄鼻根,宽骨鼻梁,肉感鼻头,成熟长唇,嘴角平直,单侧虎牙,长方脸（下庭收窄），低眉骨/中度眼窝，下垂眼·眼尾明显挑·宽眼距，窄鼻根/宽骨鼻梁/肉感鼻头，成熟长唇·嘴角平直，圆方下颌
FD02675,窄方脸,偏柔圆润,宽额,内侧突出眉骨,窄深眼窝,窄颧骨,轻凹面颊,圆方下颌,桃花眼,眼尾明显挑,标准眼距,浅褐瞳,中鼻根,中直鼻梁,肉感鼻头,厚唇,嘴角紧收,鼻梁旧伤,窄方脸（偏柔圆润），内侧突出眉骨/窄深眼窝，桃花眼·眼尾明显挑·标准眼距，中鼻根/中直鼻梁/肉感鼻头，厚唇·嘴角紧收，圆方下颌
FD02676,清瘦圆脸,下颌线柔化,饱满额,高眉骨,浅眼窝,窄颧骨,饱满面颊,圆方下颌,少年圆眼,眼尾微挑,宽眼距,碎裂虹膜,中高鼻根,宽骨鼻梁,骨感鼻头,成熟长唇,嘴角平直,瞳孔残缺,清瘦圆脸（下颌线柔化），高眉骨/浅眼窝，少年圆眼·眼尾微挑·宽眼距，中高鼻根/宽骨鼻梁/骨感鼻头，成熟长唇·嘴角平直，圆方下颌
FD02677,柔和方脸,中轴微长,高额,低眉骨,宽浅眼窝,宽颧骨,幼态柔软面颊,窄下颌,平直杏眼,眼尾下压,标准眼距,深色瞳,高鼻根,中直鼻梁,微钝鼻头,上厚下薄,嘴角上扬,眉尾旧疤,柔和方脸（中轴微长），低眉骨/宽浅眼窝，平直杏眼·眼尾下压·标准眼距，高鼻根/中直鼻梁/微钝鼻头，上厚下薄·嘴角上扬，窄下颌
FD02678,柔和方脸,颊部略凹,平直额,外侧突出眉骨,窄深眼窝,高颧骨,轻凹面颊,骨感下颌,狭长瑞凤眼,眼尾微挑,窄眼距,灰蓝瞳,宽鼻根,宽骨鼻梁,方圆鼻头,弓形唇,嘴角下垂,无标志,柔和方脸（颊部略凹），外侧突出眉骨/窄深眼窝，狭长瑞凤眼·眼尾微挑·窄眼距，宽鼻根/宽骨鼻梁/方圆鼻头，弓形唇·嘴角下垂，骨感下颌
FD02679,长菱形,颈部线条延长,高额,厚眉骨,眼下骨感,窄颧骨,饱满面颊,方下颌,柳叶眼,眼尾延展,标准眼距,淡金瞳,窄鼻根,高直鼻梁,骨感鼻头,上薄下厚,嘴角上扬,眉心竖纹浅痕,长菱形（颈部线条延长），厚眉骨/眼下骨感，柳叶眼·眼尾延展·标准眼距，窄鼻根/高直鼻梁/骨感鼻头，上薄下厚·嘴角上扬，方下颌
FD02680,上窄下宽脸,下颌线清晰化,骨感额,薄眉骨,窄深眼窝,低颧骨,饱满面颊,骨感下颌,蛇系眼,眼尾延展,标准眼距,深色瞳,低鼻根,柔和鼻梁,肉感鼻头,小嘴,单侧上扬,唇下小痣,上窄下宽脸（下颌线清晰化），薄眉骨/窄深眼窝，蛇系眼·眼尾延展·标准眼距，低鼻根/柔和鼻梁/肉感鼻头，小嘴·单侧上扬，骨感下颌
FD02681,骨感窄脸,中庭展宽,低额,厚眉骨,深眼窝,柔和颧骨,饱满面颊,圆方下颌,瑞凤眼,眼尾微挑,宽眼距,碎裂虹膜,窄鼻根,微弧鼻梁,窄翼鼻头,成熟长唇,嘴角上扬,单侧虎牙,骨感窄脸（中庭展宽），厚眉骨/深眼窝，瑞凤眼·眼尾微挑·宽眼距，窄鼻根/微弧鼻梁/窄翼鼻头，成熟长唇·嘴角上扬，圆方下颌
FD02682,下颌突出脸,骨点内敛,窄额,厚眉骨,眼下饱满,低颧骨,薄面颊,宽下颌,冷感眼,眼尾平直,标准眼距,异色瞳,中鼻根,宽骨鼻梁,窄翼鼻头,平直唇,嘴角紧收,右眼下浅泪痣,下颌突出脸（骨点内敛），厚眉骨/眼下饱满，冷感眼·眼尾平直·标准眼距，中鼻根/宽骨鼻梁/窄翼鼻头，平直唇·嘴角紧收，宽下颌
FD02683,心形脸,中庭展宽,骨感额,高眉骨,宽浅眼窝,柔和颧骨,轻凹面颊,宽下颌,狐狸系眼,眼尾延展,标准眼距,环状虹膜,低鼻根,柔和鼻梁,轻翘鼻头,上厚下薄,嘴角平直,瞳孔残缺,心形脸（中庭展宽），高眉骨/宽浅眼窝，狐狸系眼·眼尾延展·标准眼距，低鼻根/柔和鼻梁/轻翘鼻头，上厚下薄·嘴角平直，宽下颌
FD02684,柔和菱形,面中平缓,平直额,外侧突出眉骨,宽浅眼窝,宽颧骨,成熟收紧面颊,方下颌,猫系眼,眼尾微挑,窄眼距,淡金瞳,高鼻根,柔和鼻梁,方圆鼻头,上厚下薄,嘴角下垂,碎裂虹膜,柔和菱形（面中平缓），外侧突出眉骨/宽浅眼窝，猫系眼·眼尾微挑·窄眼距，高鼻根/柔和鼻梁/方圆鼻头，上厚下薄·嘴角下垂，方下颌
FD02685,长鹅蛋脸,上庭展开,高额,高眉骨,深眼窝,宽颧骨,薄面颊,圆方下颌,圆长眼,眼尾延展,标准眼距,琥珀瞳,中高鼻根,宽骨鼻梁,微钝鼻头,上薄下厚,嘴角平直,环状虹膜,长鹅蛋脸（上庭展开），高眉骨/深眼窝，圆长眼·眼尾延展·标准眼距，中高鼻根/宽骨鼻梁/微钝鼻头，上薄下厚·嘴角平直，圆方下颌
FD02686,短圆脸,中庭展宽,宽额,薄眉骨,宽浅眼窝,窄颧骨,饱满面颊,明显下颌角,少年圆眼,眼尾下沉,宽眼距,碎裂虹膜,中高鼻根,中直鼻梁,方圆鼻头,上厚下薄,单侧上扬,瞳孔残缺,短圆脸（中庭展宽），薄眉骨/宽浅眼窝，少年圆眼·眼尾下沉·宽眼距，中高鼻根/中直鼻梁/方圆鼻头，上厚下薄·单侧上扬，明显下颌角
FD02687,心形脸,骨点内敛,骨感额,厚眉骨,宽浅眼窝,宽颧骨,薄面颊,骨感下颌,短圆杏眼,眼尾延展,窄眼距,环状虹膜,窄鼻根,微弧鼻梁,小圆鼻头,上厚下薄,嘴角紧收,眼角小痣,心形脸（骨点内敛），厚眉骨/宽浅眼窝，短圆杏眼·眼尾延展·窄眼距，窄鼻根/微弧鼻梁/小圆鼻头，上厚下薄·嘴角紧收，骨感下颌
FD02688,宽方脸,颧部微收,窄额,外侧突出眉骨,窄深眼窝,宽颧骨,幼态柔软面颊,骨感下颌,短圆杏眼,眼尾明显挑,宽眼距,异色瞳,中高鼻根,中直鼻梁,肉感鼻头,宽嘴,单侧上扬,眉心竖纹浅痕,宽方脸（颧部微收），外侧突出眉骨/窄深眼窝，短圆杏眼·眼尾明显挑·宽眼距，中高鼻根/中直鼻梁/肉感鼻头，宽嘴·单侧上扬，骨感下颌
FD02689,下颌突出脸,上庭收窄,骨感额,外侧突出眉骨,窄深眼窝,窄颧骨,成熟收紧面颊,圆方下颌,桃花眼,眼尾下压,宽眼距,琥珀瞳,低鼻根,轻微偏右鼻梁,肉感鼻头,上厚下薄,嘴角平直,眼角小痣,下颌突出脸（上庭收窄），外侧突出眉骨/窄深眼窝，桃花眼·眼尾下压·宽眼距，低鼻根/轻微偏右鼻梁/肉感鼻头，上厚下薄·嘴角平直，圆方下颌
FD02690,倒梯形脸,颌角强调,微凸额,外侧突出眉骨,浅眼窝,宽颧骨,轻凹面颊,收敛下颌,长杏眼,眼尾延展,标准眼距,星点虹膜,低鼻根,微弧鼻梁,窄翼鼻头,平直唇,嘴角平直,双侧酒窝,倒梯形脸（颌角强调），外侧突出眉骨/浅眼窝，长杏眼·眼尾延展·标准眼距，低鼻根/微弧鼻梁/窄翼鼻头，平直唇·嘴角平直，收敛下颌
FD02691,肉感短脸,颈部线条延长,饱满额,低眉骨,眼下骨感,外扩颧骨,成熟收紧面颊,窄下颌,下垂眼,眼尾明显挑,标准眼距,环状虹膜,中鼻根,高直鼻梁,下压鼻头,上薄下厚,嘴角下垂,眉心竖纹浅痕,肉感短脸（颈部线条延长），低眉骨/眼下骨感，下垂眼·眼尾明显挑·标准眼距，中鼻根/高直鼻梁/下压鼻头，上薄下厚·嘴角下垂，窄下颌
FD02692,圆脸,下庭加重,高额,压迫感眉骨,宽浅眼窝,高颧骨,薄面颊,骨感下颌,圆长眼,眼尾明显挑,窄眼距,异色瞳,低鼻根,微弧鼻梁,下压鼻头,厚唇,嘴角下垂,无标志,圆脸（下庭加重），压迫感眉骨/宽浅眼窝，圆长眼·眼尾明显挑·窄眼距，低鼻根/微弧鼻梁/下压鼻头，厚唇·嘴角下垂，骨感下颌
FD02693,短圆脸,颌角强调,窄额,高眉骨,浅眼窝,宽颧骨,轻凹面颊,窄下颌,冷感眼,眼尾下沉,标准眼距,碎裂虹膜,中鼻根,微弧鼻梁,方圆鼻头,弓形唇,嘴角上扬,眉心竖纹浅痕,短圆脸（颌角强调），高眉骨/浅眼窝，冷感眼·眼尾下沉·标准眼距，中鼻根/微弧鼻梁/方圆鼻头，弓形唇·嘴角上扬，窄下颌
FD02694,幼态圆脸,颧部外扩,骨感额,高眉骨,窄深眼窝,外扩颧骨,成熟收紧面颊,宽下颌,平凤眼,眼尾下沉,宽眼距,浅褐瞳,宽鼻根,微弧鼻梁,小圆鼻头,平直唇,单侧上扬,瞳孔残缺,幼态圆脸（颧部外扩），高眉骨/窄深眼窝，平凤眼·眼尾下沉·宽眼距，宽鼻根/微弧鼻梁/小圆鼻头，平直唇·单侧上扬，宽下颌
FD02695,短圆脸,上庭收窄,窄额,柔和眉骨,眼下骨感,柔和颧骨,饱满面颊,方下颌,下垂眼,眼尾下压,宽眼距,墨玉瞳,高鼻根,柔和鼻梁,轻翘鼻头,弓形唇,单侧上扬,耳后小痣,短圆脸（上庭收窄），柔和眉骨/眼下骨感，下垂眼·眼尾下压·宽眼距，高鼻根/柔和鼻梁/轻翘鼻头，弓形唇·单侧上扬，方下颌
FD02696,倒三角脸,面中平缓,低额,柔和眉骨,宽浅眼窝,外扩颧骨,薄面颊,圆方下颌,鹤系眼,眼尾延展,标准眼距,异色瞳,窄鼻根,宽骨鼻梁,方圆鼻头,小嘴,嘴角上扬,颈侧细疤,倒三角脸（面中平缓），柔和眉骨/宽浅眼窝，鹤系眼·眼尾延展·标准眼距，窄鼻根/宽骨鼻梁/方圆鼻头，小嘴·嘴角上扬，圆方下颌
FD02697,窄方脸,颧部外扩,饱满额,低眉骨,窄深眼窝,宽颧骨,成熟收紧面颊,宽下颌,狐狸系眼,眼尾下压,标准眼距,异色瞳,低鼻根,宽骨鼻梁,小圆鼻头,上薄下厚,嘴角紧收,耳后小痣,窄方脸（颧部外扩），低眉骨/窄深眼窝，狐狸系眼·眼尾下压·标准眼距，低鼻根/宽骨鼻梁/小圆鼻头，上薄下厚·嘴角紧收，宽下颌
FD02698,幼态方脸,中庭展宽,低额,厚眉骨,浅眼窝,高颧骨,轻凹面颊,圆方下颌,桃花眼,眼尾延展,宽眼距,淡金瞳,宽鼻根,柔和鼻梁,微钝鼻头,上厚下薄,嘴角上扬,左颊浅疤,幼态方脸（中庭展宽），厚眉骨/浅眼窝，桃花眼·眼尾延展·宽眼距，宽鼻根/柔和鼻梁/微钝鼻头，上厚下薄·嘴角上扬，圆方下颌
FD02699,成熟方脸,中轴收紧,微凸额,柔和眉骨,宽浅眼窝,低颧骨,轻凹面颊,收敛下颌,少年圆眼,眼尾延展,标准眼距,灰蓝瞳,宽鼻根,中直鼻梁,微钝鼻头,平直唇,嘴角上扬,额角旧痕,成熟方脸（中轴收紧），柔和眉骨/宽浅眼窝，少年圆眼·眼尾延展·标准眼距，宽鼻根/中直鼻梁/微钝鼻头，平直唇·嘴角上扬，收敛下颌
FD02700,长鹅蛋脸,中轴收紧,宽额,薄眉骨,眼下骨感,外扩颧骨,轻凹面颊,圆方下颌,瑞凤眼,眼尾下沉,窄眼距,琥珀瞳,中鼻根,微弧鼻梁,小圆鼻头,弓形唇,嘴角平直,异色瞳,长鹅蛋脸（中轴收紧），薄眉骨/眼下骨感，瑞凤眼·眼尾下沉·窄眼距，中鼻根/微弧鼻梁/小圆鼻头，弓形唇·嘴角平直，圆方下颌
FD02701,成熟方脸,骨点外显,宽额,薄眉骨,宽浅眼窝,低颧骨,饱满面颊,宽下颌,短杏眼,眼尾平直,宽眼距,深色瞳,中鼻根,宽骨鼻梁,肉感鼻头,成熟长唇,单侧上扬,右眉轻断,成熟方脸（骨点外显），薄眉骨/宽浅眼窝，短杏眼·眼尾平直·宽眼距，中鼻根/宽骨鼻梁/肉感鼻头，成熟长唇·单侧上扬，宽下颌
FD02702,骨感窄脸,面中平缓,平直额,高眉骨,浅眼窝,高颧骨,饱满面颊,宽下颌,疲惫眼,眼尾延展,宽眼距,深色瞳,中鼻根,中直鼻梁,微钝鼻头,上厚下薄,嘴角紧收,环状虹膜,骨感窄脸（面中平缓），高眉骨/浅眼窝，疲惫眼·眼尾延展·宽眼距，中鼻根/中直鼻梁/微钝鼻头，上厚下薄·嘴角紧收，宽下颌
FD02703,清瘦圆脸,下庭收窄,骨感额,薄眉骨,中度眼窝,高颧骨,成熟收紧面颊,收敛下颌,平直杏眼,眼尾平直,标准眼距,墨玉瞳,窄鼻根,轻微偏右鼻梁,微钝鼻头,上厚下薄,单侧上扬,眉尾旧疤,清瘦圆脸（下庭收窄），薄眉骨/中度眼窝，平直杏眼·眼尾平直·标准眼距，窄鼻根/轻微偏右鼻梁/微钝鼻头，上厚下薄·单侧上扬，收敛下颌
FD02704,下颌突出脸,面中立体化,低额,外侧突出眉骨,宽浅眼窝,低颧骨,饱满面颊,骨感下颌,鹰隼眼,眼尾下沉,窄眼距,星点虹膜,中高鼻根,高直鼻梁,肉感鼻头,平直唇,嘴角紧收,眉上小疤,下颌突出脸（面中立体化），外侧突出眉骨/宽浅眼窝，鹰隼眼·眼尾下沉·窄眼距，中高鼻根/高直鼻梁/肉感鼻头，平直唇·嘴角紧收，骨感下颌
FD02705,短鹅蛋脸,颊部饱满,高额,高眉骨,浅眼窝,窄颧骨,幼态柔软面颊,收敛下颌,瑞凤眼,眼尾明显挑,窄眼距,环状虹膜,中高鼻根,轻微偏右鼻梁,肉感鼻头,小嘴,单侧上扬,双侧酒窝,短鹅蛋脸（颊部饱满），高眉骨/浅眼窝，瑞凤眼·眼尾明显挑·窄眼距，中高鼻根/轻微偏右鼻梁/肉感鼻头，小嘴·单侧上扬，收敛下颌
FD02706,双颌匀称脸,面中平缓,饱满额,内侧突出眉骨,眼下骨感,高颧骨,饱满面颊,收敛下颌,狐狸系眼,眼尾明显挑,宽眼距,浅褐瞳,中鼻根,轻微偏左鼻梁,轻翘鼻头,宽嘴,嘴角下垂,眼角小痣,双颌匀称脸（面中平缓），内侧突出眉骨/眼下骨感，狐狸系眼·眼尾明显挑·宽眼距，中鼻根/轻微偏左鼻梁/轻翘鼻头，宽嘴·嘴角下垂，收敛下颌
FD02707,心形脸,颊部饱满,骨感额,压迫感眉骨,眼下饱满,高颧骨,饱满面颊,收敛下颌,鹿系眼,眼尾明显挑,标准眼距,环状虹膜,高鼻根,微弧鼻梁,骨感鼻头,宽嘴,嘴角紧收,指节薄茧,心形脸（颊部饱满），压迫感眉骨/眼下饱满，鹿系眼·眼尾明显挑·标准眼距，高鼻根/微弧鼻梁/骨感鼻头，宽嘴·嘴角紧收，收敛下颌
FD02708,长圆脸,颈部线条收短,窄额,厚眉骨,浅眼窝,窄颧骨,幼态柔软面颊,骨感下颌,窄杏眼,眼尾下压,标准眼距,淡金瞳,高鼻根,中直鼻梁,肉感鼻头,上薄下厚,嘴角下垂,眉上小疤,长圆脸（颈部线条收短），厚眉骨/浅眼窝，窄杏眼·眼尾下压·标准眼距，高鼻根/中直鼻梁/肉感鼻头，上薄下厚·嘴角下垂，骨感下颌
FD02709,长圆脸,颧部外扩,宽额,外侧突出眉骨,宽浅眼窝,低颧骨,饱满面颊,方下颌,狭长眼,眼尾下压,宽眼距,碎裂虹膜,宽鼻根,中直鼻梁,小圆鼻头,小嘴,嘴角紧收,眉上小疤,长圆脸（颧部外扩），外侧突出眉骨/宽浅眼窝，狭长眼·眼尾下压·宽眼距，宽鼻根/中直鼻梁/小圆鼻头，小嘴·嘴角紧收，方下颌
FD02710,骨感方脸,偏柔圆润,窄额,低眉骨,中度眼窝,宽颧骨,幼态柔软面颊,柔和下颌,平凤眼,眼尾延展,宽眼距,星点虹膜,宽鼻根,轻微偏右鼻梁,下压鼻头,上薄下厚,单侧上扬,单侧酒窝,骨感方脸（偏柔圆润），低眉骨/中度眼窝，平凤眼·眼尾延展·宽眼距，宽鼻根/轻微偏右鼻梁/下压鼻头，上薄下厚·单侧上扬，柔和下颌
FD02711,正梯形脸,中轴微长,低额,薄眉骨,窄深眼窝,低颧骨,轻凹面颊,圆方下颌,鹤系眼,眼尾明显挑,宽眼距,灰蓝瞳,高鼻根,轻微偏右鼻梁,下压鼻头,成熟长唇,嘴角紧收,双侧酒窝,正梯形脸（中轴微长），薄眉骨/窄深眼窝，鹤系眼·眼尾明显挑·宽眼距，高鼻根/轻微偏右鼻梁/下压鼻头，成熟长唇·嘴角紧收，圆方下颌
FD02712,骨感菱形,颈部线条延长,低额,压迫感眉骨,宽浅眼窝,窄颧骨,薄面颊,柔和下颌,成熟长眼,眼尾延展,宽眼距,异色瞳,高鼻根,柔和鼻梁,轻翘鼻头,宽嘴,嘴角紧收,下颌浅疤,骨感菱形（颈部线条延长），压迫感眉骨/宽浅眼窝，成熟长眼·眼尾延展·宽眼距，高鼻根/柔和鼻梁/轻翘鼻头，宽嘴·嘴角紧收，柔和下颌
FD02713,长心形脸,下庭加重,骨感额,压迫感眉骨,浅眼窝,宽颧骨,成熟收紧面颊,明显下颌角,圆长眼,眼尾下沉,标准眼距,墨玉瞳,高鼻根,轻鹰钩鼻梁,方圆鼻头,成熟长唇,嘴角上扬,无标志,长心形脸（下庭加重），压迫感眉骨/浅眼窝，圆长眼·眼尾下沉·标准眼距，高鼻根/轻鹰钩鼻梁/方圆鼻头，成熟长唇·嘴角上扬，明显下颌角
FD02714,上宽下窄脸,颈部线条延长,饱满额,厚眉骨,浅眼窝,窄颧骨,薄面颊,骨感下颌,平直杏眼,眼尾明显挑,标准眼距,琥珀瞳,高鼻根,轻微偏左鼻梁,肉感鼻头,平直唇,嘴角上扬,眉尾旧疤,上宽下窄脸（颈部线条延长），厚眉骨/浅眼窝，平直杏眼·眼尾明显挑·标准眼距，高鼻根/轻微偏左鼻梁/肉感鼻头，平直唇·嘴角上扬，骨感下颌
FD02715,骨感方脸,偏锐收窄,宽额,柔和眉骨,中度眼窝,外扩颧骨,薄面颊,窄下颌,鹰隼眼,眼尾下压,标准眼距,墨玉瞳,窄鼻根,高直鼻梁,窄翼鼻头,弓形唇,嘴角紧收,指节薄茧,骨感方脸（偏锐收窄），柔和眉骨/中度眼窝，鹰隼眼·眼尾下压·标准眼距，窄鼻根/高直鼻梁/窄翼鼻头，弓形唇·嘴角紧收，窄下颌
FD02716,短方脸,颊部饱满,平直额,低眉骨,眼下饱满,窄颧骨,成熟收紧面颊,明显下颌角,柳叶眼,眼尾下沉,窄眼距,琥珀瞳,窄鼻根,轻鹰钩鼻梁,窄翼鼻头,宽嘴,单侧上扬,无标志,短方脸（颊部饱满），低眉骨/眼下饱满，柳叶眼·眼尾下沉·窄眼距，窄鼻根/轻鹰钩鼻梁/窄翼鼻头，宽嘴·单侧上扬，明显下颌角
FD02717,宽心形脸,偏锐收窄,低额,厚眉骨,中度眼窝,外扩颧骨,成熟收紧面颊,收敛下颌,狐狸系眼,眼尾下压,标准眼距,碎裂虹膜,窄鼻根,高直鼻梁,轻翘鼻头,宽嘴,嘴角上扬,瞳孔残缺,宽心形脸（偏锐收窄），厚眉骨/中度眼窝，狐狸系眼·眼尾下压·标准眼距，窄鼻根/高直鼻梁/轻翘鼻头，宽嘴·嘴角上扬，收敛下颌
FD02718,圆脸,中轴微长,低额,薄眉骨,深眼窝,柔和颧骨,轻凹面颊,宽下颌,狼系眼,眼尾微挑,窄眼距,淡金瞳,高鼻根,轻微偏左鼻梁,方圆鼻头,上厚下薄,嘴角紧收,无标志,圆脸（中轴微长），薄眉骨/深眼窝，狼系眼·眼尾微挑·窄眼距，高鼻根/轻微偏左鼻梁/方圆鼻头，上厚下薄·嘴角紧收，宽下颌
FD02719,鹅蛋偏菱,颧部外扩,高额,厚眉骨,浅眼窝,窄颧骨,成熟收紧面颊,明显下颌角,疲惫眼,眼尾平直,标准眼距,墨玉瞳,中鼻根,高直鼻梁,轻翘鼻头,厚唇,嘴角下垂,眉尾旧疤,鹅蛋偏菱（颧部外扩），厚眉骨/浅眼窝，疲惫眼·眼尾平直·标准眼距，中鼻根/高直鼻梁/轻翘鼻头，厚唇·嘴角下垂，明显下颌角
FD02720,窄方脸,上庭展开,饱满额,压迫感眉骨,眼下饱满,宽颧骨,成熟收紧面颊,收敛下颌,窄杏眼,眼尾平直,窄眼距,碎裂虹膜,窄鼻根,中直鼻梁,肉感鼻头,平直唇,嘴角上扬,右眼下浅泪痣,窄方脸（上庭展开），压迫感眉骨/眼下饱满，窄杏眼·眼尾平直·窄眼距，窄鼻根/中直鼻梁/肉感鼻头，平直唇·嘴角上扬，收敛下颌
FD02721,宽菱形,颈部线条收短,低额,高眉骨,眼下骨感,外扩颧骨,成熟收紧面颊,窄下颌,平凤眼,眼尾平直,窄眼距,灰蓝瞳,高鼻根,高直鼻梁,小圆鼻头,小嘴,单侧上扬,异色瞳,宽菱形（颈部线条收短），高眉骨/眼下骨感，平凤眼·眼尾平直·窄眼距，高鼻根/高直鼻梁/小圆鼻头，小嘴·单侧上扬，窄下颌
FD02722,鹅蛋偏菱,偏柔圆润,窄额,低眉骨,眼下饱满,低颧骨,薄面颊,窄下颌,鹿系眼,眼尾明显挑,宽眼距,琥珀瞳,中高鼻根,柔和鼻梁,微钝鼻头,平直唇,嘴角紧收,额角旧痕,鹅蛋偏菱（偏柔圆润），低眉骨/眼下饱满，鹿系眼·眼尾明显挑·宽眼距，中高鼻根/柔和鼻梁/微钝鼻头，平直唇·嘴角紧收，窄下颌
FD02723,成熟方脸,下庭收窄,低额,厚眉骨,窄深眼窝,低颧骨,幼态柔软面颊,收敛下颌,鹿系眼,眼尾下沉,窄眼距,琥珀瞳,低鼻根,柔和鼻梁,微钝鼻头,薄唇,嘴角平直,无标志,成熟方脸（下庭收窄），厚眉骨/窄深眼窝，鹿系眼·眼尾下沉·窄眼距，低鼻根/柔和鼻梁/微钝鼻头，薄唇·嘴角平直，收敛下颌
FD02724,骨感菱形,面中立体化,饱满额,低眉骨,浅眼窝,外扩颧骨,轻凹面颊,窄下颌,蛇系眼,眼尾下沉,窄眼距,墨玉瞳,低鼻根,宽骨鼻梁,微钝鼻头,薄唇,嘴角平直,眉尾旧疤,骨感菱形（面中立体化），低眉骨/浅眼窝，蛇系眼·眼尾下沉·窄眼距，低鼻根/宽骨鼻梁/微钝鼻头，薄唇·嘴角平直，窄下颌
FD02725,骨感方脸,下颌线清晰化,骨感额,高眉骨,窄深眼窝,低颧骨,饱满面颊,圆方下颌,冷感眼,眼尾下沉,标准眼距,淡金瞳,中高鼻根,轻微偏右鼻梁,小圆鼻头,弓形唇,嘴角平直,无标志,骨感方脸（下颌线清晰化），高眉骨/窄深眼窝，冷感眼·眼尾下沉·标准眼距，中高鼻根/轻微偏右鼻梁/小圆鼻头，弓形唇·嘴角平直，圆方下颌
FD02726,窄鹅蛋脸,颊部略凹,宽额,薄眉骨,窄深眼窝,高颧骨,薄面颊,骨感下颌,狭长瑞凤眼,眼尾微挑,标准眼距,深色瞳,中高鼻根,宽骨鼻梁,微钝鼻头,平直唇,嘴角紧收,右眼下浅泪痣,窄鹅蛋脸（颊部略凹），薄眉骨/窄深眼窝，狭长瑞凤眼·眼尾微挑·标准眼距，中高鼻根/宽骨鼻梁/微钝鼻头，平直唇·嘴角紧收，骨感下颌
FD02727,倒三角脸,颊部饱满,微凸额,柔和眉骨,眼下骨感,窄颧骨,轻凹面颊,收敛下颌,冷感眼,眼尾下压,标准眼距,琥珀瞳,低鼻根,轻鹰钩鼻梁,下压鼻头,上厚下薄,嘴角上扬,唇下小痣,倒三角脸（颊部饱满），柔和眉骨/眼下骨感，冷感眼·眼尾下压·标准眼距，低鼻根/轻鹰钩鼻梁/下压鼻头，上厚下薄·嘴角上扬，收敛下颌
FD02728,短鹅蛋脸,中轴收紧,微凸额,低眉骨,眼下饱满,宽颧骨,薄面颊,柔和下颌,圆长眼,眼尾下沉,宽眼距,灰蓝瞳,窄鼻根,宽骨鼻梁,方圆鼻头,成熟长唇,嘴角下垂,单侧虎牙,短鹅蛋脸（中轴收紧），低眉骨/眼下饱满，圆长眼·眼尾下沉·宽眼距，窄鼻根/宽骨鼻梁/方圆鼻头，成熟长唇·嘴角下垂，柔和下颌
FD02729,鹅蛋偏方,上庭展开,宽额,高眉骨,眼下骨感,窄颧骨,饱满面颊,窄下颌,上扬凤眼,眼尾明显挑,窄眼距,异色瞳,窄鼻根,轻微偏左鼻梁,骨感鼻头,小嘴,嘴角紧收,左眼下浅泪痣,鹅蛋偏方（上庭展开），高眉骨/眼下骨感，上扬凤眼·眼尾明显挑·窄眼距，窄鼻根/轻微偏左鼻梁/骨感鼻头，小嘴·嘴角紧收，窄下颌
FD02730,宽心形脸,上庭收窄,骨感额,压迫感眉骨,眼下饱满,窄颧骨,饱满面颊,圆方下颌,猫系眼,眼尾明显挑,标准眼距,墨玉瞳,低鼻根,宽骨鼻梁,窄翼鼻头,上薄下厚,单侧上扬,鼻梁旧伤,宽心形脸（上庭收窄），压迫感眉骨/眼下饱满，猫系眼·眼尾明显挑·标准眼距，低鼻根/宽骨鼻梁/窄翼鼻头，上薄下厚·单侧上扬，圆方下颌
FD02731,双颌匀称脸,下庭收窄,平直额,压迫感眉骨,眼下骨感,高颧骨,薄面颊,骨感下颌,瑞凤眼,眼尾明显挑,标准眼距,墨玉瞳,窄鼻根,高直鼻梁,窄翼鼻头,薄唇,单侧上扬,眼角小痣,双颌匀称脸（下庭收窄），压迫感眉骨/眼下骨感，瑞凤眼·眼尾明显挑·标准眼距，窄鼻根/高直鼻梁/窄翼鼻头，薄唇·单侧上扬，骨感下颌
FD02732,鹅蛋偏菱,颌角弱化,饱满额,薄眉骨,眼下饱满,窄颧骨,成熟收紧面颊,柔和下颌,平凤眼,眼尾延展,标准眼距,环状虹膜,中鼻根,轻微偏左鼻梁,下压鼻头,厚唇,单侧上扬,单侧虎牙,鹅蛋偏菱（颌角弱化），薄眉骨/眼下饱满，平凤眼·眼尾延展·标准眼距，中鼻根/轻微偏左鼻梁/下压鼻头，厚唇·单侧上扬，柔和下颌
FD02733,双颌匀称脸,中轴微长,宽额,压迫感眉骨,眼下骨感,窄颧骨,轻凹面颊,柔和下颌,狼系眼,眼尾平直,宽眼距,深色瞳,中鼻根,柔和鼻梁,肉感鼻头,小嘴,嘴角上扬,指节薄茧,双颌匀称脸（中轴微长），压迫感眉骨/眼下骨感，狼系眼·眼尾平直·宽眼距，中鼻根/柔和鼻梁/肉感鼻头，小嘴·嘴角上扬，柔和下颌
FD02734,梨形脸,上庭收窄,骨感额,低眉骨,眼下饱满,窄颧骨,幼态柔软面颊,宽下颌,半睁懒眼,眼尾明显挑,宽眼距,碎裂虹膜,宽鼻根,高直鼻梁,方圆鼻头,弓形唇,嘴角下垂,眼睑褶皱不对称,梨形脸（上庭收窄），低眉骨/眼下饱满，半睁懒眼·眼尾明显挑·宽眼距，宽鼻根/高直鼻梁/方圆鼻头，弓形唇·嘴角下垂，宽下颌
FD02735,鹅蛋偏菱,下颌线柔化,微凸额,内侧突出眉骨,深眼窝,窄颧骨,成熟收紧面颊,圆方下颌,半睁懒眼,眼尾平直,宽眼距,碎裂虹膜,宽鼻根,轻微偏左鼻梁,窄翼鼻头,厚唇,嘴角紧收,眼睑褶皱不对称,鹅蛋偏菱（下颌线柔化），内侧突出眉骨/深眼窝，半睁懒眼·眼尾平直·宽眼距，宽鼻根/轻微偏左鼻梁/窄翼鼻头，厚唇·嘴角紧收，圆方下颌
FD02736,上宽下窄脸,颊部略凹,骨感额,薄眉骨,窄深眼窝,低颧骨,幼态柔软面颊,骨感下颌,蛇系眼,眼尾下沉,窄眼距,淡金瞳,宽鼻根,轻鹰钩鼻梁,肉感鼻头,弓形唇,嘴角平直,瞳孔残缺,上宽下窄脸（颊部略凹），薄眉骨/窄深眼窝，蛇系眼·眼尾下沉·窄眼距，宽鼻根/轻鹰钩鼻梁/肉感鼻头，弓形唇·嘴角平直，骨感下颌
FD02737,方菱过渡脸,偏柔圆润,骨感额,压迫感眉骨,浅眼窝,外扩颧骨,薄面颊,窄下颌,宽杏眼,眼尾明显挑,标准眼距,深色瞳,中高鼻根,微弧鼻梁,微钝鼻头,弓形唇,嘴角下垂,额角旧痕,方菱过渡脸（偏柔圆润），压迫感眉骨/浅眼窝，宽杏眼·眼尾明显挑·标准眼距，中高鼻根/微弧鼻梁/微钝鼻头，弓形唇·嘴角下垂，窄下颌
FD02738,幼态方脸,颊部略凹,平直额,厚眉骨,窄深眼窝,高颧骨,薄面颊,明显下颌角,平直杏眼,眼尾平直,标准眼距,浅褐瞳,高鼻根,微弧鼻梁,小圆鼻头,上薄下厚,单侧上扬,鼻梁旧伤,幼态方脸（颊部略凹），厚眉骨/窄深眼窝，平直杏眼·眼尾平直·标准眼距，高鼻根/微弧鼻梁/小圆鼻头，上薄下厚·单侧上扬，明显下颌角
FD02739,倒三角脸,上庭展开,骨感额,高眉骨,中度眼窝,外扩颧骨,轻凹面颊,圆方下颌,冷感眼,眼尾下沉,窄眼距,碎裂虹膜,中鼻根,柔和鼻梁,微钝鼻头,厚唇,嘴角上扬,眼睑褶皱不对称,倒三角脸（上庭展开），高眉骨/中度眼窝，冷感眼·眼尾下沉·窄眼距，中鼻根/柔和鼻梁/微钝鼻头，厚唇·嘴角上扬，圆方下颌
FD02740,上窄下宽脸,骨点外显,宽额,厚眉骨,中度眼窝,低颧骨,薄面颊,窄下颌,疲惫眼,眼尾微挑,标准眼距,灰蓝瞳,高鼻根,微弧鼻梁,下压鼻头,薄唇,嘴角紧收,碎裂虹膜,上窄下宽脸（骨点外显），厚眉骨/中度眼窝，疲惫眼·眼尾微挑·标准眼距，高鼻根/微弧鼻梁/下压鼻头，薄唇·嘴角紧收，窄下颌
FD02741,长鹅蛋脸,偏锐收窄,宽额,压迫感眉骨,中度眼窝,柔和颧骨,幼态柔软面颊,方下颌,少年圆眼,眼尾明显挑,标准眼距,灰蓝瞳,中鼻根,高直鼻梁,骨感鼻头,上厚下薄,嘴角平直,指节薄茧,长鹅蛋脸（偏锐收窄），压迫感眉骨/中度眼窝，少年圆眼·眼尾明显挑·标准眼距，中鼻根/高直鼻梁/骨感鼻头，上厚下薄·嘴角平直，方下颌
FD02742,短圆脸,中轴微长,高额,低眉骨,眼下骨感,柔和颧骨,饱满面颊,圆方下颌,圆长眼,眼尾下压,标准眼距,浅褐瞳,中鼻根,轻鹰钩鼻梁,下压鼻头,小嘴,单侧上扬,指节薄茧,短圆脸（中轴微长），低眉骨/眼下骨感，圆长眼·眼尾下压·标准眼距，中鼻根/轻鹰钩鼻梁/下压鼻头，小嘴·单侧上扬，圆方下颌
FD02743,宽心形脸,中庭拉长,骨感额,外侧突出眉骨,深眼窝,外扩颧骨,饱满面颊,方下颌,狭长瑞凤眼,眼尾延展,窄眼距,墨玉瞳,低鼻根,轻鹰钩鼻梁,小圆鼻头,宽嘴,单侧上扬,眉心竖纹浅痕,宽心形脸（中庭拉长），外侧突出眉骨/深眼窝，狭长瑞凤眼·眼尾延展·窄眼距，低鼻根/轻鹰钩鼻梁/小圆鼻头，宽嘴·单侧上扬，方下颌
FD02744,下颌突出脸,面中立体化,窄额,柔和眉骨,中度眼窝,外扩颧骨,饱满面颊,明显下颌角,短杏眼,眼尾下压,窄眼距,墨玉瞳,窄鼻根,高直鼻梁,骨感鼻头,成熟长唇,嘴角平直,耳后小痣,下颌突出脸（面中立体化），柔和眉骨/中度眼窝，短杏眼·眼尾下压·窄眼距，窄鼻根/高直鼻梁/骨感鼻头，成熟长唇·嘴角平直，明显下颌角
FD02745,长方脸,中庭拉长,窄额,高眉骨,深眼窝,宽颧骨,薄面颊,明显下颌角,冷感眼,眼尾平直,窄眼距,环状虹膜,高鼻根,轻微偏左鼻梁,肉感鼻头,弓形唇,嘴角上扬,颈侧细疤,长方脸（中庭拉长），高眉骨/深眼窝，冷感眼·眼尾平直·窄眼距，高鼻根/轻微偏左鼻梁/肉感鼻头，弓形唇·嘴角上扬，明显下颌角
FD02746,长鹅蛋脸,骨点内敛,饱满额,内侧突出眉骨,中度眼窝,低颧骨,轻凹面颊,圆方下颌,少年圆眼,眼尾平直,窄眼距,浅褐瞳,低鼻根,轻鹰钩鼻梁,小圆鼻头,小嘴,单侧上扬,眉心竖纹浅痕,长鹅蛋脸（骨点内敛），内侧突出眉骨/中度眼窝，少年圆眼·眼尾平直·窄眼距，低鼻根/轻鹰钩鼻梁/小圆鼻头，小嘴·单侧上扬，圆方下颌
FD02747,窄方脸,中庭拉长,微凸额,外侧突出眉骨,深眼窝,柔和颧骨,轻凹面颊,柔和下颌,鹤系眼,眼尾延展,宽眼距,灰蓝瞳,高鼻根,柔和鼻梁,骨感鼻头,上厚下薄,嘴角紧收,左颊浅疤,窄方脸（中庭拉长），外侧突出眉骨/深眼窝，鹤系眼·眼尾延展·宽眼距，高鼻根/柔和鼻梁/骨感鼻头，上厚下薄·嘴角紧收，柔和下颌
FD02748,清瘦圆脸,骨点内敛,饱满额,内侧突出眉骨,深眼窝,高颧骨,幼态柔软面颊,明显下颌角,短圆杏眼,眼尾下压,标准眼距,淡金瞳,中鼻根,轻微偏右鼻梁,下压鼻头,小嘴,嘴角下垂,单侧酒窝,清瘦圆脸（骨点内敛），内侧突出眉骨/深眼窝，短圆杏眼·眼尾下压·标准眼距，中鼻根/轻微偏右鼻梁/下压鼻头，小嘴·嘴角下垂，明显下颌角
FD02749,骨感窄脸,颧部微收,窄额,薄眉骨,窄深眼窝,高颧骨,饱满面颊,宽下颌,疲惫眼,眼尾明显挑,宽眼距,浅褐瞳,高鼻根,轻鹰钩鼻梁,方圆鼻头,小嘴,嘴角平直,耳后小痣,骨感窄脸（颧部微收），薄眉骨/窄深眼窝，疲惫眼·眼尾明显挑·宽眼距，高鼻根/轻鹰钩鼻梁/方圆鼻头，小嘴·嘴角平直，宽下颌
FD02750,圆方脸,颌角弱化,微凸额,内侧突出眉骨,浅眼窝,宽颧骨,幼态柔软面颊,方下颌,丹凤眼,眼尾下沉,窄眼距,星点虹膜,中鼻根,轻鹰钩鼻梁,肉感鼻头,成熟长唇,嘴角平直,唇下小痣,圆方脸（颌角弱化），内侧突出眉骨/浅眼窝，丹凤眼·眼尾下沉·窄眼距，中鼻根/轻鹰钩鼻梁/肉感鼻头，成熟长唇·嘴角平直，方下颌
FD02751,长圆脸,颊部饱满,微凸额,厚眉骨,眼下骨感,高颧骨,轻凹面颊,方下颌,上扬凤眼,眼尾明显挑,标准眼距,深色瞳,宽鼻根,中直鼻梁,肉感鼻头,成熟长唇,嘴角紧收,右眉轻断,长圆脸（颊部饱满），厚眉骨/眼下骨感，上扬凤眼·眼尾明显挑·标准眼距，宽鼻根/中直鼻梁/肉感鼻头，成熟长唇·嘴角紧收，方下颌
FD02752,倒梯形脸,中庭展宽,高额,内侧突出眉骨,浅眼窝,低颧骨,轻凹面颊,骨感下颌,成熟长眼,眼尾明显挑,窄眼距,深色瞳,低鼻根,柔和鼻梁,窄翼鼻头,平直唇,单侧上扬,眉上小疤,倒梯形脸（中庭展宽），内侧突出眉骨/浅眼窝，成熟长眼·眼尾明显挑·窄眼距，低鼻根/柔和鼻梁/窄翼鼻头，平直唇·单侧上扬，骨感下颌
FD02753,心形脸,面中平缓,低额,薄眉骨,深眼窝,高颧骨,薄面颊,方下颌,平直杏眼,眼尾微挑,标准眼距,浅褐瞳,中鼻根,宽骨鼻梁,下压鼻头,厚唇,嘴角平直,眉上小疤,心形脸（面中平缓），薄眉骨/深眼窝，平直杏眼·眼尾微挑·标准眼距，中鼻根/宽骨鼻梁/下压鼻头，厚唇·嘴角平直，方下颌
FD02754,标准菱形,骨点外显,饱满额,低眉骨,眼下饱满,低颧骨,饱满面颊,方下颌,柳叶眼,眼尾明显挑,标准眼距,碎裂虹膜,中高鼻根,轻微偏左鼻梁,微钝鼻头,上厚下薄,嘴角平直,耳后小痣,标准菱形（骨点外显），低眉骨/眼下饱满，柳叶眼·眼尾明显挑·标准眼距，中高鼻根/轻微偏左鼻梁/微钝鼻头，上厚下薄·嘴角平直，方下颌
FD02755,方菱过渡脸,下庭加重,宽额,低眉骨,窄深眼窝,宽颧骨,成熟收紧面颊,骨感下颌,狭长眼,眼尾延展,标准眼距,淡金瞳,中鼻根,高直鼻梁,骨感鼻头,上厚下薄,嘴角紧收,无标志,方菱过渡脸（下庭加重），低眉骨/窄深眼窝，狭长眼·眼尾延展·标准眼距，中鼻根/高直鼻梁/骨感鼻头，上厚下薄·嘴角紧收，骨感下颌
FD02756,宽鹅蛋脸,颌角弱化,高额,高眉骨,窄深眼窝,窄颧骨,轻凹面颊,明显下颌角,冷感眼,眼尾明显挑,标准眼距,琥珀瞳,中高鼻根,微弧鼻梁,肉感鼻头,成熟长唇,嘴角上扬,单侧虎牙,宽鹅蛋脸（颌角弱化），高眉骨/窄深眼窝，冷感眼·眼尾明显挑·标准眼距，中高鼻根/微弧鼻梁/肉感鼻头，成熟长唇·嘴角上扬，明显下颌角
FD02757,宽鹅蛋脸,骨点内敛,平直额,厚眉骨,浅眼窝,宽颧骨,轻凹面颊,明显下颌角,窄杏眼,眼尾明显挑,窄眼距,淡金瞳,中高鼻根,宽骨鼻梁,窄翼鼻头,弓形唇,嘴角下垂,眉心竖纹浅痕,宽鹅蛋脸（骨点内敛），厚眉骨/浅眼窝，窄杏眼·眼尾明显挑·窄眼距，中高鼻根/宽骨鼻梁/窄翼鼻头，弓形唇·嘴角下垂，明显下颌角
FD02758,骨感窄脸,中轴收紧,高额,厚眉骨,宽浅眼窝,宽颧骨,薄面颊,明显下颌角,圆长眼,眼尾延展,宽眼距,深色瞳,低鼻根,轻微偏左鼻梁,轻翘鼻头,厚唇,嘴角紧收,无标志,骨感窄脸（中轴收紧），厚眉骨/宽浅眼窝，圆长眼·眼尾延展·宽眼距，低鼻根/轻微偏左鼻梁/轻翘鼻头，厚唇·嘴角紧收，明显下颌角
FD02759,心形脸,颊部饱满,宽额,厚眉骨,宽浅眼窝,低颧骨,饱满面颊,方下颌,疲惫眼,眼尾微挑,标准眼距,环状虹膜,中高鼻根,轻微偏右鼻梁,轻翘鼻头,成熟长唇,嘴角紧收,双侧酒窝,心形脸（颊部饱满），厚眉骨/宽浅眼窝，疲惫眼·眼尾微挑·标准眼距，中高鼻根/轻微偏右鼻梁/轻翘鼻头，成熟长唇·嘴角紧收，方下颌
FD02760,幼态方脸,颊部饱满,低额,外侧突出眉骨,窄深眼窝,柔和颧骨,薄面颊,明显下颌角,平凤眼,眼尾下沉,窄眼距,碎裂虹膜,高鼻根,轻微偏右鼻梁,窄翼鼻头,小嘴,嘴角紧收,眼角小痣,幼态方脸（颊部饱满），外侧突出眉骨/窄深眼窝，平凤眼·眼尾下沉·窄眼距，高鼻根/轻微偏右鼻梁/窄翼鼻头，小嘴·嘴角紧收，明显下颌角
FD02761,窄鹅蛋脸,下颌线柔化,窄额,压迫感眉骨,深眼窝,柔和颧骨,饱满面颊,圆方下颌,宽杏眼,眼尾延展,窄眼距,深色瞳,低鼻根,宽骨鼻梁,轻翘鼻头,弓形唇,嘴角平直,眼睑褶皱不对称,窄鹅蛋脸（下颌线柔化），压迫感眉骨/深眼窝，宽杏眼·眼尾延展·窄眼距，低鼻根/宽骨鼻梁/轻翘鼻头，弓形唇·嘴角平直，圆方下颌
FD02762,上宽下窄脸,骨点外显,饱满额,厚眉骨,中度眼窝,低颧骨,幼态柔软面颊,柔和下颌,猫系眼,眼尾下压,窄眼距,碎裂虹膜,低鼻根,中直鼻梁,小圆鼻头,上厚下薄,嘴角平直,眼睑褶皱不对称,上宽下窄脸（骨点外显），厚眉骨/中度眼窝，猫系眼·眼尾下压·窄眼距，低鼻根/中直鼻梁/小圆鼻头，上厚下薄·嘴角平直，柔和下颌
FD02763,鹅蛋偏心形,中轴收紧,宽额,薄眉骨,深眼窝,窄颧骨,成熟收紧面颊,圆方下颌,狼系眼,眼尾明显挑,宽眼距,深色瞳,中高鼻根,轻微偏左鼻梁,肉感鼻头,宽嘴,嘴角下垂,眉上小疤,鹅蛋偏心形（中轴收紧），薄眉骨/深眼窝，狼系眼·眼尾明显挑·宽眼距，中高鼻根/轻微偏左鼻梁/肉感鼻头，宽嘴·嘴角下垂，圆方下颌
FD02764,幼态圆脸,下庭收窄,微凸额,薄眉骨,浅眼窝,宽颧骨,成熟收紧面颊,明显下颌角,狼系眼,眼尾明显挑,窄眼距,异色瞳,窄鼻根,轻鹰钩鼻梁,肉感鼻头,平直唇,嘴角上扬,右眼下浅泪痣,幼态圆脸（下庭收窄），薄眉骨/浅眼窝，狼系眼·眼尾明显挑·窄眼距，窄鼻根/轻鹰钩鼻梁/肉感鼻头，平直唇·嘴角上扬，明显下颌角
FD02765,窄鹅蛋脸,偏锐收窄,平直额,高眉骨,窄深眼窝,宽颧骨,轻凹面颊,宽下颌,长杏眼,眼尾下沉,窄眼距,灰蓝瞳,宽鼻根,轻鹰钩鼻梁,窄翼鼻头,成熟长唇,嘴角下垂,唇下小痣,窄鹅蛋脸（偏锐收窄），高眉骨/窄深眼窝，长杏眼·眼尾下沉·窄眼距，宽鼻根/轻鹰钩鼻梁/窄翼鼻头，成熟长唇·嘴角下垂，宽下颌
FD02766,窄鹅蛋脸,面中立体化,微凸额,压迫感眉骨,眼下骨感,外扩颧骨,薄面颊,骨感下颌,下垂眼,眼尾下压,标准眼距,深色瞳,中高鼻根,微弧鼻梁,骨感鼻头,上厚下薄,单侧上扬,单侧虎牙,窄鹅蛋脸（面中立体化），压迫感眉骨/眼下骨感，下垂眼·眼尾下压·标准眼距，中高鼻根/微弧鼻梁/骨感鼻头，上厚下薄·单侧上扬，骨感下颌
FD02767,双颌匀称脸,颈部线条延长,低额,压迫感眉骨,眼下骨感,宽颧骨,薄面颊,圆方下颌,窄杏眼,眼尾明显挑,窄眼距,环状虹膜,中鼻根,高直鼻梁,骨感鼻头,薄唇,嘴角下垂,眉尾旧疤,双颌匀称脸（颈部线条延长），压迫感眉骨/眼下骨感，窄杏眼·眼尾明显挑·窄眼距，中鼻根/高直鼻梁/骨感鼻头，薄唇·嘴角下垂，圆方下颌
FD02768,正梯形脸,面中立体化,骨感额,高眉骨,浅眼窝,高颧骨,薄面颊,明显下颌角,鹰隼眼,眼尾明显挑,标准眼距,碎裂虹膜,高鼻根,高直鼻梁,小圆鼻头,薄唇,嘴角上扬,眼睑褶皱不对称,正梯形脸（面中立体化），高眉骨/浅眼窝，鹰隼眼·眼尾明显挑·标准眼距，高鼻根/高直鼻梁/小圆鼻头，薄唇·嘴角上扬，明显下颌角
FD02769,标准菱形,中庭拉长,高额,厚眉骨,深眼窝,高颧骨,薄面颊,方下颌,鹤系眼,眼尾下压,标准眼距,异色瞳,中高鼻根,轻鹰钩鼻梁,轻翘鼻头,薄唇,嘴角上扬,下颌浅疤,标准菱形（中庭拉长），厚眉骨/深眼窝，鹤系眼·眼尾下压·标准眼距，中高鼻根/轻鹰钩鼻梁/轻翘鼻头，薄唇·嘴角上扬，方下颌
FD02770,骨感方脸,颌角强调,宽额,厚眉骨,中度眼窝,窄颧骨,薄面颊,宽下颌,窄杏眼,眼尾明显挑,窄眼距,碎裂虹膜,宽鼻根,中直鼻梁,窄翼鼻头,厚唇,嘴角平直,无标志,骨感方脸（颌角强调），厚眉骨/中度眼窝，窄杏眼·眼尾明显挑·窄眼距，宽鼻根/中直鼻梁/窄翼鼻头，厚唇·嘴角平直，宽下颌
FD02771,短鹅蛋脸,颈部线条收短,窄额,薄眉骨,中度眼窝,柔和颧骨,薄面颊,方下颌,平直杏眼,眼尾下沉,宽眼距,灰蓝瞳,宽鼻根,微弧鼻梁,小圆鼻头,上厚下薄,嘴角紧收,眉尾旧疤,短鹅蛋脸（颈部线条收短），薄眉骨/中度眼窝，平直杏眼·眼尾下沉·宽眼距，宽鼻根/微弧鼻梁/小圆鼻头，上厚下薄·嘴角紧收，方下颌
FD02772,长菱形,颌角强调,低额,薄眉骨,中度眼窝,高颧骨,饱满面颊,明显下颌角,瑞凤眼,眼尾延展,宽眼距,深色瞳,窄鼻根,中直鼻梁,轻翘鼻头,小嘴,嘴角上扬,左眼下浅泪痣,长菱形（颌角强调），薄眉骨/中度眼窝，瑞凤眼·眼尾延展·宽眼距，窄鼻根/中直鼻梁/轻翘鼻头，小嘴·嘴角上扬，明显下颌角
FD02773,骨感菱形,下庭收窄,宽额,内侧突出眉骨,眼下饱满,窄颧骨,轻凹面颊,收敛下颌,半睁懒眼,眼尾平直,窄眼距,环状虹膜,窄鼻根,宽骨鼻梁,微钝鼻头,宽嘴,嘴角紧收,鼻梁旧伤,骨感菱形（下庭收窄），内侧突出眉骨/眼下饱满，半睁懒眼·眼尾平直·窄眼距，窄鼻根/宽骨鼻梁/微钝鼻头，宽嘴·嘴角紧收，收敛下颌
FD02774,宽心形脸,下颌线清晰化,宽额,厚眉骨,深眼窝,宽颧骨,幼态柔软面颊,圆方下颌,柳叶眼,眼尾平直,宽眼距,深色瞳,中高鼻根,微弧鼻梁,下压鼻头,上薄下厚,单侧上扬,环状虹膜,宽心形脸（下颌线清晰化），厚眉骨/深眼窝，柳叶眼·眼尾平直·宽眼距，中高鼻根/微弧鼻梁/下压鼻头，上薄下厚·单侧上扬，圆方下颌
FD02775,幼态方脸,颊部略凹,低额,低眉骨,宽浅眼窝,窄颧骨,成熟收紧面颊,方下颌,狐狸系眼,眼尾明显挑,宽眼距,碎裂虹膜,宽鼻根,轻微偏左鼻梁,窄翼鼻头,薄唇,嘴角平直,右眉轻断,幼态方脸（颊部略凹），低眉骨/宽浅眼窝，狐狸系眼·眼尾明显挑·宽眼距，宽鼻根/轻微偏左鼻梁/窄翼鼻头，薄唇·嘴角平直，方下颌
FD02776,短鹅蛋脸,中轴微长,微凸额,内侧突出眉骨,窄深眼窝,宽颧骨,饱满面颊,方下颌,长杏眼,眼尾下压,窄眼距,星点虹膜,高鼻根,轻鹰钩鼻梁,骨感鼻头,成熟长唇,嘴角下垂,颈侧细疤,短鹅蛋脸（中轴微长），内侧突出眉骨/窄深眼窝，长杏眼·眼尾下压·窄眼距，高鼻根/轻鹰钩鼻梁/骨感鼻头，成熟长唇·嘴角下垂，方下颌
FD02777,成熟方脸,偏柔圆润,宽额,外侧突出眉骨,眼下骨感,柔和颧骨,幼态柔软面颊,收敛下颌,下垂眼,眼尾下沉,宽眼距,淡金瞳,中高鼻根,轻鹰钩鼻梁,窄翼鼻头,上薄下厚,嘴角下垂,无标志,成熟方脸（偏柔圆润），外侧突出眉骨/眼下骨感，下垂眼·眼尾下沉·宽眼距，中高鼻根/轻鹰钩鼻梁/窄翼鼻头，上薄下厚·嘴角下垂，收敛下颌
FD02778,上宽下窄脸,颊部饱满,宽额,低眉骨,窄深眼窝,窄颧骨,轻凹面颊,骨感下颌,平凤眼,眼尾下压,宽眼距,星点虹膜,高鼻根,中直鼻梁,下压鼻头,成熟长唇,嘴角上扬,环状虹膜,上宽下窄脸（颊部饱满），低眉骨/窄深眼窝，平凤眼·眼尾下压·宽眼距，高鼻根/中直鼻梁/下压鼻头，成熟长唇·嘴角上扬，骨感下颌
FD02779,上宽下窄脸,下庭收窄,宽额,外侧突出眉骨,浅眼窝,外扩颧骨,轻凹面颊,明显下颌角,窄杏眼,眼尾明显挑,标准眼距,墨玉瞳,中鼻根,高直鼻梁,方圆鼻头,上厚下薄,嘴角紧收,额角旧痕,上宽下窄脸（下庭收窄），外侧突出眉骨/浅眼窝，窄杏眼·眼尾明显挑·标准眼距，中鼻根/高直鼻梁/方圆鼻头，上厚下薄·嘴角紧收，明显下颌角
FD02780,骨感窄脸,中庭拉长,骨感额,高眉骨,眼下骨感,宽颧骨,成熟收紧面颊,收敛下颌,成熟长眼,眼尾下压,标准眼距,琥珀瞳,高鼻根,轻微偏左鼻梁,下压鼻头,薄唇,嘴角上扬,指节薄茧,骨感窄脸（中庭拉长），高眉骨/眼下骨感，成熟长眼·眼尾下压·标准眼距，高鼻根/轻微偏左鼻梁/下压鼻头，薄唇·嘴角上扬，收敛下颌
FD02781,倒三角脸,中轴微长,高额,柔和眉骨,窄深眼窝,柔和颧骨,幼态柔软面颊,方下颌,瑞凤眼,眼尾下沉,标准眼距,墨玉瞳,中高鼻根,轻鹰钩鼻梁,肉感鼻头,上薄下厚,嘴角上扬,鼻梁旧伤,倒三角脸（中轴微长），柔和眉骨/窄深眼窝，瑞凤眼·眼尾下沉·标准眼距，中高鼻根/轻鹰钩鼻梁/肉感鼻头，上薄下厚·嘴角上扬，方下颌
FD02782,正梯形脸,中庭展宽,低额,外侧突出眉骨,浅眼窝,宽颧骨,薄面颊,窄下颌,平直杏眼,眼尾微挑,宽眼距,琥珀瞳,低鼻根,轻鹰钩鼻梁,小圆鼻头,成熟长唇,嘴角下垂,单侧酒窝,正梯形脸（中庭展宽），外侧突出眉骨/浅眼窝，平直杏眼·眼尾微挑·宽眼距，低鼻根/轻鹰钩鼻梁/小圆鼻头，成熟长唇·嘴角下垂，窄下颌
FD02783,正梯形脸,中轴收紧,窄额,压迫感眉骨,浅眼窝,窄颧骨,轻凹面颊,明显下颌角,丹凤眼,眼尾明显挑,宽眼距,灰蓝瞳,高鼻根,轻微偏右鼻梁,轻翘鼻头,宽嘴,嘴角下垂,唇下小痣,正梯形脸（中轴收紧），压迫感眉骨/浅眼窝，丹凤眼·眼尾明显挑·宽眼距，高鼻根/轻微偏右鼻梁/轻翘鼻头，宽嘴·嘴角下垂，明显下颌角
FD02784,鹅蛋偏心形,颈部线条收短,饱满额,厚眉骨,窄深眼窝,柔和颧骨,薄面颊,窄下颌,桃花眼,眼尾延展,标准眼距,墨玉瞳,宽鼻根,中直鼻梁,微钝鼻头,厚唇,单侧上扬,瞳孔残缺,鹅蛋偏心形（颈部线条收短），厚眉骨/窄深眼窝，桃花眼·眼尾延展·标准眼距，宽鼻根/中直鼻梁/微钝鼻头，厚唇·单侧上扬，窄下颌
FD02785,下颌突出脸,下庭收窄,窄额,外侧突出眉骨,中度眼窝,窄颧骨,成熟收紧面颊,圆方下颌,蛇系眼,眼尾明显挑,窄眼距,琥珀瞳,高鼻根,中直鼻梁,微钝鼻头,上薄下厚,单侧上扬,眉心竖纹浅痕,下颌突出脸（下庭收窄），外侧突出眉骨/中度眼窝，蛇系眼·眼尾明显挑·窄眼距，高鼻根/中直鼻梁/微钝鼻头，上薄下厚·单侧上扬，圆方下颌
FD02786,鹅蛋偏菱,面中平缓,宽额,低眉骨,中度眼窝,柔和颧骨,饱满面颊,窄下颌,平直杏眼,眼尾下压,标准眼距,灰蓝瞳,低鼻根,轻微偏右鼻梁,肉感鼻头,平直唇,嘴角下垂,唇下小痣,鹅蛋偏菱（面中平缓），低眉骨/中度眼窝，平直杏眼·眼尾下压·标准眼距，低鼻根/轻微偏右鼻梁/肉感鼻头，平直唇·嘴角下垂，窄下颌
FD02787,鹅蛋偏心形,下庭加重,宽额,外侧突出眉骨,深眼窝,窄颧骨,幼态柔软面颊,柔和下颌,冷感眼,眼尾下沉,窄眼距,碎裂虹膜,中鼻根,宽骨鼻梁,轻翘鼻头,宽嘴,嘴角紧收,指节薄茧,鹅蛋偏心形（下庭加重），外侧突出眉骨/深眼窝，冷感眼·眼尾下沉·窄眼距，中鼻根/宽骨鼻梁/轻翘鼻头，宽嘴·嘴角紧收，柔和下颌
FD02788,圆脸,中庭拉长,低额,厚眉骨,深眼窝,低颧骨,幼态柔软面颊,收敛下颌,鹿系眼,眼尾下压,宽眼距,碎裂虹膜,中鼻根,微弧鼻梁,微钝鼻头,宽嘴,嘴角紧收,异色瞳,圆脸（中庭拉长），厚眉骨/深眼窝，鹿系眼·眼尾下压·宽眼距，中鼻根/微弧鼻梁/微钝鼻头，宽嘴·嘴角紧收，收敛下颌
FD02789,骨感窄脸,偏锐收窄,微凸额,薄眉骨,中度眼窝,窄颧骨,薄面颊,明显下颌角,冷感眼,眼尾下沉,宽眼距,墨玉瞳,中鼻根,轻微偏左鼻梁,方圆鼻头,上厚下薄,嘴角上扬,无标志,骨感窄脸（偏锐收窄），薄眉骨/中度眼窝，冷感眼·眼尾下沉·宽眼距，中鼻根/轻微偏左鼻梁/方圆鼻头，上厚下薄·嘴角上扬，明显下颌角
FD02790,短圆脸,骨点内敛,低额,压迫感眉骨,宽浅眼窝,窄颧骨,幼态柔软面颊,骨感下颌,瑞凤眼,眼尾明显挑,宽眼距,墨玉瞳,宽鼻根,中直鼻梁,下压鼻头,薄唇,单侧上扬,眉尾旧疤,短圆脸（骨点内敛），压迫感眉骨/宽浅眼窝，瑞凤眼·眼尾明显挑·宽眼距，宽鼻根/中直鼻梁/下压鼻头，薄唇·单侧上扬，骨感下颌
FD02791,长鹅蛋脸,颊部略凹,窄额,柔和眉骨,中度眼窝,高颧骨,薄面颊,明显下颌角,鹰隼眼,眼尾下压,标准眼距,琥珀瞳,中鼻根,中直鼻梁,轻翘鼻头,弓形唇,单侧上扬,无标志,长鹅蛋脸（颊部略凹），柔和眉骨/中度眼窝，鹰隼眼·眼尾下压·标准眼距，中鼻根/中直鼻梁/轻翘鼻头，弓形唇·单侧上扬，明显下颌角
FD02792,长圆脸,中轴微长,窄额,内侧突出眉骨,眼下饱满,低颧骨,薄面颊,宽下颌,桃花眼,眼尾明显挑,宽眼距,星点虹膜,宽鼻根,轻鹰钩鼻梁,微钝鼻头,厚唇,单侧上扬,无标志,长圆脸（中轴微长），内侧突出眉骨/眼下饱满，桃花眼·眼尾明显挑·宽眼距，宽鼻根/轻鹰钩鼻梁/微钝鼻头，厚唇·单侧上扬，宽下颌
FD02793,长圆脸,颊部略凹,平直额,高眉骨,浅眼窝,柔和颧骨,饱满面颊,方下颌,长杏眼,眼尾平直,标准眼距,淡金瞳,低鼻根,轻微偏右鼻梁,骨感鼻头,弓形唇,嘴角平直,环状虹膜,长圆脸（颊部略凹），高眉骨/浅眼窝，长杏眼·眼尾平直·标准眼距，低鼻根/轻微偏右鼻梁/骨感鼻头，弓形唇·嘴角平直，方下颌
FD02794,骨感方脸,颊部饱满,饱满额,薄眉骨,浅眼窝,外扩颧骨,饱满面颊,宽下颌,鹰隼眼,眼尾下压,窄眼距,浅褐瞳,宽鼻根,轻鹰钩鼻梁,微钝鼻头,小嘴,嘴角下垂,眉心竖纹浅痕,骨感方脸（颊部饱满），薄眉骨/浅眼窝，鹰隼眼·眼尾下压·窄眼距，宽鼻根/轻鹰钩鼻梁/微钝鼻头，小嘴·嘴角下垂，宽下颌
FD02795,柔和方脸,颈部线条收短,骨感额,薄眉骨,浅眼窝,高颧骨,薄面颊,骨感下颌,蛇系眼,眼尾平直,窄眼距,碎裂虹膜,低鼻根,轻鹰钩鼻梁,下压鼻头,成熟长唇,嘴角紧收,无标志,柔和方脸（颈部线条收短），薄眉骨/浅眼窝，蛇系眼·眼尾平直·窄眼距，低鼻根/轻鹰钩鼻梁/下压鼻头，成熟长唇·嘴角紧收，骨感下颌
FD02796,柔和菱形,骨点外显,微凸额,外侧突出眉骨,浅眼窝,高颧骨,轻凹面颊,明显下颌角,鹿系眼,眼尾明显挑,宽眼距,墨玉瞳,中鼻根,微弧鼻梁,窄翼鼻头,薄唇,嘴角紧收,环状虹膜,柔和菱形（骨点外显），外侧突出眉骨/浅眼窝，鹿系眼·眼尾明显挑·宽眼距，中鼻根/微弧鼻梁/窄翼鼻头，薄唇·嘴角紧收，明显下颌角
FD02797,短圆脸,上庭展开,高额,低眉骨,窄深眼窝,高颧骨,薄面颊,圆方下颌,狐狸系眼,眼尾明显挑,窄眼距,碎裂虹膜,宽鼻根,微弧鼻梁,小圆鼻头,小嘴,嘴角平直,单侧酒窝,短圆脸（上庭展开），低眉骨/窄深眼窝，狐狸系眼·眼尾明显挑·窄眼距，宽鼻根/微弧鼻梁/小圆鼻头，小嘴·嘴角平直，圆方下颌
FD02798,骨感方脸,上庭展开,骨感额,薄眉骨,眼下骨感,宽颧骨,饱满面颊,方下颌,短杏眼,眼尾明显挑,窄眼距,碎裂虹膜,中高鼻根,轻微偏左鼻梁,微钝鼻头,薄唇,嘴角紧收,眼角小痣,骨感方脸（上庭展开），薄眉骨/眼下骨感，短杏眼·眼尾明显挑·窄眼距，中高鼻根/轻微偏左鼻梁/微钝鼻头，薄唇·嘴角紧收，方下颌
FD02799,幼态圆脸,骨点外显,高额,柔和眉骨,眼下骨感,低颧骨,薄面颊,收敛下颌,少年圆眼,眼尾平直,标准眼距,灰蓝瞳,中鼻根,高直鼻梁,下压鼻头,厚唇,嘴角上扬,眉尾旧疤,幼态圆脸（骨点外显），柔和眉骨/眼下骨感，少年圆眼·眼尾平直·标准眼距，中鼻根/高直鼻梁/下压鼻头，厚唇·嘴角上扬，收敛下颌
FD02800,窄方脸,下颌线柔化,平直额,外侧突出眉骨,眼下饱满,低颧骨,薄面颊,骨感下颌,丹凤眼,眼尾微挑,窄眼距,碎裂虹膜,低鼻根,轻鹰钩鼻梁,骨感鼻头,薄唇,嘴角紧收,额角旧痕,窄方脸（下颌线柔化），外侧突出眉骨/眼下饱满，丹凤眼·眼尾微挑·窄眼距，低鼻根/轻鹰钩鼻梁/骨感鼻头，薄唇·嘴角紧收，骨感下颌
FD02801,骨感窄脸,中轴微长,宽额,压迫感眉骨,窄深眼窝,低颧骨,成熟收紧面颊,窄下颌,鹤系眼,眼尾下沉,标准眼距,琥珀瞳,高鼻根,柔和鼻梁,方圆鼻头,小嘴,嘴角平直,右眉轻断,骨感窄脸（中轴微长），压迫感眉骨/窄深眼窝，鹤系眼·眼尾下沉·标准眼距，高鼻根/柔和鼻梁/方圆鼻头，小嘴·嘴角平直，窄下颌
FD02802,长圆脸,偏柔圆润,微凸额,内侧突出眉骨,深眼窝,窄颧骨,薄面颊,收敛下颌,平直杏眼,眼尾平直,窄眼距,深色瞳,中高鼻根,高直鼻梁,方圆鼻头,成熟长唇,嘴角上扬,右眉轻断,长圆脸（偏柔圆润），内侧突出眉骨/深眼窝，平直杏眼·眼尾平直·窄眼距，中高鼻根/高直鼻梁/方圆鼻头，成熟长唇·嘴角上扬，收敛下颌
FD02803,下颌突出脸,颌角弱化,骨感额,柔和眉骨,中度眼窝,外扩颧骨,幼态柔软面颊,窄下颌,下垂眼,眼尾明显挑,宽眼距,深色瞳,窄鼻根,宽骨鼻梁,方圆鼻头,宽嘴,嘴角上扬,指节薄茧,下颌突出脸（颌角弱化），柔和眉骨/中度眼窝，下垂眼·眼尾明显挑·宽眼距，窄鼻根/宽骨鼻梁/方圆鼻头，宽嘴·嘴角上扬，窄下颌
FD02804,倒梯形脸,上庭收窄,骨感额,薄眉骨,浅眼窝,柔和颧骨,饱满面颊,宽下颌,狼系眼,眼尾下沉,窄眼距,异色瞳,高鼻根,宽骨鼻梁,微钝鼻头,小嘴,嘴角上扬,异色瞳,倒梯形脸（上庭收窄），薄眉骨/浅眼窝，狼系眼·眼尾下沉·窄眼距，高鼻根/宽骨鼻梁/微钝鼻头，小嘴·嘴角上扬，宽下颌
FD02805,柔和菱形,颊部饱满,宽额,柔和眉骨,中度眼窝,宽颧骨,幼态柔软面颊,方下颌,圆长眼,眼尾下压,窄眼距,灰蓝瞳,中鼻根,轻鹰钩鼻梁,轻翘鼻头,宽嘴,嘴角紧收,耳后小痣,柔和菱形（颊部饱满），柔和眉骨/中度眼窝，圆长眼·眼尾下压·窄眼距，中鼻根/轻鹰钩鼻梁/轻翘鼻头，宽嘴·嘴角紧收，方下颌
FD02806,圆脸,颧部外扩,高额,厚眉骨,窄深眼窝,外扩颧骨,轻凹面颊,宽下颌,鹰隼眼,眼尾下沉,标准眼距,灰蓝瞳,中高鼻根,轻微偏右鼻梁,小圆鼻头,平直唇,单侧上扬,下颌浅疤,圆脸（颧部外扩），厚眉骨/窄深眼窝，鹰隼眼·眼尾下沉·标准眼距，中高鼻根/轻微偏右鼻梁/小圆鼻头，平直唇·单侧上扬，宽下颌
FD02807,短圆脸,下庭加重,低额,薄眉骨,宽浅眼窝,宽颧骨,饱满面颊,骨感下颌,半睁懒眼,眼尾微挑,标准眼距,墨玉瞳,窄鼻根,柔和鼻梁,轻翘鼻头,平直唇,嘴角上扬,眼睑褶皱不对称,短圆脸（下庭加重），薄眉骨/宽浅眼窝，半睁懒眼·眼尾微挑·标准眼距，窄鼻根/柔和鼻梁/轻翘鼻头，平直唇·嘴角上扬，骨感下颌
FD02808,圆方脸,下颌线清晰化,骨感额,薄眉骨,中度眼窝,外扩颧骨,饱满面颊,窄下颌,平直杏眼,眼尾明显挑,标准眼距,淡金瞳,低鼻根,中直鼻梁,小圆鼻头,小嘴,嘴角下垂,环状虹膜,圆方脸（下颌线清晰化），薄眉骨/中度眼窝，平直杏眼·眼尾明显挑·标准眼距，低鼻根/中直鼻梁/小圆鼻头，小嘴·嘴角下垂，窄下颌
FD02809,骨感方脸,颧部微收,饱满额,外侧突出眉骨,深眼窝,低颧骨,薄面颊,明显下颌角,上扬凤眼,眼尾下压,标准眼距,琥珀瞳,低鼻根,柔和鼻梁,方圆鼻头,成熟长唇,单侧上扬,眼角小痣,骨感方脸（颧部微收），外侧突出眉骨/深眼窝，上扬凤眼·眼尾下压·标准眼距，低鼻根/柔和鼻梁/方圆鼻头，成熟长唇·单侧上扬，明显下颌角
FD02810,清瘦圆脸,下庭加重,低额,薄眉骨,眼下饱满,柔和颧骨,轻凹面颊,圆方下颌,鹿系眼,眼尾平直,窄眼距,星点虹膜,低鼻根,高直鼻梁,窄翼鼻头,厚唇,嘴角下垂,下颌浅疤,清瘦圆脸（下庭加重），薄眉骨/眼下饱满，鹿系眼·眼尾平直·窄眼距，低鼻根/高直鼻梁/窄翼鼻头，厚唇·嘴角下垂，圆方下颌
FD02811,宽菱形,下庭加重,微凸额,内侧突出眉骨,浅眼窝,外扩颧骨,饱满面颊,圆方下颌,柳叶眼,眼尾延展,窄眼距,环状虹膜,宽鼻根,柔和鼻梁,方圆鼻头,小嘴,嘴角紧收,无标志,宽菱形（下庭加重），内侧突出眉骨/浅眼窝，柳叶眼·眼尾延展·窄眼距，宽鼻根/柔和鼻梁/方圆鼻头，小嘴·嘴角紧收，圆方下颌
FD02812,骨感菱形,中庭拉长,饱满额,压迫感眉骨,眼下饱满,窄颧骨,薄面颊,圆方下颌,狐狸系眼,眼尾微挑,窄眼距,浅褐瞳,宽鼻根,高直鼻梁,下压鼻头,上厚下薄,嘴角下垂,眉尾旧疤,骨感菱形（中庭拉长），压迫感眉骨/眼下饱满，狐狸系眼·眼尾微挑·窄眼距，宽鼻根/高直鼻梁/下压鼻头，上厚下薄·嘴角下垂，圆方下颌
FD02813,短方脸,下颌线清晰化,骨感额,压迫感眉骨,浅眼窝,外扩颧骨,成熟收紧面颊,骨感下颌,平直杏眼,眼尾平直,标准眼距,灰蓝瞳,中鼻根,微弧鼻梁,轻翘鼻头,成熟长唇,嘴角紧收,眉尾旧疤,短方脸（下颌线清晰化），压迫感眉骨/浅眼窝，平直杏眼·眼尾平直·标准眼距，中鼻根/微弧鼻梁/轻翘鼻头，成熟长唇·嘴角紧收，骨感下颌
FD02814,成熟方脸,偏柔圆润,宽额,柔和眉骨,宽浅眼窝,高颧骨,薄面颊,骨感下颌,窄杏眼,眼尾明显挑,标准眼距,浅褐瞳,中鼻根,柔和鼻梁,肉感鼻头,弓形唇,嘴角紧收,左颊浅疤,成熟方脸（偏柔圆润），柔和眉骨/宽浅眼窝，窄杏眼·眼尾明显挑·标准眼距，中鼻根/柔和鼻梁/肉感鼻头，弓形唇·嘴角紧收，骨感下颌
FD02815,倒梯形脸,骨点外显,平直额,内侧突出眉骨,浅眼窝,窄颧骨,成熟收紧面颊,骨感下颌,狐狸系眼,眼尾延展,宽眼距,异色瞳,窄鼻根,微弧鼻梁,下压鼻头,厚唇,嘴角紧收,鼻梁旧伤,倒梯形脸（骨点外显），内侧突出眉骨/浅眼窝，狐狸系眼·眼尾延展·宽眼距，窄鼻根/微弧鼻梁/下压鼻头，厚唇·嘴角紧收，骨感下颌
FD02816,成熟方脸,中轴微长,饱满额,内侧突出眉骨,眼下饱满,外扩颧骨,幼态柔软面颊,圆方下颌,短圆杏眼,眼尾平直,窄眼距,异色瞳,高鼻根,中直鼻梁,骨感鼻头,薄唇,嘴角平直,唇下小痣,成熟方脸（中轴微长），内侧突出眉骨/眼下饱满，短圆杏眼·眼尾平直·窄眼距，高鼻根/中直鼻梁/骨感鼻头，薄唇·嘴角平直，圆方下颌
FD02817,心形脸,面中立体化,窄额,压迫感眉骨,深眼窝,窄颧骨,饱满面颊,明显下颌角,桃花眼,眼尾平直,宽眼距,墨玉瞳,窄鼻根,柔和鼻梁,窄翼鼻头,上薄下厚,嘴角平直,双侧酒窝,心形脸（面中立体化），压迫感眉骨/深眼窝，桃花眼·眼尾平直·宽眼距，窄鼻根/柔和鼻梁/窄翼鼻头，上薄下厚·嘴角平直，明显下颌角
FD02818,鹅蛋偏心形,颊部略凹,窄额,低眉骨,深眼窝,外扩颧骨,幼态柔软面颊,明显下颌角,长杏眼,眼尾明显挑,宽眼距,墨玉瞳,高鼻根,宽骨鼻梁,骨感鼻头,平直唇,嘴角平直,颈侧细疤,鹅蛋偏心形（颊部略凹），低眉骨/深眼窝，长杏眼·眼尾明显挑·宽眼距，高鼻根/宽骨鼻梁/骨感鼻头，平直唇·嘴角平直，明显下颌角
FD02819,长方脸,颊部饱满,窄额,厚眉骨,眼下饱满,柔和颧骨,轻凹面颊,柔和下颌,成熟长眼,眼尾平直,宽眼距,碎裂虹膜,中鼻根,高直鼻梁,小圆鼻头,宽嘴,嘴角紧收,右眼下浅泪痣,长方脸（颊部饱满），厚眉骨/眼下饱满，成熟长眼·眼尾平直·宽眼距，中鼻根/高直鼻梁/小圆鼻头，宽嘴·嘴角紧收，柔和下颌
FD02820,柔和菱形,颊部略凹,饱满额,厚眉骨,中度眼窝,外扩颧骨,幼态柔软面颊,柔和下颌,少年圆眼,眼尾微挑,窄眼距,灰蓝瞳,窄鼻根,轻微偏左鼻梁,骨感鼻头,上厚下薄,嘴角紧收,瞳孔残缺,柔和菱形（颊部略凹），厚眉骨/中度眼窝，少年圆眼·眼尾微挑·窄眼距，窄鼻根/轻微偏左鼻梁/骨感鼻头，上厚下薄·嘴角紧收，柔和下颌
FD02821,长鹅蛋脸,中庭拉长,饱满额,压迫感眉骨,浅眼窝,低颧骨,轻凹面颊,明显下颌角,圆长眼,眼尾下压,标准眼距,深色瞳,窄鼻根,宽骨鼻梁,骨感鼻头,弓形唇,嘴角紧收,鼻梁旧伤,长鹅蛋脸（中庭拉长），压迫感眉骨/浅眼窝，圆长眼·眼尾下压·标准眼距，窄鼻根/宽骨鼻梁/骨感鼻头，弓形唇·嘴角紧收，明显下颌角
FD02822,骨感菱形,面中立体化,低额,外侧突出眉骨,窄深眼窝,外扩颧骨,薄面颊,明显下颌角,半睁懒眼,眼尾下沉,宽眼距,琥珀瞳,高鼻根,高直鼻梁,方圆鼻头,宽嘴,嘴角上扬,眼睑褶皱不对称,骨感菱形（面中立体化），外侧突出眉骨/窄深眼窝，半睁懒眼·眼尾下沉·宽眼距，高鼻根/高直鼻梁/方圆鼻头，宽嘴·嘴角上扬，明显下颌角
FD02823,骨感窄脸,中轴微长,宽额,内侧突出眉骨,浅眼窝,柔和颧骨,饱满面颊,柔和下颌,窄杏眼,眼尾微挑,宽眼距,淡金瞳,中鼻根,高直鼻梁,小圆鼻头,小嘴,嘴角上扬,环状虹膜,骨感窄脸（中轴微长），内侧突出眉骨/浅眼窝，窄杏眼·眼尾微挑·宽眼距，中鼻根/高直鼻梁/小圆鼻头，小嘴·嘴角上扬，柔和下颌
FD02824,宽方脸,面中立体化,高额,压迫感眉骨,眼下骨感,外扩颧骨,薄面颊,明显下颌角,鹤系眼,眼尾明显挑,窄眼距,琥珀瞳,窄鼻根,中直鼻梁,方圆鼻头,成熟长唇,嘴角平直,鼻梁旧伤,宽方脸（面中立体化），压迫感眉骨/眼下骨感，鹤系眼·眼尾明显挑·窄眼距，窄鼻根/中直鼻梁/方圆鼻头，成熟长唇·嘴角平直，明显下颌角
FD02825,上窄下宽脸,下庭收窄,窄额,低眉骨,深眼窝,高颧骨,成熟收紧面颊,柔和下颌,鹤系眼,眼尾下沉,标准眼距,琥珀瞳,低鼻根,高直鼻梁,下压鼻头,宽嘴,单侧上扬,唇下小痣,上窄下宽脸（下庭收窄），低眉骨/深眼窝，鹤系眼·眼尾下沉·标准眼距，低鼻根/高直鼻梁/下压鼻头，宽嘴·单侧上扬，柔和下颌
FD02826,宽鹅蛋脸,下颌线清晰化,微凸额,内侧突出眉骨,中度眼窝,高颧骨,幼态柔软面颊,明显下颌角,平直杏眼,眼尾下沉,宽眼距,异色瞳,中高鼻根,中直鼻梁,轻翘鼻头,薄唇,嘴角平直,下颌浅疤,宽鹅蛋脸（下颌线清晰化），内侧突出眉骨/中度眼窝，平直杏眼·眼尾下沉·宽眼距，中高鼻根/中直鼻梁/轻翘鼻头，薄唇·嘴角平直，明显下颌角
FD02827,长心形脸,颈部线条收短,微凸额,柔和眉骨,深眼窝,高颧骨,饱满面颊,宽下颌,平直杏眼,眼尾延展,标准眼距,浅褐瞳,宽鼻根,宽骨鼻梁,小圆鼻头,宽嘴,嘴角下垂,眼角小痣,长心形脸（颈部线条收短），柔和眉骨/深眼窝，平直杏眼·眼尾延展·标准眼距，宽鼻根/宽骨鼻梁/小圆鼻头，宽嘴·嘴角下垂，宽下颌
FD02828,长菱形,骨点外显,骨感额,厚眉骨,眼下饱满,宽颧骨,轻凹面颊,明显下颌角,窄杏眼,眼尾延展,宽眼距,环状虹膜,低鼻根,中直鼻梁,下压鼻头,上厚下薄,嘴角平直,左眼下浅泪痣,长菱形（骨点外显），厚眉骨/眼下饱满，窄杏眼·眼尾延展·宽眼距，低鼻根/中直鼻梁/下压鼻头，上厚下薄·嘴角平直，明显下颌角
FD02829,上窄下宽脸,颊部略凹,骨感额,薄眉骨,眼下骨感,窄颧骨,轻凹面颊,明显下颌角,鹤系眼,眼尾延展,窄眼距,碎裂虹膜,高鼻根,轻鹰钩鼻梁,小圆鼻头,薄唇,嘴角下垂,环状虹膜,上窄下宽脸（颊部略凹），薄眉骨/眼下骨感，鹤系眼·眼尾延展·窄眼距，高鼻根/轻鹰钩鼻梁/小圆鼻头，薄唇·嘴角下垂，明显下颌角
FD02830,倒梯形脸,面中立体化,骨感额,高眉骨,中度眼窝,宽颧骨,成熟收紧面颊,收敛下颌,冷感眼,眼尾延展,标准眼距,琥珀瞳,宽鼻根,轻微偏右鼻梁,肉感鼻头,薄唇,嘴角下垂,单侧虎牙,倒梯形脸（面中立体化），高眉骨/中度眼窝，冷感眼·眼尾延展·标准眼距，宽鼻根/轻微偏右鼻梁/肉感鼻头，薄唇·嘴角下垂，收敛下颌
FD02831,成熟方脸,中庭拉长,微凸额,厚眉骨,浅眼窝,宽颧骨,薄面颊,柔和下颌,猫系眼,眼尾下压,窄眼距,浅褐瞳,宽鼻根,高直鼻梁,轻翘鼻头,平直唇,嘴角下垂,双侧酒窝,成熟方脸（中庭拉长），厚眉骨/浅眼窝，猫系眼·眼尾下压·窄眼距，宽鼻根/高直鼻梁/轻翘鼻头，平直唇·嘴角下垂，柔和下颌
FD02832,倒梯形脸,颈部线条延长,骨感额,压迫感眉骨,宽浅眼窝,高颧骨,成熟收紧面颊,方下颌,鹤系眼,眼尾延展,宽眼距,淡金瞳,低鼻根,轻微偏右鼻梁,轻翘鼻头,上厚下薄,嘴角上扬,右眉轻断,倒梯形脸（颈部线条延长），压迫感眉骨/宽浅眼窝，鹤系眼·眼尾延展·宽眼距，低鼻根/轻微偏右鼻梁/轻翘鼻头，上厚下薄·嘴角上扬，方下颌
FD02833,长方脸,上庭展开,饱满额,内侧突出眉骨,眼下骨感,高颧骨,轻凹面颊,圆方下颌,狭长瑞凤眼,眼尾延展,标准眼距,灰蓝瞳,宽鼻根,轻微偏右鼻梁,方圆鼻头,成熟长唇,单侧上扬,无标志,长方脸（上庭展开），内侧突出眉骨/眼下骨感，狭长瑞凤眼·眼尾延展·标准眼距，宽鼻根/轻微偏右鼻梁/方圆鼻头，成熟长唇·单侧上扬，圆方下颌
FD02834,骨感菱形,面中平缓,高额,压迫感眉骨,浅眼窝,外扩颧骨,成熟收紧面颊,方下颌,少年圆眼,眼尾下压,窄眼距,深色瞳,高鼻根,柔和鼻梁,窄翼鼻头,上厚下薄,嘴角平直,左颊浅疤,骨感菱形（面中平缓），压迫感眉骨/浅眼窝，少年圆眼·眼尾下压·窄眼距，高鼻根/柔和鼻梁/窄翼鼻头，上厚下薄·嘴角平直，方下颌
FD02835,长圆脸,颧部微收,低额,压迫感眉骨,眼下饱满,低颧骨,薄面颊,宽下颌,狭长瑞凤眼,眼尾下沉,标准眼距,环状虹膜,中高鼻根,轻鹰钩鼻梁,微钝鼻头,薄唇,嘴角上扬,异色瞳,长圆脸（颧部微收），压迫感眉骨/眼下饱满，狭长瑞凤眼·眼尾下沉·标准眼距，中高鼻根/轻鹰钩鼻梁/微钝鼻头，薄唇·嘴角上扬，宽下颌
FD02836,正梯形脸,颈部线条收短,平直额,柔和眉骨,宽浅眼窝,宽颧骨,幼态柔软面颊,宽下颌,丹凤眼,眼尾下压,宽眼距,异色瞳,高鼻根,轻微偏右鼻梁,方圆鼻头,小嘴,单侧上扬,单侧酒窝,正梯形脸（颈部线条收短），柔和眉骨/宽浅眼窝，丹凤眼·眼尾下压·宽眼距，高鼻根/轻微偏右鼻梁/方圆鼻头，小嘴·单侧上扬，宽下颌
FD02837,幼态圆脸,颊部略凹,高额,柔和眉骨,眼下骨感,外扩颧骨,轻凹面颊,骨感下颌,鹤系眼,眼尾下压,宽眼距,淡金瞳,窄鼻根,轻微偏左鼻梁,骨感鼻头,弓形唇,嘴角平直,指节薄茧,幼态圆脸（颊部略凹），柔和眉骨/眼下骨感，鹤系眼·眼尾下压·宽眼距，窄鼻根/轻微偏左鼻梁/骨感鼻头，弓形唇·嘴角平直，骨感下颌
FD02838,短圆脸,颌角弱化,低额,外侧突出眉骨,窄深眼窝,宽颧骨,成熟收紧面颊,宽下颌,桃花眼,眼尾微挑,标准眼距,浅褐瞳,低鼻根,柔和鼻梁,方圆鼻头,平直唇,嘴角紧收,瞳孔残缺,短圆脸（颌角弱化），外侧突出眉骨/窄深眼窝，桃花眼·眼尾微挑·标准眼距，低鼻根/柔和鼻梁/方圆鼻头，平直唇·嘴角紧收，宽下颌
FD02839,宽心形脸,下颌线清晰化,微凸额,柔和眉骨,眼下骨感,高颧骨,饱满面颊,圆方下颌,冷感眼,眼尾下沉,窄眼距,淡金瞳,高鼻根,高直鼻梁,轻翘鼻头,上厚下薄,嘴角下垂,唇下小痣,宽心形脸（下颌线清晰化），柔和眉骨/眼下骨感，冷感眼·眼尾下沉·窄眼距，高鼻根/高直鼻梁/轻翘鼻头，上厚下薄·嘴角下垂，圆方下颌
FD02840,长方脸,偏锐收窄,低额,高眉骨,眼下骨感,柔和颧骨,轻凹面颊,宽下颌,鹰隼眼,眼尾下沉,窄眼距,星点虹膜,中高鼻根,柔和鼻梁,微钝鼻头,厚唇,嘴角上扬,单侧酒窝,长方脸（偏锐收窄），高眉骨/眼下骨感，鹰隼眼·眼尾下沉·窄眼距，中高鼻根/柔和鼻梁/微钝鼻头，厚唇·嘴角上扬，宽下颌
FD02841,梨形脸,颈部线条收短,宽额,高眉骨,中度眼窝,宽颧骨,饱满面颊,柔和下颌,狼系眼,眼尾微挑,宽眼距,琥珀瞳,宽鼻根,高直鼻梁,肉感鼻头,薄唇,嘴角紧收,碎裂虹膜,梨形脸（颈部线条收短），高眉骨/中度眼窝，狼系眼·眼尾微挑·宽眼距，宽鼻根/高直鼻梁/肉感鼻头，薄唇·嘴角紧收，柔和下颌
FD02842,上宽下窄脸,偏锐收窄,平直额,厚眉骨,眼下饱满,窄颧骨,轻凹面颊,圆方下颌,冷感眼,眼尾平直,标准眼距,琥珀瞳,中高鼻根,轻微偏右鼻梁,小圆鼻头,上厚下薄,单侧上扬,额角旧痕,上宽下窄脸（偏锐收窄），厚眉骨/眼下饱满，冷感眼·眼尾平直·标准眼距，中高鼻根/轻微偏右鼻梁/小圆鼻头，上厚下薄·单侧上扬，圆方下颌
FD02843,下颌突出脸,中轴微长,窄额,低眉骨,宽浅眼窝,高颧骨,饱满面颊,柔和下颌,上扬凤眼,眼尾下沉,宽眼距,碎裂虹膜,高鼻根,轻微偏左鼻梁,轻翘鼻头,成熟长唇,嘴角上扬,左眼下浅泪痣,下颌突出脸（中轴微长），低眉骨/宽浅眼窝，上扬凤眼·眼尾下沉·宽眼距，高鼻根/轻微偏左鼻梁/轻翘鼻头，成熟长唇·嘴角上扬，柔和下颌
FD02844,宽鹅蛋脸,下颌线清晰化,低额,柔和眉骨,眼下饱满,低颧骨,轻凹面颊,宽下颌,丹凤眼,眼尾平直,窄眼距,淡金瞳,窄鼻根,微弧鼻梁,方圆鼻头,成熟长唇,嘴角下垂,眼角小痣,宽鹅蛋脸（下颌线清晰化），柔和眉骨/眼下饱满，丹凤眼·眼尾平直·窄眼距，窄鼻根/微弧鼻梁/方圆鼻头，成熟长唇·嘴角下垂，宽下颌
FD02845,心形脸,面中立体化,饱满额,低眉骨,眼下饱满,窄颧骨,饱满面颊,收敛下颌,冷感眼,眼尾下压,窄眼距,深色瞳,低鼻根,轻微偏右鼻梁,骨感鼻头,小嘴,嘴角平直,眉心竖纹浅痕,心形脸（面中立体化），低眉骨/眼下饱满，冷感眼·眼尾下压·窄眼距，低鼻根/轻微偏右鼻梁/骨感鼻头，小嘴·嘴角平直，收敛下颌
FD02846,窄鹅蛋脸,颈部线条收短,微凸额,柔和眉骨,深眼窝,高颧骨,薄面颊,圆方下颌,蛇系眼,眼尾平直,窄眼距,灰蓝瞳,窄鼻根,轻微偏右鼻梁,肉感鼻头,薄唇,单侧上扬,无标志,窄鹅蛋脸（颈部线条收短），柔和眉骨/深眼窝，蛇系眼·眼尾平直·窄眼距，窄鼻根/轻微偏右鼻梁/肉感鼻头，薄唇·单侧上扬，圆方下颌
FD02847,圆脸,中庭拉长,宽额,柔和眉骨,深眼窝,窄颧骨,薄面颊,收敛下颌,狐狸系眼,眼尾下压,窄眼距,墨玉瞳,宽鼻根,轻微偏右鼻梁,骨感鼻头,平直唇,嘴角紧收,双侧酒窝,圆脸（中庭拉长），柔和眉骨/深眼窝，狐狸系眼·眼尾下压·窄眼距，宽鼻根/轻微偏右鼻梁/骨感鼻头，平直唇·嘴角紧收，收敛下颌
FD02848,长菱形,颧部微收,平直额,柔和眉骨,眼下骨感,宽颧骨,成熟收紧面颊,柔和下颌,狭长眼,眼尾平直,窄眼距,墨玉瞳,宽鼻根,中直鼻梁,轻翘鼻头,厚唇,嘴角上扬,无标志,长菱形（颧部微收），柔和眉骨/眼下骨感，狭长眼·眼尾平直·窄眼距，宽鼻根/中直鼻梁/轻翘鼻头，厚唇·嘴角上扬，柔和下颌
FD02849,圆脸,偏锐收窄,平直额,薄眉骨,深眼窝,低颧骨,薄面颊,骨感下颌,鹿系眼,眼尾下压,标准眼距,深色瞳,宽鼻根,轻微偏左鼻梁,骨感鼻头,弓形唇,单侧上扬,左眼下浅泪痣,圆脸（偏锐收窄），薄眉骨/深眼窝，鹿系眼·眼尾下压·标准眼距，宽鼻根/轻微偏左鼻梁/骨感鼻头，弓形唇·单侧上扬，骨感下颌
FD02850,圆方脸,骨点内敛,骨感额,柔和眉骨,眼下骨感,窄颧骨,薄面颊,圆方下颌,狼系眼,眼尾明显挑,窄眼距,碎裂虹膜,宽鼻根,微弧鼻梁,下压鼻头,成熟长唇,嘴角上扬,眼睑褶皱不对称,圆方脸（骨点内敛），柔和眉骨/眼下骨感，狼系眼·眼尾明显挑·窄眼距，宽鼻根/微弧鼻梁/下压鼻头，成熟长唇·嘴角上扬，圆方下颌
FD02851,长方脸,下颌线清晰化,窄额,压迫感眉骨,宽浅眼窝,外扩颧骨,轻凹面颊,柔和下颌,短杏眼,眼尾下沉,标准眼距,浅褐瞳,宽鼻根,轻微偏右鼻梁,小圆鼻头,宽嘴,嘴角下垂,左颊浅疤,长方脸（下颌线清晰化），压迫感眉骨/宽浅眼窝，短杏眼·眼尾下沉·标准眼距，宽鼻根/轻微偏右鼻梁/小圆鼻头，宽嘴·嘴角下垂，柔和下颌
FD02852,宽方脸,中庭拉长,平直额,高眉骨,眼下饱满,外扩颧骨,薄面颊,骨感下颌,圆长眼,眼尾明显挑,标准眼距,墨玉瞳,窄鼻根,微弧鼻梁,骨感鼻头,上厚下薄,嘴角上扬,眉心竖纹浅痕,宽方脸（中庭拉长），高眉骨/眼下饱满，圆长眼·眼尾明显挑·标准眼距，窄鼻根/微弧鼻梁/骨感鼻头，上厚下薄·嘴角上扬，骨感下颌
FD02853,长方脸,颧部微收,高额,内侧突出眉骨,浅眼窝,窄颧骨,饱满面颊,柔和下颌,少年圆眼,眼尾下压,标准眼距,灰蓝瞳,低鼻根,柔和鼻梁,骨感鼻头,成熟长唇,嘴角紧收,眉上小疤,长方脸（颧部微收），内侧突出眉骨/浅眼窝，少年圆眼·眼尾下压·标准眼距，低鼻根/柔和鼻梁/骨感鼻头，成熟长唇·嘴角紧收，柔和下颌
FD02854,骨感方脸,颊部饱满,平直额,外侧突出眉骨,宽浅眼窝,柔和颧骨,饱满面颊,收敛下颌,狭长眼,眼尾微挑,标准眼距,碎裂虹膜,高鼻根,宽骨鼻梁,下压鼻头,上薄下厚,嘴角平直,碎裂虹膜,骨感方脸（颊部饱满），外侧突出眉骨/宽浅眼窝，狭长眼·眼尾微挑·标准眼距，高鼻根/宽骨鼻梁/下压鼻头，上薄下厚·嘴角平直，收敛下颌
FD02855,上宽下窄脸,颧部外扩,微凸额,高眉骨,浅眼窝,柔和颧骨,幼态柔软面颊,骨感下颌,成熟长眼,眼尾延展,窄眼距,浅褐瞳,中高鼻根,高直鼻梁,下压鼻头,厚唇,单侧上扬,无标志,上宽下窄脸（颧部外扩），高眉骨/浅眼窝，成熟长眼·眼尾延展·窄眼距，中高鼻根/高直鼻梁/下压鼻头，厚唇·单侧上扬，骨感下颌
FD02856,鹅蛋偏方,下颌线清晰化,宽额,柔和眉骨,浅眼窝,低颧骨,成熟收紧面颊,宽下颌,猫系眼,眼尾延展,标准眼距,碎裂虹膜,中鼻根,柔和鼻梁,方圆鼻头,平直唇,单侧上扬,单侧虎牙,鹅蛋偏方（下颌线清晰化），柔和眉骨/浅眼窝，猫系眼·眼尾延展·标准眼距，中鼻根/柔和鼻梁/方圆鼻头，平直唇·单侧上扬，宽下颌
FD02857,倒三角脸,骨点内敛,饱满额,薄眉骨,宽浅眼窝,宽颧骨,成熟收紧面颊,柔和下颌,丹凤眼,眼尾平直,宽眼距,淡金瞳,中高鼻根,高直鼻梁,轻翘鼻头,上薄下厚,嘴角上扬,异色瞳,倒三角脸（骨点内敛），薄眉骨/宽浅眼窝，丹凤眼·眼尾平直·宽眼距，中高鼻根/高直鼻梁/轻翘鼻头，上薄下厚·嘴角上扬，柔和下颌
FD02858,窄鹅蛋脸,骨点内敛,微凸额,高眉骨,窄深眼窝,窄颧骨,轻凹面颊,窄下颌,长杏眼,眼尾微挑,标准眼距,琥珀瞳,高鼻根,轻微偏左鼻梁,窄翼鼻头,平直唇,嘴角下垂,唇下小痣,窄鹅蛋脸（骨点内敛），高眉骨/窄深眼窝，长杏眼·眼尾微挑·标准眼距，高鼻根/轻微偏左鼻梁/窄翼鼻头，平直唇·嘴角下垂，窄下颌
FD02859,长菱形,颌角强调,平直额,内侧突出眉骨,深眼窝,外扩颧骨,成熟收紧面颊,方下颌,狭长眼,眼尾延展,标准眼距,碎裂虹膜,中高鼻根,轻微偏左鼻梁,下压鼻头,厚唇,嘴角平直,颈侧细疤,长菱形（颌角强调），内侧突出眉骨/深眼窝，狭长眼·眼尾延展·标准眼距，中高鼻根/轻微偏左鼻梁/下压鼻头，厚唇·嘴角平直，方下颌
FD02860,倒三角脸,下庭收窄,饱满额,低眉骨,浅眼窝,高颧骨,饱满面颊,柔和下颌,长杏眼,眼尾下沉,标准眼距,墨玉瞳,中鼻根,微弧鼻梁,骨感鼻头,小嘴,嘴角平直,左颊浅疤,倒三角脸（下庭收窄），低眉骨/浅眼窝，长杏眼·眼尾下沉·标准眼距，中鼻根/微弧鼻梁/骨感鼻头，小嘴·嘴角平直，柔和下颌
FD02861,长圆脸,中轴收紧,宽额,高眉骨,眼下饱满,外扩颧骨,薄面颊,宽下颌,瑞凤眼,眼尾下压,宽眼距,浅褐瞳,中高鼻根,微弧鼻梁,微钝鼻头,薄唇,嘴角紧收,单侧酒窝,长圆脸（中轴收紧），高眉骨/眼下饱满，瑞凤眼·眼尾下压·宽眼距，中高鼻根/微弧鼻梁/微钝鼻头，薄唇·嘴角紧收，宽下颌
FD02862,幼态方脸,颊部饱满,微凸额,柔和眉骨,眼下骨感,高颧骨,轻凹面颊,宽下颌,半睁懒眼,眼尾平直,窄眼距,琥珀瞳,低鼻根,轻微偏左鼻梁,轻翘鼻头,上薄下厚,嘴角下垂,颈侧细疤,幼态方脸（颊部饱满），柔和眉骨/眼下骨感，半睁懒眼·眼尾平直·窄眼距，低鼻根/轻微偏左鼻梁/轻翘鼻头，上薄下厚·嘴角下垂，宽下颌
FD02863,柔和方脸,颌角强调,微凸额,低眉骨,中度眼窝,外扩颧骨,薄面颊,柔和下颌,短圆杏眼,眼尾明显挑,窄眼距,墨玉瞳,中鼻根,宽骨鼻梁,微钝鼻头,小嘴,嘴角下垂,无标志,柔和方脸（颌角强调），低眉骨/中度眼窝，短圆杏眼·眼尾明显挑·窄眼距，中鼻根/宽骨鼻梁/微钝鼻头，小嘴·嘴角下垂，柔和下颌
FD02864,圆脸,下颌线柔化,骨感额,高眉骨,中度眼窝,窄颧骨,薄面颊,方下颌,平直杏眼,眼尾延展,宽眼距,浅褐瞳,宽鼻根,中直鼻梁,轻翘鼻头,厚唇,嘴角下垂,右眼下浅泪痣,圆脸（下颌线柔化），高眉骨/中度眼窝，平直杏眼·眼尾延展·宽眼距，宽鼻根/中直鼻梁/轻翘鼻头，厚唇·嘴角下垂，方下颌
FD02865,圆方脸,颧部微收,高额,高眉骨,深眼窝,外扩颧骨,成熟收紧面颊,宽下颌,丹凤眼,眼尾延展,宽眼距,碎裂虹膜,高鼻根,宽骨鼻梁,轻翘鼻头,薄唇,嘴角上扬,眉心竖纹浅痕,圆方脸（颧部微收），高眉骨/深眼窝，丹凤眼·眼尾延展·宽眼距，高鼻根/宽骨鼻梁/轻翘鼻头，薄唇·嘴角上扬，宽下颌
FD02866,圆脸,中庭展宽,平直额,厚眉骨,浅眼窝,窄颧骨,轻凹面颊,宽下颌,平直杏眼,眼尾微挑,标准眼距,碎裂虹膜,中鼻根,高直鼻梁,轻翘鼻头,平直唇,嘴角平直,眼角小痣,圆脸（中庭展宽），厚眉骨/浅眼窝，平直杏眼·眼尾微挑·标准眼距，中鼻根/高直鼻梁/轻翘鼻头，平直唇·嘴角平直，宽下颌
FD02867,窄鹅蛋脸,下颌线柔化,低额,压迫感眉骨,眼下骨感,外扩颧骨,成熟收紧面颊,方下颌,桃花眼,眼尾平直,宽眼距,环状虹膜,宽鼻根,中直鼻梁,轻翘鼻头,宽嘴,嘴角下垂,左眼下浅泪痣,窄鹅蛋脸（下颌线柔化），压迫感眉骨/眼下骨感，桃花眼·眼尾平直·宽眼距，宽鼻根/中直鼻梁/轻翘鼻头，宽嘴·嘴角下垂，方下颌
FD02868,长圆脸,下颌线柔化,骨感额,薄眉骨,眼下饱满,高颧骨,薄面颊,明显下颌角,狭长眼,眼尾平直,标准眼距,浅褐瞳,中高鼻根,柔和鼻梁,肉感鼻头,宽嘴,嘴角平直,眼睑褶皱不对称,长圆脸（下颌线柔化），薄眉骨/眼下饱满，狭长眼·眼尾平直·标准眼距，中高鼻根/柔和鼻梁/肉感鼻头，宽嘴·嘴角平直，明显下颌角
FD02869,长心形脸,颧部外扩,低额,外侧突出眉骨,窄深眼窝,柔和颧骨,薄面颊,收敛下颌,平直杏眼,眼尾微挑,窄眼距,琥珀瞳,窄鼻根,宽骨鼻梁,方圆鼻头,小嘴,单侧上扬,双侧酒窝,长心形脸（颧部外扩），外侧突出眉骨/窄深眼窝，平直杏眼·眼尾微挑·窄眼距，窄鼻根/宽骨鼻梁/方圆鼻头，小嘴·单侧上扬，收敛下颌
FD02870,方菱过渡脸,颌角弱化,宽额,低眉骨,浅眼窝,外扩颧骨,薄面颊,明显下颌角,宽杏眼,眼尾下压,窄眼距,环状虹膜,高鼻根,高直鼻梁,微钝鼻头,成熟长唇,嘴角平直,无标志,方菱过渡脸（颌角弱化），低眉骨/浅眼窝，宽杏眼·眼尾下压·窄眼距，高鼻根/高直鼻梁/微钝鼻头，成熟长唇·嘴角平直，明显下颌角
FD02871,宽心形脸,中庭展宽,宽额,内侧突出眉骨,中度眼窝,外扩颧骨,轻凹面颊,明显下颌角,半睁懒眼,眼尾下压,标准眼距,灰蓝瞳,宽鼻根,中直鼻梁,下压鼻头,薄唇,嘴角平直,异色瞳,宽心形脸（中庭展宽），内侧突出眉骨/中度眼窝，半睁懒眼·眼尾下压·标准眼距，宽鼻根/中直鼻梁/下压鼻头，薄唇·嘴角平直，明显下颌角
FD02872,骨感菱形,中轴收紧,低额,柔和眉骨,中度眼窝,低颧骨,饱满面颊,骨感下颌,瑞凤眼,眼尾明显挑,窄眼距,淡金瞳,中鼻根,中直鼻梁,方圆鼻头,薄唇,嘴角紧收,瞳孔残缺,骨感菱形（中轴收紧），柔和眉骨/中度眼窝，瑞凤眼·眼尾明显挑·窄眼距，中鼻根/中直鼻梁/方圆鼻头，薄唇·嘴角紧收，骨感下颌
FD02873,短圆脸,偏柔圆润,微凸额,厚眉骨,窄深眼窝,低颧骨,薄面颊,方下颌,狭长瑞凤眼,眼尾微挑,宽眼距,异色瞳,中鼻根,微弧鼻梁,方圆鼻头,平直唇,单侧上扬,眉尾旧疤,短圆脸（偏柔圆润），厚眉骨/窄深眼窝，狭长瑞凤眼·眼尾微挑·宽眼距，中鼻根/微弧鼻梁/方圆鼻头，平直唇·单侧上扬，方下颌
FD02874,柔和方脸,骨点外显,宽额,厚眉骨,眼下骨感,宽颧骨,成熟收紧面颊,柔和下颌,狭长眼,眼尾下沉,窄眼距,深色瞳,高鼻根,高直鼻梁,方圆鼻头,上厚下薄,单侧上扬,无标志,柔和方脸（骨点外显），厚眉骨/眼下骨感，狭长眼·眼尾下沉·窄眼距，高鼻根/高直鼻梁/方圆鼻头，上厚下薄·单侧上扬，柔和下颌
FD02875,上宽下窄脸,下庭收窄,微凸额,高眉骨,深眼窝,高颧骨,轻凹面颊,明显下颌角,短杏眼,眼尾延展,标准眼距,墨玉瞳,宽鼻根,宽骨鼻梁,窄翼鼻头,小嘴,单侧上扬,环状虹膜,上宽下窄脸（下庭收窄），高眉骨/深眼窝，短杏眼·眼尾延展·标准眼距，宽鼻根/宽骨鼻梁/窄翼鼻头，小嘴·单侧上扬，明显下颌角
FD02876,方鹅蛋脸,上庭收窄,宽额,厚眉骨,深眼窝,高颧骨,饱满面颊,方下颌,圆长眼,眼尾明显挑,窄眼距,灰蓝瞳,窄鼻根,轻鹰钩鼻梁,骨感鼻头,上厚下薄,嘴角下垂,右眼下浅泪痣,方鹅蛋脸（上庭收窄），厚眉骨/深眼窝，圆长眼·眼尾明显挑·窄眼距，窄鼻根/轻鹰钩鼻梁/骨感鼻头，上厚下薄·嘴角下垂，方下颌
FD02877,窄鹅蛋脸,骨点外显,骨感额,内侧突出眉骨,深眼窝,外扩颧骨,成熟收紧面颊,宽下颌,猫系眼,眼尾下沉,宽眼距,星点虹膜,高鼻根,微弧鼻梁,下压鼻头,平直唇,嘴角平直,鼻梁旧伤,窄鹅蛋脸（骨点外显），内侧突出眉骨/深眼窝，猫系眼·眼尾下沉·宽眼距，高鼻根/微弧鼻梁/下压鼻头，平直唇·嘴角平直，宽下颌
FD02878,上窄下宽脸,骨点内敛,饱满额,低眉骨,宽浅眼窝,高颧骨,薄面颊,柔和下颌,狭长瑞凤眼,眼尾微挑,标准眼距,星点虹膜,低鼻根,高直鼻梁,小圆鼻头,宽嘴,嘴角平直,左眼下浅泪痣,上窄下宽脸（骨点内敛），低眉骨/宽浅眼窝，狭长瑞凤眼·眼尾微挑·标准眼距，低鼻根/高直鼻梁/小圆鼻头，宽嘴·嘴角平直，柔和下颌
FD02879,鹅蛋偏心形,中庭展宽,宽额,低眉骨,窄深眼窝,高颧骨,饱满面颊,柔和下颌,鹿系眼,眼尾微挑,宽眼距,碎裂虹膜,宽鼻根,轻鹰钩鼻梁,窄翼鼻头,小嘴,嘴角平直,无标志,鹅蛋偏心形（中庭展宽），低眉骨/窄深眼窝，鹿系眼·眼尾微挑·宽眼距，宽鼻根/轻鹰钩鼻梁/窄翼鼻头，小嘴·嘴角平直，柔和下颌
FD02880,颧部展开脸,颌角弱化,饱满额,外侧突出眉骨,窄深眼窝,宽颧骨,成熟收紧面颊,柔和下颌,少年圆眼,眼尾延展,宽眼距,星点虹膜,低鼻根,微弧鼻梁,微钝鼻头,成熟长唇,单侧上扬,眉尾旧疤,颧部展开脸（颌角弱化），外侧突出眉骨/窄深眼窝，少年圆眼·眼尾延展·宽眼距，低鼻根/微弧鼻梁/微钝鼻头，成熟长唇·单侧上扬，柔和下颌
FD02881,正梯形脸,下颌线柔化,平直额,薄眉骨,眼下饱满,柔和颧骨,饱满面颊,方下颌,桃花眼,眼尾明显挑,窄眼距,异色瞳,高鼻根,轻微偏右鼻梁,微钝鼻头,宽嘴,嘴角上扬,无标志,正梯形脸（下颌线柔化），薄眉骨/眼下饱满，桃花眼·眼尾明显挑·窄眼距，高鼻根/轻微偏右鼻梁/微钝鼻头，宽嘴·嘴角上扬，方下颌
FD02882,短方脸,偏柔圆润,低额,薄眉骨,眼下饱满,高颧骨,幼态柔软面颊,宽下颌,柳叶眼,眼尾微挑,宽眼距,深色瞳,高鼻根,微弧鼻梁,下压鼻头,小嘴,嘴角紧收,单侧酒窝,短方脸（偏柔圆润），薄眉骨/眼下饱满，柳叶眼·眼尾微挑·宽眼距，高鼻根/微弧鼻梁/下压鼻头，小嘴·嘴角紧收，宽下颌
FD02883,幼态方脸,颈部线条收短,饱满额,薄眉骨,中度眼窝,宽颧骨,轻凹面颊,收敛下颌,圆长眼,眼尾明显挑,标准眼距,墨玉瞳,高鼻根,柔和鼻梁,下压鼻头,上薄下厚,单侧上扬,指节薄茧,幼态方脸（颈部线条收短），薄眉骨/中度眼窝，圆长眼·眼尾明显挑·标准眼距，高鼻根/柔和鼻梁/下压鼻头，上薄下厚·单侧上扬，收敛下颌
FD02884,骨感菱形,下颌线清晰化,低额,压迫感眉骨,中度眼窝,柔和颧骨,轻凹面颊,明显下颌角,冷感眼,眼尾明显挑,窄眼距,灰蓝瞳,高鼻根,轻微偏左鼻梁,轻翘鼻头,平直唇,嘴角平直,无标志,骨感菱形（下颌线清晰化），压迫感眉骨/中度眼窝，冷感眼·眼尾明显挑·窄眼距，高鼻根/轻微偏左鼻梁/轻翘鼻头，平直唇·嘴角平直，明显下颌角
FD02885,柔和菱形,上庭展开,骨感额,外侧突出眉骨,眼下骨感,外扩颧骨,成熟收紧面颊,明显下颌角,丹凤眼,眼尾平直,宽眼距,星点虹膜,高鼻根,中直鼻梁,窄翼鼻头,上厚下薄,嘴角上扬,环状虹膜,柔和菱形（上庭展开），外侧突出眉骨/眼下骨感，丹凤眼·眼尾平直·宽眼距，高鼻根/中直鼻梁/窄翼鼻头，上厚下薄·嘴角上扬，明显下颌角
FD02886,宽心形脸,面中立体化,窄额,高眉骨,深眼窝,外扩颧骨,成熟收紧面颊,方下颌,上扬凤眼,眼尾明显挑,宽眼距,环状虹膜,宽鼻根,高直鼻梁,微钝鼻头,上薄下厚,嘴角下垂,单侧酒窝,宽心形脸（面中立体化），高眉骨/深眼窝，上扬凤眼·眼尾明显挑·宽眼距，宽鼻根/高直鼻梁/微钝鼻头，上薄下厚·嘴角下垂，方下颌
FD02887,上宽下窄脸,颧部外扩,宽额,外侧突出眉骨,中度眼窝,高颧骨,饱满面颊,收敛下颌,长杏眼,眼尾下压,标准眼距,深色瞳,高鼻根,柔和鼻梁,窄翼鼻头,小嘴,嘴角平直,右眉轻断,上宽下窄脸（颧部外扩），外侧突出眉骨/中度眼窝，长杏眼·眼尾下压·标准眼距，高鼻根/柔和鼻梁/窄翼鼻头，小嘴·嘴角平直，收敛下颌
FD02888,长心形脸,中庭展宽,饱满额,柔和眉骨,中度眼窝,窄颧骨,幼态柔软面颊,柔和下颌,狼系眼,眼尾微挑,宽眼距,墨玉瞳,高鼻根,中直鼻梁,小圆鼻头,上薄下厚,嘴角上扬,双侧酒窝,长心形脸（中庭展宽），柔和眉骨/中度眼窝，狼系眼·眼尾微挑·宽眼距，高鼻根/中直鼻梁/小圆鼻头，上薄下厚·嘴角上扬，柔和下颌
FD02889,圆脸,上庭收窄,饱满额,厚眉骨,宽浅眼窝,低颧骨,轻凹面颊,宽下颌,柳叶眼,眼尾下沉,窄眼距,星点虹膜,中高鼻根,柔和鼻梁,下压鼻头,薄唇,嘴角紧收,左颊浅疤,圆脸（上庭收窄），厚眉骨/宽浅眼窝，柳叶眼·眼尾下沉·窄眼距，中高鼻根/柔和鼻梁/下压鼻头，薄唇·嘴角紧收，宽下颌
FD02890,长心形脸,偏锐收窄,饱满额,高眉骨,眼下骨感,高颧骨,饱满面颊,柔和下颌,蛇系眼,眼尾微挑,窄眼距,碎裂虹膜,中鼻根,宽骨鼻梁,骨感鼻头,小嘴,嘴角平直,单侧酒窝,长心形脸（偏锐收窄），高眉骨/眼下骨感，蛇系眼·眼尾微挑·窄眼距，中鼻根/宽骨鼻梁/骨感鼻头，小嘴·嘴角平直，柔和下颌
FD02891,倒三角脸,面中立体化,低额,薄眉骨,宽浅眼窝,外扩颧骨,饱满面颊,宽下颌,狐狸系眼,眼尾平直,标准眼距,深色瞳,宽鼻根,高直鼻梁,方圆鼻头,小嘴,嘴角下垂,眉尾旧疤,倒三角脸（面中立体化），薄眉骨/宽浅眼窝，狐狸系眼·眼尾平直·标准眼距，宽鼻根/高直鼻梁/方圆鼻头，小嘴·嘴角下垂，宽下颌
FD02892,双颌匀称脸,颧部外扩,饱满额,高眉骨,浅眼窝,宽颧骨,饱满面颊,窄下颌,蛇系眼,眼尾下压,窄眼距,异色瞳,低鼻根,轻微偏左鼻梁,微钝鼻头,宽嘴,单侧上扬,额角旧痕,双颌匀称脸（颧部外扩），高眉骨/浅眼窝，蛇系眼·眼尾下压·窄眼距，低鼻根/轻微偏左鼻梁/微钝鼻头，宽嘴·单侧上扬，窄下颌
FD02893,长方脸,颌角强调,宽额,薄眉骨,深眼窝,高颧骨,轻凹面颊,骨感下颌,猫系眼,眼尾明显挑,标准眼距,淡金瞳,中鼻根,宽骨鼻梁,方圆鼻头,平直唇,嘴角下垂,右眼下浅泪痣,长方脸（颌角强调），薄眉骨/深眼窝，猫系眼·眼尾明显挑·标准眼距，中鼻根/宽骨鼻梁/方圆鼻头，平直唇·嘴角下垂，骨感下颌
FD02894,鹅蛋偏方,颌角弱化,窄额,外侧突出眉骨,眼下骨感,柔和颧骨,饱满面颊,方下颌,少年圆眼,眼尾延展,宽眼距,碎裂虹膜,高鼻根,轻微偏右鼻梁,方圆鼻头,宽嘴,嘴角平直,鼻梁旧伤,鹅蛋偏方（颌角弱化），外侧突出眉骨/眼下骨感，少年圆眼·眼尾延展·宽眼距，高鼻根/轻微偏右鼻梁/方圆鼻头，宽嘴·嘴角平直，方下颌
FD02895,长心形脸,颌角强调,低额,外侧突出眉骨,宽浅眼窝,窄颧骨,薄面颊,收敛下颌,瑞凤眼,眼尾下压,窄眼距,星点虹膜,窄鼻根,轻微偏右鼻梁,轻翘鼻头,上薄下厚,嘴角下垂,下颌浅疤,长心形脸（颌角强调），外侧突出眉骨/宽浅眼窝，瑞凤眼·眼尾下压·窄眼距，窄鼻根/轻微偏右鼻梁/轻翘鼻头，上薄下厚·嘴角下垂，收敛下颌
FD02896,幼态圆脸,颈部线条收短,平直额,外侧突出眉骨,深眼窝,宽颧骨,薄面颊,骨感下颌,狐狸系眼,眼尾微挑,窄眼距,浅褐瞳,中鼻根,柔和鼻梁,骨感鼻头,弓形唇,嘴角平直,无标志,幼态圆脸（颈部线条收短），外侧突出眉骨/深眼窝，狐狸系眼·眼尾微挑·窄眼距，中鼻根/柔和鼻梁/骨感鼻头，弓形唇·嘴角平直，骨感下颌
FD02897,成熟方脸,偏锐收窄,骨感额,厚眉骨,眼下饱满,宽颧骨,薄面颊,柔和下颌,圆长眼,眼尾下压,窄眼距,淡金瞳,低鼻根,轻微偏左鼻梁,微钝鼻头,平直唇,嘴角下垂,眼角小痣,成熟方脸（偏锐收窄），厚眉骨/眼下饱满，圆长眼·眼尾下压·窄眼距，低鼻根/轻微偏左鼻梁/微钝鼻头，平直唇·嘴角下垂，柔和下颌
FD02898,鹅蛋偏菱,下庭加重,窄额,低眉骨,中度眼窝,外扩颧骨,成熟收紧面颊,方下颌,蛇系眼,眼尾微挑,窄眼距,淡金瞳,窄鼻根,微弧鼻梁,骨感鼻头,宽嘴,单侧上扬,耳后小痣,鹅蛋偏菱（下庭加重），低眉骨/中度眼窝，蛇系眼·眼尾微挑·窄眼距，窄鼻根/微弧鼻梁/骨感鼻头，宽嘴·单侧上扬，方下颌
FD02899,颧部展开脸,颊部饱满,宽额,高眉骨,眼下饱满,宽颧骨,薄面颊,柔和下颌,短杏眼,眼尾下压,标准眼距,异色瞳,窄鼻根,轻微偏左鼻梁,窄翼鼻头,上厚下薄,嘴角平直,眉上小疤,颧部展开脸（颊部饱满），高眉骨/眼下饱满，短杏眼·眼尾下压·标准眼距，窄鼻根/轻微偏左鼻梁/窄翼鼻头，上厚下薄·嘴角平直，柔和下颌
FD02900,窄鹅蛋脸,颧部微收,平直额,柔和眉骨,眼下骨感,柔和颧骨,轻凹面颊,柔和下颌,少年圆眼,眼尾明显挑,宽眼距,异色瞳,窄鼻根,高直鼻梁,微钝鼻头,上薄下厚,嘴角紧收,异色瞳,窄鹅蛋脸（颧部微收），柔和眉骨/眼下骨感，少年圆眼·眼尾明显挑·宽眼距，窄鼻根/高直鼻梁/微钝鼻头，上薄下厚·嘴角紧收，柔和下颌
FD02901,柔和菱形,骨点外显,骨感额,厚眉骨,宽浅眼窝,柔和颧骨,薄面颊,明显下颌角,冷感眼,眼尾明显挑,标准眼距,深色瞳,窄鼻根,轻鹰钩鼻梁,肉感鼻头,上薄下厚,嘴角上扬,环状虹膜,柔和菱形（骨点外显），厚眉骨/宽浅眼窝，冷感眼·眼尾明显挑·标准眼距，窄鼻根/轻鹰钩鼻梁/肉感鼻头，上薄下厚·嘴角上扬，明显下颌角
FD02902,上宽下窄脸,面中立体化,骨感额,柔和眉骨,眼下骨感,低颧骨,饱满面颊,圆方下颌,狼系眼,眼尾下压,窄眼距,深色瞳,中高鼻根,轻微偏左鼻梁,下压鼻头,厚唇,嘴角平直,双侧酒窝,上宽下窄脸（面中立体化），柔和眉骨/眼下骨感，狼系眼·眼尾下压·窄眼距，中高鼻根/轻微偏左鼻梁/下压鼻头，厚唇·嘴角平直，圆方下颌
FD02903,长鹅蛋脸,偏柔圆润,低额,外侧突出眉骨,浅眼窝,外扩颧骨,薄面颊,方下颌,少年圆眼,眼尾下压,标准眼距,深色瞳,中高鼻根,高直鼻梁,微钝鼻头,弓形唇,嘴角平直,异色瞳,长鹅蛋脸（偏柔圆润），外侧突出眉骨/浅眼窝，少年圆眼·眼尾下压·标准眼距，中高鼻根/高直鼻梁/微钝鼻头，弓形唇·嘴角平直，方下颌
FD02904,宽鹅蛋脸,颈部线条延长,饱满额,柔和眉骨,眼下骨感,柔和颧骨,幼态柔软面颊,圆方下颌,桃花眼,眼尾平直,宽眼距,深色瞳,宽鼻根,轻微偏右鼻梁,微钝鼻头,薄唇,嘴角紧收,左眼下浅泪痣,宽鹅蛋脸（颈部线条延长），柔和眉骨/眼下骨感，桃花眼·眼尾平直·宽眼距，宽鼻根/轻微偏右鼻梁/微钝鼻头，薄唇·嘴角紧收，圆方下颌
FD02905,肉感短脸,骨点内敛,平直额,厚眉骨,深眼窝,外扩颧骨,成熟收紧面颊,骨感下颌,瑞凤眼,眼尾延展,宽眼距,墨玉瞳,中高鼻根,轻微偏左鼻梁,下压鼻头,宽嘴,嘴角紧收,左颊浅疤,肉感短脸（骨点内敛），厚眉骨/深眼窝，瑞凤眼·眼尾延展·宽眼距，中高鼻根/轻微偏左鼻梁/下压鼻头，宽嘴·嘴角紧收，骨感下颌
FD02906,鹅蛋偏心形,中轴收紧,窄额,低眉骨,浅眼窝,低颧骨,轻凹面颊,圆方下颌,少年圆眼,眼尾延展,宽眼距,琥珀瞳,窄鼻根,轻鹰钩鼻梁,骨感鼻头,成熟长唇,嘴角紧收,无标志,鹅蛋偏心形（中轴收紧），低眉骨/浅眼窝，少年圆眼·眼尾延展·宽眼距，窄鼻根/轻鹰钩鼻梁/骨感鼻头，成熟长唇·嘴角紧收，圆方下颌
FD02907,柔和菱形,中轴收紧,饱满额,外侧突出眉骨,宽浅眼窝,低颧骨,饱满面颊,方下颌,狭长瑞凤眼,眼尾延展,宽眼距,深色瞳,窄鼻根,中直鼻梁,轻翘鼻头,薄唇,嘴角紧收,右眼下浅泪痣,柔和菱形（中轴收紧），外侧突出眉骨/宽浅眼窝，狭长瑞凤眼·眼尾延展·宽眼距，窄鼻根/中直鼻梁/轻翘鼻头，薄唇·嘴角紧收，方下颌
FD02908,上窄下宽脸,中庭拉长,骨感额,柔和眉骨,深眼窝,外扩颧骨,成熟收紧面颊,方下颌,疲惫眼,眼尾下压,标准眼距,琥珀瞳,高鼻根,高直鼻梁,窄翼鼻头,成熟长唇,单侧上扬,左颊浅疤,上窄下宽脸（中庭拉长），柔和眉骨/深眼窝，疲惫眼·眼尾下压·标准眼距，高鼻根/高直鼻梁/窄翼鼻头，成熟长唇·单侧上扬，方下颌
FD02909,方鹅蛋脸,中庭展宽,饱满额,外侧突出眉骨,眼下骨感,窄颧骨,饱满面颊,骨感下颌,鹿系眼,眼尾明显挑,宽眼距,琥珀瞳,低鼻根,轻微偏右鼻梁,轻翘鼻头,平直唇,嘴角上扬,眼睑褶皱不对称,方鹅蛋脸（中庭展宽），外侧突出眉骨/眼下骨感，鹿系眼·眼尾明显挑·宽眼距，低鼻根/轻微偏右鼻梁/轻翘鼻头，平直唇·嘴角上扬，骨感下颌
FD02910,圆方脸,面中平缓,微凸额,薄眉骨,浅眼窝,柔和颧骨,轻凹面颊,明显下颌角,平直杏眼,眼尾下压,标准眼距,星点虹膜,宽鼻根,高直鼻梁,轻翘鼻头,上厚下薄,嘴角紧收,左颊浅疤,圆方脸（面中平缓），薄眉骨/浅眼窝，平直杏眼·眼尾下压·标准眼距，宽鼻根/高直鼻梁/轻翘鼻头，上厚下薄·嘴角紧收，明显下颌角
FD02911,窄鹅蛋脸,中轴收紧,低额,厚眉骨,浅眼窝,柔和颧骨,薄面颊,圆方下颌,窄杏眼,眼尾平直,宽眼距,淡金瞳,低鼻根,轻微偏左鼻梁,小圆鼻头,平直唇,嘴角下垂,右眉轻断,窄鹅蛋脸（中轴收紧），厚眉骨/浅眼窝，窄杏眼·眼尾平直·宽眼距，低鼻根/轻微偏左鼻梁/小圆鼻头，平直唇·嘴角下垂，圆方下颌
FD02912,幼态方脸,中庭拉长,饱满额,内侧突出眉骨,中度眼窝,宽颧骨,轻凹面颊,收敛下颌,成熟长眼,眼尾平直,标准眼距,淡金瞳,中高鼻根,轻微偏右鼻梁,方圆鼻头,小嘴,单侧上扬,耳后小痣,幼态方脸（中庭拉长），内侧突出眉骨/中度眼窝，成熟长眼·眼尾平直·标准眼距，中高鼻根/轻微偏右鼻梁/方圆鼻头，小嘴·单侧上扬，收敛下颌
FD02913,鹅蛋偏方,中轴微长,骨感额,柔和眉骨,窄深眼窝,低颧骨,成熟收紧面颊,明显下颌角,鹰隼眼,眼尾微挑,标准眼距,星点虹膜,低鼻根,中直鼻梁,轻翘鼻头,弓形唇,嘴角上扬,右眉轻断,鹅蛋偏方（中轴微长），柔和眉骨/窄深眼窝，鹰隼眼·眼尾微挑·标准眼距，低鼻根/中直鼻梁/轻翘鼻头，弓形唇·嘴角上扬，明显下颌角
FD02914,长菱形,下庭加重,微凸额,高眉骨,宽浅眼窝,低颧骨,轻凹面颊,收敛下颌,瑞凤眼,眼尾明显挑,窄眼距,异色瞳,宽鼻根,宽骨鼻梁,下压鼻头,平直唇,嘴角下垂,眉心竖纹浅痕,长菱形（下庭加重），高眉骨/宽浅眼窝，瑞凤眼·眼尾明显挑·窄眼距，宽鼻根/宽骨鼻梁/下压鼻头，平直唇·嘴角下垂，收敛下颌
FD02915,短鹅蛋脸,中轴微长,骨感额,外侧突出眉骨,浅眼窝,高颧骨,薄面颊,柔和下颌,狭长眼,眼尾延展,宽眼距,浅褐瞳,窄鼻根,轻微偏左鼻梁,骨感鼻头,平直唇,嘴角紧收,眉尾旧疤,短鹅蛋脸（中轴微长），外侧突出眉骨/浅眼窝，狭长眼·眼尾延展·宽眼距，窄鼻根/轻微偏左鼻梁/骨感鼻头，平直唇·嘴角紧收，柔和下颌
FD02916,上窄下宽脸,偏柔圆润,微凸额,高眉骨,窄深眼窝,外扩颧骨,幼态柔软面颊,收敛下颌,鹿系眼,眼尾平直,标准眼距,环状虹膜,窄鼻根,柔和鼻梁,方圆鼻头,上薄下厚,嘴角下垂,眼角小痣,上窄下宽脸（偏柔圆润），高眉骨/窄深眼窝，鹿系眼·眼尾平直·标准眼距，窄鼻根/柔和鼻梁/方圆鼻头，上薄下厚·嘴角下垂，收敛下颌
FD02917,宽菱形,上庭收窄,低额,低眉骨,眼下骨感,宽颧骨,轻凹面颊,窄下颌,圆长眼,眼尾下压,宽眼距,深色瞳,高鼻根,柔和鼻梁,骨感鼻头,上厚下薄,单侧上扬,无标志,宽菱形（上庭收窄），低眉骨/眼下骨感，圆长眼·眼尾下压·宽眼距，高鼻根/柔和鼻梁/骨感鼻头，上厚下薄·单侧上扬，窄下颌
FD02918,窄鹅蛋脸,面中立体化,宽额,外侧突出眉骨,眼下骨感,外扩颧骨,饱满面颊,柔和下颌,柳叶眼,眼尾延展,窄眼距,浅褐瞳,窄鼻根,宽骨鼻梁,方圆鼻头,宽嘴,嘴角下垂,左眼下浅泪痣,窄鹅蛋脸（面中立体化），外侧突出眉骨/眼下骨感，柳叶眼·眼尾延展·窄眼距，窄鼻根/宽骨鼻梁/方圆鼻头，宽嘴·嘴角下垂，柔和下颌
FD02919,鹅蛋偏方,偏锐收窄,平直额,内侧突出眉骨,眼下饱满,窄颧骨,薄面颊,明显下颌角,鹰隼眼,眼尾平直,窄眼距,墨玉瞳,高鼻根,轻微偏左鼻梁,小圆鼻头,成熟长唇,嘴角下垂,右眼下浅泪痣,鹅蛋偏方（偏锐收窄），内侧突出眉骨/眼下饱满，鹰隼眼·眼尾平直·窄眼距，高鼻根/轻微偏左鼻梁/小圆鼻头，成熟长唇·嘴角下垂，明显下颌角
FD02920,短鹅蛋脸,下庭收窄,骨感额,压迫感眉骨,眼下饱满,宽颧骨,轻凹面颊,明显下颌角,蛇系眼,眼尾下沉,窄眼距,碎裂虹膜,低鼻根,中直鼻梁,微钝鼻头,成熟长唇,嘴角紧收,瞳孔残缺,短鹅蛋脸（下庭收窄），压迫感眉骨/眼下饱满，蛇系眼·眼尾下沉·窄眼距，低鼻根/中直鼻梁/微钝鼻头，成熟长唇·嘴角紧收，明显下颌角
FD02921,骨感菱形,下庭加重,窄额,压迫感眉骨,深眼窝,外扩颧骨,饱满面颊,宽下颌,狼系眼,眼尾微挑,标准眼距,碎裂虹膜,高鼻根,轻鹰钩鼻梁,微钝鼻头,上厚下薄,嘴角平直,无标志,骨感菱形（下庭加重），压迫感眉骨/深眼窝，狼系眼·眼尾微挑·标准眼距，高鼻根/轻鹰钩鼻梁/微钝鼻头，上厚下薄·嘴角平直，宽下颌
FD02922,成熟方脸,中轴收紧,高额,内侧突出眉骨,眼下饱满,宽颧骨,轻凹面颊,宽下颌,鹰隼眼,眼尾明显挑,窄眼距,琥珀瞳,中鼻根,轻微偏左鼻梁,骨感鼻头,上薄下厚,嘴角紧收,瞳孔残缺,成熟方脸（中轴收紧），内侧突出眉骨/眼下饱满，鹰隼眼·眼尾明显挑·窄眼距，中鼻根/轻微偏左鼻梁/骨感鼻头，上薄下厚·嘴角紧收，宽下颌
FD02923,宽鹅蛋脸,偏锐收窄,饱满额,内侧突出眉骨,宽浅眼窝,高颧骨,薄面颊,明显下颌角,鹿系眼,眼尾明显挑,宽眼距,琥珀瞳,中高鼻根,高直鼻梁,下压鼻头,弓形唇,嘴角平直,眉上小疤,宽鹅蛋脸（偏锐收窄），内侧突出眉骨/宽浅眼窝，鹿系眼·眼尾明显挑·宽眼距，中高鼻根/高直鼻梁/下压鼻头，弓形唇·嘴角平直，明显下颌角
FD02924,梨形脸,颧部外扩,高额,外侧突出眉骨,宽浅眼窝,窄颧骨,幼态柔软面颊,宽下颌,瑞凤眼,眼尾明显挑,宽眼距,琥珀瞳,中鼻根,轻鹰钩鼻梁,轻翘鼻头,平直唇,单侧上扬,鼻梁旧伤,梨形脸（颧部外扩），外侧突出眉骨/宽浅眼窝，瑞凤眼·眼尾明显挑·宽眼距，中鼻根/轻鹰钩鼻梁/轻翘鼻头，平直唇·单侧上扬，宽下颌
FD02925,短圆脸,下庭加重,宽额,压迫感眉骨,宽浅眼窝,窄颧骨,饱满面颊,收敛下颌,少年圆眼,眼尾明显挑,窄眼距,深色瞳,中鼻根,轻微偏右鼻梁,下压鼻头,小嘴,嘴角平直,下颌浅疤,短圆脸（下庭加重），压迫感眉骨/宽浅眼窝，少年圆眼·眼尾明显挑·窄眼距，中鼻根/轻微偏右鼻梁/下压鼻头，小嘴·嘴角平直，收敛下颌
FD02926,柔和菱形,面中立体化,宽额,厚眉骨,窄深眼窝,外扩颧骨,饱满面颊,宽下颌,丹凤眼,眼尾下沉,宽眼距,异色瞳,高鼻根,柔和鼻梁,窄翼鼻头,弓形唇,嘴角下垂,颈侧细疤,柔和菱形（面中立体化），厚眉骨/窄深眼窝，丹凤眼·眼尾下沉·宽眼距，高鼻根/柔和鼻梁/窄翼鼻头，弓形唇·嘴角下垂，宽下颌
FD02927,梨形脸,上庭收窄,宽额,薄眉骨,宽浅眼窝,窄颧骨,薄面颊,圆方下颌,少年圆眼,眼尾延展,宽眼距,灰蓝瞳,高鼻根,轻微偏左鼻梁,方圆鼻头,宽嘴,嘴角平直,碎裂虹膜,梨形脸（上庭收窄），薄眉骨/宽浅眼窝，少年圆眼·眼尾延展·宽眼距，高鼻根/轻微偏左鼻梁/方圆鼻头，宽嘴·嘴角平直，圆方下颌
FD02928,幼态圆脸,偏锐收窄,平直额,薄眉骨,眼下骨感,高颧骨,轻凹面颊,柔和下颌,蛇系眼,眼尾平直,窄眼距,浅褐瞳,窄鼻根,微弧鼻梁,微钝鼻头,厚唇,单侧上扬,眉尾旧疤,幼态圆脸（偏锐收窄），薄眉骨/眼下骨感，蛇系眼·眼尾平直·窄眼距，窄鼻根/微弧鼻梁/微钝鼻头，厚唇·单侧上扬，柔和下颌
FD02929,上宽下窄脸,下庭收窄,低额,内侧突出眉骨,深眼窝,宽颧骨,成熟收紧面颊,宽下颌,短杏眼,眼尾延展,宽眼距,琥珀瞳,窄鼻根,轻微偏右鼻梁,下压鼻头,上厚下薄,嘴角下垂,左眼下浅泪痣,上宽下窄脸（下庭收窄），内侧突出眉骨/深眼窝，短杏眼·眼尾延展·宽眼距，窄鼻根/轻微偏右鼻梁/下压鼻头，上厚下薄·嘴角下垂，宽下颌
FD02930,心形脸,下颌线柔化,微凸额,高眉骨,中度眼窝,柔和颧骨,薄面颊,方下颌,少年圆眼,眼尾下压,宽眼距,碎裂虹膜,低鼻根,高直鼻梁,骨感鼻头,成熟长唇,嘴角平直,眼睑褶皱不对称,心形脸（下颌线柔化），高眉骨/中度眼窝，少年圆眼·眼尾下压·宽眼距，低鼻根/高直鼻梁/骨感鼻头，成熟长唇·嘴角平直，方下颌
FD02931,骨感窄脸,面中立体化,微凸额,外侧突出眉骨,浅眼窝,高颧骨,成熟收紧面颊,收敛下颌,鹰隼眼,眼尾明显挑,窄眼距,异色瞳,窄鼻根,轻微偏右鼻梁,方圆鼻头,上厚下薄,单侧上扬,鼻梁旧伤,骨感窄脸（面中立体化），外侧突出眉骨/浅眼窝，鹰隼眼·眼尾明显挑·窄眼距，窄鼻根/轻微偏右鼻梁/方圆鼻头，上厚下薄·单侧上扬，收敛下颌
FD02932,骨感菱形,颌角强调,骨感额,外侧突出眉骨,窄深眼窝,高颧骨,轻凹面颊,圆方下颌,柳叶眼,眼尾下沉,标准眼距,深色瞳,中鼻根,柔和鼻梁,下压鼻头,成熟长唇,嘴角平直,下颌浅疤,骨感菱形（颌角强调），外侧突出眉骨/窄深眼窝，柳叶眼·眼尾下沉·标准眼距，中鼻根/柔和鼻梁/下压鼻头，成熟长唇·嘴角平直，圆方下颌
FD02933,倒三角脸,颊部饱满,宽额,低眉骨,宽浅眼窝,外扩颧骨,薄面颊,窄下颌,上扬凤眼,眼尾明显挑,窄眼距,深色瞳,高鼻根,轻鹰钩鼻梁,小圆鼻头,小嘴,嘴角平直,眼睑褶皱不对称,倒三角脸（颊部饱满），低眉骨/宽浅眼窝，上扬凤眼·眼尾明显挑·窄眼距，高鼻根/轻鹰钩鼻梁/小圆鼻头，小嘴·嘴角平直，窄下颌
FD02934,长菱形,下颌线清晰化,低额,柔和眉骨,眼下骨感,宽颧骨,薄面颊,圆方下颌,成熟长眼,眼尾下沉,宽眼距,墨玉瞳,中鼻根,中直鼻梁,方圆鼻头,弓形唇,嘴角下垂,鼻梁旧伤,长菱形（下颌线清晰化），柔和眉骨/眼下骨感，成熟长眼·眼尾下沉·宽眼距，中鼻根/中直鼻梁/方圆鼻头，弓形唇·嘴角下垂，圆方下颌
FD02935,鹅蛋偏方,偏锐收窄,窄额,压迫感眉骨,眼下饱满,宽颧骨,薄面颊,窄下颌,平凤眼,眼尾延展,宽眼距,异色瞳,中高鼻根,高直鼻梁,肉感鼻头,上薄下厚,嘴角平直,眼睑褶皱不对称,鹅蛋偏方（偏锐收窄），压迫感眉骨/眼下饱满，平凤眼·眼尾延展·宽眼距，中高鼻根/高直鼻梁/肉感鼻头，上薄下厚·嘴角平直，窄下颌
FD02936,方鹅蛋脸,下庭加重,高额,高眉骨,宽浅眼窝,柔和颧骨,薄面颊,宽下颌,桃花眼,眼尾延展,窄眼距,深色瞳,中高鼻根,轻微偏右鼻梁,骨感鼻头,小嘴,嘴角平直,眼睑褶皱不对称,方鹅蛋脸（下庭加重），高眉骨/宽浅眼窝，桃花眼·眼尾延展·窄眼距，中高鼻根/轻微偏右鼻梁/骨感鼻头，小嘴·嘴角平直，宽下颌
FD02937,方菱过渡脸,上庭收窄,窄额,厚眉骨,深眼窝,宽颧骨,轻凹面颊,明显下颌角,鹤系眼,眼尾下沉,宽眼距,异色瞳,低鼻根,轻微偏左鼻梁,轻翘鼻头,薄唇,嘴角平直,右眉轻断,方菱过渡脸（上庭收窄），厚眉骨/深眼窝，鹤系眼·眼尾下沉·宽眼距，低鼻根/轻微偏左鼻梁/轻翘鼻头，薄唇·嘴角平直，明显下颌角
FD02938,梨形脸,颌角强调,骨感额,薄眉骨,中度眼窝,低颧骨,幼态柔软面颊,窄下颌,鹤系眼,眼尾延展,窄眼距,淡金瞳,窄鼻根,轻微偏右鼻梁,轻翘鼻头,上薄下厚,嘴角平直,唇下小痣,梨形脸（颌角强调），薄眉骨/中度眼窝，鹤系眼·眼尾延展·窄眼距，窄鼻根/轻微偏右鼻梁/轻翘鼻头，上薄下厚·嘴角平直，窄下颌
FD02939,鹅蛋偏菱,下颌线柔化,宽额,厚眉骨,中度眼窝,窄颧骨,轻凹面颊,骨感下颌,丹凤眼,眼尾平直,宽眼距,琥珀瞳,窄鼻根,微弧鼻梁,轻翘鼻头,弓形唇,嘴角平直,碎裂虹膜,鹅蛋偏菱（下颌线柔化），厚眉骨/中度眼窝，丹凤眼·眼尾平直·宽眼距，窄鼻根/微弧鼻梁/轻翘鼻头，弓形唇·嘴角平直，骨感下颌
FD02940,倒梯形脸,颈部线条收短,饱满额,厚眉骨,宽浅眼窝,窄颧骨,轻凹面颊,圆方下颌,猫系眼,眼尾平直,宽眼距,深色瞳,宽鼻根,中直鼻梁,下压鼻头,成熟长唇,单侧上扬,无标志,倒梯形脸（颈部线条收短），厚眉骨/宽浅眼窝，猫系眼·眼尾平直·宽眼距，宽鼻根/中直鼻梁/下压鼻头，成熟长唇·单侧上扬，圆方下颌
FD02941,心形脸,中轴收紧,骨感额,厚眉骨,宽浅眼窝,窄颧骨,轻凹面颊,明显下颌角,瑞凤眼,眼尾下压,标准眼距,淡金瞳,中高鼻根,柔和鼻梁,窄翼鼻头,小嘴,嘴角上扬,鼻梁旧伤,心形脸（中轴收紧），厚眉骨/宽浅眼窝，瑞凤眼·眼尾下压·标准眼距，中高鼻根/柔和鼻梁/窄翼鼻头，小嘴·嘴角上扬，明显下颌角
FD02942,上宽下窄脸,上庭展开,高额,高眉骨,眼下骨感,高颧骨,幼态柔软面颊,收敛下颌,长杏眼,眼尾微挑,标准眼距,灰蓝瞳,中鼻根,宽骨鼻梁,方圆鼻头,薄唇,单侧上扬,左颊浅疤,上宽下窄脸（上庭展开），高眉骨/眼下骨感，长杏眼·眼尾微挑·标准眼距，中鼻根/宽骨鼻梁/方圆鼻头，薄唇·单侧上扬，收敛下颌
FD02943,长心形脸,下庭加重,窄额,内侧突出眉骨,中度眼窝,外扩颧骨,轻凹面颊,骨感下颌,圆长眼,眼尾下压,标准眼距,深色瞳,中鼻根,宽骨鼻梁,肉感鼻头,薄唇,嘴角下垂,异色瞳,长心形脸（下庭加重），内侧突出眉骨/中度眼窝，圆长眼·眼尾下压·标准眼距，中鼻根/宽骨鼻梁/肉感鼻头，薄唇·嘴角下垂，骨感下颌
FD02944,鹅蛋偏菱,颧部微收,宽额,薄眉骨,窄深眼窝,窄颧骨,轻凹面颊,骨感下颌,下垂眼,眼尾下压,标准眼距,星点虹膜,宽鼻根,高直鼻梁,轻翘鼻头,宽嘴,单侧上扬,鼻梁旧伤,鹅蛋偏菱（颧部微收），薄眉骨/窄深眼窝，下垂眼·眼尾下压·标准眼距，宽鼻根/高直鼻梁/轻翘鼻头，宽嘴·单侧上扬，骨感下颌
FD02945,双颌匀称脸,下颌线清晰化,饱满额,压迫感眉骨,中度眼窝,外扩颧骨,饱满面颊,柔和下颌,成熟长眼,眼尾平直,窄眼距,碎裂虹膜,宽鼻根,轻微偏左鼻梁,小圆鼻头,上厚下薄,嘴角紧收,右眼下浅泪痣,双颌匀称脸（下颌线清晰化），压迫感眉骨/中度眼窝，成熟长眼·眼尾平直·窄眼距，宽鼻根/轻微偏左鼻梁/小圆鼻头，上厚下薄·嘴角紧收，柔和下颌
FD02946,短方脸,中轴微长,微凸额,薄眉骨,眼下饱满,高颧骨,薄面颊,窄下颌,桃花眼,眼尾明显挑,窄眼距,星点虹膜,低鼻根,柔和鼻梁,骨感鼻头,上厚下薄,嘴角平直,无标志,短方脸（中轴微长），薄眉骨/眼下饱满，桃花眼·眼尾明显挑·窄眼距，低鼻根/柔和鼻梁/骨感鼻头，上厚下薄·嘴角平直，窄下颌
FD02947,长圆脸,上庭展开,微凸额,外侧突出眉骨,中度眼窝,窄颧骨,成熟收紧面颊,窄下颌,瑞凤眼,眼尾下压,窄眼距,异色瞳,低鼻根,轻微偏右鼻梁,方圆鼻头,厚唇,嘴角紧收,眉心竖纹浅痕,长圆脸（上庭展开），外侧突出眉骨/中度眼窝，瑞凤眼·眼尾下压·窄眼距，低鼻根/轻微偏右鼻梁/方圆鼻头，厚唇·嘴角紧收，窄下颌
FD02948,柔和方脸,面中平缓,平直额,高眉骨,浅眼窝,低颧骨,幼态柔软面颊,宽下颌,长杏眼,眼尾微挑,窄眼距,灰蓝瞳,中鼻根,中直鼻梁,肉感鼻头,厚唇,嘴角上扬,指节薄茧,柔和方脸（面中平缓），高眉骨/浅眼窝，长杏眼·眼尾微挑·窄眼距，中鼻根/中直鼻梁/肉感鼻头，厚唇·嘴角上扬，宽下颌
FD02949,幼态圆脸,中轴微长,宽额,薄眉骨,窄深眼窝,外扩颧骨,轻凹面颊,柔和下颌,蛇系眼,眼尾微挑,窄眼距,碎裂虹膜,高鼻根,轻微偏右鼻梁,骨感鼻头,宽嘴,嘴角下垂,唇下小痣,幼态圆脸（中轴微长），薄眉骨/窄深眼窝，蛇系眼·眼尾微挑·窄眼距，高鼻根/轻微偏右鼻梁/骨感鼻头，宽嘴·嘴角下垂，柔和下颌
FD02950,鹅蛋偏菱,中轴微长,窄额,低眉骨,窄深眼窝,高颧骨,饱满面颊,方下颌,上扬凤眼,眼尾下压,宽眼距,灰蓝瞳,窄鼻根,高直鼻梁,轻翘鼻头,小嘴,嘴角上扬,右眼下浅泪痣,鹅蛋偏菱（中轴微长），低眉骨/窄深眼窝，上扬凤眼·眼尾下压·宽眼距，窄鼻根/高直鼻梁/轻翘鼻头，小嘴·嘴角上扬，方下颌
FD02951,短鹅蛋脸,中轴收紧,宽额,高眉骨,眼下骨感,高颧骨,轻凹面颊,收敛下颌,狐狸系眼,眼尾平直,宽眼距,浅褐瞳,窄鼻根,轻鹰钩鼻梁,窄翼鼻头,上薄下厚,嘴角上扬,鼻梁旧伤,短鹅蛋脸（中轴收紧），高眉骨/眼下骨感，狐狸系眼·眼尾平直·宽眼距，窄鼻根/轻鹰钩鼻梁/窄翼鼻头，上薄下厚·嘴角上扬，收敛下颌
FD02952,柔和方脸,下颌线柔化,窄额,厚眉骨,浅眼窝,柔和颧骨,轻凹面颊,明显下颌角,猫系眼,眼尾延展,窄眼距,碎裂虹膜,高鼻根,轻微偏左鼻梁,骨感鼻头,薄唇,嘴角紧收,双侧酒窝,柔和方脸（下颌线柔化），厚眉骨/浅眼窝，猫系眼·眼尾延展·窄眼距，高鼻根/轻微偏左鼻梁/骨感鼻头，薄唇·嘴角紧收，明显下颌角
FD02953,宽鹅蛋脸,偏锐收窄,骨感额,外侧突出眉骨,浅眼窝,宽颧骨,幼态柔软面颊,圆方下颌,长杏眼,眼尾延展,窄眼距,淡金瞳,宽鼻根,轻微偏左鼻梁,下压鼻头,成熟长唇,单侧上扬,眼睑褶皱不对称,宽鹅蛋脸（偏锐收窄），外侧突出眉骨/浅眼窝，长杏眼·眼尾延展·窄眼距，宽鼻根/轻微偏左鼻梁/下压鼻头，成熟长唇·单侧上扬，圆方下颌
FD02954,短方脸,颧部外扩,平直额,外侧突出眉骨,眼下饱满,高颧骨,幼态柔软面颊,窄下颌,上扬凤眼,眼尾下压,宽眼距,环状虹膜,中高鼻根,轻鹰钩鼻梁,骨感鼻头,薄唇,嘴角上扬,鼻梁旧伤,短方脸（颧部外扩），外侧突出眉骨/眼下饱满，上扬凤眼·眼尾下压·宽眼距，中高鼻根/轻鹰钩鼻梁/骨感鼻头，薄唇·嘴角上扬，窄下颌
FD02955,长菱形,面中平缓,低额,高眉骨,浅眼窝,柔和颧骨,轻凹面颊,圆方下颌,鹰隼眼,眼尾下压,宽眼距,深色瞳,低鼻根,高直鼻梁,微钝鼻头,上薄下厚,嘴角紧收,无标志,长菱形（面中平缓），高眉骨/浅眼窝，鹰隼眼·眼尾下压·宽眼距，低鼻根/高直鼻梁/微钝鼻头，上薄下厚·嘴角紧收，圆方下颌
FD02956,短圆脸,面中平缓,平直额,高眉骨,中度眼窝,低颧骨,成熟收紧面颊,收敛下颌,瑞凤眼,眼尾微挑,标准眼距,琥珀瞳,窄鼻根,中直鼻梁,肉感鼻头,成熟长唇,单侧上扬,异色瞳,短圆脸（面中平缓），高眉骨/中度眼窝，瑞凤眼·眼尾微挑·标准眼距，窄鼻根/中直鼻梁/肉感鼻头，成熟长唇·单侧上扬，收敛下颌
FD02957,柔和菱形,偏锐收窄,平直额,柔和眉骨,中度眼窝,高颧骨,轻凹面颊,柔和下颌,桃花眼,眼尾明显挑,标准眼距,淡金瞳,中高鼻根,微弧鼻梁,骨感鼻头,薄唇,嘴角平直,无标志,柔和菱形（偏锐收窄），柔和眉骨/中度眼窝，桃花眼·眼尾明显挑·标准眼距，中高鼻根/微弧鼻梁/骨感鼻头，薄唇·嘴角平直，柔和下颌
FD02958,短鹅蛋脸,颈部线条收短,宽额,薄眉骨,宽浅眼窝,高颧骨,饱满面颊,收敛下颌,短杏眼,眼尾明显挑,窄眼距,碎裂虹膜,中鼻根,轻微偏左鼻梁,方圆鼻头,厚唇,单侧上扬,环状虹膜,短鹅蛋脸（颈部线条收短），薄眉骨/宽浅眼窝，短杏眼·眼尾明显挑·窄眼距，中鼻根/轻微偏左鼻梁/方圆鼻头，厚唇·单侧上扬，收敛下颌
FD02959,短圆脸,偏柔圆润,窄额,柔和眉骨,眼下饱满,柔和颧骨,薄面颊,明显下颌角,鹰隼眼,眼尾平直,窄眼距,异色瞳,宽鼻根,轻微偏左鼻梁,方圆鼻头,宽嘴,嘴角下垂,眼角小痣,短圆脸（偏柔圆润），柔和眉骨/眼下饱满，鹰隼眼·眼尾平直·窄眼距，宽鼻根/轻微偏左鼻梁/方圆鼻头，宽嘴·嘴角下垂，明显下颌角
FD02960,宽心形脸,上庭收窄,微凸额,内侧突出眉骨,宽浅眼窝,高颧骨,成熟收紧面颊,宽下颌,宽杏眼,眼尾明显挑,宽眼距,星点虹膜,中高鼻根,柔和鼻梁,轻翘鼻头,上薄下厚,嘴角紧收,环状虹膜,宽心形脸（上庭收窄），内侧突出眉骨/宽浅眼窝，宽杏眼·眼尾明显挑·宽眼距，中高鼻根/柔和鼻梁/轻翘鼻头，上薄下厚·嘴角紧收，宽下颌
FD02961,双颌匀称脸,颧部外扩,高额,高眉骨,浅眼窝,低颧骨,成熟收紧面颊,收敛下颌,短圆杏眼,眼尾平直,窄眼距,淡金瞳,低鼻根,轻微偏左鼻梁,微钝鼻头,厚唇,单侧上扬,双侧酒窝,双颌匀称脸（颧部外扩），高眉骨/浅眼窝，短圆杏眼·眼尾平直·窄眼距，低鼻根/轻微偏左鼻梁/微钝鼻头，厚唇·单侧上扬，收敛下颌
FD02962,标准菱形,上庭展开,饱满额,低眉骨,宽浅眼窝,外扩颧骨,幼态柔软面颊,宽下颌,狭长眼,眼尾平直,窄眼距,琥珀瞳,中鼻根,轻鹰钩鼻梁,肉感鼻头,平直唇,嘴角上扬,眼角小痣,标准菱形（上庭展开），低眉骨/宽浅眼窝，狭长眼·眼尾平直·窄眼距，中鼻根/轻鹰钩鼻梁/肉感鼻头，平直唇·嘴角上扬，宽下颌
FD02963,下颌突出脸,中庭拉长,低额,薄眉骨,宽浅眼窝,柔和颧骨,幼态柔软面颊,柔和下颌,半睁懒眼,眼尾下沉,窄眼距,墨玉瞳,高鼻根,轻微偏左鼻梁,方圆鼻头,上厚下薄,嘴角下垂,眼睑褶皱不对称,下颌突出脸（中庭拉长），薄眉骨/宽浅眼窝，半睁懒眼·眼尾下沉·窄眼距，高鼻根/轻微偏左鼻梁/方圆鼻头，上厚下薄·嘴角下垂，柔和下颌
FD02964,幼态圆脸,颈部线条延长,窄额,外侧突出眉骨,窄深眼窝,窄颧骨,薄面颊,骨感下颌,圆长眼,眼尾平直,窄眼距,星点虹膜,窄鼻根,宽骨鼻梁,肉感鼻头,上厚下薄,嘴角平直,无标志,幼态圆脸（颈部线条延长），外侧突出眉骨/窄深眼窝，圆长眼·眼尾平直·窄眼距，窄鼻根/宽骨鼻梁/肉感鼻头，上厚下薄·嘴角平直，骨感下颌
FD02965,倒梯形脸,颌角强调,骨感额,厚眉骨,窄深眼窝,窄颧骨,薄面颊,明显下颌角,窄杏眼,眼尾平直,窄眼距,环状虹膜,中鼻根,微弧鼻梁,小圆鼻头,厚唇,单侧上扬,鼻梁旧伤,倒梯形脸（颌角强调），厚眉骨/窄深眼窝，窄杏眼·眼尾平直·窄眼距，中鼻根/微弧鼻梁/小圆鼻头，厚唇·单侧上扬，明显下颌角
FD02966,圆方脸,中庭展宽,宽额,柔和眉骨,眼下饱满,柔和颧骨,薄面颊,窄下颌,狐狸系眼,眼尾下沉,窄眼距,淡金瞳,窄鼻根,柔和鼻梁,下压鼻头,小嘴,嘴角下垂,瞳孔残缺,圆方脸（中庭展宽），柔和眉骨/眼下饱满，狐狸系眼·眼尾下沉·窄眼距，窄鼻根/柔和鼻梁/下压鼻头，小嘴·嘴角下垂，窄下颌
FD02967,颧部展开脸,骨点外显,高额,压迫感眉骨,浅眼窝,柔和颧骨,饱满面颊,收敛下颌,狭长瑞凤眼,眼尾平直,窄眼距,墨玉瞳,低鼻根,宽骨鼻梁,轻翘鼻头,弓形唇,单侧上扬,眉上小疤,颧部展开脸（骨点外显），压迫感眉骨/浅眼窝，狭长瑞凤眼·眼尾平直·窄眼距，低鼻根/宽骨鼻梁/轻翘鼻头，弓形唇·单侧上扬，收敛下颌
FD02968,长心形脸,中庭拉长,窄额,厚眉骨,宽浅眼窝,柔和颧骨,轻凹面颊,宽下颌,猫系眼,眼尾明显挑,宽眼距,淡金瞳,中高鼻根,宽骨鼻梁,窄翼鼻头,上厚下薄,嘴角平直,指节薄茧,长心形脸（中庭拉长），厚眉骨/宽浅眼窝，猫系眼·眼尾明显挑·宽眼距，中高鼻根/宽骨鼻梁/窄翼鼻头，上厚下薄·嘴角平直，宽下颌
FD02969,方鹅蛋脸,上庭收窄,平直额,低眉骨,浅眼窝,外扩颧骨,成熟收紧面颊,收敛下颌,狭长眼,眼尾明显挑,窄眼距,灰蓝瞳,中高鼻根,轻鹰钩鼻梁,肉感鼻头,宽嘴,单侧上扬,眼睑褶皱不对称,方鹅蛋脸（上庭收窄），低眉骨/浅眼窝，狭长眼·眼尾明显挑·窄眼距，中高鼻根/轻鹰钩鼻梁/肉感鼻头，宽嘴·单侧上扬，收敛下颌
FD02970,宽鹅蛋脸,偏锐收窄,宽额,薄眉骨,宽浅眼窝,窄颧骨,饱满面颊,宽下颌,猫系眼,眼尾下压,宽眼距,碎裂虹膜,中鼻根,轻微偏右鼻梁,窄翼鼻头,成熟长唇,嘴角下垂,异色瞳,宽鹅蛋脸（偏锐收窄），薄眉骨/宽浅眼窝，猫系眼·眼尾下压·宽眼距，中鼻根/轻微偏右鼻梁/窄翼鼻头，成熟长唇·嘴角下垂，宽下颌
FD02971,下颌突出脸,骨点内敛,低额,压迫感眉骨,窄深眼窝,宽颧骨,薄面颊,明显下颌角,猫系眼,眼尾平直,窄眼距,灰蓝瞳,中高鼻根,轻微偏左鼻梁,方圆鼻头,上厚下薄,嘴角紧收,眉心竖纹浅痕,下颌突出脸（骨点内敛），压迫感眉骨/窄深眼窝，猫系眼·眼尾平直·窄眼距，中高鼻根/轻微偏左鼻梁/方圆鼻头，上厚下薄·嘴角紧收，明显下颌角
FD02972,双颌匀称脸,颈部线条收短,低额,薄眉骨,窄深眼窝,低颧骨,成熟收紧面颊,窄下颌,短圆杏眼,眼尾微挑,宽眼距,异色瞳,窄鼻根,轻微偏左鼻梁,轻翘鼻头,小嘴,嘴角上扬,眼角小痣,双颌匀称脸（颈部线条收短），薄眉骨/窄深眼窝，短圆杏眼·眼尾微挑·宽眼距，窄鼻根/轻微偏左鼻梁/轻翘鼻头，小嘴·嘴角上扬，窄下颌
FD02973,清瘦圆脸,中轴收紧,骨感额,薄眉骨,浅眼窝,高颧骨,轻凹面颊,收敛下颌,狼系眼,眼尾延展,窄眼距,深色瞳,中鼻根,轻微偏左鼻梁,肉感鼻头,弓形唇,嘴角下垂,无标志,清瘦圆脸（中轴收紧），薄眉骨/浅眼窝，狼系眼·眼尾延展·窄眼距，中鼻根/轻微偏左鼻梁/肉感鼻头，弓形唇·嘴角下垂，收敛下颌
FD02974,圆脸,颊部饱满,低额,高眉骨,深眼窝,外扩颧骨,幼态柔软面颊,明显下颌角,成熟长眼,眼尾微挑,标准眼距,环状虹膜,高鼻根,轻鹰钩鼻梁,肉感鼻头,小嘴,嘴角上扬,下颌浅疤,圆脸（颊部饱满），高眉骨/深眼窝，成熟长眼·眼尾微挑·标准眼距，高鼻根/轻鹰钩鼻梁/肉感鼻头，小嘴·嘴角上扬，明显下颌角
FD02975,长圆脸,中轴微长,平直额,低眉骨,眼下骨感,柔和颧骨,幼态柔软面颊,宽下颌,短圆杏眼,眼尾下沉,窄眼距,碎裂虹膜,窄鼻根,宽骨鼻梁,方圆鼻头,厚唇,嘴角上扬,无标志,长圆脸（中轴微长），低眉骨/眼下骨感，短圆杏眼·眼尾下沉·窄眼距，窄鼻根/宽骨鼻梁/方圆鼻头，厚唇·嘴角上扬，宽下颌
FD02976,颧部展开脸,偏锐收窄,骨感额,内侧突出眉骨,眼下骨感,低颧骨,幼态柔软面颊,方下颌,疲惫眼,眼尾下压,宽眼距,灰蓝瞳,高鼻根,中直鼻梁,骨感鼻头,成熟长唇,嘴角紧收,单侧酒窝,颧部展开脸（偏锐收窄），内侧突出眉骨/眼下骨感，疲惫眼·眼尾下压·宽眼距，高鼻根/中直鼻梁/骨感鼻头，成熟长唇·嘴角紧收，方下颌
FD02977,骨感方脸,颌角弱化,宽额,厚眉骨,浅眼窝,宽颧骨,成熟收紧面颊,方下颌,宽杏眼,眼尾平直,宽眼距,琥珀瞳,低鼻根,轻鹰钩鼻梁,肉感鼻头,弓形唇,嘴角紧收,左眼下浅泪痣,骨感方脸（颌角弱化），厚眉骨/浅眼窝，宽杏眼·眼尾平直·宽眼距，低鼻根/轻鹰钩鼻梁/肉感鼻头，弓形唇·嘴角紧收，方下颌
FD02978,成熟方脸,上庭展开,平直额,低眉骨,宽浅眼窝,窄颧骨,成熟收紧面颊,窄下颌,上扬凤眼,眼尾平直,标准眼距,环状虹膜,中高鼻根,轻鹰钩鼻梁,微钝鼻头,平直唇,嘴角平直,额角旧痕,成熟方脸（上庭展开），低眉骨/宽浅眼窝，上扬凤眼·眼尾平直·标准眼距，中高鼻根/轻鹰钩鼻梁/微钝鼻头，平直唇·嘴角平直，窄下颌
FD02979,骨感方脸,下庭加重,饱满额,厚眉骨,宽浅眼窝,窄颧骨,薄面颊,窄下颌,狭长眼,眼尾延展,标准眼距,碎裂虹膜,低鼻根,轻微偏左鼻梁,窄翼鼻头,薄唇,嘴角下垂,唇下小痣,骨感方脸（下庭加重），厚眉骨/宽浅眼窝，狭长眼·眼尾延展·标准眼距，低鼻根/轻微偏左鼻梁/窄翼鼻头，薄唇·嘴角下垂，窄下颌
FD02980,倒梯形脸,偏柔圆润,微凸额,厚眉骨,中度眼窝,高颧骨,饱满面颊,柔和下颌,少年圆眼,眼尾微挑,标准眼距,星点虹膜,低鼻根,轻鹰钩鼻梁,窄翼鼻头,宽嘴,嘴角下垂,环状虹膜,倒梯形脸（偏柔圆润），厚眉骨/中度眼窝，少年圆眼·眼尾微挑·标准眼距，低鼻根/轻鹰钩鼻梁/窄翼鼻头，宽嘴·嘴角下垂，柔和下颌
FD02981,骨感窄脸,颊部饱满,饱满额,厚眉骨,中度眼窝,外扩颧骨,幼态柔软面颊,明显下颌角,下垂眼,眼尾下压,标准眼距,琥珀瞳,高鼻根,微弧鼻梁,骨感鼻头,上厚下薄,嘴角紧收,碎裂虹膜,骨感窄脸（颊部饱满），厚眉骨/中度眼窝，下垂眼·眼尾下压·标准眼距，高鼻根/微弧鼻梁/骨感鼻头，上厚下薄·嘴角紧收，明显下颌角
FD02982,长圆脸,颌角强调,高额,内侧突出眉骨,眼下饱满,宽颧骨,薄面颊,柔和下颌,疲惫眼,眼尾平直,窄眼距,异色瞳,窄鼻根,微弧鼻梁,轻翘鼻头,弓形唇,单侧上扬,耳后小痣,长圆脸（颌角强调），内侧突出眉骨/眼下饱满，疲惫眼·眼尾平直·窄眼距，窄鼻根/微弧鼻梁/轻翘鼻头，弓形唇·单侧上扬，柔和下颌
FD02983,标准菱形,下颌线柔化,骨感额,厚眉骨,宽浅眼窝,低颧骨,轻凹面颊,柔和下颌,丹凤眼,眼尾下压,宽眼距,浅褐瞳,窄鼻根,轻微偏左鼻梁,微钝鼻头,平直唇,嘴角平直,无标志,标准菱形（下颌线柔化），厚眉骨/宽浅眼窝，丹凤眼·眼尾下压·宽眼距，窄鼻根/轻微偏左鼻梁/微钝鼻头，平直唇·嘴角平直，柔和下颌
FD02984,骨感方脸,上庭收窄,平直额,内侧突出眉骨,眼下骨感,低颧骨,幼态柔软面颊,柔和下颌,平凤眼,眼尾延展,窄眼距,星点虹膜,高鼻根,中直鼻梁,微钝鼻头,平直唇,嘴角紧收,唇下小痣,骨感方脸（上庭收窄），内侧突出眉骨/眼下骨感，平凤眼·眼尾延展·窄眼距，高鼻根/中直鼻梁/微钝鼻头，平直唇·嘴角紧收，柔和下颌
FD02985,宽鹅蛋脸,颧部微收,骨感额,外侧突出眉骨,浅眼窝,柔和颧骨,轻凹面颊,窄下颌,鹤系眼,眼尾下压,标准眼距,灰蓝瞳,高鼻根,中直鼻梁,轻翘鼻头,上薄下厚,单侧上扬,左颊浅疤,宽鹅蛋脸（颧部微收），外侧突出眉骨/浅眼窝，鹤系眼·眼尾下压·标准眼距，高鼻根/中直鼻梁/轻翘鼻头，上薄下厚·单侧上扬，窄下颌
FD02986,下颌突出脸,骨点内敛,低额,内侧突出眉骨,窄深眼窝,外扩颧骨,饱满面颊,圆方下颌,半睁懒眼,眼尾平直,宽眼距,灰蓝瞳,中鼻根,高直鼻梁,下压鼻头,弓形唇,嘴角紧收,眼睑褶皱不对称,下颌突出脸（骨点内敛），内侧突出眉骨/窄深眼窝，半睁懒眼·眼尾平直·宽眼距，中鼻根/高直鼻梁/下压鼻头，弓形唇·嘴角紧收，圆方下颌
FD02987,骨感菱形,颌角强调,宽额,厚眉骨,眼下饱满,低颧骨,轻凹面颊,明显下颌角,上扬凤眼,眼尾延展,标准眼距,墨玉瞳,低鼻根,轻鹰钩鼻梁,窄翼鼻头,宽嘴,嘴角下垂,无标志,骨感菱形（颌角强调），厚眉骨/眼下饱满，上扬凤眼·眼尾延展·标准眼距，低鼻根/轻鹰钩鼻梁/窄翼鼻头，宽嘴·嘴角下垂，明显下颌角
FD02988,圆方脸,面中平缓,微凸额,薄眉骨,眼下饱满,窄颧骨,成熟收紧面颊,圆方下颌,鹰隼眼,眼尾下沉,标准眼距,星点虹膜,中鼻根,柔和鼻梁,方圆鼻头,薄唇,嘴角下垂,碎裂虹膜,圆方脸（面中平缓），薄眉骨/眼下饱满，鹰隼眼·眼尾下沉·标准眼距，中鼻根/柔和鼻梁/方圆鼻头，薄唇·嘴角下垂，圆方下颌
FD02989,倒梯形脸,中轴收紧,低额,厚眉骨,浅眼窝,窄颧骨,成熟收紧面颊,柔和下颌,平直杏眼,眼尾明显挑,宽眼距,浅褐瞳,中高鼻根,柔和鼻梁,方圆鼻头,宽嘴,嘴角紧收,左眼下浅泪痣,倒梯形脸（中轴收紧），厚眉骨/浅眼窝，平直杏眼·眼尾明显挑·宽眼距，中高鼻根/柔和鼻梁/方圆鼻头，宽嘴·嘴角紧收，柔和下颌
FD02990,清瘦圆脸,颊部略凹,饱满额,薄眉骨,眼下骨感,柔和颧骨,幼态柔软面颊,收敛下颌,疲惫眼,眼尾平直,窄眼距,墨玉瞳,窄鼻根,轻微偏右鼻梁,轻翘鼻头,厚唇,嘴角上扬,眉尾旧疤,清瘦圆脸（颊部略凹），薄眉骨/眼下骨感，疲惫眼·眼尾平直·窄眼距，窄鼻根/轻微偏右鼻梁/轻翘鼻头，厚唇·嘴角上扬，收敛下颌
FD02991,上窄下宽脸,中庭展宽,高额,薄眉骨,宽浅眼窝,低颧骨,饱满面颊,窄下颌,丹凤眼,眼尾微挑,标准眼距,琥珀瞳,低鼻根,微弧鼻梁,微钝鼻头,成熟长唇,嘴角下垂,眼睑褶皱不对称,上窄下宽脸（中庭展宽），薄眉骨/宽浅眼窝，丹凤眼·眼尾微挑·标准眼距，低鼻根/微弧鼻梁/微钝鼻头，成熟长唇·嘴角下垂，窄下颌
FD02992,鹅蛋偏菱,面中平缓,平直额,外侧突出眉骨,眼下骨感,窄颧骨,幼态柔软面颊,方下颌,上扬凤眼,眼尾明显挑,窄眼距,灰蓝瞳,中高鼻根,中直鼻梁,骨感鼻头,厚唇,嘴角下垂,下颌浅疤,鹅蛋偏菱（面中平缓），外侧突出眉骨/眼下骨感，上扬凤眼·眼尾明显挑·窄眼距，中高鼻根/中直鼻梁/骨感鼻头，厚唇·嘴角下垂，方下颌
FD02993,短方脸,偏柔圆润,骨感额,低眉骨,中度眼窝,柔和颧骨,饱满面颊,柔和下颌,狐狸系眼,眼尾下压,窄眼距,浅褐瞳,低鼻根,轻鹰钩鼻梁,轻翘鼻头,上厚下薄,嘴角紧收,额角旧痕,短方脸（偏柔圆润），低眉骨/中度眼窝，狐狸系眼·眼尾下压·窄眼距，低鼻根/轻鹰钩鼻梁/轻翘鼻头，上厚下薄·嘴角紧收，柔和下颌
FD02994,鹅蛋偏心形,上庭收窄,高额,低眉骨,中度眼窝,柔和颧骨,幼态柔软面颊,柔和下颌,成熟长眼,眼尾延展,窄眼距,墨玉瞳,低鼻根,轻鹰钩鼻梁,下压鼻头,上薄下厚,嘴角平直,单侧酒窝,鹅蛋偏心形（上庭收窄），低眉骨/中度眼窝，成熟长眼·眼尾延展·窄眼距，低鼻根/轻鹰钩鼻梁/下压鼻头，上薄下厚·嘴角平直，柔和下颌
FD02995,宽鹅蛋脸,颌角强调,窄额,内侧突出眉骨,深眼窝,窄颧骨,饱满面颊,明显下颌角,狼系眼,眼尾平直,标准眼距,碎裂虹膜,低鼻根,轻鹰钩鼻梁,肉感鼻头,厚唇,嘴角紧收,左眼下浅泪痣,宽鹅蛋脸（颌角强调），内侧突出眉骨/深眼窝，狼系眼·眼尾平直·标准眼距，低鼻根/轻鹰钩鼻梁/肉感鼻头，厚唇·嘴角紧收，明显下颌角
FD02996,短方脸,下颌线清晰化,平直额,外侧突出眉骨,眼下饱满,窄颧骨,薄面颊,骨感下颌,半睁懒眼,眼尾微挑,窄眼距,琥珀瞳,中鼻根,轻鹰钩鼻梁,方圆鼻头,上薄下厚,嘴角上扬,单侧酒窝,短方脸（下颌线清晰化），外侧突出眉骨/眼下饱满，半睁懒眼·眼尾微挑·窄眼距，中鼻根/轻鹰钩鼻梁/方圆鼻头，上薄下厚·嘴角上扬，骨感下颌
FD02997,正梯形脸,中轴收紧,饱满额,低眉骨,浅眼窝,柔和颧骨,成熟收紧面颊,柔和下颌,平凤眼,眼尾下压,宽眼距,碎裂虹膜,低鼻根,轻鹰钩鼻梁,方圆鼻头,宽嘴,嘴角平直,碎裂虹膜,正梯形脸（中轴收紧），低眉骨/浅眼窝，平凤眼·眼尾下压·宽眼距，低鼻根/轻鹰钩鼻梁/方圆鼻头，宽嘴·嘴角平直，柔和下颌
FD02998,柔和菱形,偏柔圆润,微凸额,外侧突出眉骨,宽浅眼窝,柔和颧骨,薄面颊,圆方下颌,桃花眼,眼尾延展,标准眼距,灰蓝瞳,中高鼻根,宽骨鼻梁,小圆鼻头,上厚下薄,嘴角紧收,下颌浅疤,柔和菱形（偏柔圆润），外侧突出眉骨/宽浅眼窝，桃花眼·眼尾延展·标准眼距，中高鼻根/宽骨鼻梁/小圆鼻头，上厚下薄·嘴角紧收，圆方下颌
FD02999,骨感窄脸,颌角强调,平直额,外侧突出眉骨,窄深眼窝,外扩颧骨,轻凹面颊,明显下颌角,短杏眼,眼尾下沉,宽眼距,浅褐瞳,中鼻根,轻微偏右鼻梁,肉感鼻头,厚唇,嘴角平直,眉尾旧疤,骨感窄脸（颌角强调），外侧突出眉骨/窄深眼窝，短杏眼·眼尾下沉·宽眼距，中鼻根/轻微偏右鼻梁/肉感鼻头，厚唇·嘴角平直，明显下颌角
FD03000,正梯形脸,面中立体化,饱满额,内侧突出眉骨,浅眼窝,窄颧骨,饱满面颊,骨感下颌,丹凤眼,眼尾明显挑,宽眼距,深色瞳,窄鼻根,轻鹰钩鼻梁,骨感鼻头,平直唇,嘴角上扬,指节薄茧,正梯形脸（面中立体化），内侧突出眉骨/浅眼窝，丹凤眼·眼尾明显挑·宽眼距，窄鼻根/轻鹰钩鼻梁/骨感鼻头，平直唇·嘴角上扬，骨感下颌
FD03001,长菱形,中庭拉长,饱满额,高眉骨,窄深眼窝,宽颧骨,饱满面颊,宽下颌,丹凤眼,眼尾平直,宽眼距,浅褐瞳,窄鼻根,轻鹰钩鼻梁,轻翘鼻头,上厚下薄,嘴角平直,单侧酒窝,长菱形（中庭拉长），高眉骨/窄深眼窝，丹凤眼·眼尾平直·宽眼距，窄鼻根/轻鹰钩鼻梁/轻翘鼻头，上厚下薄·嘴角平直，宽下颌
FD03002,清瘦圆脸,偏柔圆润,骨感额,厚眉骨,深眼窝,窄颧骨,幼态柔软面颊,方下颌,少年圆眼,眼尾下压,标准眼距,环状虹膜,中高鼻根,高直鼻梁,肉感鼻头,宽嘴,嘴角上扬,眉心竖纹浅痕,清瘦圆脸（偏柔圆润），厚眉骨/深眼窝，少年圆眼·眼尾下压·标准眼距，中高鼻根/高直鼻梁/肉感鼻头，宽嘴·嘴角上扬，方下颌
FD03003,梨形脸,中庭展宽,宽额,厚眉骨,深眼窝,宽颧骨,成熟收紧面颊,方下颌,丹凤眼,眼尾微挑,标准眼距,环状虹膜,中鼻根,中直鼻梁,方圆鼻头,薄唇,嘴角平直,环状虹膜,梨形脸（中庭展宽），厚眉骨/深眼窝，丹凤眼·眼尾微挑·标准眼距，中鼻根/中直鼻梁/方圆鼻头，薄唇·嘴角平直，方下颌
FD03004,正梯形脸,下颌线清晰化,低额,厚眉骨,宽浅眼窝,窄颧骨,幼态柔软面颊,宽下颌,平直杏眼,眼尾明显挑,标准眼距,墨玉瞳,中鼻根,轻微偏左鼻梁,方圆鼻头,弓形唇,嘴角上扬,单侧虎牙,正梯形脸（下颌线清晰化），厚眉骨/宽浅眼窝，平直杏眼·眼尾明显挑·标准眼距，中鼻根/轻微偏左鼻梁/方圆鼻头，弓形唇·嘴角上扬，宽下颌
FD03005,成熟方脸,下颌线柔化,低额,高眉骨,深眼窝,低颧骨,幼态柔软面颊,圆方下颌,成熟长眼,眼尾下沉,窄眼距,碎裂虹膜,宽鼻根,轻微偏右鼻梁,微钝鼻头,平直唇,嘴角上扬,唇下小痣,成熟方脸（下颌线柔化），高眉骨/深眼窝，成熟长眼·眼尾下沉·窄眼距，宽鼻根/轻微偏右鼻梁/微钝鼻头，平直唇·嘴角上扬，圆方下颌
FD03006,颧部展开脸,上庭展开,宽额,厚眉骨,中度眼窝,柔和颧骨,成熟收紧面颊,明显下颌角,短杏眼,眼尾下压,标准眼距,墨玉瞳,高鼻根,轻微偏左鼻梁,方圆鼻头,弓形唇,嘴角紧收,无标志,颧部展开脸（上庭展开），厚眉骨/中度眼窝，短杏眼·眼尾下压·标准眼距，高鼻根/轻微偏左鼻梁/方圆鼻头，弓形唇·嘴角紧收，明显下颌角
FD03007,方菱过渡脸,颌角强调,饱满额,高眉骨,窄深眼窝,低颧骨,薄面颊,明显下颌角,冷感眼,眼尾延展,标准眼距,墨玉瞳,高鼻根,高直鼻梁,下压鼻头,厚唇,嘴角平直,眉心竖纹浅痕,方菱过渡脸（颌角强调），高眉骨/窄深眼窝，冷感眼·眼尾延展·标准眼距，高鼻根/高直鼻梁/下压鼻头，厚唇·嘴角平直，明显下颌角
FD03008,柔和方脸,面中立体化,饱满额,外侧突出眉骨,窄深眼窝,高颧骨,轻凹面颊,明显下颌角,宽杏眼,眼尾下压,标准眼距,环状虹膜,中高鼻根,轻微偏右鼻梁,骨感鼻头,弓形唇,嘴角下垂,瞳孔残缺,柔和方脸（面中立体化），外侧突出眉骨/窄深眼窝，宽杏眼·眼尾下压·标准眼距，中高鼻根/轻微偏右鼻梁/骨感鼻头，弓形唇·嘴角下垂，明显下颌角
FD03009,长方脸,颊部饱满,宽额,内侧突出眉骨,浅眼窝,柔和颧骨,薄面颊,宽下颌,鹰隼眼,眼尾明显挑,宽眼距,异色瞳,中鼻根,宽骨鼻梁,肉感鼻头,弓形唇,嘴角紧收,指节薄茧,长方脸（颊部饱满），内侧突出眉骨/浅眼窝，鹰隼眼·眼尾明显挑·宽眼距，中鼻根/宽骨鼻梁/肉感鼻头，弓形唇·嘴角紧收，宽下颌
FD03010,柔和方脸,颌角弱化,窄额,柔和眉骨,眼下饱满,窄颧骨,薄面颊,窄下颌,圆长眼,眼尾平直,标准眼距,淡金瞳,高鼻根,宽骨鼻梁,小圆鼻头,小嘴,嘴角紧收,耳后小痣,柔和方脸（颌角弱化），柔和眉骨/眼下饱满，圆长眼·眼尾平直·标准眼距，高鼻根/宽骨鼻梁/小圆鼻头，小嘴·嘴角紧收，窄下颌
FD03011,幼态方脸,下庭收窄,平直额,柔和眉骨,眼下骨感,低颧骨,幼态柔软面颊,窄下颌,少年圆眼,眼尾平直,标准眼距,碎裂虹膜,中鼻根,高直鼻梁,小圆鼻头,平直唇,嘴角平直,无标志,幼态方脸（下庭收窄），柔和眉骨/眼下骨感，少年圆眼·眼尾平直·标准眼距，中鼻根/高直鼻梁/小圆鼻头，平直唇·嘴角平直，窄下颌
FD03012,宽菱形,下庭加重,饱满额,薄眉骨,眼下骨感,外扩颧骨,饱满面颊,明显下颌角,鹤系眼,眼尾延展,标准眼距,墨玉瞳,中高鼻根,微弧鼻梁,窄翼鼻头,厚唇,嘴角平直,右眼下浅泪痣,宽菱形（下庭加重），薄眉骨/眼下骨感，鹤系眼·眼尾延展·标准眼距，中高鼻根/微弧鼻梁/窄翼鼻头，厚唇·嘴角平直，明显下颌角
FD03013,上窄下宽脸,骨点内敛,低额,柔和眉骨,中度眼窝,柔和颧骨,成熟收紧面颊,窄下颌,桃花眼,眼尾微挑,宽眼距,异色瞳,中鼻根,中直鼻梁,小圆鼻头,成熟长唇,单侧上扬,眼角小痣,上窄下宽脸（骨点内敛），柔和眉骨/中度眼窝，桃花眼·眼尾微挑·宽眼距，中鼻根/中直鼻梁/小圆鼻头，成熟长唇·单侧上扬，窄下颌
FD03014,窄鹅蛋脸,下庭收窄,高额,高眉骨,眼下饱满,低颧骨,轻凹面颊,柔和下颌,半睁懒眼,眼尾明显挑,标准眼距,深色瞳,中鼻根,中直鼻梁,肉感鼻头,成熟长唇,嘴角上扬,无标志,窄鹅蛋脸（下庭收窄），高眉骨/眼下饱满，半睁懒眼·眼尾明显挑·标准眼距，中鼻根/中直鼻梁/肉感鼻头，成熟长唇·嘴角上扬，柔和下颌
FD03015,上宽下窄脸,上庭收窄,微凸额,薄眉骨,眼下饱满,窄颧骨,饱满面颊,方下颌,成熟长眼,眼尾平直,宽眼距,墨玉瞳,低鼻根,轻微偏左鼻梁,方圆鼻头,平直唇,嘴角上扬,唇下小痣,上宽下窄脸（上庭收窄），薄眉骨/眼下饱满，成熟长眼·眼尾平直·宽眼距，低鼻根/轻微偏左鼻梁/方圆鼻头，平直唇·嘴角上扬，方下颌
FD03016,上窄下宽脸,颌角弱化,平直额,柔和眉骨,宽浅眼窝,窄颧骨,幼态柔软面颊,方下颌,上扬凤眼,眼尾延展,标准眼距,环状虹膜,中鼻根,宽骨鼻梁,下压鼻头,上薄下厚,嘴角紧收,异色瞳,上窄下宽脸（颌角弱化），柔和眉骨/宽浅眼窝，上扬凤眼·眼尾延展·标准眼距，中鼻根/宽骨鼻梁/下压鼻头，上薄下厚·嘴角紧收，方下颌
FD03017,正梯形脸,上庭展开,平直额,外侧突出眉骨,中度眼窝,柔和颧骨,成熟收紧面颊,宽下颌,下垂眼,眼尾延展,窄眼距,异色瞳,中高鼻根,宽骨鼻梁,小圆鼻头,上厚下薄,单侧上扬,耳后小痣,正梯形脸（上庭展开），外侧突出眉骨/中度眼窝，下垂眼·眼尾延展·窄眼距，中高鼻根/宽骨鼻梁/小圆鼻头，上厚下薄·单侧上扬，宽下颌
FD03018,宽鹅蛋脸,中庭拉长,宽额,高眉骨,眼下骨感,外扩颧骨,成熟收紧面颊,圆方下颌,狼系眼,眼尾明显挑,窄眼距,星点虹膜,中高鼻根,高直鼻梁,肉感鼻头,上厚下薄,嘴角平直,鼻梁旧伤,宽鹅蛋脸（中庭拉长），高眉骨/眼下骨感，狼系眼·眼尾明显挑·窄眼距，中高鼻根/高直鼻梁/肉感鼻头，上厚下薄·嘴角平直，圆方下颌
FD03019,鹅蛋偏心形,下颌线清晰化,高额,薄眉骨,浅眼窝,高颧骨,轻凹面颊,宽下颌,宽杏眼,眼尾下压,窄眼距,灰蓝瞳,低鼻根,微弧鼻梁,小圆鼻头,上薄下厚,嘴角平直,右眼下浅泪痣,鹅蛋偏心形（下颌线清晰化），薄眉骨/浅眼窝，宽杏眼·眼尾下压·窄眼距，低鼻根/微弧鼻梁/小圆鼻头，上薄下厚·嘴角平直，宽下颌
FD03020,长心形脸,下颌线清晰化,高额,内侧突出眉骨,宽浅眼窝,柔和颧骨,饱满面颊,方下颌,蛇系眼,眼尾延展,窄眼距,环状虹膜,低鼻根,轻微偏右鼻梁,下压鼻头,宽嘴,单侧上扬,单侧酒窝,长心形脸（下颌线清晰化），内侧突出眉骨/宽浅眼窝，蛇系眼·眼尾延展·窄眼距，低鼻根/轻微偏右鼻梁/下压鼻头，宽嘴·单侧上扬，方下颌
FD03021,宽菱形,上庭展开,窄额,外侧突出眉骨,窄深眼窝,柔和颧骨,幼态柔软面颊,宽下颌,宽杏眼,眼尾延展,宽眼距,深色瞳,高鼻根,轻微偏右鼻梁,骨感鼻头,平直唇,嘴角紧收,眼睑褶皱不对称,宽菱形（上庭展开），外侧突出眉骨/窄深眼窝，宽杏眼·眼尾延展·宽眼距，高鼻根/轻微偏右鼻梁/骨感鼻头，平直唇·嘴角紧收，宽下颌
FD03022,鹅蛋偏方,中轴收紧,宽额,压迫感眉骨,中度眼窝,外扩颧骨,幼态柔软面颊,明显下颌角,少年圆眼,眼尾下压,宽眼距,淡金瞳,中鼻根,轻微偏右鼻梁,微钝鼻头,平直唇,嘴角下垂,左颊浅疤,鹅蛋偏方（中轴收紧），压迫感眉骨/中度眼窝，少年圆眼·眼尾下压·宽眼距，中鼻根/轻微偏右鼻梁/微钝鼻头，平直唇·嘴角下垂，明显下颌角
FD03023,长鹅蛋脸,颌角强调,骨感额,外侧突出眉骨,浅眼窝,宽颧骨,成熟收紧面颊,收敛下颌,短杏眼,眼尾明显挑,宽眼距,琥珀瞳,中高鼻根,中直鼻梁,微钝鼻头,上厚下薄,单侧上扬,眉尾旧疤,长鹅蛋脸（颌角强调），外侧突出眉骨/浅眼窝，短杏眼·眼尾明显挑·宽眼距，中高鼻根/中直鼻梁/微钝鼻头，上厚下薄·单侧上扬，收敛下颌
FD03024,短方脸,骨点内敛,微凸额,外侧突出眉骨,眼下饱满,低颧骨,轻凹面颊,收敛下颌,平凤眼,眼尾微挑,窄眼距,星点虹膜,低鼻根,轻鹰钩鼻梁,方圆鼻头,薄唇,嘴角下垂,眼角小痣,短方脸（骨点内敛），外侧突出眉骨/眼下饱满，平凤眼·眼尾微挑·窄眼距，低鼻根/轻鹰钩鼻梁/方圆鼻头，薄唇·嘴角下垂，收敛下颌
FD03025,长菱形,面中平缓,骨感额,压迫感眉骨,眼下骨感,柔和颧骨,幼态柔软面颊,柔和下颌,鹰隼眼,眼尾明显挑,窄眼距,琥珀瞳,宽鼻根,柔和鼻梁,微钝鼻头,弓形唇,嘴角上扬,左眼下浅泪痣,长菱形（面中平缓），压迫感眉骨/眼下骨感，鹰隼眼·眼尾明显挑·窄眼距，宽鼻根/柔和鼻梁/微钝鼻头，弓形唇·嘴角上扬，柔和下颌
FD03026,梨形脸,上庭展开,窄额,高眉骨,深眼窝,窄颧骨,饱满面颊,收敛下颌,宽杏眼,眼尾下压,窄眼距,浅褐瞳,中鼻根,微弧鼻梁,方圆鼻头,小嘴,嘴角上扬,无标志,梨形脸（上庭展开），高眉骨/深眼窝，宽杏眼·眼尾下压·窄眼距，中鼻根/微弧鼻梁/方圆鼻头，小嘴·嘴角上扬，收敛下颌
FD03027,方菱过渡脸,颈部线条收短,平直额,内侧突出眉骨,深眼窝,窄颧骨,轻凹面颊,宽下颌,柳叶眼,眼尾微挑,宽眼距,星点虹膜,中鼻根,轻微偏右鼻梁,轻翘鼻头,宽嘴,单侧上扬,额角旧痕,方菱过渡脸（颈部线条收短），内侧突出眉骨/深眼窝，柳叶眼·眼尾微挑·宽眼距，中鼻根/轻微偏右鼻梁/轻翘鼻头，宽嘴·单侧上扬，宽下颌
FD03028,正梯形脸,上庭展开,骨感额,压迫感眉骨,中度眼窝,外扩颧骨,轻凹面颊,圆方下颌,长杏眼,眼尾延展,宽眼距,墨玉瞳,宽鼻根,微弧鼻梁,轻翘鼻头,小嘴,嘴角上扬,异色瞳,正梯形脸（上庭展开），压迫感眉骨/中度眼窝，长杏眼·眼尾延展·宽眼距，宽鼻根/微弧鼻梁/轻翘鼻头，小嘴·嘴角上扬，圆方下颌
FD03029,柔和方脸,下颌线柔化,高额,外侧突出眉骨,宽浅眼窝,低颧骨,成熟收紧面颊,柔和下颌,窄杏眼,眼尾下压,窄眼距,环状虹膜,中高鼻根,微弧鼻梁,窄翼鼻头,小嘴,嘴角平直,单侧虎牙,柔和方脸（下颌线柔化），外侧突出眉骨/宽浅眼窝，窄杏眼·眼尾下压·窄眼距，中高鼻根/微弧鼻梁/窄翼鼻头，小嘴·嘴角平直，柔和下颌
FD03030,鹅蛋偏心形,颧部外扩,饱满额,高眉骨,浅眼窝,窄颧骨,幼态柔软面颊,收敛下颌,圆长眼,眼尾下压,窄眼距,深色瞳,低鼻根,轻微偏左鼻梁,骨感鼻头,平直唇,嘴角下垂,颈侧细疤,鹅蛋偏心形（颧部外扩），高眉骨/浅眼窝，圆长眼·眼尾下压·窄眼距，低鼻根/轻微偏左鼻梁/骨感鼻头，平直唇·嘴角下垂，收敛下颌
FD03031,长心形脸,颌角强调,低额,压迫感眉骨,浅眼窝,宽颧骨,幼态柔软面颊,窄下颌,平直杏眼,眼尾延展,标准眼距,异色瞳,中高鼻根,中直鼻梁,骨感鼻头,厚唇,嘴角上扬,双侧酒窝,长心形脸（颌角强调），压迫感眉骨/浅眼窝，平直杏眼·眼尾延展·标准眼距，中高鼻根/中直鼻梁/骨感鼻头，厚唇·嘴角上扬，窄下颌
FD03032,圆脸,中轴微长,低额,薄眉骨,浅眼窝,高颧骨,饱满面颊,收敛下颌,蛇系眼,眼尾延展,标准眼距,深色瞳,窄鼻根,轻微偏左鼻梁,方圆鼻头,小嘴,单侧上扬,右眼下浅泪痣,圆脸（中轴微长），薄眉骨/浅眼窝，蛇系眼·眼尾延展·标准眼距，窄鼻根/轻微偏左鼻梁/方圆鼻头，小嘴·单侧上扬，收敛下颌
FD03033,窄鹅蛋脸,颧部外扩,窄额,柔和眉骨,窄深眼窝,窄颧骨,幼态柔软面颊,柔和下颌,下垂眼,眼尾下沉,宽眼距,灰蓝瞳,宽鼻根,微弧鼻梁,方圆鼻头,弓形唇,嘴角下垂,眉心竖纹浅痕,窄鹅蛋脸（颧部外扩），柔和眉骨/窄深眼窝，下垂眼·眼尾下沉·宽眼距，宽鼻根/微弧鼻梁/方圆鼻头，弓形唇·嘴角下垂，柔和下颌
FD03034,柔和菱形,下颌线清晰化,平直额,低眉骨,浅眼窝,外扩颧骨,轻凹面颊,柔和下颌,成熟长眼,眼尾下沉,宽眼距,异色瞳,中高鼻根,高直鼻梁,微钝鼻头,上厚下薄,嘴角平直,双侧酒窝,柔和菱形（下颌线清晰化），低眉骨/浅眼窝，成熟长眼·眼尾下沉·宽眼距，中高鼻根/高直鼻梁/微钝鼻头，上厚下薄·嘴角平直，柔和下颌
FD03035,长菱形,上庭展开,宽额,薄眉骨,深眼窝,宽颧骨,成熟收紧面颊,柔和下颌,成熟长眼,眼尾延展,宽眼距,淡金瞳,高鼻根,微弧鼻梁,下压鼻头,薄唇,嘴角紧收,下颌浅疤,长菱形（上庭展开），薄眉骨/深眼窝，成熟长眼·眼尾延展·宽眼距，高鼻根/微弧鼻梁/下压鼻头，薄唇·嘴角紧收，柔和下颌
FD03036,双颌匀称脸,偏锐收窄,骨感额,厚眉骨,宽浅眼窝,外扩颧骨,轻凹面颊,方下颌,短圆杏眼,眼尾下沉,标准眼距,琥珀瞳,中高鼻根,轻微偏左鼻梁,窄翼鼻头,上薄下厚,嘴角上扬,指节薄茧,双颌匀称脸（偏锐收窄），厚眉骨/宽浅眼窝，短圆杏眼·眼尾下沉·标准眼距，中高鼻根/轻微偏左鼻梁/窄翼鼻头，上薄下厚·嘴角上扬，方下颌
FD03037,鹅蛋偏菱,骨点外显,窄额,薄眉骨,宽浅眼窝,低颧骨,薄面颊,圆方下颌,猫系眼,眼尾平直,窄眼距,琥珀瞳,宽鼻根,轻鹰钩鼻梁,骨感鼻头,薄唇,嘴角紧收,眼角小痣,鹅蛋偏菱（骨点外显），薄眉骨/宽浅眼窝，猫系眼·眼尾平直·窄眼距，宽鼻根/轻鹰钩鼻梁/骨感鼻头，薄唇·嘴角紧收，圆方下颌
FD03038,骨感方脸,中庭拉长,平直额,柔和眉骨,眼下骨感,外扩颧骨,薄面颊,收敛下颌,半睁懒眼,眼尾平直,标准眼距,墨玉瞳,中高鼻根,轻微偏左鼻梁,小圆鼻头,弓形唇,嘴角紧收,唇下小痣,骨感方脸（中庭拉长），柔和眉骨/眼下骨感，半睁懒眼·眼尾平直·标准眼距，中高鼻根/轻微偏左鼻梁/小圆鼻头，弓形唇·嘴角紧收，收敛下颌
FD03039,梨形脸,面中立体化,宽额,低眉骨,浅眼窝,低颧骨,成熟收紧面颊,明显下颌角,下垂眼,眼尾下沉,标准眼距,浅褐瞳,中高鼻根,柔和鼻梁,小圆鼻头,上厚下薄,单侧上扬,瞳孔残缺,梨形脸（面中立体化），低眉骨/浅眼窝，下垂眼·眼尾下沉·标准眼距，中高鼻根/柔和鼻梁/小圆鼻头，上厚下薄·单侧上扬，明显下颌角
FD03040,倒梯形脸,颈部线条收短,平直额,薄眉骨,浅眼窝,外扩颧骨,轻凹面颊,收敛下颌,狐狸系眼,眼尾平直,窄眼距,灰蓝瞳,中鼻根,宽骨鼻梁,小圆鼻头,宽嘴,嘴角紧收,单侧虎牙,倒梯形脸（颈部线条收短），薄眉骨/浅眼窝，狐狸系眼·眼尾平直·窄眼距，中鼻根/宽骨鼻梁/小圆鼻头，宽嘴·嘴角紧收，收敛下颌
FD03041,骨感菱形,下颌线清晰化,宽额,高眉骨,眼下骨感,外扩颧骨,轻凹面颊,收敛下颌,丹凤眼,眼尾平直,宽眼距,灰蓝瞳,中鼻根,轻微偏右鼻梁,方圆鼻头,薄唇,嘴角平直,碎裂虹膜,骨感菱形（下颌线清晰化），高眉骨/眼下骨感，丹凤眼·眼尾平直·宽眼距，中鼻根/轻微偏右鼻梁/方圆鼻头，薄唇·嘴角平直，收敛下颌
FD03042,正梯形脸,下颌线柔化,宽额,压迫感眉骨,眼下骨感,低颧骨,薄面颊,明显下颌角,成熟长眼,眼尾平直,窄眼距,墨玉瞳,宽鼻根,高直鼻梁,轻翘鼻头,成熟长唇,嘴角紧收,左眼下浅泪痣,正梯形脸（下颌线柔化），压迫感眉骨/眼下骨感，成熟长眼·眼尾平直·窄眼距，宽鼻根/高直鼻梁/轻翘鼻头，成熟长唇·嘴角紧收，明显下颌角
FD03043,骨感窄脸,颈部线条延长,平直额,高眉骨,眼下饱满,窄颧骨,幼态柔软面颊,窄下颌,半睁懒眼,眼尾平直,标准眼距,环状虹膜,窄鼻根,轻鹰钩鼻梁,骨感鼻头,薄唇,嘴角平直,左眼下浅泪痣,骨感窄脸（颈部线条延长），高眉骨/眼下饱满，半睁懒眼·眼尾平直·标准眼距，窄鼻根/轻鹰钩鼻梁/骨感鼻头，薄唇·嘴角平直，窄下颌
FD03044,幼态方脸,颧部外扩,饱满额,高眉骨,浅眼窝,宽颧骨,轻凹面颊,柔和下颌,半睁懒眼,眼尾下压,标准眼距,深色瞳,中高鼻根,轻鹰钩鼻梁,下压鼻头,厚唇,单侧上扬,单侧酒窝,幼态方脸（颧部外扩），高眉骨/浅眼窝，半睁懒眼·眼尾下压·标准眼距，中高鼻根/轻鹰钩鼻梁/下压鼻头，厚唇·单侧上扬，柔和下颌
FD03045,长菱形,下庭收窄,微凸额,低眉骨,窄深眼窝,窄颧骨,薄面颊,窄下颌,宽杏眼,眼尾下沉,宽眼距,琥珀瞳,中高鼻根,微弧鼻梁,窄翼鼻头,平直唇,嘴角平直,指节薄茧,长菱形（下庭收窄），低眉骨/窄深眼窝，宽杏眼·眼尾下沉·宽眼距，中高鼻根/微弧鼻梁/窄翼鼻头，平直唇·嘴角平直，窄下颌
FD03046,长菱形,偏锐收窄,低额,厚眉骨,中度眼窝,窄颧骨,轻凹面颊,方下颌,狭长眼,眼尾下沉,宽眼距,淡金瞳,中高鼻根,轻微偏右鼻梁,肉感鼻头,厚唇,单侧上扬,单侧虎牙,长菱形（偏锐收窄），厚眉骨/中度眼窝，狭长眼·眼尾下沉·宽眼距，中高鼻根/轻微偏右鼻梁/肉感鼻头，厚唇·单侧上扬，方下颌
FD03047,宽菱形,颌角弱化,高额,薄眉骨,眼下饱满,宽颧骨,幼态柔软面颊,圆方下颌,短圆杏眼,眼尾下沉,窄眼距,异色瞳,中鼻根,微弧鼻梁,窄翼鼻头,上薄下厚,嘴角平直,碎裂虹膜,宽菱形（颌角弱化），薄眉骨/眼下饱满，短圆杏眼·眼尾下沉·窄眼距，中鼻根/微弧鼻梁/窄翼鼻头，上薄下厚·嘴角平直，圆方下颌
FD03048,骨感窄脸,颌角强调,饱满额,厚眉骨,眼下骨感,高颧骨,轻凹面颊,骨感下颌,窄杏眼,眼尾明显挑,窄眼距,星点虹膜,窄鼻根,轻微偏左鼻梁,下压鼻头,弓形唇,嘴角上扬,眼角小痣,骨感窄脸（颌角强调），厚眉骨/眼下骨感，窄杏眼·眼尾明显挑·窄眼距，窄鼻根/轻微偏左鼻梁/下压鼻头，弓形唇·嘴角上扬，骨感下颌
FD03049,上窄下宽脸,上庭收窄,平直额,外侧突出眉骨,眼下饱满,柔和颧骨,饱满面颊,圆方下颌,平直杏眼,眼尾微挑,窄眼距,墨玉瞳,窄鼻根,微弧鼻梁,方圆鼻头,小嘴,嘴角下垂,眉尾旧疤,上窄下宽脸（上庭收窄），外侧突出眉骨/眼下饱满，平直杏眼·眼尾微挑·窄眼距，窄鼻根/微弧鼻梁/方圆鼻头，小嘴·嘴角下垂，圆方下颌
FD03050,方鹅蛋脸,颧部外扩,平直额,薄眉骨,眼下骨感,宽颧骨,幼态柔软面颊,宽下颌,丹凤眼,眼尾平直,窄眼距,灰蓝瞳,中高鼻根,轻鹰钩鼻梁,微钝鼻头,弓形唇,嘴角下垂,耳后小痣,方鹅蛋脸（颧部外扩），薄眉骨/眼下骨感，丹凤眼·眼尾平直·窄眼距，中高鼻根/轻鹰钩鼻梁/微钝鼻头，弓形唇·嘴角下垂，宽下颌
FD03051,圆脸,骨点外显,低额,厚眉骨,窄深眼窝,宽颧骨,幼态柔软面颊,柔和下颌,下垂眼,眼尾下压,宽眼距,异色瞳,窄鼻根,轻鹰钩鼻梁,小圆鼻头,弓形唇,单侧上扬,环状虹膜,圆脸（骨点外显），厚眉骨/窄深眼窝，下垂眼·眼尾下压·宽眼距，窄鼻根/轻鹰钩鼻梁/小圆鼻头，弓形唇·单侧上扬，柔和下颌
FD03052,骨感方脸,中庭展宽,平直额,薄眉骨,眼下骨感,外扩颧骨,饱满面颊,宽下颌,下垂眼,眼尾明显挑,宽眼距,环状虹膜,高鼻根,微弧鼻梁,肉感鼻头,上薄下厚,嘴角下垂,无标志,骨感方脸（中庭展宽），薄眉骨/眼下骨感，下垂眼·眼尾明显挑·宽眼距，高鼻根/微弧鼻梁/肉感鼻头，上薄下厚·嘴角下垂，宽下颌
FD03053,宽鹅蛋脸,中轴微长,高额,外侧突出眉骨,宽浅眼窝,低颧骨,饱满面颊,明显下颌角,狭长眼,眼尾下沉,窄眼距,灰蓝瞳,低鼻根,轻微偏右鼻梁,小圆鼻头,小嘴,单侧上扬,鼻梁旧伤,宽鹅蛋脸（中轴微长），外侧突出眉骨/宽浅眼窝，狭长眼·眼尾下沉·窄眼距，低鼻根/轻微偏右鼻梁/小圆鼻头，小嘴·单侧上扬，明显下颌角
FD03054,肉感短脸,中庭拉长,饱满额,低眉骨,眼下饱满,窄颧骨,薄面颊,柔和下颌,狐狸系眼,眼尾平直,窄眼距,星点虹膜,低鼻根,宽骨鼻梁,骨感鼻头,弓形唇,嘴角平直,碎裂虹膜,肉感短脸（中庭拉长），低眉骨/眼下饱满，狐狸系眼·眼尾平直·窄眼距，低鼻根/宽骨鼻梁/骨感鼻头，弓形唇·嘴角平直，柔和下颌
FD03055,倒梯形脸,颧部微收,低额,压迫感眉骨,宽浅眼窝,高颧骨,幼态柔软面颊,圆方下颌,瑞凤眼,眼尾平直,窄眼距,墨玉瞳,低鼻根,轻鹰钩鼻梁,下压鼻头,薄唇,嘴角上扬,单侧酒窝,倒梯形脸（颧部微收），压迫感眉骨/宽浅眼窝，瑞凤眼·眼尾平直·窄眼距，低鼻根/轻鹰钩鼻梁/下压鼻头，薄唇·嘴角上扬，圆方下颌
FD03056,长方脸,上庭展开,低额,薄眉骨,浅眼窝,低颧骨,成熟收紧面颊,方下颌,鹤系眼,眼尾下压,标准眼距,灰蓝瞳,窄鼻根,中直鼻梁,方圆鼻头,薄唇,嘴角上扬,耳后小痣,长方脸（上庭展开），薄眉骨/浅眼窝，鹤系眼·眼尾下压·标准眼距，窄鼻根/中直鼻梁/方圆鼻头，薄唇·嘴角上扬，方下颌
FD03057,双颌匀称脸,偏锐收窄,平直额,薄眉骨,宽浅眼窝,窄颧骨,饱满面颊,收敛下颌,少年圆眼,眼尾下压,窄眼距,淡金瞳,窄鼻根,高直鼻梁,下压鼻头,上厚下薄,嘴角平直,左颊浅疤,双颌匀称脸（偏锐收窄），薄眉骨/宽浅眼窝，少年圆眼·眼尾下压·窄眼距，窄鼻根/高直鼻梁/下压鼻头，上厚下薄·嘴角平直，收敛下颌
FD03058,倒梯形脸,偏锐收窄,高额,薄眉骨,窄深眼窝,柔和颧骨,轻凹面颊,圆方下颌,圆长眼,眼尾下沉,宽眼距,碎裂虹膜,中鼻根,高直鼻梁,方圆鼻头,弓形唇,嘴角下垂,单侧酒窝,倒梯形脸（偏锐收窄），薄眉骨/窄深眼窝，圆长眼·眼尾下沉·宽眼距，中鼻根/高直鼻梁/方圆鼻头，弓形唇·嘴角下垂，圆方下颌
FD03059,长心形脸,下颌线清晰化,低额,柔和眉骨,眼下骨感,高颧骨,薄面颊,宽下颌,桃花眼,眼尾微挑,窄眼距,深色瞳,宽鼻根,中直鼻梁,骨感鼻头,上厚下薄,嘴角紧收,无标志,长心形脸（下颌线清晰化），柔和眉骨/眼下骨感，桃花眼·眼尾微挑·窄眼距，宽鼻根/中直鼻梁/骨感鼻头，上厚下薄·嘴角紧收，宽下颌
FD03060,上窄下宽脸,颈部线条收短,饱满额,高眉骨,浅眼窝,低颧骨,幼态柔软面颊,宽下颌,猫系眼,眼尾平直,宽眼距,灰蓝瞳,宽鼻根,宽骨鼻梁,微钝鼻头,小嘴,嘴角下垂,下颌浅疤,上窄下宽脸（颈部线条收短），高眉骨/浅眼窝，猫系眼·眼尾平直·宽眼距，宽鼻根/宽骨鼻梁/微钝鼻头，小嘴·嘴角下垂，宽下颌
FD03061,鹅蛋偏方,面中平缓,低额,压迫感眉骨,深眼窝,外扩颧骨,饱满面颊,收敛下颌,鹰隼眼,眼尾延展,宽眼距,浅褐瞳,高鼻根,轻鹰钩鼻梁,肉感鼻头,弓形唇,嘴角平直,左眼下浅泪痣,鹅蛋偏方（面中平缓），压迫感眉骨/深眼窝，鹰隼眼·眼尾延展·宽眼距，高鼻根/轻鹰钩鼻梁/肉感鼻头，弓形唇·嘴角平直，收敛下颌
FD03062,宽鹅蛋脸,面中立体化,窄额,压迫感眉骨,眼下饱满,窄颧骨,幼态柔软面颊,收敛下颌,少年圆眼,眼尾延展,窄眼距,浅褐瞳,低鼻根,宽骨鼻梁,窄翼鼻头,弓形唇,单侧上扬,眼睑褶皱不对称,宽鹅蛋脸（面中立体化），压迫感眉骨/眼下饱满，少年圆眼·眼尾延展·窄眼距，低鼻根/宽骨鼻梁/窄翼鼻头，弓形唇·单侧上扬，收敛下颌
FD03063,宽菱形,偏锐收窄,宽额,低眉骨,眼下饱满,柔和颧骨,饱满面颊,窄下颌,平直杏眼,眼尾延展,窄眼距,浅褐瞳,低鼻根,柔和鼻梁,方圆鼻头,上薄下厚,嘴角平直,右眉轻断,宽菱形（偏锐收窄），低眉骨/眼下饱满，平直杏眼·眼尾延展·窄眼距，低鼻根/柔和鼻梁/方圆鼻头，上薄下厚·嘴角平直，窄下颌
FD03064,柔和菱形,面中平缓,窄额,高眉骨,宽浅眼窝,低颧骨,饱满面颊,明显下颌角,下垂眼,眼尾下压,标准眼距,琥珀瞳,高鼻根,高直鼻梁,方圆鼻头,平直唇,嘴角平直,左眼下浅泪痣,柔和菱形（面中平缓），高眉骨/宽浅眼窝，下垂眼·眼尾下压·标准眼距，高鼻根/高直鼻梁/方圆鼻头，平直唇·嘴角平直，明显下颌角
FD03065,双颌匀称脸,颧部外扩,微凸额,外侧突出眉骨,深眼窝,高颧骨,轻凹面颊,骨感下颌,短杏眼,眼尾下沉,宽眼距,浅褐瞳,窄鼻根,宽骨鼻梁,肉感鼻头,弓形唇,嘴角上扬,瞳孔残缺,双颌匀称脸（颧部外扩），外侧突出眉骨/深眼窝，短杏眼·眼尾下沉·宽眼距，窄鼻根/宽骨鼻梁/肉感鼻头，弓形唇·嘴角上扬，骨感下颌
FD03066,骨感菱形,颌角弱化,低额,厚眉骨,中度眼窝,高颧骨,成熟收紧面颊,明显下颌角,短圆杏眼,眼尾下压,窄眼距,琥珀瞳,宽鼻根,轻鹰钩鼻梁,肉感鼻头,宽嘴,嘴角上扬,单侧虎牙,骨感菱形（颌角弱化），厚眉骨/中度眼窝，短圆杏眼·眼尾下压·窄眼距，宽鼻根/轻鹰钩鼻梁/肉感鼻头，宽嘴·嘴角上扬，明显下颌角
FD03067,宽鹅蛋脸,颊部略凹,微凸额,厚眉骨,中度眼窝,柔和颧骨,幼态柔软面颊,骨感下颌,狼系眼,眼尾平直,宽眼距,浅褐瞳,窄鼻根,中直鼻梁,窄翼鼻头,小嘴,嘴角平直,唇下小痣,宽鹅蛋脸（颊部略凹），厚眉骨/中度眼窝，狼系眼·眼尾平直·宽眼距，窄鼻根/中直鼻梁/窄翼鼻头，小嘴·嘴角平直，骨感下颌
FD03068,幼态圆脸,下庭加重,饱满额,薄眉骨,眼下骨感,高颧骨,成熟收紧面颊,窄下颌,平直杏眼,眼尾平直,宽眼距,浅褐瞳,中鼻根,高直鼻梁,骨感鼻头,弓形唇,嘴角下垂,异色瞳,幼态圆脸（下庭加重），薄眉骨/眼下骨感，平直杏眼·眼尾平直·宽眼距，中鼻根/高直鼻梁/骨感鼻头，弓形唇·嘴角下垂，窄下颌
FD03069,宽方脸,面中平缓,骨感额,压迫感眉骨,眼下饱满,外扩颧骨,薄面颊,骨感下颌,鹤系眼,眼尾下沉,标准眼距,深色瞳,高鼻根,中直鼻梁,方圆鼻头,薄唇,嘴角上扬,鼻梁旧伤,宽方脸（面中平缓），压迫感眉骨/眼下饱满，鹤系眼·眼尾下沉·标准眼距，高鼻根/中直鼻梁/方圆鼻头，薄唇·嘴角上扬，骨感下颌
FD03070,长圆脸,颊部饱满,低额,薄眉骨,窄深眼窝,低颧骨,幼态柔软面颊,方下颌,圆长眼,眼尾平直,宽眼距,浅褐瞳,中高鼻根,轻鹰钩鼻梁,下压鼻头,成熟长唇,嘴角下垂,左颊浅疤,长圆脸（颊部饱满），薄眉骨/窄深眼窝，圆长眼·眼尾平直·宽眼距，中高鼻根/轻鹰钩鼻梁/下压鼻头，成熟长唇·嘴角下垂，方下颌
FD03071,骨感方脸,下庭收窄,低额,柔和眉骨,眼下饱满,高颧骨,轻凹面颊,方下颌,柳叶眼,眼尾下沉,标准眼距,异色瞳,窄鼻根,轻微偏右鼻梁,微钝鼻头,平直唇,嘴角平直,下颌浅疤,骨感方脸（下庭收窄），柔和眉骨/眼下饱满，柳叶眼·眼尾下沉·标准眼距，窄鼻根/轻微偏右鼻梁/微钝鼻头，平直唇·嘴角平直，方下颌
FD03072,圆脸,颧部微收,低额,内侧突出眉骨,宽浅眼窝,窄颧骨,轻凹面颊,窄下颌,少年圆眼,眼尾平直,宽眼距,浅褐瞳,高鼻根,轻微偏左鼻梁,下压鼻头,薄唇,嘴角下垂,眉上小疤,圆脸（颧部微收），内侧突出眉骨/宽浅眼窝，少年圆眼·眼尾平直·宽眼距，高鼻根/轻微偏左鼻梁/下压鼻头，薄唇·嘴角下垂，窄下颌
FD03073,倒三角脸,骨点内敛,平直额,低眉骨,中度眼窝,高颧骨,轻凹面颊,柔和下颌,蛇系眼,眼尾微挑,标准眼距,星点虹膜,窄鼻根,柔和鼻梁,窄翼鼻头,小嘴,嘴角下垂,左颊浅疤,倒三角脸（骨点内敛），低眉骨/中度眼窝，蛇系眼·眼尾微挑·标准眼距，窄鼻根/柔和鼻梁/窄翼鼻头，小嘴·嘴角下垂，柔和下颌
FD03074,幼态圆脸,下颌线柔化,高额,外侧突出眉骨,窄深眼窝,外扩颧骨,轻凹面颊,圆方下颌,圆长眼,眼尾下沉,标准眼距,碎裂虹膜,低鼻根,轻微偏左鼻梁,小圆鼻头,薄唇,单侧上扬,眉心竖纹浅痕,幼态圆脸（下颌线柔化），外侧突出眉骨/窄深眼窝，圆长眼·眼尾下沉·标准眼距，低鼻根/轻微偏左鼻梁/小圆鼻头，薄唇·单侧上扬，圆方下颌
FD03075,长方脸,面中平缓,微凸额,低眉骨,深眼窝,窄颧骨,薄面颊,收敛下颌,圆长眼,眼尾明显挑,宽眼距,淡金瞳,中鼻根,微弧鼻梁,小圆鼻头,上厚下薄,嘴角上扬,指节薄茧,长方脸（面中平缓），低眉骨/深眼窝，圆长眼·眼尾明显挑·宽眼距，中鼻根/微弧鼻梁/小圆鼻头，上厚下薄·嘴角上扬，收敛下颌
FD03076,窄鹅蛋脸,面中平缓,微凸额,外侧突出眉骨,浅眼窝,低颧骨,成熟收紧面颊,明显下颌角,鹤系眼,眼尾下压,窄眼距,环状虹膜,中鼻根,柔和鼻梁,微钝鼻头,上厚下薄,嘴角下垂,眉上小疤,窄鹅蛋脸（面中平缓），外侧突出眉骨/浅眼窝，鹤系眼·眼尾下压·窄眼距，中鼻根/柔和鼻梁/微钝鼻头，上厚下薄·嘴角下垂，明显下颌角
FD03077,倒三角脸,中轴微长,宽额,柔和眉骨,窄深眼窝,窄颧骨,轻凹面颊,圆方下颌,柳叶眼,眼尾微挑,标准眼距,浅褐瞳,低鼻根,中直鼻梁,方圆鼻头,小嘴,嘴角下垂,无标志,倒三角脸（中轴微长），柔和眉骨/窄深眼窝，柳叶眼·眼尾微挑·标准眼距，低鼻根/中直鼻梁/方圆鼻头，小嘴·嘴角下垂，圆方下颌
FD03078,长鹅蛋脸,中轴收紧,饱满额,压迫感眉骨,深眼窝,外扩颧骨,薄面颊,窄下颌,疲惫眼,眼尾明显挑,窄眼距,淡金瞳,中鼻根,轻微偏右鼻梁,微钝鼻头,上厚下薄,嘴角上扬,无标志,长鹅蛋脸（中轴收紧），压迫感眉骨/深眼窝，疲惫眼·眼尾明显挑·窄眼距，中鼻根/轻微偏右鼻梁/微钝鼻头，上厚下薄·嘴角上扬，窄下颌
FD03079,倒三角脸,上庭收窄,宽额,厚眉骨,浅眼窝,窄颧骨,成熟收紧面颊,收敛下颌,冷感眼,眼尾平直,标准眼距,碎裂虹膜,中高鼻根,轻微偏右鼻梁,窄翼鼻头,厚唇,嘴角下垂,双侧酒窝,倒三角脸（上庭收窄），厚眉骨/浅眼窝，冷感眼·眼尾平直·标准眼距，中高鼻根/轻微偏右鼻梁/窄翼鼻头，厚唇·嘴角下垂，收敛下颌
FD03080,心形脸,偏柔圆润,微凸额,厚眉骨,窄深眼窝,窄颧骨,成熟收紧面颊,收敛下颌,短圆杏眼,眼尾下沉,标准眼距,碎裂虹膜,宽鼻根,柔和鼻梁,轻翘鼻头,小嘴,嘴角下垂,双侧酒窝,心形脸（偏柔圆润），厚眉骨/窄深眼窝，短圆杏眼·眼尾下沉·标准眼距，宽鼻根/柔和鼻梁/轻翘鼻头，小嘴·嘴角下垂，收敛下颌
FD03081,骨感菱形,中庭展宽,骨感额,低眉骨,眼下骨感,窄颧骨,幼态柔软面颊,柔和下颌,平凤眼,眼尾明显挑,标准眼距,星点虹膜,中高鼻根,高直鼻梁,骨感鼻头,弓形唇,嘴角平直,耳后小痣,骨感菱形（中庭展宽），低眉骨/眼下骨感，平凤眼·眼尾明显挑·标准眼距，中高鼻根/高直鼻梁/骨感鼻头，弓形唇·嘴角平直，柔和下颌
FD03082,圆脸,颈部线条延长,平直额,柔和眉骨,中度眼窝,柔和颧骨,薄面颊,宽下颌,桃花眼,眼尾微挑,标准眼距,浅褐瞳,窄鼻根,轻微偏左鼻梁,小圆鼻头,上厚下薄,嘴角下垂,鼻梁旧伤,圆脸（颈部线条延长），柔和眉骨/中度眼窝，桃花眼·眼尾微挑·标准眼距，窄鼻根/轻微偏左鼻梁/小圆鼻头，上厚下薄·嘴角下垂，宽下颌
FD03083,圆方脸,骨点外显,低额,厚眉骨,眼下骨感,窄颧骨,薄面颊,收敛下颌,宽杏眼,眼尾明显挑,窄眼距,琥珀瞳,高鼻根,高直鼻梁,下压鼻头,宽嘴,单侧上扬,无标志,圆方脸（骨点外显），厚眉骨/眼下骨感，宽杏眼·眼尾明显挑·窄眼距，高鼻根/高直鼻梁/下压鼻头，宽嘴·单侧上扬，收敛下颌
FD03084,上宽下窄脸,颊部饱满,骨感额,高眉骨,中度眼窝,高颧骨,饱满面颊,骨感下颌,狼系眼,眼尾微挑,窄眼距,墨玉瞳,低鼻根,高直鼻梁,窄翼鼻头,成熟长唇,嘴角下垂,颈侧细疤,上宽下窄脸（颊部饱满），高眉骨/中度眼窝，狼系眼·眼尾微挑·窄眼距，低鼻根/高直鼻梁/窄翼鼻头，成熟长唇·嘴角下垂，骨感下颌
FD03085,肉感短脸,中庭展宽,低额,低眉骨,眼下饱满,低颧骨,成熟收紧面颊,窄下颌,猫系眼,眼尾明显挑,标准眼距,环状虹膜,中鼻根,轻鹰钩鼻梁,窄翼鼻头,小嘴,嘴角下垂,眼角小痣,肉感短脸（中庭展宽），低眉骨/眼下饱满，猫系眼·眼尾明显挑·标准眼距，中鼻根/轻鹰钩鼻梁/窄翼鼻头，小嘴·嘴角下垂，窄下颌
FD03086,幼态方脸,下颌线柔化,低额,内侧突出眉骨,窄深眼窝,窄颧骨,轻凹面颊,窄下颌,鹤系眼,眼尾微挑,标准眼距,墨玉瞳,中鼻根,宽骨鼻梁,肉感鼻头,宽嘴,嘴角下垂,单侧酒窝,幼态方脸（下颌线柔化），内侧突出眉骨/窄深眼窝，鹤系眼·眼尾微挑·标准眼距，中鼻根/宽骨鼻梁/肉感鼻头，宽嘴·嘴角下垂，窄下颌
FD03087,上宽下窄脸,颧部微收,低额,厚眉骨,中度眼窝,窄颧骨,幼态柔软面颊,骨感下颌,下垂眼,眼尾下沉,标准眼距,灰蓝瞳,中鼻根,轻微偏右鼻梁,小圆鼻头,小嘴,单侧上扬,下颌浅疤,上宽下窄脸（颧部微收），厚眉骨/中度眼窝，下垂眼·眼尾下沉·标准眼距，中鼻根/轻微偏右鼻梁/小圆鼻头，小嘴·单侧上扬，骨感下颌
FD03088,短鹅蛋脸,颈部线条延长,骨感额,厚眉骨,中度眼窝,柔和颧骨,薄面颊,骨感下颌,瑞凤眼,眼尾明显挑,宽眼距,浅褐瞳,中高鼻根,轻微偏右鼻梁,窄翼鼻头,平直唇,嘴角下垂,双侧酒窝,短鹅蛋脸（颈部线条延长），厚眉骨/中度眼窝，瑞凤眼·眼尾明显挑·宽眼距，中高鼻根/轻微偏右鼻梁/窄翼鼻头，平直唇·嘴角下垂，骨感下颌
FD03089,肉感短脸,颌角强调,饱满额,薄眉骨,中度眼窝,低颧骨,轻凹面颊,骨感下颌,下垂眼,眼尾下沉,标准眼距,灰蓝瞳,窄鼻根,轻微偏左鼻梁,方圆鼻头,成熟长唇,单侧上扬,眉心竖纹浅痕,肉感短脸（颌角强调），薄眉骨/中度眼窝，下垂眼·眼尾下沉·标准眼距，窄鼻根/轻微偏左鼻梁/方圆鼻头，成熟长唇·单侧上扬，骨感下颌
FD03090,倒梯形脸,骨点内敛,微凸额,柔和眉骨,窄深眼窝,低颧骨,轻凹面颊,圆方下颌,狼系眼,眼尾明显挑,宽眼距,星点虹膜,低鼻根,微弧鼻梁,方圆鼻头,上薄下厚,嘴角紧收,鼻梁旧伤,倒梯形脸（骨点内敛），柔和眉骨/窄深眼窝，狼系眼·眼尾明显挑·宽眼距，低鼻根/微弧鼻梁/方圆鼻头，上薄下厚·嘴角紧收，圆方下颌
FD03091,短鹅蛋脸,下庭加重,高额,外侧突出眉骨,宽浅眼窝,窄颧骨,饱满面颊,柔和下颌,蛇系眼,眼尾明显挑,标准眼距,灰蓝瞳,中鼻根,柔和鼻梁,小圆鼻头,成熟长唇,嘴角上扬,右眼下浅泪痣,短鹅蛋脸（下庭加重），外侧突出眉骨/宽浅眼窝，蛇系眼·眼尾明显挑·标准眼距，中鼻根/柔和鼻梁/小圆鼻头，成熟长唇·嘴角上扬，柔和下颌
FD03092,短圆脸,中轴微长,宽额,薄眉骨,眼下饱满,柔和颧骨,薄面颊,骨感下颌,猫系眼,眼尾平直,标准眼距,星点虹膜,高鼻根,轻鹰钩鼻梁,小圆鼻头,上厚下薄,嘴角下垂,眼角小痣,短圆脸（中轴微长），薄眉骨/眼下饱满，猫系眼·眼尾平直·标准眼距，高鼻根/轻鹰钩鼻梁/小圆鼻头，上厚下薄·嘴角下垂，骨感下颌
FD03093,双颌匀称脸,中轴微长,微凸额,低眉骨,浅眼窝,低颧骨,成熟收紧面颊,窄下颌,宽杏眼,眼尾下沉,窄眼距,环状虹膜,窄鼻根,轻微偏右鼻梁,窄翼鼻头,平直唇,嘴角平直,环状虹膜,双颌匀称脸（中轴微长），低眉骨/浅眼窝，宽杏眼·眼尾下沉·窄眼距，窄鼻根/轻微偏右鼻梁/窄翼鼻头，平直唇·嘴角平直，窄下颌
FD03094,上窄下宽脸,面中立体化,高额,低眉骨,宽浅眼窝,外扩颧骨,幼态柔软面颊,圆方下颌,猫系眼,眼尾微挑,窄眼距,深色瞳,中高鼻根,微弧鼻梁,小圆鼻头,薄唇,单侧上扬,无标志,上窄下宽脸（面中立体化），低眉骨/宽浅眼窝，猫系眼·眼尾微挑·窄眼距，中高鼻根/微弧鼻梁/小圆鼻头，薄唇·单侧上扬，圆方下颌
FD03095,双颌匀称脸,骨点外显,低额,压迫感眉骨,宽浅眼窝,高颧骨,薄面颊,收敛下颌,冷感眼,眼尾下压,标准眼距,环状虹膜,中鼻根,轻微偏右鼻梁,窄翼鼻头,小嘴,嘴角紧收,额角旧痕,双颌匀称脸（骨点外显），压迫感眉骨/宽浅眼窝，冷感眼·眼尾下压·标准眼距，中鼻根/轻微偏右鼻梁/窄翼鼻头，小嘴·嘴角紧收，收敛下颌
FD03096,宽心形脸,偏锐收窄,低额,柔和眉骨,宽浅眼窝,窄颧骨,饱满面颊,窄下颌,短圆杏眼,眼尾下沉,标准眼距,深色瞳,高鼻根,轻微偏左鼻梁,窄翼鼻头,上厚下薄,单侧上扬,单侧酒窝,宽心形脸（偏锐收窄），柔和眉骨/宽浅眼窝，短圆杏眼·眼尾下沉·标准眼距，高鼻根/轻微偏左鼻梁/窄翼鼻头，上厚下薄·单侧上扬，窄下颌
FD03097,宽方脸,下庭加重,低额,厚眉骨,浅眼窝,低颧骨,幼态柔软面颊,方下颌,狐狸系眼,眼尾明显挑,窄眼距,异色瞳,中高鼻根,宽骨鼻梁,小圆鼻头,薄唇,单侧上扬,左眼下浅泪痣,宽方脸（下庭加重），厚眉骨/浅眼窝，狐狸系眼·眼尾明显挑·窄眼距，中高鼻根/宽骨鼻梁/小圆鼻头，薄唇·单侧上扬，方下颌
FD03098,长圆脸,上庭收窄,低额,低眉骨,眼下饱满,窄颧骨,幼态柔软面颊,明显下颌角,丹凤眼,眼尾延展,窄眼距,琥珀瞳,中高鼻根,轻鹰钩鼻梁,下压鼻头,薄唇,单侧上扬,颈侧细疤,长圆脸（上庭收窄），低眉骨/眼下饱满，丹凤眼·眼尾延展·窄眼距，中高鼻根/轻鹰钩鼻梁/下压鼻头，薄唇·单侧上扬，明显下颌角
FD03099,圆方脸,下庭收窄,饱满额,高眉骨,中度眼窝,宽颧骨,成熟收紧面颊,方下颌,窄杏眼,眼尾微挑,标准眼距,浅褐瞳,窄鼻根,高直鼻梁,下压鼻头,厚唇,嘴角上扬,无标志,圆方脸（下庭收窄），高眉骨/中度眼窝，窄杏眼·眼尾微挑·标准眼距，窄鼻根/高直鼻梁/下压鼻头，厚唇·嘴角上扬，方下颌
FD03100,宽方脸,偏锐收窄,宽额,低眉骨,眼下饱满,外扩颧骨,饱满面颊,方下颌,半睁懒眼,眼尾下沉,宽眼距,碎裂虹膜,中高鼻根,轻微偏右鼻梁,下压鼻头,薄唇,嘴角上扬,左眼下浅泪痣,宽方脸（偏锐收窄），低眉骨/眼下饱满，半睁懒眼·眼尾下沉·宽眼距，中高鼻根/轻微偏右鼻梁/下压鼻头，薄唇·嘴角上扬，方下颌
FD03101,骨感窄脸,骨点外显,微凸额,柔和眉骨,深眼窝,低颧骨,成熟收紧面颊,明显下颌角,鹤系眼,眼尾延展,窄眼距,淡金瞳,中鼻根,轻鹰钩鼻梁,肉感鼻头,上薄下厚,嘴角紧收,眉心竖纹浅痕,骨感窄脸（骨点外显），柔和眉骨/深眼窝，鹤系眼·眼尾延展·窄眼距，中鼻根/轻鹰钩鼻梁/肉感鼻头，上薄下厚·嘴角紧收，明显下颌角
FD03102,倒三角脸,中轴微长,宽额,压迫感眉骨,中度眼窝,低颧骨,饱满面颊,方下颌,圆长眼,眼尾延展,标准眼距,异色瞳,高鼻根,中直鼻梁,方圆鼻头,宽嘴,嘴角平直,右眉轻断,倒三角脸（中轴微长），压迫感眉骨/中度眼窝，圆长眼·眼尾延展·标准眼距，高鼻根/中直鼻梁/方圆鼻头，宽嘴·嘴角平直，方下颌
FD03103,清瘦圆脸,面中平缓,窄额,高眉骨,宽浅眼窝,宽颧骨,成熟收紧面颊,方下颌,短圆杏眼,眼尾下沉,标准眼距,灰蓝瞳,中鼻根,中直鼻梁,小圆鼻头,平直唇,单侧上扬,额角旧痕,清瘦圆脸（面中平缓），高眉骨/宽浅眼窝，短圆杏眼·眼尾下沉·标准眼距，中鼻根/中直鼻梁/小圆鼻头，平直唇·单侧上扬，方下颌
FD03104,骨感窄脸,中轴微长,高额,薄眉骨,深眼窝,宽颧骨,轻凹面颊,明显下颌角,丹凤眼,眼尾下压,窄眼距,星点虹膜,中高鼻根,高直鼻梁,窄翼鼻头,宽嘴,嘴角紧收,无标志,骨感窄脸（中轴微长），薄眉骨/深眼窝，丹凤眼·眼尾下压·窄眼距，中高鼻根/高直鼻梁/窄翼鼻头，宽嘴·嘴角紧收，明显下颌角
FD03105,上窄下宽脸,上庭收窄,高额,内侧突出眉骨,眼下饱满,宽颧骨,轻凹面颊,明显下颌角,狼系眼,眼尾下沉,窄眼距,浅褐瞳,宽鼻根,柔和鼻梁,肉感鼻头,平直唇,单侧上扬,无标志,上窄下宽脸（上庭收窄），内侧突出眉骨/眼下饱满，狼系眼·眼尾下沉·窄眼距，宽鼻根/柔和鼻梁/肉感鼻头，平直唇·单侧上扬，明显下颌角
FD03106,颧部展开脸,颧部外扩,骨感额,柔和眉骨,深眼窝,宽颧骨,轻凹面颊,柔和下颌,平凤眼,眼尾平直,宽眼距,深色瞳,窄鼻根,微弧鼻梁,肉感鼻头,成熟长唇,嘴角上扬,单侧酒窝,颧部展开脸（颧部外扩），柔和眉骨/深眼窝，平凤眼·眼尾平直·宽眼距，窄鼻根/微弧鼻梁/肉感鼻头，成熟长唇·嘴角上扬，柔和下颌
FD03107,倒梯形脸,上庭展开,窄额,内侧突出眉骨,深眼窝,窄颧骨,轻凹面颊,圆方下颌,猫系眼,眼尾下压,标准眼距,墨玉瞳,中高鼻根,柔和鼻梁,微钝鼻头,小嘴,嘴角平直,右眼下浅泪痣,倒梯形脸（上庭展开），内侧突出眉骨/深眼窝，猫系眼·眼尾下压·标准眼距，中高鼻根/柔和鼻梁/微钝鼻头，小嘴·嘴角平直，圆方下颌
FD03108,标准菱形,面中平缓,平直额,外侧突出眉骨,眼下饱满,柔和颧骨,饱满面颊,明显下颌角,半睁懒眼,眼尾明显挑,宽眼距,星点虹膜,高鼻根,轻微偏右鼻梁,小圆鼻头,上厚下薄,嘴角平直,额角旧痕,标准菱形（面中平缓），外侧突出眉骨/眼下饱满，半睁懒眼·眼尾明显挑·宽眼距，高鼻根/轻微偏右鼻梁/小圆鼻头，上厚下薄·嘴角平直，明显下颌角
FD03109,倒梯形脸,颊部略凹,高额,低眉骨,眼下饱满,宽颧骨,成熟收紧面颊,骨感下颌,宽杏眼,眼尾平直,标准眼距,环状虹膜,中高鼻根,宽骨鼻梁,下压鼻头,上厚下薄,嘴角紧收,眼角小痣,倒梯形脸（颊部略凹），低眉骨/眼下饱满，宽杏眼·眼尾平直·标准眼距，中高鼻根/宽骨鼻梁/下压鼻头，上厚下薄·嘴角紧收，骨感下颌
FD03110,正梯形脸,中庭展宽,骨感额,低眉骨,深眼窝,高颧骨,饱满面颊,窄下颌,冷感眼,眼尾下压,窄眼距,淡金瞳,低鼻根,中直鼻梁,肉感鼻头,宽嘴,嘴角紧收,单侧虎牙,正梯形脸（中庭展宽），低眉骨/深眼窝，冷感眼·眼尾下压·窄眼距，低鼻根/中直鼻梁/肉感鼻头，宽嘴·嘴角紧收，窄下颌
FD03111,颧部展开脸,颊部略凹,饱满额,薄眉骨,深眼窝,宽颧骨,饱满面颊,宽下颌,柳叶眼,眼尾延展,宽眼距,碎裂虹膜,高鼻根,轻鹰钩鼻梁,窄翼鼻头,成熟长唇,嘴角紧收,眉心竖纹浅痕,颧部展开脸（颊部略凹），薄眉骨/深眼窝，柳叶眼·眼尾延展·宽眼距，高鼻根/轻鹰钩鼻梁/窄翼鼻头，成熟长唇·嘴角紧收，宽下颌
FD03112,宽鹅蛋脸,上庭展开,饱满额,低眉骨,宽浅眼窝,外扩颧骨,轻凹面颊,骨感下颌,鹤系眼,眼尾下压,标准眼距,环状虹膜,中高鼻根,轻微偏左鼻梁,小圆鼻头,小嘴,嘴角上扬,单侧虎牙,宽鹅蛋脸（上庭展开），低眉骨/宽浅眼窝，鹤系眼·眼尾下压·标准眼距，中高鼻根/轻微偏左鼻梁/小圆鼻头，小嘴·嘴角上扬，骨感下颌
FD03113,梨形脸,面中平缓,窄额,内侧突出眉骨,窄深眼窝,低颧骨,薄面颊,圆方下颌,长杏眼,眼尾下沉,标准眼距,碎裂虹膜,低鼻根,宽骨鼻梁,小圆鼻头,成熟长唇,嘴角平直,眉尾旧疤,梨形脸（面中平缓），内侧突出眉骨/窄深眼窝，长杏眼·眼尾下沉·标准眼距，低鼻根/宽骨鼻梁/小圆鼻头，成熟长唇·嘴角平直，圆方下颌
FD03114,倒三角脸,骨点内敛,宽额,薄眉骨,深眼窝,高颧骨,薄面颊,收敛下颌,成熟长眼,眼尾微挑,标准眼距,墨玉瞳,低鼻根,高直鼻梁,轻翘鼻头,厚唇,嘴角紧收,眼睑褶皱不对称,倒三角脸（骨点内敛），薄眉骨/深眼窝，成熟长眼·眼尾微挑·标准眼距，低鼻根/高直鼻梁/轻翘鼻头，厚唇·嘴角紧收，收敛下颌
FD03115,颧部展开脸,颊部饱满,高额,压迫感眉骨,中度眼窝,窄颧骨,幼态柔软面颊,方下颌,短杏眼,眼尾下沉,窄眼距,淡金瞳,中高鼻根,宽骨鼻梁,肉感鼻头,平直唇,嘴角上扬,鼻梁旧伤,颧部展开脸（颊部饱满），压迫感眉骨/中度眼窝，短杏眼·眼尾下沉·窄眼距，中高鼻根/宽骨鼻梁/肉感鼻头，平直唇·嘴角上扬，方下颌
FD03116,窄鹅蛋脸,骨点内敛,骨感额,高眉骨,中度眼窝,窄颧骨,轻凹面颊,骨感下颌,圆长眼,眼尾明显挑,标准眼距,环状虹膜,中高鼻根,高直鼻梁,窄翼鼻头,小嘴,嘴角平直,眼角小痣,窄鹅蛋脸（骨点内敛），高眉骨/中度眼窝，圆长眼·眼尾明显挑·标准眼距，中高鼻根/高直鼻梁/窄翼鼻头，小嘴·嘴角平直，骨感下颌
FD03117,宽菱形,骨点内敛,宽额,压迫感眉骨,浅眼窝,窄颧骨,薄面颊,窄下颌,鹤系眼,眼尾下沉,窄眼距,星点虹膜,低鼻根,轻微偏右鼻梁,骨感鼻头,平直唇,嘴角紧收,瞳孔残缺,宽菱形（骨点内敛），压迫感眉骨/浅眼窝，鹤系眼·眼尾下沉·窄眼距，低鼻根/轻微偏右鼻梁/骨感鼻头，平直唇·嘴角紧收，窄下颌
FD03118,宽心形脸,颈部线条延长,宽额,压迫感眉骨,眼下饱满,高颧骨,轻凹面颊,窄下颌,狼系眼,眼尾下压,窄眼距,浅褐瞳,宽鼻根,宽骨鼻梁,方圆鼻头,厚唇,单侧上扬,右眼下浅泪痣,宽心形脸（颈部线条延长），压迫感眉骨/眼下饱满，狼系眼·眼尾下压·窄眼距，宽鼻根/宽骨鼻梁/方圆鼻头，厚唇·单侧上扬，窄下颌
FD03119,圆脸,上庭展开,微凸额,柔和眉骨,眼下饱满,宽颧骨,饱满面颊,收敛下颌,蛇系眼,眼尾下压,标准眼距,深色瞳,中高鼻根,柔和鼻梁,小圆鼻头,厚唇,嘴角平直,颈侧细疤,圆脸（上庭展开），柔和眉骨/眼下饱满，蛇系眼·眼尾下压·标准眼距，中高鼻根/柔和鼻梁/小圆鼻头，厚唇·嘴角平直，收敛下颌
FD03120,下颌突出脸,颌角强调,高额,压迫感眉骨,眼下骨感,宽颧骨,成熟收紧面颊,方下颌,短杏眼,眼尾下沉,窄眼距,琥珀瞳,低鼻根,中直鼻梁,骨感鼻头,宽嘴,单侧上扬,眉心竖纹浅痕,下颌突出脸（颌角强调），压迫感眉骨/眼下骨感，短杏眼·眼尾下沉·窄眼距，低鼻根/中直鼻梁/骨感鼻头，宽嘴·单侧上扬，方下颌
FD03121,短圆脸,颈部线条延长,饱满额,柔和眉骨,眼下骨感,低颧骨,轻凹面颊,窄下颌,下垂眼,眼尾平直,窄眼距,灰蓝瞳,中鼻根,轻鹰钩鼻梁,轻翘鼻头,弓形唇,嘴角上扬,单侧虎牙,短圆脸（颈部线条延长），柔和眉骨/眼下骨感，下垂眼·眼尾平直·窄眼距，中鼻根/轻鹰钩鼻梁/轻翘鼻头，弓形唇·嘴角上扬，窄下颌
FD03122,窄鹅蛋脸,下颌线柔化,平直额,外侧突出眉骨,深眼窝,低颧骨,薄面颊,柔和下颌,蛇系眼,眼尾延展,窄眼距,深色瞳,中鼻根,高直鼻梁,轻翘鼻头,上厚下薄,单侧上扬,眉上小疤,窄鹅蛋脸（下颌线柔化），外侧突出眉骨/深眼窝，蛇系眼·眼尾延展·窄眼距，中鼻根/高直鼻梁/轻翘鼻头，上厚下薄·单侧上扬，柔和下颌
FD03123,长方脸,颌角弱化,饱满额,薄眉骨,深眼窝,高颧骨,薄面颊,收敛下颌,冷感眼,眼尾下沉,窄眼距,琥珀瞳,窄鼻根,轻鹰钩鼻梁,肉感鼻头,成熟长唇,单侧上扬,碎裂虹膜,长方脸（颌角弱化），薄眉骨/深眼窝，冷感眼·眼尾下沉·窄眼距，窄鼻根/轻鹰钩鼻梁/肉感鼻头，成熟长唇·单侧上扬，收敛下颌
FD03124,窄鹅蛋脸,面中立体化,微凸额,高眉骨,眼下骨感,高颧骨,轻凹面颊,宽下颌,狼系眼,眼尾明显挑,标准眼距,琥珀瞳,中高鼻根,微弧鼻梁,微钝鼻头,小嘴,嘴角下垂,环状虹膜,窄鹅蛋脸（面中立体化），高眉骨/眼下骨感，狼系眼·眼尾明显挑·标准眼距，中高鼻根/微弧鼻梁/微钝鼻头，小嘴·嘴角下垂，宽下颌
FD03125,鹅蛋偏菱,下颌线柔化,宽额,外侧突出眉骨,宽浅眼窝,低颧骨,幼态柔软面颊,收敛下颌,平直杏眼,眼尾下压,宽眼距,灰蓝瞳,高鼻根,轻微偏左鼻梁,方圆鼻头,上薄下厚,嘴角紧收,无标志,鹅蛋偏菱（下颌线柔化），外侧突出眉骨/宽浅眼窝，平直杏眼·眼尾下压·宽眼距，高鼻根/轻微偏左鼻梁/方圆鼻头，上薄下厚·嘴角紧收，收敛下颌
FD03126,梨形脸,下颌线清晰化,宽额,高眉骨,宽浅眼窝,外扩颧骨,饱满面颊,明显下颌角,少年圆眼,眼尾平直,窄眼距,碎裂虹膜,低鼻根,轻微偏右鼻梁,窄翼鼻头,小嘴,嘴角紧收,眼角小痣,梨形脸（下颌线清晰化），高眉骨/宽浅眼窝，少年圆眼·眼尾平直·窄眼距，低鼻根/轻微偏右鼻梁/窄翼鼻头，小嘴·嘴角紧收，明显下颌角
FD03127,肉感短脸,偏锐收窄,宽额,薄眉骨,窄深眼窝,宽颧骨,成熟收紧面颊,收敛下颌,柳叶眼,眼尾下沉,标准眼距,星点虹膜,低鼻根,高直鼻梁,肉感鼻头,薄唇,单侧上扬,下颌浅疤,肉感短脸（偏锐收窄），薄眉骨/窄深眼窝，柳叶眼·眼尾下沉·标准眼距，低鼻根/高直鼻梁/肉感鼻头，薄唇·单侧上扬，收敛下颌
FD03128,圆脸,中轴收紧,平直额,高眉骨,眼下骨感,宽颧骨,薄面颊,明显下颌角,鹰隼眼,眼尾明显挑,窄眼距,异色瞳,宽鼻根,轻微偏左鼻梁,骨感鼻头,小嘴,嘴角紧收,鼻梁旧伤,圆脸（中轴收紧），高眉骨/眼下骨感，鹰隼眼·眼尾明显挑·窄眼距，宽鼻根/轻微偏左鼻梁/骨感鼻头，小嘴·嘴角紧收，明显下颌角
FD03129,柔和方脸,颧部微收,平直额,柔和眉骨,宽浅眼窝,外扩颧骨,薄面颊,方下颌,狭长眼,眼尾下沉,标准眼距,琥珀瞳,宽鼻根,宽骨鼻梁,窄翼鼻头,薄唇,嘴角平直,唇下小痣,柔和方脸（颧部微收），柔和眉骨/宽浅眼窝，狭长眼·眼尾下沉·标准眼距，宽鼻根/宽骨鼻梁/窄翼鼻头，薄唇·嘴角平直，方下颌
FD03130,肉感短脸,中轴微长,饱满额,柔和眉骨,浅眼窝,高颧骨,幼态柔软面颊,骨感下颌,圆长眼,眼尾微挑,窄眼距,墨玉瞳,宽鼻根,中直鼻梁,小圆鼻头,厚唇,嘴角紧收,眼角小痣,肉感短脸（中轴微长），柔和眉骨/浅眼窝，圆长眼·眼尾微挑·窄眼距，宽鼻根/中直鼻梁/小圆鼻头，厚唇·嘴角紧收，骨感下颌
FD03131,短圆脸,下庭加重,窄额,外侧突出眉骨,眼下骨感,宽颧骨,成熟收紧面颊,柔和下颌,平凤眼,眼尾延展,窄眼距,琥珀瞳,低鼻根,轻鹰钩鼻梁,下压鼻头,小嘴,嘴角上扬,下颌浅疤,短圆脸（下庭加重），外侧突出眉骨/眼下骨感，平凤眼·眼尾延展·窄眼距，低鼻根/轻鹰钩鼻梁/下压鼻头，小嘴·嘴角上扬，柔和下颌
FD03132,鹅蛋偏方,中轴收紧,低额,压迫感眉骨,宽浅眼窝,窄颧骨,幼态柔软面颊,明显下颌角,下垂眼,眼尾平直,宽眼距,异色瞳,低鼻根,中直鼻梁,轻翘鼻头,平直唇,嘴角紧收,右眉轻断,鹅蛋偏方（中轴收紧），压迫感眉骨/宽浅眼窝，下垂眼·眼尾平直·宽眼距，低鼻根/中直鼻梁/轻翘鼻头，平直唇·嘴角紧收，明显下颌角
FD03133,骨感菱形,偏锐收窄,高额,内侧突出眉骨,深眼窝,外扩颧骨,饱满面颊,骨感下颌,鹿系眼,眼尾下压,标准眼距,深色瞳,高鼻根,柔和鼻梁,微钝鼻头,宽嘴,嘴角下垂,眼角小痣,骨感菱形（偏锐收窄），内侧突出眉骨/深眼窝，鹿系眼·眼尾下压·标准眼距，高鼻根/柔和鼻梁/微钝鼻头，宽嘴·嘴角下垂，骨感下颌
FD03134,短鹅蛋脸,下颌线清晰化,宽额,薄眉骨,深眼窝,柔和颧骨,薄面颊,圆方下颌,平凤眼,眼尾明显挑,宽眼距,异色瞳,宽鼻根,轻微偏左鼻梁,小圆鼻头,宽嘴,单侧上扬,眼角小痣,短鹅蛋脸（下颌线清晰化），薄眉骨/深眼窝，平凤眼·眼尾明显挑·宽眼距，宽鼻根/轻微偏左鼻梁/小圆鼻头，宽嘴·单侧上扬，圆方下颌
FD03135,上宽下窄脸,中庭拉长,高额,柔和眉骨,宽浅眼窝,窄颧骨,幼态柔软面颊,宽下颌,少年圆眼,眼尾平直,窄眼距,墨玉瞳,低鼻根,高直鼻梁,下压鼻头,厚唇,嘴角平直,眼角小痣,上宽下窄脸（中庭拉长），柔和眉骨/宽浅眼窝，少年圆眼·眼尾平直·窄眼距，低鼻根/高直鼻梁/下压鼻头，厚唇·嘴角平直，宽下颌
FD03136,上宽下窄脸,颊部略凹,高额,低眉骨,深眼窝,外扩颧骨,成熟收紧面颊,柔和下颌,长杏眼,眼尾下沉,窄眼距,琥珀瞳,中高鼻根,高直鼻梁,方圆鼻头,成熟长唇,嘴角紧收,右眉轻断,上宽下窄脸（颊部略凹），低眉骨/深眼窝，长杏眼·眼尾下沉·窄眼距，中高鼻根/高直鼻梁/方圆鼻头，成熟长唇·嘴角紧收，柔和下颌
FD03137,鹅蛋偏菱,偏柔圆润,高额,内侧突出眉骨,眼下骨感,窄颧骨,幼态柔软面颊,窄下颌,短圆杏眼,眼尾明显挑,宽眼距,浅褐瞳,宽鼻根,中直鼻梁,小圆鼻头,宽嘴,嘴角上扬,单侧虎牙,鹅蛋偏菱（偏柔圆润），内侧突出眉骨/眼下骨感，短圆杏眼·眼尾明显挑·宽眼距，宽鼻根/中直鼻梁/小圆鼻头，宽嘴·嘴角上扬，窄下颌
FD03138,倒梯形脸,骨点外显,微凸额,压迫感眉骨,深眼窝,外扩颧骨,幼态柔软面颊,方下颌,平直杏眼,眼尾下沉,窄眼距,浅褐瞳,中高鼻根,中直鼻梁,小圆鼻头,厚唇,嘴角上扬,无标志,倒梯形脸（骨点外显），压迫感眉骨/深眼窝，平直杏眼·眼尾下沉·窄眼距，中高鼻根/中直鼻梁/小圆鼻头，厚唇·嘴角上扬，方下颌
FD03139,柔和菱形,面中平缓,饱满额,外侧突出眉骨,浅眼窝,宽颧骨,轻凹面颊,宽下颌,短杏眼,眼尾下沉,标准眼距,异色瞳,窄鼻根,宽骨鼻梁,小圆鼻头,平直唇,嘴角上扬,单侧酒窝,柔和菱形（面中平缓），外侧突出眉骨/浅眼窝，短杏眼·眼尾下沉·标准眼距，窄鼻根/宽骨鼻梁/小圆鼻头，平直唇·嘴角上扬，宽下颌
FD03140,清瘦圆脸,颧部微收,饱满额,内侧突出眉骨,深眼窝,窄颧骨,薄面颊,宽下颌,狼系眼,眼尾明显挑,宽眼距,墨玉瞳,低鼻根,微弧鼻梁,方圆鼻头,平直唇,嘴角紧收,耳后小痣,清瘦圆脸（颧部微收），内侧突出眉骨/深眼窝，狼系眼·眼尾明显挑·宽眼距，低鼻根/微弧鼻梁/方圆鼻头，平直唇·嘴角紧收，宽下颌
FD03141,柔和方脸,颧部微收,微凸额,高眉骨,中度眼窝,宽颧骨,薄面颊,圆方下颌,短圆杏眼,眼尾延展,宽眼距,浅褐瞳,高鼻根,轻微偏右鼻梁,骨感鼻头,成熟长唇,嘴角下垂,眼角小痣,柔和方脸（颧部微收），高眉骨/中度眼窝，短圆杏眼·眼尾延展·宽眼距，高鼻根/轻微偏右鼻梁/骨感鼻头，成熟长唇·嘴角下垂，圆方下颌
FD03142,宽方脸,偏柔圆润,骨感额,低眉骨,眼下骨感,低颧骨,轻凹面颊,柔和下颌,柳叶眼,眼尾微挑,窄眼距,琥珀瞳,中鼻根,微弧鼻梁,肉感鼻头,弓形唇,单侧上扬,瞳孔残缺,宽方脸（偏柔圆润），低眉骨/眼下骨感，柳叶眼·眼尾微挑·窄眼距，中鼻根/微弧鼻梁/肉感鼻头，弓形唇·单侧上扬，柔和下颌
FD03143,倒三角脸,上庭展开,低额,内侧突出眉骨,深眼窝,窄颧骨,饱满面颊,窄下颌,冷感眼,眼尾延展,标准眼距,淡金瞳,窄鼻根,中直鼻梁,微钝鼻头,成熟长唇,嘴角紧收,无标志,倒三角脸（上庭展开），内侧突出眉骨/深眼窝，冷感眼·眼尾延展·标准眼距，窄鼻根/中直鼻梁/微钝鼻头，成熟长唇·嘴角紧收，窄下颌
FD03144,长圆脸,骨点内敛,微凸额,低眉骨,深眼窝,外扩颧骨,幼态柔软面颊,宽下颌,平直杏眼,眼尾下沉,宽眼距,灰蓝瞳,中高鼻根,轻微偏右鼻梁,下压鼻头,上薄下厚,嘴角紧收,单侧酒窝,长圆脸（骨点内敛），低眉骨/深眼窝，平直杏眼·眼尾下沉·宽眼距，中高鼻根/轻微偏右鼻梁/下压鼻头，上薄下厚·嘴角紧收，宽下颌
FD03145,骨感方脸,骨点内敛,微凸额,内侧突出眉骨,浅眼窝,柔和颧骨,薄面颊,圆方下颌,下垂眼,眼尾微挑,标准眼距,淡金瞳,高鼻根,柔和鼻梁,骨感鼻头,上薄下厚,单侧上扬,右眉轻断,骨感方脸（骨点内敛），内侧突出眉骨/浅眼窝，下垂眼·眼尾微挑·标准眼距，高鼻根/柔和鼻梁/骨感鼻头，上薄下厚·单侧上扬，圆方下颌
FD03146,长方脸,中庭展宽,宽额,压迫感眉骨,眼下饱满,宽颧骨,轻凹面颊,明显下颌角,蛇系眼,眼尾微挑,宽眼距,异色瞳,宽鼻根,柔和鼻梁,下压鼻头,小嘴,嘴角紧收,指节薄茧,长方脸（中庭展宽），压迫感眉骨/眼下饱满，蛇系眼·眼尾微挑·宽眼距，宽鼻根/柔和鼻梁/下压鼻头，小嘴·嘴角紧收，明显下颌角
FD03147,长菱形,下庭加重,高额,高眉骨,窄深眼窝,外扩颧骨,薄面颊,圆方下颌,窄杏眼,眼尾延展,宽眼距,深色瞳,中鼻根,微弧鼻梁,方圆鼻头,宽嘴,单侧上扬,耳后小痣,长菱形（下庭加重），高眉骨/窄深眼窝，窄杏眼·眼尾延展·宽眼距，中鼻根/微弧鼻梁/方圆鼻头，宽嘴·单侧上扬，圆方下颌
FD03148,柔和方脸,颧部外扩,平直额,柔和眉骨,眼下骨感,窄颧骨,成熟收紧面颊,明显下颌角,少年圆眼,眼尾微挑,标准眼距,灰蓝瞳,高鼻根,微弧鼻梁,小圆鼻头,宽嘴,单侧上扬,耳后小痣,柔和方脸（颧部外扩），柔和眉骨/眼下骨感，少年圆眼·眼尾微挑·标准眼距，高鼻根/微弧鼻梁/小圆鼻头，宽嘴·单侧上扬，明显下颌角
FD03149,肉感短脸,下庭收窄,高额,薄眉骨,深眼窝,外扩颧骨,成熟收紧面颊,骨感下颌,平直杏眼,眼尾微挑,标准眼距,墨玉瞳,宽鼻根,轻微偏右鼻梁,小圆鼻头,宽嘴,嘴角上扬,右眼下浅泪痣,肉感短脸（下庭收窄），薄眉骨/深眼窝，平直杏眼·眼尾微挑·标准眼距，宽鼻根/轻微偏右鼻梁/小圆鼻头，宽嘴·嘴角上扬，骨感下颌
FD03150,短圆脸,上庭收窄,微凸额,薄眉骨,深眼窝,高颧骨,薄面颊,骨感下颌,少年圆眼,眼尾平直,窄眼距,碎裂虹膜,中鼻根,轻鹰钩鼻梁,微钝鼻头,弓形唇,嘴角平直,下颌浅疤,短圆脸（上庭收窄），薄眉骨/深眼窝，少年圆眼·眼尾平直·窄眼距，中鼻根/轻鹰钩鼻梁/微钝鼻头，弓形唇·嘴角平直，骨感下颌
FD03151,短方脸,骨点外显,窄额,压迫感眉骨,浅眼窝,柔和颧骨,薄面颊,宽下颌,猫系眼,眼尾下压,窄眼距,深色瞳,宽鼻根,柔和鼻梁,方圆鼻头,弓形唇,嘴角上扬,环状虹膜,短方脸（骨点外显），压迫感眉骨/浅眼窝，猫系眼·眼尾下压·窄眼距，宽鼻根/柔和鼻梁/方圆鼻头，弓形唇·嘴角上扬，宽下颌
FD03152,倒三角脸,上庭收窄,平直额,内侧突出眉骨,窄深眼窝,外扩颧骨,成熟收紧面颊,柔和下颌,疲惫眼,眼尾平直,标准眼距,星点虹膜,低鼻根,轻微偏左鼻梁,窄翼鼻头,弓形唇,嘴角紧收,无标志,倒三角脸（上庭收窄），内侧突出眉骨/窄深眼窝，疲惫眼·眼尾平直·标准眼距，低鼻根/轻微偏左鼻梁/窄翼鼻头，弓形唇·嘴角紧收，柔和下颌
FD03153,长心形脸,偏柔圆润,饱满额,高眉骨,中度眼窝,宽颧骨,幼态柔软面颊,收敛下颌,柳叶眼,眼尾下沉,标准眼距,浅褐瞳,窄鼻根,中直鼻梁,微钝鼻头,弓形唇,嘴角平直,眉上小疤,长心形脸（偏柔圆润），高眉骨/中度眼窝，柳叶眼·眼尾下沉·标准眼距，窄鼻根/中直鼻梁/微钝鼻头，弓形唇·嘴角平直，收敛下颌
FD03154,肉感短脸,下颌线清晰化,高额,柔和眉骨,浅眼窝,窄颧骨,幼态柔软面颊,窄下颌,上扬凤眼,眼尾微挑,标准眼距,琥珀瞳,低鼻根,轻微偏右鼻梁,骨感鼻头,宽嘴,嘴角下垂,耳后小痣,肉感短脸（下颌线清晰化），柔和眉骨/浅眼窝，上扬凤眼·眼尾微挑·标准眼距，低鼻根/轻微偏右鼻梁/骨感鼻头，宽嘴·嘴角下垂，窄下颌
FD03155,上窄下宽脸,颈部线条收短,高额,内侧突出眉骨,眼下饱满,窄颧骨,饱满面颊,收敛下颌,蛇系眼,眼尾下沉,窄眼距,异色瞳,中鼻根,轻微偏左鼻梁,下压鼻头,小嘴,嘴角上扬,下颌浅疤,上窄下宽脸（颈部线条收短），内侧突出眉骨/眼下饱满，蛇系眼·眼尾下沉·窄眼距，中鼻根/轻微偏左鼻梁/下压鼻头，小嘴·嘴角上扬，收敛下颌
FD03156,上宽下窄脸,偏锐收窄,骨感额,内侧突出眉骨,浅眼窝,宽颧骨,轻凹面颊,骨感下颌,下垂眼,眼尾下沉,标准眼距,星点虹膜,中鼻根,微弧鼻梁,窄翼鼻头,弓形唇,嘴角上扬,眉尾旧疤,上宽下窄脸（偏锐收窄），内侧突出眉骨/浅眼窝，下垂眼·眼尾下沉·标准眼距，中鼻根/微弧鼻梁/窄翼鼻头，弓形唇·嘴角上扬，骨感下颌
FD03157,鹅蛋偏心形,偏锐收窄,宽额,外侧突出眉骨,浅眼窝,高颧骨,轻凹面颊,宽下颌,平凤眼,眼尾延展,窄眼距,琥珀瞳,低鼻根,轻微偏右鼻梁,小圆鼻头,弓形唇,嘴角上扬,眉尾旧疤,鹅蛋偏心形（偏锐收窄），外侧突出眉骨/浅眼窝，平凤眼·眼尾延展·窄眼距，低鼻根/轻微偏右鼻梁/小圆鼻头，弓形唇·嘴角上扬，宽下颌
FD03158,宽心形脸,颌角强调,宽额,低眉骨,中度眼窝,外扩颧骨,幼态柔软面颊,宽下颌,鹤系眼,眼尾微挑,窄眼距,环状虹膜,低鼻根,宽骨鼻梁,下压鼻头,平直唇,嘴角平直,指节薄茧,宽心形脸（颌角强调），低眉骨/中度眼窝，鹤系眼·眼尾微挑·窄眼距，低鼻根/宽骨鼻梁/下压鼻头，平直唇·嘴角平直，宽下颌
FD03159,窄鹅蛋脸,面中平缓,低额,高眉骨,窄深眼窝,低颧骨,幼态柔软面颊,方下颌,狼系眼,眼尾明显挑,标准眼距,淡金瞳,窄鼻根,宽骨鼻梁,小圆鼻头,小嘴,嘴角上扬,耳后小痣,窄鹅蛋脸（面中平缓），高眉骨/窄深眼窝，狼系眼·眼尾明显挑·标准眼距，窄鼻根/宽骨鼻梁/小圆鼻头，小嘴·嘴角上扬，方下颌
FD03160,柔和菱形,颊部饱满,高额,外侧突出眉骨,眼下饱满,低颧骨,幼态柔软面颊,柔和下颌,冷感眼,眼尾微挑,宽眼距,碎裂虹膜,宽鼻根,轻微偏左鼻梁,轻翘鼻头,薄唇,嘴角紧收,眉尾旧疤,柔和菱形（颊部饱满），外侧突出眉骨/眼下饱满，冷感眼·眼尾微挑·宽眼距，宽鼻根/轻微偏左鼻梁/轻翘鼻头，薄唇·嘴角紧收，柔和下颌
FD03161,方鹅蛋脸,下庭加重,宽额,柔和眉骨,宽浅眼窝,外扩颧骨,成熟收紧面颊,圆方下颌,狭长瑞凤眼,眼尾下沉,标准眼距,碎裂虹膜,低鼻根,宽骨鼻梁,窄翼鼻头,小嘴,嘴角紧收,环状虹膜,方鹅蛋脸（下庭加重），柔和眉骨/宽浅眼窝，狭长瑞凤眼·眼尾下沉·标准眼距，低鼻根/宽骨鼻梁/窄翼鼻头，小嘴·嘴角紧收，圆方下颌
FD03162,柔和菱形,颌角强调,宽额,高眉骨,中度眼窝,窄颧骨,成熟收紧面颊,骨感下颌,鹰隼眼,眼尾下压,标准眼距,浅褐瞳,窄鼻根,柔和鼻梁,骨感鼻头,宽嘴,嘴角下垂,单侧酒窝,柔和菱形（颌角强调），高眉骨/中度眼窝，鹰隼眼·眼尾下压·标准眼距，窄鼻根/柔和鼻梁/骨感鼻头，宽嘴·嘴角下垂，骨感下颌
FD03163,长心形脸,中庭拉长,宽额,厚眉骨,深眼窝,低颧骨,成熟收紧面颊,圆方下颌,桃花眼,眼尾微挑,宽眼距,浅褐瞳,高鼻根,中直鼻梁,骨感鼻头,小嘴,嘴角平直,无标志,长心形脸（中庭拉长），厚眉骨/深眼窝，桃花眼·眼尾微挑·宽眼距，高鼻根/中直鼻梁/骨感鼻头，小嘴·嘴角平直，圆方下颌
FD03164,正梯形脸,颌角弱化,平直额,厚眉骨,宽浅眼窝,高颧骨,薄面颊,柔和下颌,狼系眼,眼尾延展,窄眼距,环状虹膜,窄鼻根,轻微偏右鼻梁,微钝鼻头,弓形唇,嘴角平直,额角旧痕,正梯形脸（颌角弱化），厚眉骨/宽浅眼窝，狼系眼·眼尾延展·窄眼距，窄鼻根/轻微偏右鼻梁/微钝鼻头，弓形唇·嘴角平直，柔和下颌
FD03165,宽鹅蛋脸,颈部线条收短,骨感额,薄眉骨,眼下骨感,柔和颧骨,幼态柔软面颊,骨感下颌,窄杏眼,眼尾明显挑,窄眼距,环状虹膜,宽鼻根,微弧鼻梁,小圆鼻头,平直唇,嘴角下垂,异色瞳,宽鹅蛋脸（颈部线条收短），薄眉骨/眼下骨感，窄杏眼·眼尾明显挑·窄眼距，宽鼻根/微弧鼻梁/小圆鼻头，平直唇·嘴角下垂，骨感下颌
FD03166,上窄下宽脸,下庭收窄,微凸额,压迫感眉骨,中度眼窝,低颧骨,薄面颊,宽下颌,半睁懒眼,眼尾平直,窄眼距,灰蓝瞳,宽鼻根,高直鼻梁,微钝鼻头,平直唇,嘴角紧收,右眉轻断,上窄下宽脸（下庭收窄），压迫感眉骨/中度眼窝，半睁懒眼·眼尾平直·窄眼距，宽鼻根/高直鼻梁/微钝鼻头，平直唇·嘴角紧收，宽下颌
FD03167,倒梯形脸,偏柔圆润,窄额,高眉骨,眼下饱满,窄颧骨,成熟收紧面颊,明显下颌角,鹿系眼,眼尾平直,宽眼距,淡金瞳,低鼻根,柔和鼻梁,方圆鼻头,弓形唇,嘴角平直,右眉轻断,倒梯形脸（偏柔圆润），高眉骨/眼下饱满，鹿系眼·眼尾平直·宽眼距，低鼻根/柔和鼻梁/方圆鼻头，弓形唇·嘴角平直，明显下颌角
FD03168,上宽下窄脸,颧部外扩,窄额,高眉骨,深眼窝,高颧骨,幼态柔软面颊,方下颌,短圆杏眼,眼尾延展,标准眼距,碎裂虹膜,窄鼻根,柔和鼻梁,方圆鼻头,薄唇,嘴角上扬,鼻梁旧伤,上宽下窄脸（颧部外扩），高眉骨/深眼窝，短圆杏眼·眼尾延展·标准眼距，窄鼻根/柔和鼻梁/方圆鼻头，薄唇·嘴角上扬，方下颌
FD03169,窄方脸,颈部线条延长,骨感额,压迫感眉骨,眼下骨感,窄颧骨,成熟收紧面颊,宽下颌,圆长眼,眼尾明显挑,宽眼距,碎裂虹膜,宽鼻根,高直鼻梁,下压鼻头,上薄下厚,嘴角上扬,无标志,窄方脸（颈部线条延长），压迫感眉骨/眼下骨感，圆长眼·眼尾明显挑·宽眼距，宽鼻根/高直鼻梁/下压鼻头，上薄下厚·嘴角上扬，宽下颌
FD03170,幼态圆脸,面中立体化,微凸额,内侧突出眉骨,窄深眼窝,柔和颧骨,成熟收紧面颊,圆方下颌,宽杏眼,眼尾微挑,标准眼距,墨玉瞳,高鼻根,高直鼻梁,窄翼鼻头,上薄下厚,嘴角上扬,左眼下浅泪痣,幼态圆脸（面中立体化），内侧突出眉骨/窄深眼窝，宽杏眼·眼尾微挑·标准眼距，高鼻根/高直鼻梁/窄翼鼻头，上薄下厚·嘴角上扬，圆方下颌
FD03171,上窄下宽脸,颊部略凹,饱满额,压迫感眉骨,眼下骨感,窄颧骨,饱满面颊,宽下颌,宽杏眼,眼尾明显挑,宽眼距,星点虹膜,高鼻根,宽骨鼻梁,肉感鼻头,成熟长唇,单侧上扬,瞳孔残缺,上窄下宽脸（颊部略凹），压迫感眉骨/眼下骨感，宽杏眼·眼尾明显挑·宽眼距，高鼻根/宽骨鼻梁/肉感鼻头，成熟长唇·单侧上扬，宽下颌
FD03172,上宽下窄脸,颈部线条延长,饱满额,压迫感眉骨,浅眼窝,外扩颧骨,饱满面颊,柔和下颌,半睁懒眼,眼尾平直,窄眼距,深色瞳,低鼻根,宽骨鼻梁,下压鼻头,小嘴,嘴角下垂,无标志,上宽下窄脸（颈部线条延长），压迫感眉骨/浅眼窝，半睁懒眼·眼尾平直·窄眼距，低鼻根/宽骨鼻梁/下压鼻头，小嘴·嘴角下垂，柔和下颌
FD03173,幼态圆脸,下颌线清晰化,宽额,柔和眉骨,浅眼窝,高颧骨,轻凹面颊,明显下颌角,平凤眼,眼尾延展,窄眼距,墨玉瞳,中鼻根,高直鼻梁,下压鼻头,弓形唇,嘴角平直,单侧酒窝,幼态圆脸（下颌线清晰化），柔和眉骨/浅眼窝，平凤眼·眼尾延展·窄眼距，中鼻根/高直鼻梁/下压鼻头，弓形唇·嘴角平直，明显下颌角
FD03174,方菱过渡脸,中轴微长,低额,薄眉骨,窄深眼窝,外扩颧骨,薄面颊,圆方下颌,鹰隼眼,眼尾平直,宽眼距,墨玉瞳,中高鼻根,轻鹰钩鼻梁,骨感鼻头,小嘴,嘴角平直,单侧酒窝,方菱过渡脸（中轴微长），薄眉骨/窄深眼窝，鹰隼眼·眼尾平直·宽眼距，中高鼻根/轻鹰钩鼻梁/骨感鼻头，小嘴·嘴角平直，圆方下颌
FD03175,清瘦圆脸,颊部略凹,骨感额,柔和眉骨,眼下骨感,低颧骨,薄面颊,柔和下颌,鹤系眼,眼尾微挑,标准眼距,星点虹膜,宽鼻根,中直鼻梁,下压鼻头,上薄下厚,嘴角紧收,眉上小疤,清瘦圆脸（颊部略凹），柔和眉骨/眼下骨感，鹤系眼·眼尾微挑·标准眼距，宽鼻根/中直鼻梁/下压鼻头，上薄下厚·嘴角紧收，柔和下颌
FD03176,宽鹅蛋脸,下颌线清晰化,窄额,厚眉骨,中度眼窝,窄颧骨,轻凹面颊,柔和下颌,短圆杏眼,眼尾下压,窄眼距,淡金瞳,窄鼻根,轻鹰钩鼻梁,微钝鼻头,薄唇,嘴角紧收,眼角小痣,宽鹅蛋脸（下颌线清晰化），厚眉骨/中度眼窝，短圆杏眼·眼尾下压·窄眼距，窄鼻根/轻鹰钩鼻梁/微钝鼻头，薄唇·嘴角紧收，柔和下颌
FD03177,鹅蛋偏方,颌角弱化,微凸额,低眉骨,中度眼窝,柔和颧骨,饱满面颊,宽下颌,疲惫眼,眼尾下压,宽眼距,星点虹膜,窄鼻根,微弧鼻梁,轻翘鼻头,平直唇,嘴角平直,额角旧痕,鹅蛋偏方（颌角弱化），低眉骨/中度眼窝，疲惫眼·眼尾下压·宽眼距，窄鼻根/微弧鼻梁/轻翘鼻头，平直唇·嘴角平直，宽下颌
FD03178,颧部展开脸,中轴收紧,微凸额,内侧突出眉骨,宽浅眼窝,窄颧骨,成熟收紧面颊,方下颌,蛇系眼,眼尾延展,标准眼距,碎裂虹膜,中鼻根,微弧鼻梁,下压鼻头,厚唇,嘴角上扬,异色瞳,颧部展开脸（中轴收紧），内侧突出眉骨/宽浅眼窝，蛇系眼·眼尾延展·标准眼距，中鼻根/微弧鼻梁/下压鼻头，厚唇·嘴角上扬，方下颌
FD03179,骨感方脸,下颌线清晰化,低额,内侧突出眉骨,窄深眼窝,高颧骨,薄面颊,收敛下颌,鹰隼眼,眼尾下压,宽眼距,墨玉瞳,中高鼻根,中直鼻梁,小圆鼻头,小嘴,嘴角平直,碎裂虹膜,骨感方脸（下颌线清晰化），内侧突出眉骨/窄深眼窝，鹰隼眼·眼尾下压·宽眼距，中高鼻根/中直鼻梁/小圆鼻头，小嘴·嘴角平直，收敛下颌
FD03180,正梯形脸,面中立体化,微凸额,低眉骨,浅眼窝,宽颧骨,轻凹面颊,收敛下颌,宽杏眼,眼尾平直,窄眼距,淡金瞳,低鼻根,宽骨鼻梁,轻翘鼻头,宽嘴,嘴角上扬,单侧酒窝,正梯形脸（面中立体化），低眉骨/浅眼窝，宽杏眼·眼尾平直·窄眼距，低鼻根/宽骨鼻梁/轻翘鼻头，宽嘴·嘴角上扬，收敛下颌
FD03181,上窄下宽脸,上庭收窄,骨感额,厚眉骨,窄深眼窝,宽颧骨,幼态柔软面颊,方下颌,长杏眼,眼尾下沉,宽眼距,琥珀瞳,中高鼻根,柔和鼻梁,小圆鼻头,平直唇,嘴角紧收,右眼下浅泪痣,上窄下宽脸（上庭收窄），厚眉骨/窄深眼窝，长杏眼·眼尾下沉·宽眼距，中高鼻根/柔和鼻梁/小圆鼻头，平直唇·嘴角紧收，方下颌
FD03182,肉感短脸,上庭展开,窄额,外侧突出眉骨,宽浅眼窝,高颧骨,幼态柔软面颊,宽下颌,鹰隼眼,眼尾微挑,窄眼距,墨玉瞳,宽鼻根,轻鹰钩鼻梁,骨感鼻头,厚唇,嘴角紧收,右眼下浅泪痣,肉感短脸（上庭展开），外侧突出眉骨/宽浅眼窝，鹰隼眼·眼尾微挑·窄眼距，宽鼻根/轻鹰钩鼻梁/骨感鼻头，厚唇·嘴角紧收，宽下颌
FD03183,清瘦圆脸,偏锐收窄,微凸额,外侧突出眉骨,宽浅眼窝,柔和颧骨,薄面颊,方下颌,狭长眼,眼尾平直,窄眼距,星点虹膜,高鼻根,中直鼻梁,方圆鼻头,成熟长唇,单侧上扬,下颌浅疤,清瘦圆脸（偏锐收窄），外侧突出眉骨/宽浅眼窝，狭长眼·眼尾平直·窄眼距，高鼻根/中直鼻梁/方圆鼻头，成熟长唇·单侧上扬，方下颌
FD03184,长方脸,颈部线条延长,低额,厚眉骨,眼下骨感,外扩颧骨,轻凹面颊,方下颌,宽杏眼,眼尾平直,标准眼距,星点虹膜,中鼻根,轻微偏左鼻梁,窄翼鼻头,宽嘴,嘴角平直,下颌浅疤,长方脸（颈部线条延长），厚眉骨/眼下骨感，宽杏眼·眼尾平直·标准眼距，中鼻根/轻微偏左鼻梁/窄翼鼻头，宽嘴·嘴角平直，方下颌
FD03185,心形脸,颌角弱化,饱满额,柔和眉骨,中度眼窝,低颧骨,幼态柔软面颊,柔和下颌,短杏眼,眼尾明显挑,宽眼距,浅褐瞳,中鼻根,柔和鼻梁,微钝鼻头,宽嘴,单侧上扬,眉尾旧疤,心形脸（颌角弱化），柔和眉骨/中度眼窝，短杏眼·眼尾明显挑·宽眼距，中鼻根/柔和鼻梁/微钝鼻头，宽嘴·单侧上扬，柔和下颌
FD03186,幼态方脸,上庭展开,宽额,柔和眉骨,中度眼窝,低颧骨,成熟收紧面颊,窄下颌,冷感眼,眼尾下压,宽眼距,环状虹膜,高鼻根,柔和鼻梁,微钝鼻头,上薄下厚,单侧上扬,右眼下浅泪痣,幼态方脸（上庭展开），柔和眉骨/中度眼窝，冷感眼·眼尾下压·宽眼距，高鼻根/柔和鼻梁/微钝鼻头，上薄下厚·单侧上扬，窄下颌
FD03187,长菱形,骨点外显,平直额,压迫感眉骨,窄深眼窝,窄颧骨,薄面颊,柔和下颌,平凤眼,眼尾明显挑,标准眼距,琥珀瞳,低鼻根,轻鹰钩鼻梁,轻翘鼻头,弓形唇,嘴角平直,耳后小痣,长菱形（骨点外显），压迫感眉骨/窄深眼窝，平凤眼·眼尾明显挑·标准眼距，低鼻根/轻鹰钩鼻梁/轻翘鼻头，弓形唇·嘴角平直，柔和下颌
FD03188,圆脸,中轴收紧,骨感额,高眉骨,眼下骨感,宽颧骨,幼态柔软面颊,宽下颌,平凤眼,眼尾微挑,标准眼距,浅褐瞳,宽鼻根,高直鼻梁,下压鼻头,上薄下厚,嘴角平直,碎裂虹膜,圆脸（中轴收紧），高眉骨/眼下骨感，平凤眼·眼尾微挑·标准眼距，宽鼻根/高直鼻梁/下压鼻头，上薄下厚·嘴角平直，宽下颌
FD03189,长菱形,中庭拉长,平直额,薄眉骨,宽浅眼窝,低颧骨,幼态柔软面颊,方下颌,桃花眼,眼尾延展,标准眼距,深色瞳,中高鼻根,轻鹰钩鼻梁,窄翼鼻头,上薄下厚,单侧上扬,无标志,长菱形（中庭拉长），薄眉骨/宽浅眼窝，桃花眼·眼尾延展·标准眼距，中高鼻根/轻鹰钩鼻梁/窄翼鼻头，上薄下厚·单侧上扬，方下颌
FD03190,倒三角脸,骨点内敛,饱满额,柔和眉骨,浅眼窝,柔和颧骨,幼态柔软面颊,明显下颌角,猫系眼,眼尾明显挑,标准眼距,琥珀瞳,中高鼻根,轻微偏左鼻梁,窄翼鼻头,厚唇,嘴角紧收,左眼下浅泪痣,倒三角脸（骨点内敛），柔和眉骨/浅眼窝，猫系眼·眼尾明显挑·标准眼距，中高鼻根/轻微偏左鼻梁/窄翼鼻头，厚唇·嘴角紧收，明显下颌角
FD03191,肉感短脸,颌角强调,宽额,柔和眉骨,眼下饱满,低颧骨,幼态柔软面颊,方下颌,少年圆眼,眼尾延展,窄眼距,星点虹膜,中鼻根,轻微偏右鼻梁,下压鼻头,成熟长唇,嘴角平直,右眉轻断,肉感短脸（颌角强调），柔和眉骨/眼下饱满，少年圆眼·眼尾延展·窄眼距，中鼻根/轻微偏右鼻梁/下压鼻头，成熟长唇·嘴角平直，方下颌
FD03192,宽方脸,偏柔圆润,低额,压迫感眉骨,浅眼窝,低颧骨,轻凹面颊,窄下颌,瑞凤眼,眼尾下沉,标准眼距,碎裂虹膜,宽鼻根,轻鹰钩鼻梁,下压鼻头,平直唇,嘴角平直,鼻梁旧伤,宽方脸（偏柔圆润），压迫感眉骨/浅眼窝，瑞凤眼·眼尾下沉·标准眼距，宽鼻根/轻鹰钩鼻梁/下压鼻头，平直唇·嘴角平直，窄下颌
FD03193,宽菱形,上庭展开,微凸额,高眉骨,中度眼窝,低颧骨,薄面颊,柔和下颌,平凤眼,眼尾下压,窄眼距,灰蓝瞳,中鼻根,柔和鼻梁,窄翼鼻头,平直唇,嘴角紧收,颈侧细疤,宽菱形（上庭展开），高眉骨/中度眼窝，平凤眼·眼尾下压·窄眼距，中鼻根/柔和鼻梁/窄翼鼻头，平直唇·嘴角紧收，柔和下颌
FD03194,清瘦圆脸,中轴收紧,骨感额,外侧突出眉骨,眼下骨感,宽颧骨,幼态柔软面颊,宽下颌,短杏眼,眼尾延展,标准眼距,灰蓝瞳,高鼻根,微弧鼻梁,微钝鼻头,平直唇,嘴角平直,异色瞳,清瘦圆脸（中轴收紧），外侧突出眉骨/眼下骨感，短杏眼·眼尾延展·标准眼距，高鼻根/微弧鼻梁/微钝鼻头，平直唇·嘴角平直，宽下颌
FD03195,标准菱形,下庭加重,宽额,薄眉骨,中度眼窝,柔和颧骨,成熟收紧面颊,宽下颌,短杏眼,眼尾平直,窄眼距,灰蓝瞳,低鼻根,中直鼻梁,下压鼻头,弓形唇,嘴角平直,额角旧痕,标准菱形（下庭加重），薄眉骨/中度眼窝，短杏眼·眼尾平直·窄眼距，低鼻根/中直鼻梁/下压鼻头，弓形唇·嘴角平直，宽下颌
FD03196,长鹅蛋脸,下庭加重,骨感额,厚眉骨,眼下骨感,高颧骨,饱满面颊,骨感下颌,柳叶眼,眼尾下沉,宽眼距,浅褐瞳,低鼻根,轻微偏右鼻梁,微钝鼻头,平直唇,嘴角紧收,唇下小痣,长鹅蛋脸（下庭加重），厚眉骨/眼下骨感，柳叶眼·眼尾下沉·宽眼距，低鼻根/轻微偏右鼻梁/微钝鼻头，平直唇·嘴角紧收，骨感下颌
FD03197,方鹅蛋脸,颌角弱化,饱满额,薄眉骨,眼下骨感,窄颧骨,薄面颊,方下颌,狭长瑞凤眼,眼尾下压,窄眼距,淡金瞳,窄鼻根,轻微偏左鼻梁,轻翘鼻头,薄唇,嘴角下垂,异色瞳,方鹅蛋脸（颌角弱化），薄眉骨/眼下骨感，狭长瑞凤眼·眼尾下压·窄眼距，窄鼻根/轻微偏左鼻梁/轻翘鼻头，薄唇·嘴角下垂，方下颌
FD03198,柔和方脸,中轴收紧,平直额,高眉骨,浅眼窝,宽颧骨,幼态柔软面颊,柔和下颌,圆长眼,眼尾微挑,窄眼距,异色瞳,窄鼻根,柔和鼻梁,轻翘鼻头,上厚下薄,嘴角下垂,额角旧痕,柔和方脸（中轴收紧），高眉骨/浅眼窝，圆长眼·眼尾微挑·窄眼距，窄鼻根/柔和鼻梁/轻翘鼻头，上厚下薄·嘴角下垂，柔和下颌
FD03199,宽心形脸,下颌线清晰化,微凸额,压迫感眉骨,眼下骨感,窄颧骨,饱满面颊,方下颌,鹿系眼,眼尾下压,标准眼距,淡金瞳,中鼻根,中直鼻梁,微钝鼻头,厚唇,嘴角平直,左眼下浅泪痣,宽心形脸（下颌线清晰化），压迫感眉骨/眼下骨感，鹿系眼·眼尾下压·标准眼距，中鼻根/中直鼻梁/微钝鼻头，厚唇·嘴角平直，方下颌
FD03200,正梯形脸,颈部线条延长,低额,厚眉骨,浅眼窝,低颧骨,薄面颊,方下颌,狐狸系眼,眼尾明显挑,标准眼距,淡金瞳,高鼻根,微弧鼻梁,方圆鼻头,宽嘴,嘴角上扬,眉心竖纹浅痕,正梯形脸（颈部线条延长），厚眉骨/浅眼窝，狐狸系眼·眼尾明显挑·标准眼距，高鼻根/微弧鼻梁/方圆鼻头，宽嘴·嘴角上扬，方下颌
FD03201,骨感菱形,面中立体化,窄额,低眉骨,眼下饱满,柔和颧骨,饱满面颊,明显下颌角,少年圆眼,眼尾下沉,标准眼距,环状虹膜,中鼻根,轻微偏右鼻梁,微钝鼻头,平直唇,嘴角下垂,左颊浅疤,骨感菱形（面中立体化），低眉骨/眼下饱满，少年圆眼·眼尾下沉·标准眼距，中鼻根/轻微偏右鼻梁/微钝鼻头，平直唇·嘴角下垂，明显下颌角
FD03202,长菱形,偏锐收窄,窄额,柔和眉骨,宽浅眼窝,高颧骨,饱满面颊,窄下颌,成熟长眼,眼尾延展,窄眼距,深色瞳,高鼻根,轻微偏右鼻梁,肉感鼻头,厚唇,嘴角平直,指节薄茧,长菱形（偏锐收窄），柔和眉骨/宽浅眼窝，成熟长眼·眼尾延展·窄眼距，高鼻根/轻微偏右鼻梁/肉感鼻头，厚唇·嘴角平直，窄下颌
FD03203,长心形脸,颊部略凹,微凸额,高眉骨,中度眼窝,窄颧骨,幼态柔软面颊,方下颌,半睁懒眼,眼尾平直,宽眼距,环状虹膜,高鼻根,轻微偏左鼻梁,下压鼻头,薄唇,嘴角上扬,单侧酒窝,长心形脸（颊部略凹），高眉骨/中度眼窝，半睁懒眼·眼尾平直·宽眼距，高鼻根/轻微偏左鼻梁/下压鼻头，薄唇·嘴角上扬，方下颌
FD03204,宽方脸,颧部微收,微凸额,压迫感眉骨,眼下饱满,窄颧骨,轻凹面颊,柔和下颌,窄杏眼,眼尾延展,标准眼距,浅褐瞳,低鼻根,微弧鼻梁,下压鼻头,平直唇,嘴角下垂,瞳孔残缺,宽方脸（颧部微收），压迫感眉骨/眼下饱满，窄杏眼·眼尾延展·标准眼距，低鼻根/微弧鼻梁/下压鼻头，平直唇·嘴角下垂，柔和下颌
FD03205,宽鹅蛋脸,面中平缓,平直额,压迫感眉骨,中度眼窝,外扩颧骨,饱满面颊,窄下颌,平直杏眼,眼尾延展,窄眼距,碎裂虹膜,中高鼻根,中直鼻梁,微钝鼻头,薄唇,嘴角下垂,耳后小痣,宽鹅蛋脸（面中平缓），压迫感眉骨/中度眼窝，平直杏眼·眼尾延展·窄眼距，中高鼻根/中直鼻梁/微钝鼻头，薄唇·嘴角下垂，窄下颌
FD03206,心形脸,偏柔圆润,平直额,厚眉骨,窄深眼窝,窄颧骨,幼态柔软面颊,收敛下颌,短杏眼,眼尾明显挑,标准眼距,异色瞳,宽鼻根,微弧鼻梁,小圆鼻头,平直唇,单侧上扬,右眉轻断,心形脸（偏柔圆润），厚眉骨/窄深眼窝，短杏眼·眼尾明显挑·标准眼距，宽鼻根/微弧鼻梁/小圆鼻头，平直唇·单侧上扬，收敛下颌
FD03207,梨形脸,偏锐收窄,骨感额,外侧突出眉骨,深眼窝,低颧骨,成熟收紧面颊,柔和下颌,鹰隼眼,眼尾微挑,窄眼距,异色瞳,中鼻根,宽骨鼻梁,轻翘鼻头,厚唇,单侧上扬,眉尾旧疤,梨形脸（偏锐收窄），外侧突出眉骨/深眼窝，鹰隼眼·眼尾微挑·窄眼距，中鼻根/宽骨鼻梁/轻翘鼻头，厚唇·单侧上扬，柔和下颌
FD03208,窄方脸,颈部线条收短,骨感额,薄眉骨,宽浅眼窝,外扩颧骨,成熟收紧面颊,圆方下颌,平直杏眼,眼尾下压,标准眼距,灰蓝瞳,窄鼻根,高直鼻梁,微钝鼻头,厚唇,嘴角上扬,无标志,窄方脸（颈部线条收短），薄眉骨/宽浅眼窝，平直杏眼·眼尾下压·标准眼距，窄鼻根/高直鼻梁/微钝鼻头，厚唇·嘴角上扬，圆方下颌
FD03209,鹅蛋偏方,上庭展开,平直额,薄眉骨,浅眼窝,外扩颧骨,成熟收紧面颊,圆方下颌,平直杏眼,眼尾平直,窄眼距,碎裂虹膜,宽鼻根,轻微偏左鼻梁,小圆鼻头,小嘴,嘴角平直,无标志,鹅蛋偏方（上庭展开），薄眉骨/浅眼窝，平直杏眼·眼尾平直·窄眼距，宽鼻根/轻微偏左鼻梁/小圆鼻头，小嘴·嘴角平直，圆方下颌
FD03210,长圆脸,颈部线条延长,饱满额,厚眉骨,窄深眼窝,宽颧骨,轻凹面颊,明显下颌角,少年圆眼,眼尾延展,标准眼距,灰蓝瞳,宽鼻根,轻鹰钩鼻梁,窄翼鼻头,小嘴,单侧上扬,右眉轻断,长圆脸（颈部线条延长），厚眉骨/窄深眼窝，少年圆眼·眼尾延展·标准眼距，宽鼻根/轻鹰钩鼻梁/窄翼鼻头，小嘴·单侧上扬，明显下颌角
FD03211,鹅蛋偏方,面中平缓,饱满额,外侧突出眉骨,中度眼窝,柔和颧骨,轻凹面颊,明显下颌角,丹凤眼,眼尾延展,宽眼距,异色瞳,宽鼻根,轻鹰钩鼻梁,下压鼻头,上薄下厚,嘴角紧收,无标志,鹅蛋偏方（面中平缓），外侧突出眉骨/中度眼窝，丹凤眼·眼尾延展·宽眼距，宽鼻根/轻鹰钩鼻梁/下压鼻头，上薄下厚·嘴角紧收，明显下颌角
FD03212,长鹅蛋脸,颊部饱满,窄额,压迫感眉骨,宽浅眼窝,宽颧骨,成熟收紧面颊,方下颌,猫系眼,眼尾平直,窄眼距,环状虹膜,窄鼻根,轻鹰钩鼻梁,骨感鼻头,厚唇,嘴角下垂,唇下小痣,长鹅蛋脸（颊部饱满），压迫感眉骨/宽浅眼窝，猫系眼·眼尾平直·窄眼距，窄鼻根/轻鹰钩鼻梁/骨感鼻头，厚唇·嘴角下垂，方下颌
FD03213,宽方脸,颊部饱满,平直额,厚眉骨,中度眼窝,宽颧骨,轻凹面颊,宽下颌,狭长眼,眼尾延展,窄眼距,碎裂虹膜,窄鼻根,宽骨鼻梁,方圆鼻头,成熟长唇,嘴角下垂,右眉轻断,宽方脸（颊部饱满），厚眉骨/中度眼窝，狭长眼·眼尾延展·窄眼距，窄鼻根/宽骨鼻梁/方圆鼻头，成熟长唇·嘴角下垂，宽下颌
FD03214,短方脸,上庭收窄,饱满额,高眉骨,眼下饱满,窄颧骨,成熟收紧面颊,明显下颌角,下垂眼,眼尾下沉,宽眼距,碎裂虹膜,高鼻根,轻鹰钩鼻梁,下压鼻头,上厚下薄,嘴角下垂,环状虹膜,短方脸（上庭收窄），高眉骨/眼下饱满，下垂眼·眼尾下沉·宽眼距，高鼻根/轻鹰钩鼻梁/下压鼻头，上厚下薄·嘴角下垂，明显下颌角
FD03215,短鹅蛋脸,颊部饱满,饱满额,厚眉骨,浅眼窝,宽颧骨,薄面颊,圆方下颌,短杏眼,眼尾延展,窄眼距,墨玉瞳,低鼻根,柔和鼻梁,轻翘鼻头,弓形唇,嘴角上扬,无标志,短鹅蛋脸（颊部饱满），厚眉骨/浅眼窝，短杏眼·眼尾延展·窄眼距，低鼻根/柔和鼻梁/轻翘鼻头，弓形唇·嘴角上扬，圆方下颌
FD03216,方鹅蛋脸,颈部线条延长,饱满额,柔和眉骨,眼下骨感,宽颧骨,幼态柔软面颊,柔和下颌,平凤眼,眼尾微挑,宽眼距,灰蓝瞳,高鼻根,轻微偏左鼻梁,轻翘鼻头,薄唇,嘴角紧收,鼻梁旧伤,方鹅蛋脸（颈部线条延长），柔和眉骨/眼下骨感，平凤眼·眼尾微挑·宽眼距，高鼻根/轻微偏左鼻梁/轻翘鼻头，薄唇·嘴角紧收，柔和下颌
FD03217,短鹅蛋脸,下庭收窄,窄额,柔和眉骨,眼下饱满,高颧骨,成熟收紧面颊,宽下颌,柳叶眼,眼尾下沉,宽眼距,琥珀瞳,低鼻根,轻鹰钩鼻梁,小圆鼻头,宽嘴,嘴角紧收,无标志,短鹅蛋脸（下庭收窄），柔和眉骨/眼下饱满，柳叶眼·眼尾下沉·宽眼距，低鼻根/轻鹰钩鼻梁/小圆鼻头，宽嘴·嘴角紧收，宽下颌
FD03218,短鹅蛋脸,偏柔圆润,宽额,内侧突出眉骨,浅眼窝,宽颧骨,薄面颊,柔和下颌,短杏眼,眼尾微挑,宽眼距,琥珀瞳,宽鼻根,轻鹰钩鼻梁,下压鼻头,平直唇,嘴角下垂,双侧酒窝,短鹅蛋脸（偏柔圆润），内侧突出眉骨/浅眼窝，短杏眼·眼尾微挑·宽眼距，宽鼻根/轻鹰钩鼻梁/下压鼻头，平直唇·嘴角下垂，柔和下颌
FD03219,鹅蛋偏菱,中轴收紧,低额,柔和眉骨,眼下饱满,窄颧骨,成熟收紧面颊,圆方下颌,蛇系眼,眼尾明显挑,标准眼距,星点虹膜,宽鼻根,轻微偏左鼻梁,窄翼鼻头,上厚下薄,嘴角下垂,左颊浅疤,鹅蛋偏菱（中轴收紧），柔和眉骨/眼下饱满，蛇系眼·眼尾明显挑·标准眼距，宽鼻根/轻微偏左鼻梁/窄翼鼻头，上厚下薄·嘴角下垂，圆方下颌
FD03220,骨感方脸,面中平缓,平直额,低眉骨,浅眼窝,柔和颧骨,薄面颊,明显下颌角,蛇系眼,眼尾下压,标准眼距,环状虹膜,宽鼻根,宽骨鼻梁,微钝鼻头,弓形唇,单侧上扬,指节薄茧,骨感方脸（面中平缓），低眉骨/浅眼窝，蛇系眼·眼尾下压·标准眼距，宽鼻根/宽骨鼻梁/微钝鼻头，弓形唇·单侧上扬，明显下颌角
FD03221,成熟方脸,颊部略凹,微凸额,高眉骨,深眼窝,窄颧骨,饱满面颊,窄下颌,下垂眼,眼尾微挑,宽眼距,星点虹膜,中高鼻根,微弧鼻梁,微钝鼻头,弓形唇,嘴角下垂,右眼下浅泪痣,成熟方脸（颊部略凹），高眉骨/深眼窝，下垂眼·眼尾微挑·宽眼距，中高鼻根/微弧鼻梁/微钝鼻头，弓形唇·嘴角下垂，窄下颌
FD03222,圆脸,中轴收紧,饱满额,厚眉骨,深眼窝,高颧骨,饱满面颊,宽下颌,蛇系眼,眼尾明显挑,标准眼距,深色瞳,中鼻根,微弧鼻梁,骨感鼻头,成熟长唇,嘴角平直,瞳孔残缺,圆脸（中轴收紧），厚眉骨/深眼窝，蛇系眼·眼尾明显挑·标准眼距，中鼻根/微弧鼻梁/骨感鼻头，成熟长唇·嘴角平直，宽下颌
FD03223,圆方脸,颌角强调,饱满额,薄眉骨,眼下饱满,低颧骨,幼态柔软面颊,柔和下颌,鹰隼眼,眼尾明显挑,标准眼距,异色瞳,中高鼻根,轻微偏左鼻梁,骨感鼻头,薄唇,嘴角平直,无标志,圆方脸（颌角强调），薄眉骨/眼下饱满，鹰隼眼·眼尾明显挑·标准眼距，中高鼻根/轻微偏左鼻梁/骨感鼻头，薄唇·嘴角平直，柔和下颌
FD03224,方鹅蛋脸,颌角强调,高额,外侧突出眉骨,深眼窝,低颧骨,薄面颊,方下颌,半睁懒眼,眼尾微挑,窄眼距,星点虹膜,窄鼻根,高直鼻梁,小圆鼻头,平直唇,嘴角上扬,眼角小痣,方鹅蛋脸（颌角强调），外侧突出眉骨/深眼窝，半睁懒眼·眼尾微挑·窄眼距，窄鼻根/高直鼻梁/小圆鼻头，平直唇·嘴角上扬，方下颌
FD03225,清瘦圆脸,下颌线柔化,宽额,外侧突出眉骨,中度眼窝,低颧骨,薄面颊,明显下颌角,平凤眼,眼尾微挑,窄眼距,浅褐瞳,中鼻根,微弧鼻梁,轻翘鼻头,上薄下厚,单侧上扬,碎裂虹膜,清瘦圆脸（下颌线柔化），外侧突出眉骨/中度眼窝，平凤眼·眼尾微挑·窄眼距，中鼻根/微弧鼻梁/轻翘鼻头，上薄下厚·单侧上扬，明显下颌角
FD03226,下颌突出脸,颌角弱化,微凸额,压迫感眉骨,深眼窝,窄颧骨,饱满面颊,收敛下颌,平凤眼,眼尾微挑,宽眼距,深色瞳,高鼻根,轻微偏右鼻梁,窄翼鼻头,宽嘴,单侧上扬,眉心竖纹浅痕,下颌突出脸（颌角弱化），压迫感眉骨/深眼窝，平凤眼·眼尾微挑·宽眼距，高鼻根/轻微偏右鼻梁/窄翼鼻头，宽嘴·单侧上扬，收敛下颌
FD03227,长心形脸,偏柔圆润,饱满额,柔和眉骨,眼下骨感,柔和颧骨,薄面颊,宽下颌,鹤系眼,眼尾延展,窄眼距,碎裂虹膜,低鼻根,柔和鼻梁,方圆鼻头,成熟长唇,嘴角平直,双侧酒窝,长心形脸（偏柔圆润），柔和眉骨/眼下骨感，鹤系眼·眼尾延展·窄眼距，低鼻根/柔和鼻梁/方圆鼻头，成熟长唇·嘴角平直，宽下颌
FD03228,幼态方脸,下颌线柔化,高额,厚眉骨,宽浅眼窝,低颧骨,轻凹面颊,方下颌,鹰隼眼,眼尾微挑,宽眼距,墨玉瞳,中鼻根,高直鼻梁,下压鼻头,上薄下厚,单侧上扬,左眼下浅泪痣,幼态方脸（下颌线柔化），厚眉骨/宽浅眼窝，鹰隼眼·眼尾微挑·宽眼距，中鼻根/高直鼻梁/下压鼻头，上薄下厚·单侧上扬，方下颌
FD03229,清瘦圆脸,下颌线清晰化,低额,外侧突出眉骨,眼下饱满,宽颧骨,薄面颊,圆方下颌,鹿系眼,眼尾下压,窄眼距,墨玉瞳,窄鼻根,轻微偏左鼻梁,轻翘鼻头,弓形唇,嘴角上扬,碎裂虹膜,清瘦圆脸（下颌线清晰化），外侧突出眉骨/眼下饱满，鹿系眼·眼尾下压·窄眼距，窄鼻根/轻微偏左鼻梁/轻翘鼻头，弓形唇·嘴角上扬，圆方下颌
FD03230,长鹅蛋脸,骨点外显,平直额,厚眉骨,浅眼窝,高颧骨,成熟收紧面颊,收敛下颌,少年圆眼,眼尾延展,标准眼距,环状虹膜,宽鼻根,轻微偏右鼻梁,轻翘鼻头,上厚下薄,单侧上扬,眼睑褶皱不对称,长鹅蛋脸（骨点外显），厚眉骨/浅眼窝，少年圆眼·眼尾延展·标准眼距，宽鼻根/轻微偏右鼻梁/轻翘鼻头，上厚下薄·单侧上扬，收敛下颌
FD03231,柔和菱形,偏柔圆润,平直额,低眉骨,眼下饱满,高颧骨,成熟收紧面颊,圆方下颌,丹凤眼,眼尾下压,窄眼距,异色瞳,宽鼻根,轻微偏左鼻梁,微钝鼻头,厚唇,嘴角平直,右眼下浅泪痣,柔和菱形（偏柔圆润），低眉骨/眼下饱满，丹凤眼·眼尾下压·窄眼距，宽鼻根/轻微偏左鼻梁/微钝鼻头，厚唇·嘴角平直，圆方下颌
FD03232,长心形脸,面中平缓,低额,高眉骨,眼下骨感,窄颧骨,幼态柔软面颊,收敛下颌,狼系眼,眼尾下沉,标准眼距,琥珀瞳,低鼻根,轻鹰钩鼻梁,小圆鼻头,上厚下薄,嘴角平直,无标志,长心形脸（面中平缓），高眉骨/眼下骨感，狼系眼·眼尾下沉·标准眼距，低鼻根/轻鹰钩鼻梁/小圆鼻头，上厚下薄·嘴角平直，收敛下颌
FD03233,长方脸,中轴微长,饱满额,厚眉骨,眼下骨感,高颧骨,饱满面颊,明显下颌角,短圆杏眼,眼尾下沉,窄眼距,灰蓝瞳,高鼻根,中直鼻梁,小圆鼻头,宽嘴,嘴角平直,眼角小痣,长方脸（中轴微长），厚眉骨/眼下骨感，短圆杏眼·眼尾下沉·窄眼距，高鼻根/中直鼻梁/小圆鼻头，宽嘴·嘴角平直，明显下颌角
FD03234,幼态方脸,颧部微收,宽额,薄眉骨,中度眼窝,高颧骨,成熟收紧面颊,收敛下颌,瑞凤眼,眼尾下沉,窄眼距,深色瞳,低鼻根,轻鹰钩鼻梁,肉感鼻头,上厚下薄,单侧上扬,双侧酒窝,幼态方脸（颧部微收），薄眉骨/中度眼窝，瑞凤眼·眼尾下沉·窄眼距，低鼻根/轻鹰钩鼻梁/肉感鼻头，上厚下薄·单侧上扬，收敛下颌
FD03235,标准菱形,偏锐收窄,平直额,低眉骨,深眼窝,高颧骨,薄面颊,柔和下颌,窄杏眼,眼尾延展,宽眼距,琥珀瞳,宽鼻根,轻微偏左鼻梁,微钝鼻头,成熟长唇,嘴角上扬,眉尾旧疤,标准菱形（偏锐收窄），低眉骨/深眼窝，窄杏眼·眼尾延展·宽眼距，宽鼻根/轻微偏左鼻梁/微钝鼻头，成熟长唇·嘴角上扬，柔和下颌
FD03236,圆脸,面中立体化,高额,薄眉骨,中度眼窝,窄颧骨,薄面颊,收敛下颌,桃花眼,眼尾明显挑,标准眼距,墨玉瞳,低鼻根,轻微偏左鼻梁,小圆鼻头,成熟长唇,嘴角紧收,单侧虎牙,圆脸（面中立体化），薄眉骨/中度眼窝，桃花眼·眼尾明显挑·标准眼距，低鼻根/轻微偏左鼻梁/小圆鼻头，成熟长唇·嘴角紧收，收敛下颌
FD03237,窄方脸,颌角强调,平直额,厚眉骨,宽浅眼窝,外扩颧骨,薄面颊,柔和下颌,桃花眼,眼尾下沉,窄眼距,异色瞳,高鼻根,微弧鼻梁,微钝鼻头,成熟长唇,单侧上扬,眼睑褶皱不对称,窄方脸（颌角强调），厚眉骨/宽浅眼窝，桃花眼·眼尾下沉·窄眼距，高鼻根/微弧鼻梁/微钝鼻头，成熟长唇·单侧上扬，柔和下颌
FD03238,心形脸,中轴微长,高额,内侧突出眉骨,中度眼窝,低颧骨,幼态柔软面颊,宽下颌,鹰隼眼,眼尾延展,窄眼距,深色瞳,高鼻根,轻微偏右鼻梁,小圆鼻头,平直唇,嘴角上扬,异色瞳,心形脸（中轴微长），内侧突出眉骨/中度眼窝，鹰隼眼·眼尾延展·窄眼距，高鼻根/轻微偏右鼻梁/小圆鼻头，平直唇·嘴角上扬，宽下颌
FD03239,幼态圆脸,面中平缓,骨感额,厚眉骨,眼下饱满,窄颧骨,幼态柔软面颊,骨感下颌,上扬凤眼,眼尾延展,标准眼距,环状虹膜,宽鼻根,轻微偏右鼻梁,下压鼻头,小嘴,嘴角紧收,下颌浅疤,幼态圆脸（面中平缓），厚眉骨/眼下饱满，上扬凤眼·眼尾延展·标准眼距，宽鼻根/轻微偏右鼻梁/下压鼻头，小嘴·嘴角紧收，骨感下颌
FD03240,标准菱形,上庭收窄,骨感额,压迫感眉骨,深眼窝,高颧骨,成熟收紧面颊,明显下颌角,平直杏眼,眼尾微挑,标准眼距,环状虹膜,高鼻根,轻微偏右鼻梁,方圆鼻头,弓形唇,嘴角上扬,额角旧痕,标准菱形（上庭收窄），压迫感眉骨/深眼窝，平直杏眼·眼尾微挑·标准眼距，高鼻根/轻微偏右鼻梁/方圆鼻头，弓形唇·嘴角上扬，明显下颌角
FD03241,骨感窄脸,上庭收窄,骨感额,薄眉骨,窄深眼窝,窄颧骨,薄面颊,方下颌,平凤眼,眼尾微挑,标准眼距,淡金瞳,中鼻根,微弧鼻梁,骨感鼻头,弓形唇,嘴角平直,眉尾旧疤,骨感窄脸（上庭收窄），薄眉骨/窄深眼窝，平凤眼·眼尾微挑·标准眼距，中鼻根/微弧鼻梁/骨感鼻头，弓形唇·嘴角平直，方下颌
FD03242,鹅蛋偏方,下颌线柔化,宽额,外侧突出眉骨,窄深眼窝,高颧骨,成熟收紧面颊,圆方下颌,短圆杏眼,眼尾平直,标准眼距,星点虹膜,中鼻根,柔和鼻梁,方圆鼻头,上薄下厚,嘴角平直,瞳孔残缺,鹅蛋偏方（下颌线柔化），外侧突出眉骨/窄深眼窝，短圆杏眼·眼尾平直·标准眼距，中鼻根/柔和鼻梁/方圆鼻头，上薄下厚·嘴角平直，圆方下颌
FD03243,宽心形脸,上庭收窄,饱满额,压迫感眉骨,眼下骨感,窄颧骨,轻凹面颊,柔和下颌,宽杏眼,眼尾延展,窄眼距,浅褐瞳,中鼻根,宽骨鼻梁,方圆鼻头,上薄下厚,嘴角上扬,碎裂虹膜,宽心形脸（上庭收窄），压迫感眉骨/眼下骨感，宽杏眼·眼尾延展·窄眼距，中鼻根/宽骨鼻梁/方圆鼻头，上薄下厚·嘴角上扬，柔和下颌
FD03244,窄鹅蛋脸,颧部外扩,高额,厚眉骨,眼下骨感,窄颧骨,饱满面颊,骨感下颌,宽杏眼,眼尾下沉,窄眼距,碎裂虹膜,宽鼻根,微弧鼻梁,方圆鼻头,平直唇,嘴角紧收,眼角小痣,窄鹅蛋脸（颧部外扩），厚眉骨/眼下骨感，宽杏眼·眼尾下沉·窄眼距，宽鼻根/微弧鼻梁/方圆鼻头，平直唇·嘴角紧收，骨感下颌
FD03245,长菱形,下颌线清晰化,骨感额,高眉骨,浅眼窝,柔和颧骨,薄面颊,方下颌,蛇系眼,眼尾平直,标准眼距,淡金瞳,窄鼻根,轻微偏左鼻梁,微钝鼻头,小嘴,嘴角上扬,指节薄茧,长菱形（下颌线清晰化），高眉骨/浅眼窝，蛇系眼·眼尾平直·标准眼距，窄鼻根/轻微偏左鼻梁/微钝鼻头，小嘴·嘴角上扬，方下颌
FD03246,长鹅蛋脸,中轴收紧,低额,压迫感眉骨,深眼窝,宽颧骨,成熟收紧面颊,宽下颌,疲惫眼,眼尾下压,窄眼距,星点虹膜,低鼻根,宽骨鼻梁,骨感鼻头,上厚下薄,嘴角上扬,眉上小疤,长鹅蛋脸（中轴收紧），压迫感眉骨/深眼窝，疲惫眼·眼尾下压·窄眼距，低鼻根/宽骨鼻梁/骨感鼻头，上厚下薄·嘴角上扬，宽下颌
FD03247,柔和菱形,下颌线清晰化,平直额,薄眉骨,浅眼窝,宽颧骨,饱满面颊,窄下颌,狐狸系眼,眼尾微挑,窄眼距,异色瞳,高鼻根,柔和鼻梁,窄翼鼻头,薄唇,单侧上扬,无标志,柔和菱形（下颌线清晰化），薄眉骨/浅眼窝，狐狸系眼·眼尾微挑·窄眼距，高鼻根/柔和鼻梁/窄翼鼻头，薄唇·单侧上扬，窄下颌
FD03248,短圆脸,偏锐收窄,宽额,外侧突出眉骨,浅眼窝,柔和颧骨,幼态柔软面颊,宽下颌,短杏眼,眼尾明显挑,宽眼距,灰蓝瞳,高鼻根,微弧鼻梁,轻翘鼻头,成熟长唇,嘴角下垂,眼睑褶皱不对称,短圆脸（偏锐收窄），外侧突出眉骨/浅眼窝，短杏眼·眼尾明显挑·宽眼距，高鼻根/微弧鼻梁/轻翘鼻头，成熟长唇·嘴角下垂，宽下颌
FD03249,骨感菱形,中庭拉长,高额,厚眉骨,眼下饱满,高颧骨,成熟收紧面颊,宽下颌,狐狸系眼,眼尾下压,窄眼距,深色瞳,中鼻根,高直鼻梁,骨感鼻头,上薄下厚,嘴角下垂,异色瞳,骨感菱形（中庭拉长），厚眉骨/眼下饱满，狐狸系眼·眼尾下压·窄眼距，中鼻根/高直鼻梁/骨感鼻头，上薄下厚·嘴角下垂，宽下颌
FD03250,心形脸,下庭加重,骨感额,低眉骨,深眼窝,窄颧骨,薄面颊,方下颌,短杏眼,眼尾平直,宽眼距,琥珀瞳,高鼻根,轻微偏右鼻梁,微钝鼻头,宽嘴,嘴角下垂,无标志,心形脸（下庭加重），低眉骨/深眼窝，短杏眼·眼尾平直·宽眼距，高鼻根/轻微偏右鼻梁/微钝鼻头，宽嘴·嘴角下垂，方下颌
FD03251,标准菱形,颈部线条延长,平直额,外侧突出眉骨,中度眼窝,柔和颧骨,饱满面颊,圆方下颌,丹凤眼,眼尾微挑,窄眼距,浅褐瞳,宽鼻根,中直鼻梁,微钝鼻头,上薄下厚,嘴角平直,单侧酒窝,标准菱形（颈部线条延长），外侧突出眉骨/中度眼窝，丹凤眼·眼尾微挑·窄眼距，宽鼻根/中直鼻梁/微钝鼻头，上薄下厚·嘴角平直，圆方下颌
FD03252,鹅蛋偏菱,下颌线清晰化,微凸额,低眉骨,深眼窝,窄颧骨,成熟收紧面颊,骨感下颌,圆长眼,眼尾平直,宽眼距,环状虹膜,高鼻根,轻微偏左鼻梁,骨感鼻头,宽嘴,嘴角平直,颈侧细疤,鹅蛋偏菱（下颌线清晰化），低眉骨/深眼窝，圆长眼·眼尾平直·宽眼距，高鼻根/轻微偏左鼻梁/骨感鼻头，宽嘴·嘴角平直，骨感下颌
FD03253,圆方脸,下庭收窄,饱满额,厚眉骨,窄深眼窝,宽颧骨,饱满面颊,方下颌,桃花眼,眼尾下沉,宽眼距,墨玉瞳,中高鼻根,轻鹰钩鼻梁,微钝鼻头,平直唇,嘴角紧收,单侧酒窝,圆方脸（下庭收窄），厚眉骨/窄深眼窝，桃花眼·眼尾下沉·宽眼距，中高鼻根/轻鹰钩鼻梁/微钝鼻头，平直唇·嘴角紧收，方下颌
FD03254,宽菱形,面中平缓,宽额,柔和眉骨,中度眼窝,低颧骨,轻凹面颊,骨感下颌,疲惫眼,眼尾下压,宽眼距,深色瞳,低鼻根,微弧鼻梁,小圆鼻头,上薄下厚,单侧上扬,单侧酒窝,宽菱形（面中平缓），柔和眉骨/中度眼窝，疲惫眼·眼尾下压·宽眼距，低鼻根/微弧鼻梁/小圆鼻头，上薄下厚·单侧上扬，骨感下颌
FD03255,颧部展开脸,中庭展宽,窄额,压迫感眉骨,浅眼窝,窄颧骨,轻凹面颊,宽下颌,圆长眼,眼尾微挑,宽眼距,深色瞳,中高鼻根,柔和鼻梁,下压鼻头,厚唇,嘴角紧收,颈侧细疤,颧部展开脸（中庭展宽），压迫感眉骨/浅眼窝，圆长眼·眼尾微挑·宽眼距，中高鼻根/柔和鼻梁/下压鼻头，厚唇·嘴角紧收，宽下颌
FD03256,骨感窄脸,颌角强调,窄额,高眉骨,浅眼窝,外扩颧骨,薄面颊,明显下颌角,下垂眼,眼尾平直,窄眼距,淡金瞳,宽鼻根,轻微偏右鼻梁,微钝鼻头,成熟长唇,嘴角下垂,瞳孔残缺,骨感窄脸（颌角强调），高眉骨/浅眼窝，下垂眼·眼尾平直·窄眼距，宽鼻根/轻微偏右鼻梁/微钝鼻头，成熟长唇·嘴角下垂，明显下颌角
FD03257,心形脸,颈部线条收短,宽额,压迫感眉骨,深眼窝,窄颧骨,饱满面颊,收敛下颌,狐狸系眼,眼尾下沉,宽眼距,浅褐瞳,高鼻根,轻微偏左鼻梁,微钝鼻头,平直唇,嘴角下垂,右眉轻断,心形脸（颈部线条收短），压迫感眉骨/深眼窝，狐狸系眼·眼尾下沉·宽眼距，高鼻根/轻微偏左鼻梁/微钝鼻头，平直唇·嘴角下垂，收敛下颌
FD03258,长方脸,偏锐收窄,骨感额,厚眉骨,眼下饱满,高颧骨,轻凹面颊,方下颌,上扬凤眼,眼尾平直,宽眼距,环状虹膜,高鼻根,轻微偏右鼻梁,窄翼鼻头,平直唇,嘴角紧收,无标志,长方脸（偏锐收窄），厚眉骨/眼下饱满，上扬凤眼·眼尾平直·宽眼距，高鼻根/轻微偏右鼻梁/窄翼鼻头，平直唇·嘴角紧收，方下颌
FD03259,颧部展开脸,下庭加重,窄额,薄眉骨,深眼窝,低颧骨,薄面颊,柔和下颌,猫系眼,眼尾平直,宽眼距,灰蓝瞳,中高鼻根,中直鼻梁,轻翘鼻头,小嘴,单侧上扬,左眼下浅泪痣,颧部展开脸（下庭加重），薄眉骨/深眼窝，猫系眼·眼尾平直·宽眼距，中高鼻根/中直鼻梁/轻翘鼻头，小嘴·单侧上扬，柔和下颌
FD03260,圆方脸,面中平缓,平直额,低眉骨,宽浅眼窝,宽颧骨,饱满面颊,收敛下颌,狼系眼,眼尾延展,标准眼距,深色瞳,窄鼻根,轻微偏左鼻梁,窄翼鼻头,弓形唇,嘴角下垂,眼睑褶皱不对称,圆方脸（面中平缓），低眉骨/宽浅眼窝，狼系眼·眼尾延展·标准眼距，窄鼻根/轻微偏左鼻梁/窄翼鼻头，弓形唇·嘴角下垂，收敛下颌
FD03261,幼态方脸,偏锐收窄,平直额,厚眉骨,中度眼窝,低颧骨,成熟收紧面颊,柔和下颌,少年圆眼,眼尾延展,窄眼距,异色瞳,中高鼻根,宽骨鼻梁,方圆鼻头,上厚下薄,嘴角紧收,唇下小痣,幼态方脸（偏锐收窄），厚眉骨/中度眼窝，少年圆眼·眼尾延展·窄眼距，中高鼻根/宽骨鼻梁/方圆鼻头，上厚下薄·嘴角紧收，柔和下颌
FD03262,短圆脸,面中立体化,微凸额,压迫感眉骨,深眼窝,外扩颧骨,饱满面颊,圆方下颌,猫系眼,眼尾延展,标准眼距,浅褐瞳,低鼻根,中直鼻梁,窄翼鼻头,弓形唇,嘴角下垂,瞳孔残缺,短圆脸（面中立体化），压迫感眉骨/深眼窝，猫系眼·眼尾延展·标准眼距，低鼻根/中直鼻梁/窄翼鼻头，弓形唇·嘴角下垂，圆方下颌
FD03263,长心形脸,上庭收窄,饱满额,内侧突出眉骨,浅眼窝,低颧骨,成熟收紧面颊,窄下颌,圆长眼,眼尾下沉,标准眼距,浅褐瞳,宽鼻根,轻微偏左鼻梁,骨感鼻头,上薄下厚,单侧上扬,无标志,长心形脸（上庭收窄），内侧突出眉骨/浅眼窝，圆长眼·眼尾下沉·标准眼距，宽鼻根/轻微偏左鼻梁/骨感鼻头，上薄下厚·单侧上扬，窄下颌
FD03264,鹅蛋偏方,偏锐收窄,高额,高眉骨,窄深眼窝,低颧骨,轻凹面颊,明显下颌角,冷感眼,眼尾平直,宽眼距,异色瞳,中高鼻根,微弧鼻梁,方圆鼻头,上厚下薄,嘴角上扬,无标志,鹅蛋偏方（偏锐收窄），高眉骨/窄深眼窝，冷感眼·眼尾平直·宽眼距，中高鼻根/微弧鼻梁/方圆鼻头，上厚下薄·嘴角上扬，明显下颌角
FD03265,方菱过渡脸,颧部外扩,饱满额,高眉骨,中度眼窝,低颧骨,轻凹面颊,收敛下颌,蛇系眼,眼尾下沉,宽眼距,深色瞳,低鼻根,轻微偏右鼻梁,窄翼鼻头,上厚下薄,单侧上扬,唇下小痣,方菱过渡脸（颧部外扩），高眉骨/中度眼窝，蛇系眼·眼尾下沉·宽眼距，低鼻根/轻微偏右鼻梁/窄翼鼻头，上厚下薄·单侧上扬，收敛下颌
FD03266,倒梯形脸,下颌线柔化,宽额,外侧突出眉骨,宽浅眼窝,窄颧骨,饱满面颊,圆方下颌,疲惫眼,眼尾下压,标准眼距,星点虹膜,高鼻根,高直鼻梁,骨感鼻头,厚唇,单侧上扬,左眼下浅泪痣,倒梯形脸（下颌线柔化），外侧突出眉骨/宽浅眼窝，疲惫眼·眼尾下压·标准眼距，高鼻根/高直鼻梁/骨感鼻头，厚唇·单侧上扬，圆方下颌
FD03267,短鹅蛋脸,偏锐收窄,饱满额,高眉骨,眼下骨感,柔和颧骨,幼态柔软面颊,圆方下颌,狐狸系眼,眼尾延展,标准眼距,星点虹膜,高鼻根,轻微偏左鼻梁,小圆鼻头,弓形唇,嘴角平直,左颊浅疤,短鹅蛋脸（偏锐收窄），高眉骨/眼下骨感，狐狸系眼·眼尾延展·标准眼距，高鼻根/轻微偏左鼻梁/小圆鼻头，弓形唇·嘴角平直，圆方下颌
FD03268,肉感短脸,面中平缓,骨感额,内侧突出眉骨,宽浅眼窝,柔和颧骨,成熟收紧面颊,收敛下颌,宽杏眼,眼尾延展,宽眼距,环状虹膜,宽鼻根,柔和鼻梁,窄翼鼻头,上薄下厚,嘴角上扬,唇下小痣,肉感短脸（面中平缓），内侧突出眉骨/宽浅眼窝，宽杏眼·眼尾延展·宽眼距，宽鼻根/柔和鼻梁/窄翼鼻头，上薄下厚·嘴角上扬，收敛下颌
FD03269,梨形脸,中庭展宽,高额,压迫感眉骨,浅眼窝,宽颧骨,薄面颊,圆方下颌,少年圆眼,眼尾下沉,窄眼距,灰蓝瞳,中高鼻根,宽骨鼻梁,小圆鼻头,厚唇,嘴角平直,左颊浅疤,梨形脸（中庭展宽），压迫感眉骨/浅眼窝，少年圆眼·眼尾下沉·窄眼距，中高鼻根/宽骨鼻梁/小圆鼻头，厚唇·嘴角平直，圆方下颌
FD03270,圆脸,骨点内敛,低额,柔和眉骨,中度眼窝,低颧骨,薄面颊,方下颌,狐狸系眼,眼尾下沉,窄眼距,淡金瞳,宽鼻根,轻微偏左鼻梁,下压鼻头,上厚下薄,嘴角平直,下颌浅疤,圆脸（骨点内敛），柔和眉骨/中度眼窝，狐狸系眼·眼尾下沉·窄眼距，宽鼻根/轻微偏左鼻梁/下压鼻头，上厚下薄·嘴角平直，方下颌
FD03271,短圆脸,偏柔圆润,窄额,内侧突出眉骨,中度眼窝,柔和颧骨,轻凹面颊,方下颌,宽杏眼,眼尾平直,窄眼距,深色瞳,中高鼻根,高直鼻梁,肉感鼻头,平直唇,嘴角上扬,双侧酒窝,短圆脸（偏柔圆润），内侧突出眉骨/中度眼窝，宽杏眼·眼尾平直·窄眼距，中高鼻根/高直鼻梁/肉感鼻头，平直唇·嘴角上扬，方下颌
FD03272,宽鹅蛋脸,中轴收紧,高额,厚眉骨,眼下骨感,窄颧骨,饱满面颊,窄下颌,狭长瑞凤眼,眼尾平直,标准眼距,碎裂虹膜,窄鼻根,柔和鼻梁,微钝鼻头,厚唇,嘴角平直,双侧酒窝,宽鹅蛋脸（中轴收紧），厚眉骨/眼下骨感，狭长瑞凤眼·眼尾平直·标准眼距，窄鼻根/柔和鼻梁/微钝鼻头，厚唇·嘴角平直，窄下颌
FD03273,成熟方脸,骨点外显,窄额,厚眉骨,眼下骨感,低颧骨,薄面颊,方下颌,鹰隼眼,眼尾平直,宽眼距,淡金瞳,宽鼻根,轻微偏左鼻梁,微钝鼻头,上厚下薄,嘴角上扬,左眼下浅泪痣,成熟方脸（骨点外显），厚眉骨/眼下骨感，鹰隼眼·眼尾平直·宽眼距，宽鼻根/轻微偏左鼻梁/微钝鼻头，上厚下薄·嘴角上扬，方下颌
FD03274,标准菱形,中庭展宽,低额,薄眉骨,中度眼窝,外扩颧骨,薄面颊,柔和下颌,少年圆眼,眼尾延展,窄眼距,异色瞳,窄鼻根,轻微偏左鼻梁,小圆鼻头,平直唇,嘴角上扬,单侧虎牙,标准菱形（中庭展宽），薄眉骨/中度眼窝，少年圆眼·眼尾延展·窄眼距，窄鼻根/轻微偏左鼻梁/小圆鼻头，平直唇·嘴角上扬，柔和下颌
FD03275,长心形脸,下颌线柔化,骨感额,低眉骨,眼下饱满,高颧骨,薄面颊,柔和下颌,狭长瑞凤眼,眼尾平直,标准眼距,深色瞳,低鼻根,柔和鼻梁,方圆鼻头,上厚下薄,单侧上扬,眉尾旧疤,长心形脸（下颌线柔化），低眉骨/眼下饱满，狭长瑞凤眼·眼尾平直·标准眼距，低鼻根/柔和鼻梁/方圆鼻头，上厚下薄·单侧上扬，柔和下颌
FD03276,幼态方脸,颈部线条收短,骨感额,外侧突出眉骨,宽浅眼窝,外扩颧骨,薄面颊,圆方下颌,半睁懒眼,眼尾下沉,宽眼距,深色瞳,窄鼻根,中直鼻梁,肉感鼻头,厚唇,嘴角下垂,无标志,幼态方脸（颈部线条收短），外侧突出眉骨/宽浅眼窝，半睁懒眼·眼尾下沉·宽眼距，窄鼻根/中直鼻梁/肉感鼻头，厚唇·嘴角下垂，圆方下颌
FD03277,清瘦圆脸,偏柔圆润,微凸额,薄眉骨,浅眼窝,高颧骨,薄面颊,柔和下颌,狭长眼,眼尾微挑,宽眼距,灰蓝瞳,窄鼻根,中直鼻梁,窄翼鼻头,成熟长唇,嘴角下垂,单侧酒窝,清瘦圆脸（偏柔圆润），薄眉骨/浅眼窝，狭长眼·眼尾微挑·宽眼距，窄鼻根/中直鼻梁/窄翼鼻头，成熟长唇·嘴角下垂，柔和下颌
FD03278,长菱形,颊部饱满,骨感额,柔和眉骨,深眼窝,外扩颧骨,幼态柔软面颊,柔和下颌,平直杏眼,眼尾延展,宽眼距,碎裂虹膜,宽鼻根,宽骨鼻梁,微钝鼻头,厚唇,嘴角下垂,下颌浅疤,长菱形（颊部饱满），柔和眉骨/深眼窝，平直杏眼·眼尾延展·宽眼距，宽鼻根/宽骨鼻梁/微钝鼻头，厚唇·嘴角下垂，柔和下颌
FD03279,下颌突出脸,下庭加重,饱满额,柔和眉骨,深眼窝,外扩颧骨,饱满面颊,收敛下颌,圆长眼,眼尾明显挑,宽眼距,琥珀瞳,窄鼻根,宽骨鼻梁,方圆鼻头,上厚下薄,嘴角紧收,右眼下浅泪痣,下颌突出脸（下庭加重），柔和眉骨/深眼窝，圆长眼·眼尾明显挑·宽眼距，窄鼻根/宽骨鼻梁/方圆鼻头，上厚下薄·嘴角紧收，收敛下颌
FD03280,圆方脸,骨点外显,窄额,内侧突出眉骨,眼下骨感,宽颧骨,轻凹面颊,圆方下颌,蛇系眼,眼尾微挑,窄眼距,深色瞳,低鼻根,轻微偏左鼻梁,小圆鼻头,宽嘴,单侧上扬,右眉轻断,圆方脸（骨点外显），内侧突出眉骨/眼下骨感，蛇系眼·眼尾微挑·窄眼距，低鼻根/轻微偏左鼻梁/小圆鼻头，宽嘴·单侧上扬，圆方下颌
FD03281,窄方脸,骨点内敛,平直额,厚眉骨,眼下骨感,柔和颧骨,幼态柔软面颊,骨感下颌,短杏眼,眼尾下沉,窄眼距,墨玉瞳,宽鼻根,轻微偏右鼻梁,下压鼻头,小嘴,单侧上扬,耳后小痣,窄方脸（骨点内敛），厚眉骨/眼下骨感，短杏眼·眼尾下沉·窄眼距，宽鼻根/轻微偏右鼻梁/下压鼻头，小嘴·单侧上扬，骨感下颌
FD03282,宽菱形,面中平缓,骨感额,柔和眉骨,眼下骨感,外扩颧骨,幼态柔软面颊,圆方下颌,狼系眼,眼尾微挑,标准眼距,淡金瞳,窄鼻根,轻鹰钩鼻梁,肉感鼻头,薄唇,嘴角下垂,右眼下浅泪痣,宽菱形（面中平缓），柔和眉骨/眼下骨感，狼系眼·眼尾微挑·标准眼距，窄鼻根/轻鹰钩鼻梁/肉感鼻头，薄唇·嘴角下垂，圆方下颌
FD03283,方鹅蛋脸,颊部略凹,低额,内侧突出眉骨,深眼窝,窄颧骨,轻凹面颊,窄下颌,圆长眼,眼尾延展,宽眼距,环状虹膜,窄鼻根,轻微偏左鼻梁,轻翘鼻头,宽嘴,嘴角平直,环状虹膜,方鹅蛋脸（颊部略凹），内侧突出眉骨/深眼窝，圆长眼·眼尾延展·宽眼距，窄鼻根/轻微偏左鼻梁/轻翘鼻头，宽嘴·嘴角平直，窄下颌
FD03284,窄方脸,骨点外显,平直额,柔和眉骨,浅眼窝,宽颧骨,饱满面颊,骨感下颌,短杏眼,眼尾下压,宽眼距,淡金瞳,中高鼻根,柔和鼻梁,下压鼻头,薄唇,嘴角紧收,无标志,窄方脸（骨点外显），柔和眉骨/浅眼窝，短杏眼·眼尾下压·宽眼距，中高鼻根/柔和鼻梁/下压鼻头，薄唇·嘴角紧收，骨感下颌
FD03285,短鹅蛋脸,颧部外扩,高额,厚眉骨,眼下饱满,宽颧骨,轻凹面颊,骨感下颌,上扬凤眼,眼尾下沉,标准眼距,浅褐瞳,高鼻根,轻微偏左鼻梁,方圆鼻头,平直唇,嘴角下垂,眼角小痣,短鹅蛋脸（颧部外扩），厚眉骨/眼下饱满，上扬凤眼·眼尾下沉·标准眼距，高鼻根/轻微偏左鼻梁/方圆鼻头，平直唇·嘴角下垂，骨感下颌
FD03286,骨感方脸,中庭拉长,窄额,压迫感眉骨,中度眼窝,宽颧骨,薄面颊,收敛下颌,窄杏眼,眼尾下压,标准眼距,墨玉瞳,宽鼻根,微弧鼻梁,轻翘鼻头,平直唇,嘴角紧收,眉心竖纹浅痕,骨感方脸（中庭拉长），压迫感眉骨/中度眼窝，窄杏眼·眼尾下压·标准眼距，宽鼻根/微弧鼻梁/轻翘鼻头，平直唇·嘴角紧收，收敛下颌
FD03287,圆方脸,颧部微收,平直额,压迫感眉骨,眼下饱满,窄颧骨,饱满面颊,明显下颌角,平凤眼,眼尾微挑,标准眼距,琥珀瞳,中鼻根,轻鹰钩鼻梁,肉感鼻头,宽嘴,单侧上扬,眉尾旧疤,圆方脸（颧部微收），压迫感眉骨/眼下饱满，平凤眼·眼尾微挑·标准眼距，中鼻根/轻鹰钩鼻梁/肉感鼻头，宽嘴·单侧上扬，明显下颌角
FD03288,短鹅蛋脸,上庭展开,低额,低眉骨,窄深眼窝,高颧骨,饱满面颊,柔和下颌,柳叶眼,眼尾延展,标准眼距,异色瞳,中鼻根,轻微偏右鼻梁,小圆鼻头,平直唇,嘴角上扬,双侧酒窝,短鹅蛋脸（上庭展开），低眉骨/窄深眼窝，柳叶眼·眼尾延展·标准眼距，中鼻根/轻微偏右鼻梁/小圆鼻头，平直唇·嘴角上扬，柔和下颌
FD03289,方鹅蛋脸,下庭收窄,饱满额,厚眉骨,窄深眼窝,外扩颧骨,幼态柔软面颊,窄下颌,宽杏眼,眼尾延展,宽眼距,深色瞳,中鼻根,中直鼻梁,微钝鼻头,小嘴,单侧上扬,左颊浅疤,方鹅蛋脸（下庭收窄），厚眉骨/窄深眼窝，宽杏眼·眼尾延展·宽眼距，中鼻根/中直鼻梁/微钝鼻头，小嘴·单侧上扬，窄下颌
FD03290,鹅蛋偏方,颈部线条收短,高额,厚眉骨,深眼窝,低颧骨,幼态柔软面颊,宽下颌,冷感眼,眼尾下沉,窄眼距,墨玉瞳,高鼻根,中直鼻梁,微钝鼻头,成熟长唇,嘴角下垂,右眼下浅泪痣,鹅蛋偏方（颈部线条收短），厚眉骨/深眼窝，冷感眼·眼尾下沉·窄眼距，高鼻根/中直鼻梁/微钝鼻头，成熟长唇·嘴角下垂，宽下颌
FD03291,肉感短脸,下颌线柔化,低额,厚眉骨,眼下饱满,低颧骨,幼态柔软面颊,明显下颌角,宽杏眼,眼尾明显挑,标准眼距,浅褐瞳,高鼻根,宽骨鼻梁,窄翼鼻头,弓形唇,嘴角紧收,左颊浅疤,肉感短脸（下颌线柔化），厚眉骨/眼下饱满，宽杏眼·眼尾明显挑·标准眼距，高鼻根/宽骨鼻梁/窄翼鼻头，弓形唇·嘴角紧收，明显下颌角
FD03292,圆脸,下颌线柔化,平直额,柔和眉骨,浅眼窝,低颧骨,轻凹面颊,收敛下颌,短杏眼,眼尾明显挑,标准眼距,灰蓝瞳,高鼻根,宽骨鼻梁,骨感鼻头,成熟长唇,嘴角平直,眼睑褶皱不对称,圆脸（下颌线柔化），柔和眉骨/浅眼窝，短杏眼·眼尾明显挑·标准眼距，高鼻根/宽骨鼻梁/骨感鼻头，成熟长唇·嘴角平直，收敛下颌
FD03293,圆脸,中轴收紧,饱满额,外侧突出眉骨,中度眼窝,宽颧骨,轻凹面颊,柔和下颌,蛇系眼,眼尾下压,宽眼距,淡金瞳,窄鼻根,高直鼻梁,微钝鼻头,上厚下薄,单侧上扬,眉上小疤,圆脸（中轴收紧），外侧突出眉骨/中度眼窝，蛇系眼·眼尾下压·宽眼距，窄鼻根/高直鼻梁/微钝鼻头，上厚下薄·单侧上扬，柔和下颌
FD03294,颧部展开脸,下颌线清晰化,微凸额,高眉骨,眼下骨感,外扩颧骨,薄面颊,窄下颌,桃花眼,眼尾平直,宽眼距,琥珀瞳,中鼻根,高直鼻梁,骨感鼻头,厚唇,单侧上扬,无标志,颧部展开脸（下颌线清晰化），高眉骨/眼下骨感，桃花眼·眼尾平直·宽眼距，中鼻根/高直鼻梁/骨感鼻头，厚唇·单侧上扬，窄下颌
FD03295,心形脸,面中立体化,微凸额,柔和眉骨,中度眼窝,窄颧骨,轻凹面颊,方下颌,丹凤眼,眼尾平直,窄眼距,淡金瞳,高鼻根,宽骨鼻梁,微钝鼻头,平直唇,嘴角下垂,双侧酒窝,心形脸（面中立体化），柔和眉骨/中度眼窝，丹凤眼·眼尾平直·窄眼距，高鼻根/宽骨鼻梁/微钝鼻头，平直唇·嘴角下垂，方下颌
FD03296,上宽下窄脸,中庭拉长,高额,厚眉骨,浅眼窝,外扩颧骨,饱满面颊,窄下颌,长杏眼,眼尾平直,标准眼距,琥珀瞳,低鼻根,轻微偏左鼻梁,微钝鼻头,上厚下薄,嘴角下垂,颈侧细疤,上宽下窄脸（中庭拉长），厚眉骨/浅眼窝，长杏眼·眼尾平直·标准眼距，低鼻根/轻微偏左鼻梁/微钝鼻头，上厚下薄·嘴角下垂，窄下颌
FD03297,倒梯形脸,颈部线条收短,宽额,压迫感眉骨,眼下饱满,窄颧骨,薄面颊,骨感下颌,平凤眼,眼尾下沉,宽眼距,深色瞳,窄鼻根,轻鹰钩鼻梁,方圆鼻头,薄唇,嘴角平直,单侧虎牙,倒梯形脸（颈部线条收短），压迫感眉骨/眼下饱满，平凤眼·眼尾下沉·宽眼距，窄鼻根/轻鹰钩鼻梁/方圆鼻头，薄唇·嘴角平直，骨感下颌
FD03298,短圆脸,中轴微长,微凸额,低眉骨,深眼窝,外扩颧骨,饱满面颊,圆方下颌,疲惫眼,眼尾平直,标准眼距,碎裂虹膜,中高鼻根,轻微偏右鼻梁,骨感鼻头,薄唇,嘴角紧收,右眉轻断,短圆脸（中轴微长），低眉骨/深眼窝，疲惫眼·眼尾平直·标准眼距，中高鼻根/轻微偏右鼻梁/骨感鼻头，薄唇·嘴角紧收，圆方下颌
FD03299,清瘦圆脸,颧部微收,饱满额,厚眉骨,浅眼窝,高颧骨,薄面颊,收敛下颌,少年圆眼,眼尾下沉,标准眼距,深色瞳,窄鼻根,宽骨鼻梁,肉感鼻头,成熟长唇,单侧上扬,耳后小痣,清瘦圆脸（颧部微收），厚眉骨/浅眼窝，少年圆眼·眼尾下沉·标准眼距，窄鼻根/宽骨鼻梁/肉感鼻头，成熟长唇·单侧上扬，收敛下颌
FD03300,下颌突出脸,面中平缓,骨感额,高眉骨,宽浅眼窝,低颧骨,幼态柔软面颊,方下颌,狼系眼,眼尾明显挑,标准眼距,环状虹膜,中鼻根,宽骨鼻梁,肉感鼻头,宽嘴,单侧上扬,眉尾旧疤,下颌突出脸（面中平缓），高眉骨/宽浅眼窝，狼系眼·眼尾明显挑·标准眼距，中鼻根/宽骨鼻梁/肉感鼻头，宽嘴·单侧上扬，方下颌
FD03301,标准菱形,偏柔圆润,平直额,外侧突出眉骨,中度眼窝,外扩颧骨,幼态柔软面颊,收敛下颌,宽杏眼,眼尾延展,宽眼距,淡金瞳,中高鼻根,中直鼻梁,微钝鼻头,平直唇,嘴角平直,耳后小痣,标准菱形（偏柔圆润），外侧突出眉骨/中度眼窝，宽杏眼·眼尾延展·宽眼距，中高鼻根/中直鼻梁/微钝鼻头，平直唇·嘴角平直，收敛下颌
FD03302,圆脸,中庭展宽,平直额,薄眉骨,宽浅眼窝,低颧骨,成熟收紧面颊,方下颌,鹰隼眼,眼尾平直,宽眼距,异色瞳,中高鼻根,微弧鼻梁,下压鼻头,薄唇,嘴角紧收,眼角小痣,圆脸（中庭展宽），薄眉骨/宽浅眼窝，鹰隼眼·眼尾平直·宽眼距，中高鼻根/微弧鼻梁/下压鼻头，薄唇·嘴角紧收，方下颌
FD03303,心形脸,骨点内敛,窄额,柔和眉骨,窄深眼窝,外扩颧骨,饱满面颊,窄下颌,桃花眼,眼尾微挑,窄眼距,碎裂虹膜,高鼻根,轻鹰钩鼻梁,骨感鼻头,平直唇,嘴角紧收,环状虹膜,心形脸（骨点内敛），柔和眉骨/窄深眼窝，桃花眼·眼尾微挑·窄眼距，高鼻根/轻鹰钩鼻梁/骨感鼻头，平直唇·嘴角紧收，窄下颌
FD03304,圆脸,颌角弱化,窄额,低眉骨,深眼窝,窄颧骨,饱满面颊,柔和下颌,桃花眼,眼尾平直,宽眼距,异色瞳,中高鼻根,轻微偏右鼻梁,方圆鼻头,成熟长唇,嘴角平直,眼睑褶皱不对称,圆脸（颌角弱化），低眉骨/深眼窝，桃花眼·眼尾平直·宽眼距，中高鼻根/轻微偏右鼻梁/方圆鼻头，成熟长唇·嘴角平直，柔和下颌
FD03305,方菱过渡脸,中轴微长,低额,外侧突出眉骨,眼下骨感,外扩颧骨,薄面颊,方下颌,桃花眼,眼尾平直,宽眼距,异色瞳,中鼻根,轻微偏右鼻梁,轻翘鼻头,成熟长唇,嘴角下垂,眼角小痣,方菱过渡脸（中轴微长），外侧突出眉骨/眼下骨感，桃花眼·眼尾平直·宽眼距，中鼻根/轻微偏右鼻梁/轻翘鼻头，成熟长唇·嘴角下垂，方下颌
FD03306,心形脸,面中立体化,窄额,压迫感眉骨,眼下骨感,高颧骨,成熟收紧面颊,柔和下颌,少年圆眼,眼尾微挑,窄眼距,环状虹膜,窄鼻根,高直鼻梁,微钝鼻头,弓形唇,嘴角下垂,右眼下浅泪痣,心形脸（面中立体化），压迫感眉骨/眼下骨感，少年圆眼·眼尾微挑·窄眼距，窄鼻根/高直鼻梁/微钝鼻头，弓形唇·嘴角下垂，柔和下颌
FD03307,长圆脸,中庭拉长,饱满额,内侧突出眉骨,眼下骨感,外扩颧骨,薄面颊,窄下颌,柳叶眼,眼尾下压,宽眼距,浅褐瞳,高鼻根,高直鼻梁,下压鼻头,成熟长唇,嘴角紧收,双侧酒窝,长圆脸（中庭拉长），内侧突出眉骨/眼下骨感，柳叶眼·眼尾下压·宽眼距，高鼻根/高直鼻梁/下压鼻头，成熟长唇·嘴角紧收，窄下颌
FD03308,倒梯形脸,中庭展宽,平直额,薄眉骨,深眼窝,高颧骨,成熟收紧面颊,窄下颌,鹤系眼,眼尾延展,窄眼距,环状虹膜,中鼻根,中直鼻梁,轻翘鼻头,小嘴,嘴角平直,左眼下浅泪痣,倒梯形脸（中庭展宽），薄眉骨/深眼窝，鹤系眼·眼尾延展·窄眼距，中鼻根/中直鼻梁/轻翘鼻头，小嘴·嘴角平直，窄下颌
FD03309,成熟方脸,骨点外显,窄额,低眉骨,眼下骨感,柔和颧骨,饱满面颊,方下颌,长杏眼,眼尾明显挑,标准眼距,环状虹膜,中鼻根,轻微偏左鼻梁,骨感鼻头,平直唇,单侧上扬,单侧虎牙,成熟方脸（骨点外显），低眉骨/眼下骨感，长杏眼·眼尾明显挑·标准眼距，中鼻根/轻微偏左鼻梁/骨感鼻头，平直唇·单侧上扬，方下颌
FD03310,窄鹅蛋脸,中庭拉长,饱满额,薄眉骨,窄深眼窝,窄颧骨,薄面颊,窄下颌,长杏眼,眼尾微挑,窄眼距,淡金瞳,高鼻根,轻微偏右鼻梁,小圆鼻头,上厚下薄,单侧上扬,左颊浅疤,窄鹅蛋脸（中庭拉长），薄眉骨/窄深眼窝，长杏眼·眼尾微挑·窄眼距，高鼻根/轻微偏右鼻梁/小圆鼻头，上厚下薄·单侧上扬，窄下颌
FD03311,鹅蛋偏菱,颈部线条延长,宽额,外侧突出眉骨,浅眼窝,高颧骨,轻凹面颊,柔和下颌,鹿系眼,眼尾明显挑,宽眼距,琥珀瞳,中高鼻根,中直鼻梁,肉感鼻头,小嘴,嘴角平直,瞳孔残缺,鹅蛋偏菱（颈部线条延长），外侧突出眉骨/浅眼窝，鹿系眼·眼尾明显挑·宽眼距，中高鼻根/中直鼻梁/肉感鼻头，小嘴·嘴角平直，柔和下颌
FD03312,倒梯形脸,颊部略凹,窄额,柔和眉骨,宽浅眼窝,宽颧骨,轻凹面颊,收敛下颌,桃花眼,眼尾延展,标准眼距,环状虹膜,中高鼻根,高直鼻梁,微钝鼻头,上厚下薄,嘴角上扬,无标志,倒梯形脸（颊部略凹），柔和眉骨/宽浅眼窝，桃花眼·眼尾延展·标准眼距，中高鼻根/高直鼻梁/微钝鼻头，上厚下薄·嘴角上扬，收敛下颌
FD03313,短鹅蛋脸,中庭拉长,饱满额,外侧突出眉骨,浅眼窝,窄颧骨,薄面颊,骨感下颌,短杏眼,眼尾下沉,窄眼距,琥珀瞳,宽鼻根,中直鼻梁,小圆鼻头,薄唇,单侧上扬,单侧虎牙,短鹅蛋脸（中庭拉长），外侧突出眉骨/浅眼窝，短杏眼·眼尾下沉·窄眼距，宽鼻根/中直鼻梁/小圆鼻头，薄唇·单侧上扬，骨感下颌
FD03314,鹅蛋偏心形,下庭加重,低额,薄眉骨,眼下骨感,宽颧骨,薄面颊,方下颌,冷感眼,眼尾延展,宽眼距,浅褐瞳,中高鼻根,轻微偏右鼻梁,方圆鼻头,小嘴,嘴角平直,眉尾旧疤,鹅蛋偏心形（下庭加重），薄眉骨/眼下骨感，冷感眼·眼尾延展·宽眼距，中高鼻根/轻微偏右鼻梁/方圆鼻头，小嘴·嘴角平直，方下颌
FD03315,宽心形脸,中轴收紧,平直额,厚眉骨,眼下饱满,窄颧骨,幼态柔软面颊,方下颌,鹤系眼,眼尾下沉,窄眼距,浅褐瞳,宽鼻根,宽骨鼻梁,骨感鼻头,平直唇,嘴角紧收,右眼下浅泪痣,宽心形脸（中轴收紧），厚眉骨/眼下饱满，鹤系眼·眼尾下沉·窄眼距，宽鼻根/宽骨鼻梁/骨感鼻头，平直唇·嘴角紧收，方下颌
FD03316,心形脸,中轴收紧,平直额,内侧突出眉骨,眼下饱满,宽颧骨,薄面颊,方下颌,下垂眼,眼尾微挑,宽眼距,星点虹膜,宽鼻根,微弧鼻梁,微钝鼻头,薄唇,嘴角紧收,眼睑褶皱不对称,心形脸（中轴收紧），内侧突出眉骨/眼下饱满，下垂眼·眼尾微挑·宽眼距，宽鼻根/微弧鼻梁/微钝鼻头，薄唇·嘴角紧收，方下颌
FD03317,长圆脸,偏柔圆润,低额,薄眉骨,眼下骨感,外扩颧骨,幼态柔软面颊,圆方下颌,狐狸系眼,眼尾平直,标准眼距,深色瞳,窄鼻根,高直鼻梁,微钝鼻头,薄唇,嘴角平直,额角旧痕,长圆脸（偏柔圆润），薄眉骨/眼下骨感，狐狸系眼·眼尾平直·标准眼距，窄鼻根/高直鼻梁/微钝鼻头，薄唇·嘴角平直，圆方下颌
FD03318,上宽下窄脸,颧部微收,饱满额,柔和眉骨,眼下饱满,柔和颧骨,幼态柔软面颊,收敛下颌,平直杏眼,眼尾平直,宽眼距,碎裂虹膜,宽鼻根,轻微偏左鼻梁,窄翼鼻头,弓形唇,单侧上扬,右眼下浅泪痣,上宽下窄脸（颧部微收），柔和眉骨/眼下饱满，平直杏眼·眼尾平直·宽眼距，宽鼻根/轻微偏左鼻梁/窄翼鼻头，弓形唇·单侧上扬，收敛下颌
FD03319,宽方脸,下颌线柔化,宽额,高眉骨,窄深眼窝,高颧骨,薄面颊,骨感下颌,半睁懒眼,眼尾下沉,宽眼距,异色瞳,中高鼻根,轻微偏右鼻梁,骨感鼻头,小嘴,嘴角紧收,唇下小痣,宽方脸（下颌线柔化），高眉骨/窄深眼窝，半睁懒眼·眼尾下沉·宽眼距，中高鼻根/轻微偏右鼻梁/骨感鼻头，小嘴·嘴角紧收，骨感下颌
FD03320,长心形脸,偏锐收窄,平直额,压迫感眉骨,深眼窝,宽颧骨,饱满面颊,骨感下颌,狭长瑞凤眼,眼尾延展,标准眼距,碎裂虹膜,高鼻根,轻微偏左鼻梁,窄翼鼻头,厚唇,单侧上扬,下颌浅疤,长心形脸（偏锐收窄），压迫感眉骨/深眼窝，狭长瑞凤眼·眼尾延展·标准眼距，高鼻根/轻微偏左鼻梁/窄翼鼻头，厚唇·单侧上扬，骨感下颌
FD03321,骨感窄脸,中庭拉长,骨感额,低眉骨,深眼窝,柔和颧骨,饱满面颊,收敛下颌,鹿系眼,眼尾明显挑,窄眼距,墨玉瞳,低鼻根,中直鼻梁,微钝鼻头,平直唇,嘴角上扬,异色瞳,骨感窄脸（中庭拉长），低眉骨/深眼窝，鹿系眼·眼尾明显挑·窄眼距，低鼻根/中直鼻梁/微钝鼻头，平直唇·嘴角上扬，收敛下颌
FD03322,短鹅蛋脸,中庭展宽,骨感额,薄眉骨,眼下饱满,低颧骨,饱满面颊,收敛下颌,平凤眼,眼尾下沉,宽眼距,琥珀瞳,中鼻根,轻微偏右鼻梁,肉感鼻头,小嘴,嘴角平直,双侧酒窝,短鹅蛋脸（中庭展宽），薄眉骨/眼下饱满，平凤眼·眼尾下沉·宽眼距，中鼻根/轻微偏右鼻梁/肉感鼻头，小嘴·嘴角平直，收敛下颌
FD03323,倒梯形脸,颈部线条收短,低额,内侧突出眉骨,浅眼窝,外扩颧骨,薄面颊,骨感下颌,圆长眼,眼尾延展,宽眼距,星点虹膜,中鼻根,轻鹰钩鼻梁,下压鼻头,平直唇,嘴角紧收,无标志,倒梯形脸（颈部线条收短），内侧突出眉骨/浅眼窝，圆长眼·眼尾延展·宽眼距，中鼻根/轻鹰钩鼻梁/下压鼻头，平直唇·嘴角紧收，骨感下颌
FD03324,标准菱形,颧部微收,高额,厚眉骨,窄深眼窝,高颧骨,饱满面颊,柔和下颌,平凤眼,眼尾明显挑,窄眼距,环状虹膜,低鼻根,柔和鼻梁,方圆鼻头,小嘴,嘴角上扬,眉尾旧疤,标准菱形（颧部微收），厚眉骨/窄深眼窝，平凤眼·眼尾明显挑·窄眼距，低鼻根/柔和鼻梁/方圆鼻头，小嘴·嘴角上扬，柔和下颌
FD03325,心形脸,颧部微收,窄额,压迫感眉骨,浅眼窝,窄颧骨,薄面颊,收敛下颌,猫系眼,眼尾微挑,宽眼距,琥珀瞳,低鼻根,微弧鼻梁,小圆鼻头,上厚下薄,嘴角紧收,单侧酒窝,心形脸（颧部微收），压迫感眉骨/浅眼窝，猫系眼·眼尾微挑·宽眼距，低鼻根/微弧鼻梁/小圆鼻头，上厚下薄·嘴角紧收，收敛下颌
FD03326,鹅蛋偏菱,上庭展开,窄额,薄眉骨,浅眼窝,窄颧骨,幼态柔软面颊,圆方下颌,鹤系眼,眼尾明显挑,标准眼距,浅褐瞳,窄鼻根,微弧鼻梁,方圆鼻头,小嘴,嘴角紧收,左颊浅疤,鹅蛋偏菱（上庭展开），薄眉骨/浅眼窝，鹤系眼·眼尾明显挑·标准眼距，窄鼻根/微弧鼻梁/方圆鼻头，小嘴·嘴角紧收，圆方下颌
FD03327,上窄下宽脸,中庭展宽,窄额,薄眉骨,浅眼窝,低颧骨,薄面颊,骨感下颌,狭长瑞凤眼,眼尾延展,窄眼距,环状虹膜,高鼻根,高直鼻梁,肉感鼻头,成熟长唇,单侧上扬,左颊浅疤,上窄下宽脸（中庭展宽），薄眉骨/浅眼窝，狭长瑞凤眼·眼尾延展·窄眼距，高鼻根/高直鼻梁/肉感鼻头，成熟长唇·单侧上扬，骨感下颌
FD03328,骨感方脸,颈部线条延长,平直额,柔和眉骨,深眼窝,宽颧骨,薄面颊,宽下颌,少年圆眼,眼尾平直,标准眼距,墨玉瞳,中鼻根,高直鼻梁,微钝鼻头,弓形唇,单侧上扬,单侧酒窝,骨感方脸（颈部线条延长），柔和眉骨/深眼窝，少年圆眼·眼尾平直·标准眼距，中鼻根/高直鼻梁/微钝鼻头，弓形唇·单侧上扬，宽下颌
FD03329,幼态方脸,颊部略凹,微凸额,厚眉骨,眼下饱满,宽颧骨,薄面颊,宽下颌,平凤眼,眼尾下压,窄眼距,灰蓝瞳,窄鼻根,中直鼻梁,肉感鼻头,平直唇,单侧上扬,眼角小痣,幼态方脸（颊部略凹），厚眉骨/眼下饱满，平凤眼·眼尾下压·窄眼距，窄鼻根/中直鼻梁/肉感鼻头，平直唇·单侧上扬，宽下颌
FD03330,窄鹅蛋脸,颧部微收,平直额,厚眉骨,浅眼窝,窄颧骨,饱满面颊,骨感下颌,瑞凤眼,眼尾下压,标准眼距,灰蓝瞳,中高鼻根,宽骨鼻梁,窄翼鼻头,成熟长唇,嘴角紧收,环状虹膜,窄鹅蛋脸（颧部微收），厚眉骨/浅眼窝，瑞凤眼·眼尾下压·标准眼距，中高鼻根/宽骨鼻梁/窄翼鼻头，成熟长唇·嘴角紧收，骨感下颌
FD03331,长菱形,下颌线清晰化,窄额,厚眉骨,窄深眼窝,外扩颧骨,薄面颊,明显下颌角,桃花眼,眼尾平直,宽眼距,浅褐瞳,窄鼻根,轻微偏右鼻梁,小圆鼻头,成熟长唇,嘴角平直,唇下小痣,长菱形（下颌线清晰化），厚眉骨/窄深眼窝，桃花眼·眼尾平直·宽眼距，窄鼻根/轻微偏右鼻梁/小圆鼻头，成熟长唇·嘴角平直，明显下颌角
FD03332,方菱过渡脸,中庭展宽,平直额,内侧突出眉骨,中度眼窝,宽颧骨,幼态柔软面颊,收敛下颌,冷感眼,眼尾明显挑,宽眼距,浅褐瞳,窄鼻根,中直鼻梁,窄翼鼻头,成熟长唇,嘴角下垂,下颌浅疤,方菱过渡脸（中庭展宽），内侧突出眉骨/中度眼窝，冷感眼·眼尾明显挑·宽眼距，窄鼻根/中直鼻梁/窄翼鼻头，成熟长唇·嘴角下垂，收敛下颌
FD03333,宽心形脸,上庭展开,平直额,高眉骨,中度眼窝,外扩颧骨,薄面颊,圆方下颌,疲惫眼,眼尾微挑,宽眼距,淡金瞳,中高鼻根,轻鹰钩鼻梁,下压鼻头,平直唇,嘴角平直,右眼下浅泪痣,宽心形脸（上庭展开），高眉骨/中度眼窝，疲惫眼·眼尾微挑·宽眼距，中高鼻根/轻鹰钩鼻梁/下压鼻头，平直唇·嘴角平直，圆方下颌
FD03334,颧部展开脸,下颌线清晰化,低额,低眉骨,深眼窝,宽颧骨,成熟收紧面颊,方下颌,半睁懒眼,眼尾下沉,窄眼距,星点虹膜,窄鼻根,轻鹰钩鼻梁,方圆鼻头,宽嘴,嘴角紧收,异色瞳,颧部展开脸（下颌线清晰化），低眉骨/深眼窝，半睁懒眼·眼尾下沉·窄眼距，窄鼻根/轻鹰钩鼻梁/方圆鼻头，宽嘴·嘴角紧收，方下颌
FD03335,窄方脸,中轴收紧,宽额,低眉骨,宽浅眼窝,宽颧骨,成熟收紧面颊,宽下颌,鹤系眼,眼尾明显挑,窄眼距,环状虹膜,低鼻根,柔和鼻梁,小圆鼻头,上厚下薄,单侧上扬,异色瞳,窄方脸（中轴收紧），低眉骨/宽浅眼窝，鹤系眼·眼尾明显挑·窄眼距，低鼻根/柔和鼻梁/小圆鼻头，上厚下薄·单侧上扬，宽下颌
FD03336,双颌匀称脸,颧部外扩,宽额,柔和眉骨,中度眼窝,高颧骨,幼态柔软面颊,方下颌,猫系眼,眼尾延展,标准眼距,琥珀瞳,中鼻根,微弧鼻梁,窄翼鼻头,平直唇,单侧上扬,碎裂虹膜,双颌匀称脸（颧部外扩），柔和眉骨/中度眼窝，猫系眼·眼尾延展·标准眼距，中鼻根/微弧鼻梁/窄翼鼻头，平直唇·单侧上扬，方下颌
FD03337,宽菱形,下庭加重,高额,高眉骨,中度眼窝,宽颧骨,幼态柔软面颊,宽下颌,下垂眼,眼尾下沉,窄眼距,碎裂虹膜,高鼻根,柔和鼻梁,小圆鼻头,弓形唇,嘴角下垂,左眼下浅泪痣,宽菱形（下庭加重），高眉骨/中度眼窝，下垂眼·眼尾下沉·窄眼距，高鼻根/柔和鼻梁/小圆鼻头，弓形唇·嘴角下垂，宽下颌
FD03338,鹅蛋偏心形,下颌线柔化,微凸额,压迫感眉骨,窄深眼窝,宽颧骨,饱满面颊,方下颌,狼系眼,眼尾下沉,窄眼距,星点虹膜,低鼻根,轻微偏左鼻梁,肉感鼻头,宽嘴,嘴角紧收,无标志,鹅蛋偏心形（下颌线柔化），压迫感眉骨/窄深眼窝，狼系眼·眼尾下沉·窄眼距，低鼻根/轻微偏左鼻梁/肉感鼻头，宽嘴·嘴角紧收，方下颌
FD03339,柔和菱形,中庭展宽,高额,内侧突出眉骨,浅眼窝,宽颧骨,轻凹面颊,柔和下颌,疲惫眼,眼尾明显挑,宽眼距,浅褐瞳,宽鼻根,中直鼻梁,微钝鼻头,上薄下厚,嘴角平直,耳后小痣,柔和菱形（中庭展宽），内侧突出眉骨/浅眼窝，疲惫眼·眼尾明显挑·宽眼距，宽鼻根/中直鼻梁/微钝鼻头，上薄下厚·嘴角平直，柔和下颌
FD03340,肉感短脸,上庭收窄,低额,压迫感眉骨,浅眼窝,外扩颧骨,轻凹面颊,方下颌,短圆杏眼,眼尾下压,窄眼距,碎裂虹膜,高鼻根,微弧鼻梁,方圆鼻头,宽嘴,嘴角平直,右眉轻断,肉感短脸（上庭收窄），压迫感眉骨/浅眼窝，短圆杏眼·眼尾下压·窄眼距，高鼻根/微弧鼻梁/方圆鼻头，宽嘴·嘴角平直，方下颌
FD03341,方鹅蛋脸,中轴微长,高额,高眉骨,窄深眼窝,宽颧骨,成熟收紧面颊,圆方下颌,桃花眼,眼尾延展,宽眼距,淡金瞳,中高鼻根,高直鼻梁,微钝鼻头,宽嘴,单侧上扬,异色瞳,方鹅蛋脸（中轴微长），高眉骨/窄深眼窝，桃花眼·眼尾延展·宽眼距，中高鼻根/高直鼻梁/微钝鼻头，宽嘴·单侧上扬，圆方下颌
FD03342,长鹅蛋脸,中轴收紧,骨感额,内侧突出眉骨,宽浅眼窝,窄颧骨,饱满面颊,收敛下颌,鹰隼眼,眼尾延展,宽眼距,淡金瞳,低鼻根,轻鹰钩鼻梁,窄翼鼻头,小嘴,嘴角下垂,眼睑褶皱不对称,长鹅蛋脸（中轴收紧），内侧突出眉骨/宽浅眼窝，鹰隼眼·眼尾延展·宽眼距，低鼻根/轻鹰钩鼻梁/窄翼鼻头，小嘴·嘴角下垂，收敛下颌
FD03343,圆脸,下庭加重,低额,外侧突出眉骨,眼下饱满,窄颧骨,成熟收紧面颊,收敛下颌,狼系眼,眼尾下压,窄眼距,淡金瞳,低鼻根,轻鹰钩鼻梁,方圆鼻头,宽嘴,单侧上扬,眉尾旧疤,圆脸（下庭加重），外侧突出眉骨/眼下饱满，狼系眼·眼尾下压·窄眼距，低鼻根/轻鹰钩鼻梁/方圆鼻头，宽嘴·单侧上扬，收敛下颌
FD03344,短圆脸,偏柔圆润,饱满额,外侧突出眉骨,眼下骨感,柔和颧骨,轻凹面颊,柔和下颌,鹿系眼,眼尾明显挑,标准眼距,星点虹膜,高鼻根,轻微偏左鼻梁,轻翘鼻头,厚唇,单侧上扬,碎裂虹膜,短圆脸（偏柔圆润），外侧突出眉骨/眼下骨感，鹿系眼·眼尾明显挑·标准眼距，高鼻根/轻微偏左鼻梁/轻翘鼻头，厚唇·单侧上扬，柔和下颌
FD03345,骨感窄脸,面中立体化,高额,外侧突出眉骨,深眼窝,窄颧骨,成熟收紧面颊,明显下颌角,少年圆眼,眼尾微挑,宽眼距,异色瞳,高鼻根,轻微偏右鼻梁,下压鼻头,小嘴,嘴角下垂,无标志,骨感窄脸（面中立体化），外侧突出眉骨/深眼窝，少年圆眼·眼尾微挑·宽眼距，高鼻根/轻微偏右鼻梁/下压鼻头，小嘴·嘴角下垂，明显下颌角
FD03346,窄方脸,颌角弱化,饱满额,外侧突出眉骨,窄深眼窝,柔和颧骨,薄面颊,窄下颌,圆长眼,眼尾延展,宽眼距,环状虹膜,宽鼻根,高直鼻梁,方圆鼻头,厚唇,嘴角紧收,眼角小痣,窄方脸（颌角弱化），外侧突出眉骨/窄深眼窝，圆长眼·眼尾延展·宽眼距，宽鼻根/高直鼻梁/方圆鼻头，厚唇·嘴角紧收，窄下颌
FD03347,长心形脸,面中立体化,低额,柔和眉骨,浅眼窝,宽颧骨,轻凹面颊,窄下颌,狼系眼,眼尾延展,标准眼距,淡金瞳,中鼻根,柔和鼻梁,肉感鼻头,薄唇,嘴角上扬,无标志,长心形脸（面中立体化），柔和眉骨/浅眼窝，狼系眼·眼尾延展·标准眼距，中鼻根/柔和鼻梁/肉感鼻头，薄唇·嘴角上扬，窄下颌
FD03348,清瘦圆脸,下庭加重,微凸额,内侧突出眉骨,窄深眼窝,低颧骨,饱满面颊,骨感下颌,鹤系眼,眼尾平直,窄眼距,浅褐瞳,窄鼻根,柔和鼻梁,轻翘鼻头,平直唇,嘴角下垂,耳后小痣,清瘦圆脸（下庭加重），内侧突出眉骨/窄深眼窝，鹤系眼·眼尾平直·窄眼距，窄鼻根/柔和鼻梁/轻翘鼻头，平直唇·嘴角下垂，骨感下颌
FD03349,长圆脸,面中平缓,宽额,压迫感眉骨,窄深眼窝,柔和颧骨,饱满面颊,圆方下颌,半睁懒眼,眼尾微挑,标准眼距,墨玉瞳,高鼻根,中直鼻梁,微钝鼻头,成熟长唇,单侧上扬,左眼下浅泪痣,长圆脸（面中平缓），压迫感眉骨/窄深眼窝，半睁懒眼·眼尾微挑·标准眼距，高鼻根/中直鼻梁/微钝鼻头，成熟长唇·单侧上扬，圆方下颌
FD03350,窄鹅蛋脸,面中立体化,宽额,外侧突出眉骨,眼下骨感,柔和颧骨,轻凹面颊,宽下颌,鹿系眼,眼尾延展,宽眼距,灰蓝瞳,中高鼻根,柔和鼻梁,肉感鼻头,小嘴,单侧上扬,颈侧细疤,窄鹅蛋脸（面中立体化），外侧突出眉骨/眼下骨感，鹿系眼·眼尾延展·宽眼距，中高鼻根/柔和鼻梁/肉感鼻头，小嘴·单侧上扬，宽下颌
FD03351,正梯形脸,中庭拉长,高额,厚眉骨,深眼窝,低颧骨,轻凹面颊,骨感下颌,半睁懒眼,眼尾延展,标准眼距,碎裂虹膜,中鼻根,中直鼻梁,小圆鼻头,厚唇,嘴角下垂,单侧酒窝,正梯形脸（中庭拉长），厚眉骨/深眼窝，半睁懒眼·眼尾延展·标准眼距，中鼻根/中直鼻梁/小圆鼻头，厚唇·嘴角下垂，骨感下颌
FD03352,长圆脸,颈部线条延长,窄额,柔和眉骨,深眼窝,低颧骨,薄面颊,方下颌,冷感眼,眼尾平直,标准眼距,灰蓝瞳,宽鼻根,轻鹰钩鼻梁,轻翘鼻头,成熟长唇,嘴角下垂,单侧虎牙,长圆脸（颈部线条延长），柔和眉骨/深眼窝，冷感眼·眼尾平直·标准眼距，宽鼻根/轻鹰钩鼻梁/轻翘鼻头，成熟长唇·嘴角下垂，方下颌
FD03353,鹅蛋偏方,颌角弱化,窄额,外侧突出眉骨,眼下饱满,低颧骨,饱满面颊,宽下颌,平直杏眼,眼尾微挑,窄眼距,星点虹膜,低鼻根,柔和鼻梁,小圆鼻头,成熟长唇,嘴角下垂,左颊浅疤,鹅蛋偏方（颌角弱化），外侧突出眉骨/眼下饱满，平直杏眼·眼尾微挑·窄眼距，低鼻根/柔和鼻梁/小圆鼻头，成熟长唇·嘴角下垂，宽下颌
FD03354,窄方脸,颌角强调,骨感额,厚眉骨,眼下骨感,外扩颧骨,成熟收紧面颊,方下颌,短杏眼,眼尾明显挑,窄眼距,星点虹膜,中鼻根,柔和鼻梁,轻翘鼻头,成熟长唇,嘴角下垂,右眼下浅泪痣,窄方脸（颌角强调），厚眉骨/眼下骨感，短杏眼·眼尾明显挑·窄眼距，中鼻根/柔和鼻梁/轻翘鼻头，成熟长唇·嘴角下垂，方下颌
FD03355,宽鹅蛋脸,上庭展开,骨感额,外侧突出眉骨,中度眼窝,外扩颧骨,轻凹面颊,宽下颌,半睁懒眼,眼尾下沉,窄眼距,环状虹膜,中高鼻根,轻微偏左鼻梁,轻翘鼻头,平直唇,嘴角紧收,环状虹膜,宽鹅蛋脸（上庭展开），外侧突出眉骨/中度眼窝，半睁懒眼·眼尾下沉·窄眼距，中高鼻根/轻微偏左鼻梁/轻翘鼻头，平直唇·嘴角紧收，宽下颌
FD03356,骨感方脸,颊部略凹,饱满额,高眉骨,宽浅眼窝,低颧骨,轻凹面颊,宽下颌,冷感眼,眼尾延展,宽眼距,星点虹膜,窄鼻根,轻鹰钩鼻梁,肉感鼻头,平直唇,嘴角紧收,唇下小痣,骨感方脸（颊部略凹），高眉骨/宽浅眼窝，冷感眼·眼尾延展·宽眼距，窄鼻根/轻鹰钩鼻梁/肉感鼻头，平直唇·嘴角紧收，宽下颌
FD03357,鹅蛋偏菱,颌角强调,饱满额,厚眉骨,宽浅眼窝,柔和颧骨,饱满面颊,收敛下颌,平直杏眼,眼尾平直,宽眼距,墨玉瞳,窄鼻根,高直鼻梁,小圆鼻头,平直唇,单侧上扬,眉尾旧疤,鹅蛋偏菱（颌角强调），厚眉骨/宽浅眼窝，平直杏眼·眼尾平直·宽眼距，窄鼻根/高直鼻梁/小圆鼻头，平直唇·单侧上扬，收敛下颌
FD03358,倒梯形脸,颈部线条延长,低额,内侧突出眉骨,宽浅眼窝,外扩颧骨,幼态柔软面颊,窄下颌,桃花眼,眼尾微挑,窄眼距,深色瞳,中高鼻根,柔和鼻梁,轻翘鼻头,上厚下薄,嘴角平直,眉上小疤,倒梯形脸（颈部线条延长），内侧突出眉骨/宽浅眼窝，桃花眼·眼尾微挑·窄眼距，中高鼻根/柔和鼻梁/轻翘鼻头，上厚下薄·嘴角平直，窄下颌
FD03359,短方脸,颈部线条延长,微凸额,柔和眉骨,眼下骨感,柔和颧骨,轻凹面颊,窄下颌,鹤系眼,眼尾明显挑,宽眼距,淡金瞳,中鼻根,宽骨鼻梁,下压鼻头,成熟长唇,单侧上扬,异色瞳,短方脸（颈部线条延长），柔和眉骨/眼下骨感，鹤系眼·眼尾明显挑·宽眼距，中鼻根/宽骨鼻梁/下压鼻头，成熟长唇·单侧上扬，窄下颌
FD03360,宽心形脸,下庭加重,骨感额,薄眉骨,眼下饱满,外扩颧骨,饱满面颊,骨感下颌,疲惫眼,眼尾延展,标准眼距,环状虹膜,中鼻根,柔和鼻梁,轻翘鼻头,成熟长唇,嘴角平直,单侧虎牙,宽心形脸（下庭加重），薄眉骨/眼下饱满，疲惫眼·眼尾延展·标准眼距，中鼻根/柔和鼻梁/轻翘鼻头，成熟长唇·嘴角平直，骨感下颌
FD03361,窄鹅蛋脸,中庭展宽,微凸额,薄眉骨,浅眼窝,外扩颧骨,饱满面颊,骨感下颌,下垂眼,眼尾微挑,标准眼距,灰蓝瞳,中高鼻根,高直鼻梁,骨感鼻头,弓形唇,单侧上扬,额角旧痕,窄鹅蛋脸（中庭展宽），薄眉骨/浅眼窝，下垂眼·眼尾微挑·标准眼距，中高鼻根/高直鼻梁/骨感鼻头，弓形唇·单侧上扬，骨感下颌
FD03362,长菱形,面中立体化,骨感额,厚眉骨,宽浅眼窝,低颧骨,饱满面颊,宽下颌,疲惫眼,眼尾延展,窄眼距,环状虹膜,宽鼻根,柔和鼻梁,小圆鼻头,成熟长唇,嘴角下垂,无标志,长菱形（面中立体化），厚眉骨/宽浅眼窝，疲惫眼·眼尾延展·窄眼距，宽鼻根/柔和鼻梁/小圆鼻头，成熟长唇·嘴角下垂，宽下颌
FD03363,正梯形脸,面中立体化,宽额,压迫感眉骨,窄深眼窝,柔和颧骨,轻凹面颊,窄下颌,狼系眼,眼尾平直,标准眼距,环状虹膜,宽鼻根,中直鼻梁,骨感鼻头,上薄下厚,嘴角平直,眉尾旧疤,正梯形脸（面中立体化），压迫感眉骨/窄深眼窝，狼系眼·眼尾平直·标准眼距，宽鼻根/中直鼻梁/骨感鼻头，上薄下厚·嘴角平直，窄下颌
FD03364,鹅蛋偏菱,中轴收紧,饱满额,厚眉骨,宽浅眼窝,高颧骨,幼态柔软面颊,明显下颌角,狐狸系眼,眼尾微挑,标准眼距,深色瞳,宽鼻根,高直鼻梁,轻翘鼻头,宽嘴,嘴角上扬,无标志,鹅蛋偏菱（中轴收紧），厚眉骨/宽浅眼窝，狐狸系眼·眼尾微挑·标准眼距，宽鼻根/高直鼻梁/轻翘鼻头，宽嘴·嘴角上扬，明显下颌角
FD03365,肉感短脸,偏柔圆润,窄额,高眉骨,眼下饱满,高颧骨,幼态柔软面颊,明显下颌角,狭长瑞凤眼,眼尾微挑,窄眼距,异色瞳,中鼻根,轻鹰钩鼻梁,微钝鼻头,平直唇,嘴角紧收,眉上小疤,肉感短脸（偏柔圆润），高眉骨/眼下饱满，狭长瑞凤眼·眼尾微挑·窄眼距，中鼻根/轻鹰钩鼻梁/微钝鼻头，平直唇·嘴角紧收，明显下颌角
FD03366,柔和方脸,中庭拉长,低额,外侧突出眉骨,窄深眼窝,高颧骨,成熟收紧面颊,骨感下颌,成熟长眼,眼尾下压,标准眼距,星点虹膜,宽鼻根,高直鼻梁,下压鼻头,小嘴,嘴角紧收,鼻梁旧伤,柔和方脸（中庭拉长），外侧突出眉骨/窄深眼窝，成熟长眼·眼尾下压·标准眼距，宽鼻根/高直鼻梁/下压鼻头，小嘴·嘴角紧收，骨感下颌
FD03367,成熟方脸,面中平缓,平直额,高眉骨,浅眼窝,柔和颧骨,成熟收紧面颊,宽下颌,平直杏眼,眼尾平直,宽眼距,墨玉瞳,中高鼻根,宽骨鼻梁,下压鼻头,小嘴,嘴角下垂,眉尾旧疤,成熟方脸（面中平缓），高眉骨/浅眼窝，平直杏眼·眼尾平直·宽眼距，中高鼻根/宽骨鼻梁/下压鼻头，小嘴·嘴角下垂，宽下颌
FD03368,鹅蛋偏方,下颌线柔化,高额,厚眉骨,窄深眼窝,低颧骨,轻凹面颊,骨感下颌,狭长眼,眼尾延展,宽眼距,灰蓝瞳,高鼻根,高直鼻梁,小圆鼻头,厚唇,嘴角紧收,眉上小疤,鹅蛋偏方（下颌线柔化），厚眉骨/窄深眼窝，狭长眼·眼尾延展·宽眼距，高鼻根/高直鼻梁/小圆鼻头，厚唇·嘴角紧收，骨感下颌
FD03369,长菱形,中庭拉长,饱满额,压迫感眉骨,眼下骨感,柔和颧骨,幼态柔软面颊,收敛下颌,狐狸系眼,眼尾微挑,标准眼距,环状虹膜,低鼻根,宽骨鼻梁,小圆鼻头,上薄下厚,嘴角紧收,眼角小痣,长菱形（中庭拉长），压迫感眉骨/眼下骨感，狐狸系眼·眼尾微挑·标准眼距，低鼻根/宽骨鼻梁/小圆鼻头，上薄下厚·嘴角紧收，收敛下颌
FD03370,短圆脸,上庭展开,骨感额,厚眉骨,窄深眼窝,柔和颧骨,薄面颊,明显下颌角,半睁懒眼,眼尾下压,标准眼距,琥珀瞳,窄鼻根,轻鹰钩鼻梁,下压鼻头,上薄下厚,嘴角下垂,额角旧痕,短圆脸（上庭展开），厚眉骨/窄深眼窝，半睁懒眼·眼尾下压·标准眼距，窄鼻根/轻鹰钩鼻梁/下压鼻头，上薄下厚·嘴角下垂，明显下颌角
FD03371,幼态方脸,上庭展开,饱满额,内侧突出眉骨,中度眼窝,外扩颧骨,轻凹面颊,收敛下颌,冷感眼,眼尾下压,宽眼距,墨玉瞳,高鼻根,轻微偏右鼻梁,小圆鼻头,上薄下厚,单侧上扬,右眉轻断,幼态方脸（上庭展开），内侧突出眉骨/中度眼窝，冷感眼·眼尾下压·宽眼距，高鼻根/轻微偏右鼻梁/小圆鼻头，上薄下厚·单侧上扬，收敛下颌
FD03372,长圆脸,中轴微长,高额,厚眉骨,宽浅眼窝,柔和颧骨,饱满面颊,骨感下颌,短杏眼,眼尾微挑,宽眼距,环状虹膜,窄鼻根,轻鹰钩鼻梁,轻翘鼻头,弓形唇,嘴角下垂,单侧虎牙,长圆脸（中轴微长），厚眉骨/宽浅眼窝，短杏眼·眼尾微挑·宽眼距，窄鼻根/轻鹰钩鼻梁/轻翘鼻头，弓形唇·嘴角下垂，骨感下颌
FD03373,短方脸,面中平缓,微凸额,高眉骨,窄深眼窝,窄颧骨,轻凹面颊,骨感下颌,狭长瑞凤眼,眼尾延展,窄眼距,环状虹膜,高鼻根,轻微偏右鼻梁,方圆鼻头,厚唇,嘴角紧收,耳后小痣,短方脸（面中平缓），高眉骨/窄深眼窝，狭长瑞凤眼·眼尾延展·窄眼距，高鼻根/轻微偏右鼻梁/方圆鼻头，厚唇·嘴角紧收，骨感下颌
FD03374,短鹅蛋脸,面中立体化,高额,厚眉骨,深眼窝,宽颧骨,薄面颊,明显下颌角,狐狸系眼,眼尾明显挑,窄眼距,淡金瞳,高鼻根,轻鹰钩鼻梁,肉感鼻头,宽嘴,嘴角上扬,无标志,短鹅蛋脸（面中立体化），厚眉骨/深眼窝，狐狸系眼·眼尾明显挑·窄眼距，高鼻根/轻鹰钩鼻梁/肉感鼻头，宽嘴·嘴角上扬，明显下颌角
FD03375,梨形脸,颧部外扩,平直额,厚眉骨,深眼窝,窄颧骨,幼态柔软面颊,柔和下颌,猫系眼,眼尾平直,标准眼距,琥珀瞳,窄鼻根,轻鹰钩鼻梁,轻翘鼻头,厚唇,嘴角下垂,异色瞳,梨形脸（颧部外扩），厚眉骨/深眼窝，猫系眼·眼尾平直·标准眼距，窄鼻根/轻鹰钩鼻梁/轻翘鼻头，厚唇·嘴角下垂，柔和下颌
FD03376,宽菱形,偏柔圆润,饱满额,厚眉骨,窄深眼窝,窄颧骨,成熟收紧面颊,柔和下颌,宽杏眼,眼尾下沉,宽眼距,浅褐瞳,低鼻根,柔和鼻梁,骨感鼻头,平直唇,单侧上扬,环状虹膜,宽菱形（偏柔圆润），厚眉骨/窄深眼窝，宽杏眼·眼尾下沉·宽眼距，低鼻根/柔和鼻梁/骨感鼻头，平直唇·单侧上扬，柔和下颌
FD03377,短圆脸,上庭展开,骨感额,高眉骨,眼下骨感,柔和颧骨,轻凹面颊,明显下颌角,短圆杏眼,眼尾明显挑,标准眼距,灰蓝瞳,低鼻根,轻鹰钩鼻梁,肉感鼻头,平直唇,嘴角紧收,瞳孔残缺,短圆脸（上庭展开），高眉骨/眼下骨感，短圆杏眼·眼尾明显挑·标准眼距，低鼻根/轻鹰钩鼻梁/肉感鼻头，平直唇·嘴角紧收，明显下颌角
FD03378,心形脸,下庭收窄,窄额,压迫感眉骨,中度眼窝,柔和颧骨,薄面颊,窄下颌,桃花眼,眼尾下压,窄眼距,碎裂虹膜,宽鼻根,轻微偏右鼻梁,微钝鼻头,平直唇,单侧上扬,颈侧细疤,心形脸（下庭收窄），压迫感眉骨/中度眼窝，桃花眼·眼尾下压·窄眼距，宽鼻根/轻微偏右鼻梁/微钝鼻头，平直唇·单侧上扬，窄下颌
FD03379,幼态圆脸,颈部线条收短,饱满额,内侧突出眉骨,窄深眼窝,外扩颧骨,幼态柔软面颊,方下颌,蛇系眼,眼尾微挑,宽眼距,琥珀瞳,低鼻根,中直鼻梁,轻翘鼻头,厚唇,嘴角下垂,异色瞳,幼态圆脸（颈部线条收短），内侧突出眉骨/窄深眼窝，蛇系眼·眼尾微挑·宽眼距，低鼻根/中直鼻梁/轻翘鼻头，厚唇·嘴角下垂，方下颌
FD03380,长方脸,面中平缓,骨感额,高眉骨,宽浅眼窝,低颧骨,轻凹面颊,柔和下颌,柳叶眼,眼尾下沉,标准眼距,灰蓝瞳,中鼻根,轻微偏左鼻梁,窄翼鼻头,薄唇,嘴角平直,额角旧痕,长方脸（面中平缓），高眉骨/宽浅眼窝，柳叶眼·眼尾下沉·标准眼距，中鼻根/轻微偏左鼻梁/窄翼鼻头，薄唇·嘴角平直，柔和下颌
FD03381,圆方脸,下颌线清晰化,平直额,柔和眉骨,浅眼窝,柔和颧骨,轻凹面颊,方下颌,桃花眼,眼尾微挑,宽眼距,墨玉瞳,中高鼻根,轻微偏右鼻梁,肉感鼻头,宽嘴,嘴角平直,眉尾旧疤,圆方脸（下颌线清晰化），柔和眉骨/浅眼窝，桃花眼·眼尾微挑·宽眼距，中高鼻根/轻微偏右鼻梁/肉感鼻头，宽嘴·嘴角平直，方下颌
FD03382,骨感菱形,颊部略凹,高额,厚眉骨,眼下饱满,柔和颧骨,成熟收紧面颊,明显下颌角,猫系眼,眼尾下沉,窄眼距,星点虹膜,宽鼻根,轻微偏左鼻梁,骨感鼻头,上厚下薄,嘴角上扬,左颊浅疤,骨感菱形（颊部略凹），厚眉骨/眼下饱满，猫系眼·眼尾下沉·窄眼距，宽鼻根/轻微偏左鼻梁/骨感鼻头，上厚下薄·嘴角上扬，明显下颌角
FD03383,长心形脸,颧部微收,平直额,高眉骨,窄深眼窝,窄颧骨,薄面颊,窄下颌,冷感眼,眼尾微挑,宽眼距,星点虹膜,中高鼻根,轻微偏右鼻梁,微钝鼻头,宽嘴,单侧上扬,眉上小疤,长心形脸（颧部微收），高眉骨/窄深眼窝，冷感眼·眼尾微挑·宽眼距，中高鼻根/轻微偏右鼻梁/微钝鼻头，宽嘴·单侧上扬，窄下颌
FD03384,方菱过渡脸,上庭展开,微凸额,压迫感眉骨,宽浅眼窝,柔和颧骨,薄面颊,窄下颌,狐狸系眼,眼尾下沉,宽眼距,淡金瞳,宽鼻根,轻鹰钩鼻梁,肉感鼻头,小嘴,嘴角下垂,无标志,方菱过渡脸（上庭展开），压迫感眉骨/宽浅眼窝，狐狸系眼·眼尾下沉·宽眼距，宽鼻根/轻鹰钩鼻梁/肉感鼻头，小嘴·嘴角下垂，窄下颌
FD03385,颧部展开脸,骨点外显,平直额,柔和眉骨,眼下骨感,宽颧骨,幼态柔软面颊,骨感下颌,下垂眼,眼尾微挑,标准眼距,墨玉瞳,中鼻根,柔和鼻梁,窄翼鼻头,薄唇,单侧上扬,环状虹膜,颧部展开脸（骨点外显），柔和眉骨/眼下骨感，下垂眼·眼尾微挑·标准眼距，中鼻根/柔和鼻梁/窄翼鼻头，薄唇·单侧上扬，骨感下颌
FD03386,鹅蛋偏菱,下庭加重,高额,压迫感眉骨,浅眼窝,外扩颧骨,轻凹面颊,方下颌,鹰隼眼,眼尾下沉,标准眼距,墨玉瞳,高鼻根,微弧鼻梁,轻翘鼻头,平直唇,嘴角下垂,眉尾旧疤,鹅蛋偏菱（下庭加重），压迫感眉骨/浅眼窝，鹰隼眼·眼尾下沉·标准眼距，高鼻根/微弧鼻梁/轻翘鼻头，平直唇·嘴角下垂，方下颌
FD03387,长方脸,下颌线清晰化,宽额,外侧突出眉骨,宽浅眼窝,高颧骨,轻凹面颊,柔和下颌,柳叶眼,眼尾平直,窄眼距,墨玉瞳,宽鼻根,中直鼻梁,微钝鼻头,小嘴,嘴角紧收,颈侧细疤,长方脸（下颌线清晰化），外侧突出眉骨/宽浅眼窝，柳叶眼·眼尾平直·窄眼距，宽鼻根/中直鼻梁/微钝鼻头，小嘴·嘴角紧收，柔和下颌
FD03388,短圆脸,中轴微长,高额,高眉骨,窄深眼窝,宽颧骨,薄面颊,方下颌,丹凤眼,眼尾微挑,窄眼距,淡金瞳,中高鼻根,中直鼻梁,微钝鼻头,弓形唇,单侧上扬,唇下小痣,短圆脸（中轴微长），高眉骨/窄深眼窝，丹凤眼·眼尾微挑·窄眼距，中高鼻根/中直鼻梁/微钝鼻头，弓形唇·单侧上扬，方下颌
FD03389,圆方脸,偏柔圆润,微凸额,压迫感眉骨,深眼窝,低颧骨,幼态柔软面颊,方下颌,半睁懒眼,眼尾平直,标准眼距,深色瞳,宽鼻根,微弧鼻梁,窄翼鼻头,小嘴,嘴角下垂,眼角小痣,圆方脸（偏柔圆润），压迫感眉骨/深眼窝，半睁懒眼·眼尾平直·标准眼距，宽鼻根/微弧鼻梁/窄翼鼻头，小嘴·嘴角下垂，方下颌
FD03390,方菱过渡脸,上庭收窄,高额,外侧突出眉骨,浅眼窝,宽颧骨,饱满面颊,宽下颌,狼系眼,眼尾下沉,宽眼距,环状虹膜,宽鼻根,高直鼻梁,小圆鼻头,弓形唇,嘴角平直,单侧虎牙,方菱过渡脸（上庭收窄），外侧突出眉骨/浅眼窝，狼系眼·眼尾下沉·宽眼距，宽鼻根/高直鼻梁/小圆鼻头，弓形唇·嘴角平直，宽下颌
FD03391,上宽下窄脸,颈部线条延长,低额,内侧突出眉骨,宽浅眼窝,低颧骨,薄面颊,柔和下颌,宽杏眼,眼尾下压,窄眼距,碎裂虹膜,中鼻根,中直鼻梁,小圆鼻头,厚唇,嘴角平直,鼻梁旧伤,上宽下窄脸（颈部线条延长），内侧突出眉骨/宽浅眼窝，宽杏眼·眼尾下压·窄眼距，中鼻根/中直鼻梁/小圆鼻头，厚唇·嘴角平直，柔和下颌
FD03392,柔和方脸,颊部略凹,平直额,柔和眉骨,中度眼窝,高颧骨,饱满面颊,骨感下颌,窄杏眼,眼尾下沉,标准眼距,环状虹膜,窄鼻根,微弧鼻梁,方圆鼻头,宽嘴,单侧上扬,单侧酒窝,柔和方脸（颊部略凹），柔和眉骨/中度眼窝，窄杏眼·眼尾下沉·标准眼距，窄鼻根/微弧鼻梁/方圆鼻头，宽嘴·单侧上扬，骨感下颌
FD03393,方鹅蛋脸,中轴收紧,微凸额,压迫感眉骨,中度眼窝,外扩颧骨,成熟收紧面颊,骨感下颌,鹰隼眼,眼尾微挑,标准眼距,深色瞳,窄鼻根,轻微偏右鼻梁,轻翘鼻头,成熟长唇,嘴角平直,耳后小痣,方鹅蛋脸（中轴收紧），压迫感眉骨/中度眼窝，鹰隼眼·眼尾微挑·标准眼距，窄鼻根/轻微偏右鼻梁/轻翘鼻头，成熟长唇·嘴角平直，骨感下颌
FD03394,长菱形,下庭收窄,饱满额,内侧突出眉骨,深眼窝,窄颧骨,饱满面颊,收敛下颌,上扬凤眼,眼尾平直,标准眼距,琥珀瞳,中鼻根,轻鹰钩鼻梁,下压鼻头,上厚下薄,嘴角紧收,碎裂虹膜,长菱形（下庭收窄），内侧突出眉骨/深眼窝，上扬凤眼·眼尾平直·标准眼距，中鼻根/轻鹰钩鼻梁/下压鼻头，上厚下薄·嘴角紧收，收敛下颌
FD03395,鹅蛋偏方,骨点内敛,微凸额,低眉骨,中度眼窝,窄颧骨,饱满面颊,圆方下颌,平凤眼,眼尾下沉,窄眼距,灰蓝瞳,低鼻根,轻微偏左鼻梁,肉感鼻头,弓形唇,嘴角紧收,异色瞳,鹅蛋偏方（骨点内敛），低眉骨/中度眼窝，平凤眼·眼尾下沉·窄眼距，低鼻根/轻微偏左鼻梁/肉感鼻头，弓形唇·嘴角紧收，圆方下颌
FD03396,圆方脸,颈部线条收短,窄额,厚眉骨,深眼窝,宽颧骨,薄面颊,宽下颌,少年圆眼,眼尾微挑,标准眼距,环状虹膜,宽鼻根,中直鼻梁,方圆鼻头,弓形唇,嘴角平直,右眼下浅泪痣,圆方脸（颈部线条收短），厚眉骨/深眼窝，少年圆眼·眼尾微挑·标准眼距，宽鼻根/中直鼻梁/方圆鼻头，弓形唇·嘴角平直，宽下颌
FD03397,长菱形,颈部线条延长,骨感额,外侧突出眉骨,眼下骨感,外扩颧骨,成熟收紧面颊,明显下颌角,柳叶眼,眼尾微挑,宽眼距,淡金瞳,低鼻根,中直鼻梁,骨感鼻头,宽嘴,嘴角上扬,无标志,长菱形（颈部线条延长），外侧突出眉骨/眼下骨感，柳叶眼·眼尾微挑·宽眼距，低鼻根/中直鼻梁/骨感鼻头，宽嘴·嘴角上扬，明显下颌角
FD03398,方菱过渡脸,下庭加重,低额,外侧突出眉骨,眼下饱满,柔和颧骨,幼态柔软面颊,宽下颌,狭长眼,眼尾平直,宽眼距,灰蓝瞳,中鼻根,微弧鼻梁,肉感鼻头,厚唇,嘴角平直,左颊浅疤,方菱过渡脸（下庭加重），外侧突出眉骨/眼下饱满，狭长眼·眼尾平直·宽眼距，中鼻根/微弧鼻梁/肉感鼻头，厚唇·嘴角平直，宽下颌
FD03399,鹅蛋偏菱,颌角弱化,骨感额,内侧突出眉骨,深眼窝,宽颧骨,饱满面颊,圆方下颌,鹰隼眼,眼尾下压,宽眼距,墨玉瞳,窄鼻根,微弧鼻梁,方圆鼻头,小嘴,嘴角紧收,眼角小痣,鹅蛋偏菱（颌角弱化），内侧突出眉骨/深眼窝，鹰隼眼·眼尾下压·宽眼距，窄鼻根/微弧鼻梁/方圆鼻头，小嘴·嘴角紧收，圆方下颌
FD03400,短圆脸,颧部外扩,微凸额,外侧突出眉骨,浅眼窝,低颧骨,轻凹面颊,圆方下颌,鹿系眼,眼尾平直,宽眼距,异色瞳,中鼻根,轻鹰钩鼻梁,微钝鼻头,成熟长唇,单侧上扬,无标志,短圆脸（颧部外扩），外侧突出眉骨/浅眼窝，鹿系眼·眼尾平直·宽眼距，中鼻根/轻鹰钩鼻梁/微钝鼻头，成熟长唇·单侧上扬，圆方下颌
FD03401,骨感菱形,下庭加重,低额,高眉骨,眼下饱满,高颧骨,饱满面颊,窄下颌,鹿系眼,眼尾下压,宽眼距,碎裂虹膜,高鼻根,中直鼻梁,方圆鼻头,上厚下薄,嘴角上扬,指节薄茧,骨感菱形（下庭加重），高眉骨/眼下饱满，鹿系眼·眼尾下压·宽眼距，高鼻根/中直鼻梁/方圆鼻头，上厚下薄·嘴角上扬，窄下颌
FD03402,双颌匀称脸,偏柔圆润,饱满额,压迫感眉骨,宽浅眼窝,外扩颧骨,幼态柔软面颊,骨感下颌,成熟长眼,眼尾明显挑,标准眼距,环状虹膜,高鼻根,轻鹰钩鼻梁,下压鼻头,成熟长唇,单侧上扬,额角旧痕,双颌匀称脸（偏柔圆润），压迫感眉骨/宽浅眼窝，成熟长眼·眼尾明显挑·标准眼距，高鼻根/轻鹰钩鼻梁/下压鼻头，成熟长唇·单侧上扬，骨感下颌
FD03403,清瘦圆脸,颧部外扩,低额,柔和眉骨,中度眼窝,窄颧骨,成熟收紧面颊,骨感下颌,狭长眼,眼尾下沉,窄眼距,深色瞳,窄鼻根,高直鼻梁,肉感鼻头,宽嘴,嘴角平直,环状虹膜,清瘦圆脸（颧部外扩），柔和眉骨/中度眼窝，狭长眼·眼尾下沉·窄眼距，窄鼻根/高直鼻梁/肉感鼻头，宽嘴·嘴角平直，骨感下颌
FD03404,长心形脸,下庭收窄,宽额,内侧突出眉骨,窄深眼窝,低颧骨,薄面颊,方下颌,鹿系眼,眼尾平直,宽眼距,墨玉瞳,中鼻根,柔和鼻梁,窄翼鼻头,宽嘴,嘴角上扬,右眉轻断,长心形脸（下庭收窄），内侧突出眉骨/窄深眼窝，鹿系眼·眼尾平直·宽眼距，中鼻根/柔和鼻梁/窄翼鼻头，宽嘴·嘴角上扬，方下颌
FD03405,方鹅蛋脸,骨点内敛,窄额,内侧突出眉骨,眼下骨感,窄颧骨,幼态柔软面颊,骨感下颌,狐狸系眼,眼尾下沉,窄眼距,淡金瞳,低鼻根,轻微偏左鼻梁,肉感鼻头,上厚下薄,单侧上扬,单侧酒窝,方鹅蛋脸（骨点内敛），内侧突出眉骨/眼下骨感，狐狸系眼·眼尾下沉·窄眼距，低鼻根/轻微偏左鼻梁/肉感鼻头，上厚下薄·单侧上扬，骨感下颌
FD03406,鹅蛋偏心形,偏柔圆润,骨感额,内侧突出眉骨,眼下饱满,外扩颧骨,薄面颊,窄下颌,猫系眼,眼尾下压,宽眼距,浅褐瞳,高鼻根,中直鼻梁,小圆鼻头,平直唇,嘴角平直,环状虹膜,鹅蛋偏心形（偏柔圆润），内侧突出眉骨/眼下饱满，猫系眼·眼尾下压·宽眼距，高鼻根/中直鼻梁/小圆鼻头，平直唇·嘴角平直，窄下颌
FD03407,颧部展开脸,骨点外显,高额,高眉骨,深眼窝,柔和颧骨,轻凹面颊,窄下颌,桃花眼,眼尾下沉,标准眼距,浅褐瞳,宽鼻根,高直鼻梁,下压鼻头,宽嘴,嘴角上扬,单侧酒窝,颧部展开脸（骨点外显），高眉骨/深眼窝，桃花眼·眼尾下沉·标准眼距，宽鼻根/高直鼻梁/下压鼻头，宽嘴·嘴角上扬，窄下颌
FD03408,圆方脸,颌角强调,窄额,内侧突出眉骨,深眼窝,宽颧骨,薄面颊,窄下颌,平凤眼,眼尾平直,宽眼距,灰蓝瞳,低鼻根,微弧鼻梁,骨感鼻头,上薄下厚,单侧上扬,眼睑褶皱不对称,圆方脸（颌角强调），内侧突出眉骨/深眼窝，平凤眼·眼尾平直·宽眼距，低鼻根/微弧鼻梁/骨感鼻头，上薄下厚·单侧上扬，窄下颌
FD03409,窄鹅蛋脸,颊部略凹,饱满额,内侧突出眉骨,浅眼窝,宽颧骨,薄面颊,骨感下颌,平凤眼,眼尾下压,宽眼距,墨玉瞳,中鼻根,宽骨鼻梁,微钝鼻头,上厚下薄,嘴角上扬,碎裂虹膜,窄鹅蛋脸（颊部略凹），内侧突出眉骨/浅眼窝，平凤眼·眼尾下压·宽眼距，中鼻根/宽骨鼻梁/微钝鼻头，上厚下薄·嘴角上扬，骨感下颌
FD03410,长心形脸,中轴收紧,宽额,内侧突出眉骨,眼下骨感,窄颧骨,成熟收紧面颊,柔和下颌,鹿系眼,眼尾延展,窄眼距,浅褐瞳,中高鼻根,轻微偏右鼻梁,窄翼鼻头,上厚下薄,嘴角紧收,鼻梁旧伤,长心形脸（中轴收紧），内侧突出眉骨/眼下骨感，鹿系眼·眼尾延展·窄眼距，中高鼻根/轻微偏右鼻梁/窄翼鼻头，上厚下薄·嘴角紧收，柔和下颌
FD03411,心形脸,偏柔圆润,微凸额,外侧突出眉骨,眼下骨感,低颧骨,饱满面颊,圆方下颌,狭长瑞凤眼,眼尾下沉,标准眼距,琥珀瞳,宽鼻根,轻鹰钩鼻梁,肉感鼻头,薄唇,嘴角上扬,颈侧细疤,心形脸（偏柔圆润），外侧突出眉骨/眼下骨感，狭长瑞凤眼·眼尾下沉·标准眼距，宽鼻根/轻鹰钩鼻梁/肉感鼻头，薄唇·嘴角上扬，圆方下颌
FD03412,幼态圆脸,下颌线清晰化,宽额,内侧突出眉骨,眼下饱满,宽颧骨,成熟收紧面颊,收敛下颌,平凤眼,眼尾延展,宽眼距,灰蓝瞳,窄鼻根,轻鹰钩鼻梁,骨感鼻头,上厚下薄,嘴角上扬,无标志,幼态圆脸（下颌线清晰化），内侧突出眉骨/眼下饱满，平凤眼·眼尾延展·宽眼距，窄鼻根/轻鹰钩鼻梁/骨感鼻头，上厚下薄·嘴角上扬，收敛下颌
FD03413,短圆脸,下颌线清晰化,微凸额,压迫感眉骨,深眼窝,柔和颧骨,饱满面颊,骨感下颌,猫系眼,眼尾微挑,标准眼距,星点虹膜,中高鼻根,轻鹰钩鼻梁,小圆鼻头,薄唇,嘴角紧收,右眉轻断,短圆脸（下颌线清晰化），压迫感眉骨/深眼窝，猫系眼·眼尾微挑·标准眼距，中高鼻根/轻鹰钩鼻梁/小圆鼻头，薄唇·嘴角紧收，骨感下颌
FD03414,柔和菱形,面中立体化,窄额,内侧突出眉骨,窄深眼窝,宽颧骨,薄面颊,柔和下颌,短圆杏眼,眼尾平直,窄眼距,淡金瞳,高鼻根,轻鹰钩鼻梁,下压鼻头,小嘴,嘴角上扬,右眉轻断,柔和菱形（面中立体化），内侧突出眉骨/窄深眼窝，短圆杏眼·眼尾平直·窄眼距，高鼻根/轻鹰钩鼻梁/下压鼻头，小嘴·嘴角上扬，柔和下颌
FD03415,宽方脸,下庭收窄,低额,柔和眉骨,中度眼窝,低颧骨,轻凹面颊,收敛下颌,少年圆眼,眼尾明显挑,窄眼距,浅褐瞳,低鼻根,柔和鼻梁,轻翘鼻头,小嘴,嘴角下垂,眼睑褶皱不对称,宽方脸（下庭收窄），柔和眉骨/中度眼窝，少年圆眼·眼尾明显挑·窄眼距，低鼻根/柔和鼻梁/轻翘鼻头，小嘴·嘴角下垂，收敛下颌
FD03416,倒梯形脸,颌角弱化,骨感额,压迫感眉骨,深眼窝,高颧骨,成熟收紧面颊,明显下颌角,鹰隼眼,眼尾明显挑,窄眼距,墨玉瞳,中鼻根,轻鹰钩鼻梁,方圆鼻头,小嘴,单侧上扬,无标志,倒梯形脸（颌角弱化），压迫感眉骨/深眼窝，鹰隼眼·眼尾明显挑·窄眼距，中鼻根/轻鹰钩鼻梁/方圆鼻头，小嘴·单侧上扬，明显下颌角
FD03417,颧部展开脸,颧部外扩,宽额,内侧突出眉骨,窄深眼窝,外扩颧骨,成熟收紧面颊,骨感下颌,疲惫眼,眼尾平直,标准眼距,墨玉瞳,高鼻根,柔和鼻梁,小圆鼻头,弓形唇,嘴角下垂,眉心竖纹浅痕,颧部展开脸（颧部外扩），内侧突出眉骨/窄深眼窝，疲惫眼·眼尾平直·标准眼距，高鼻根/柔和鼻梁/小圆鼻头，弓形唇·嘴角下垂，骨感下颌
FD03418,成熟方脸,骨点内敛,宽额,高眉骨,眼下饱满,低颧骨,薄面颊,方下颌,鹿系眼,眼尾平直,窄眼距,星点虹膜,高鼻根,轻微偏右鼻梁,肉感鼻头,厚唇,嘴角上扬,右眉轻断,成熟方脸（骨点内敛），高眉骨/眼下饱满，鹿系眼·眼尾平直·窄眼距，高鼻根/轻微偏右鼻梁/肉感鼻头，厚唇·嘴角上扬，方下颌
FD03419,方鹅蛋脸,下庭收窄,骨感额,高眉骨,宽浅眼窝,窄颧骨,薄面颊,圆方下颌,狭长眼,眼尾下沉,窄眼距,墨玉瞳,低鼻根,轻鹰钩鼻梁,方圆鼻头,宽嘴,单侧上扬,无标志,方鹅蛋脸（下庭收窄），高眉骨/宽浅眼窝，狭长眼·眼尾下沉·窄眼距，低鼻根/轻鹰钩鼻梁/方圆鼻头，宽嘴·单侧上扬，圆方下颌
FD03420,骨感方脸,颈部线条延长,高额,低眉骨,浅眼窝,柔和颧骨,轻凹面颊,收敛下颌,桃花眼,眼尾明显挑,宽眼距,星点虹膜,中鼻根,柔和鼻梁,下压鼻头,厚唇,嘴角紧收,单侧虎牙,骨感方脸（颈部线条延长），低眉骨/浅眼窝，桃花眼·眼尾明显挑·宽眼距，中鼻根/柔和鼻梁/下压鼻头，厚唇·嘴角紧收，收敛下颌
FD03421,短方脸,下庭收窄,高额,压迫感眉骨,窄深眼窝,外扩颧骨,轻凹面颊,柔和下颌,半睁懒眼,眼尾平直,标准眼距,星点虹膜,窄鼻根,高直鼻梁,方圆鼻头,上薄下厚,嘴角紧收,唇下小痣,短方脸（下庭收窄），压迫感眉骨/窄深眼窝，半睁懒眼·眼尾平直·标准眼距，窄鼻根/高直鼻梁/方圆鼻头，上薄下厚·嘴角紧收，柔和下颌
FD03422,正梯形脸,中庭展宽,骨感额,薄眉骨,浅眼窝,低颧骨,饱满面颊,收敛下颌,鹤系眼,眼尾明显挑,窄眼距,淡金瞳,中鼻根,轻微偏左鼻梁,小圆鼻头,小嘴,单侧上扬,环状虹膜,正梯形脸（中庭展宽），薄眉骨/浅眼窝，鹤系眼·眼尾明显挑·窄眼距，中鼻根/轻微偏左鼻梁/小圆鼻头，小嘴·单侧上扬，收敛下颌
FD03423,宽心形脸,上庭展开,宽额,内侧突出眉骨,浅眼窝,柔和颧骨,幼态柔软面颊,窄下颌,冷感眼,眼尾明显挑,宽眼距,淡金瞳,中高鼻根,轻鹰钩鼻梁,窄翼鼻头,成熟长唇,嘴角紧收,异色瞳,宽心形脸（上庭展开），内侧突出眉骨/浅眼窝，冷感眼·眼尾明显挑·宽眼距，中高鼻根/轻鹰钩鼻梁/窄翼鼻头，成熟长唇·嘴角紧收，窄下颌
FD03424,长菱形,颊部略凹,低额,薄眉骨,浅眼窝,外扩颧骨,薄面颊,圆方下颌,疲惫眼,眼尾延展,标准眼距,星点虹膜,窄鼻根,宽骨鼻梁,下压鼻头,上厚下薄,单侧上扬,眉心竖纹浅痕,长菱形（颊部略凹），薄眉骨/浅眼窝，疲惫眼·眼尾延展·标准眼距，窄鼻根/宽骨鼻梁/下压鼻头，上厚下薄·单侧上扬，圆方下颌
FD03425,柔和菱形,下颌线柔化,微凸额,低眉骨,眼下骨感,柔和颧骨,饱满面颊,宽下颌,狭长眼,眼尾明显挑,标准眼距,淡金瞳,宽鼻根,宽骨鼻梁,小圆鼻头,厚唇,嘴角紧收,右眉轻断,柔和菱形（下颌线柔化），低眉骨/眼下骨感，狭长眼·眼尾明显挑·标准眼距，宽鼻根/宽骨鼻梁/小圆鼻头，厚唇·嘴角紧收，宽下颌
FD03426,宽方脸,中庭展宽,低额,厚眉骨,眼下骨感,高颧骨,轻凹面颊,方下颌,冷感眼,眼尾延展,标准眼距,琥珀瞳,中鼻根,轻鹰钩鼻梁,肉感鼻头,上薄下厚,嘴角下垂,鼻梁旧伤,宽方脸（中庭展宽），厚眉骨/眼下骨感，冷感眼·眼尾延展·标准眼距，中鼻根/轻鹰钩鼻梁/肉感鼻头，上薄下厚·嘴角下垂，方下颌
FD03427,骨感方脸,骨点外显,骨感额,柔和眉骨,眼下饱满,低颧骨,薄面颊,宽下颌,平直杏眼,眼尾下压,宽眼距,墨玉瞳,低鼻根,中直鼻梁,肉感鼻头,成熟长唇,嘴角平直,环状虹膜,骨感方脸（骨点外显），柔和眉骨/眼下饱满，平直杏眼·眼尾下压·宽眼距，低鼻根/中直鼻梁/肉感鼻头，成熟长唇·嘴角平直，宽下颌
FD03428,窄鹅蛋脸,骨点内敛,微凸额,厚眉骨,浅眼窝,低颧骨,幼态柔软面颊,柔和下颌,下垂眼,眼尾平直,窄眼距,碎裂虹膜,中高鼻根,高直鼻梁,肉感鼻头,成熟长唇,嘴角下垂,指节薄茧,窄鹅蛋脸（骨点内敛），厚眉骨/浅眼窝，下垂眼·眼尾平直·窄眼距，中高鼻根/高直鼻梁/肉感鼻头，成熟长唇·嘴角下垂，柔和下颌
FD03429,柔和方脸,下颌线清晰化,微凸额,压迫感眉骨,窄深眼窝,窄颧骨,饱满面颊,明显下颌角,狭长瑞凤眼,眼尾明显挑,标准眼距,碎裂虹膜,高鼻根,微弧鼻梁,下压鼻头,平直唇,嘴角下垂,耳后小痣,柔和方脸（下颌线清晰化），压迫感眉骨/窄深眼窝，狭长瑞凤眼·眼尾明显挑·标准眼距，高鼻根/微弧鼻梁/下压鼻头，平直唇·嘴角下垂，明显下颌角
FD03430,倒三角脸,偏锐收窄,微凸额,压迫感眉骨,深眼窝,低颧骨,幼态柔软面颊,圆方下颌,下垂眼,眼尾平直,宽眼距,墨玉瞳,窄鼻根,微弧鼻梁,肉感鼻头,小嘴,单侧上扬,无标志,倒三角脸（偏锐收窄），压迫感眉骨/深眼窝，下垂眼·眼尾平直·宽眼距，窄鼻根/微弧鼻梁/肉感鼻头，小嘴·单侧上扬，圆方下颌
FD03431,宽心形脸,颌角强调,低额,薄眉骨,眼下饱满,外扩颧骨,轻凹面颊,方下颌,少年圆眼,眼尾明显挑,窄眼距,星点虹膜,窄鼻根,轻微偏左鼻梁,方圆鼻头,小嘴,嘴角紧收,眉尾旧疤,宽心形脸（颌角强调），薄眉骨/眼下饱满，少年圆眼·眼尾明显挑·窄眼距，窄鼻根/轻微偏左鼻梁/方圆鼻头，小嘴·嘴角紧收，方下颌
FD03432,幼态方脸,下颌线柔化,低额,厚眉骨,窄深眼窝,高颧骨,成熟收紧面颊,收敛下颌,狭长瑞凤眼,眼尾下沉,宽眼距,浅褐瞳,低鼻根,轻鹰钩鼻梁,骨感鼻头,小嘴,单侧上扬,眉尾旧疤,幼态方脸（下颌线柔化），厚眉骨/窄深眼窝，狭长瑞凤眼·眼尾下沉·宽眼距，低鼻根/轻鹰钩鼻梁/骨感鼻头，小嘴·单侧上扬，收敛下颌
FD03433,长圆脸,颧部外扩,高额,厚眉骨,眼下饱满,外扩颧骨,薄面颊,骨感下颌,长杏眼,眼尾下压,宽眼距,星点虹膜,宽鼻根,微弧鼻梁,窄翼鼻头,上厚下薄,嘴角下垂,眉心竖纹浅痕,长圆脸（颧部外扩），厚眉骨/眼下饱满，长杏眼·眼尾下压·宽眼距，宽鼻根/微弧鼻梁/窄翼鼻头，上厚下薄·嘴角下垂，骨感下颌
FD03434,鹅蛋偏方,下庭加重,低额,厚眉骨,宽浅眼窝,外扩颧骨,薄面颊,明显下颌角,短杏眼,眼尾明显挑,标准眼距,碎裂虹膜,宽鼻根,轻鹰钩鼻梁,轻翘鼻头,宽嘴,嘴角下垂,额角旧痕,鹅蛋偏方（下庭加重），厚眉骨/宽浅眼窝，短杏眼·眼尾明显挑·标准眼距，宽鼻根/轻鹰钩鼻梁/轻翘鼻头，宽嘴·嘴角下垂，明显下颌角
FD03435,宽菱形,颧部外扩,窄额,低眉骨,眼下骨感,外扩颧骨,成熟收紧面颊,方下颌,疲惫眼,眼尾平直,窄眼距,深色瞳,中高鼻根,轻微偏左鼻梁,下压鼻头,成熟长唇,单侧上扬,眉上小疤,宽菱形（颧部外扩），低眉骨/眼下骨感，疲惫眼·眼尾平直·窄眼距，中高鼻根/轻微偏左鼻梁/下压鼻头，成熟长唇·单侧上扬，方下颌
FD03436,长圆脸,偏锐收窄,饱满额,薄眉骨,浅眼窝,高颧骨,幼态柔软面颊,明显下颌角,平凤眼,眼尾明显挑,窄眼距,异色瞳,窄鼻根,轻微偏右鼻梁,肉感鼻头,平直唇,单侧上扬,额角旧痕,长圆脸（偏锐收窄），薄眉骨/浅眼窝，平凤眼·眼尾明显挑·窄眼距，窄鼻根/轻微偏右鼻梁/肉感鼻头，平直唇·单侧上扬，明显下颌角
FD03437,倒梯形脸,上庭收窄,平直额,外侧突出眉骨,宽浅眼窝,低颧骨,饱满面颊,宽下颌,桃花眼,眼尾延展,标准眼距,琥珀瞳,高鼻根,微弧鼻梁,小圆鼻头,成熟长唇,单侧上扬,无标志,倒梯形脸（上庭收窄），外侧突出眉骨/宽浅眼窝，桃花眼·眼尾延展·标准眼距，高鼻根/微弧鼻梁/小圆鼻头，成熟长唇·单侧上扬，宽下颌
FD03438,倒三角脸,下颌线柔化,骨感额,高眉骨,宽浅眼窝,宽颧骨,饱满面颊,柔和下颌,冷感眼,眼尾下压,窄眼距,淡金瞳,高鼻根,宽骨鼻梁,方圆鼻头,上厚下薄,单侧上扬,鼻梁旧伤,倒三角脸（下颌线柔化），高眉骨/宽浅眼窝，冷感眼·眼尾下压·窄眼距，高鼻根/宽骨鼻梁/方圆鼻头，上厚下薄·单侧上扬，柔和下颌
FD03439,长方脸,下庭加重,饱满额,高眉骨,浅眼窝,高颧骨,饱满面颊,收敛下颌,猫系眼,眼尾微挑,宽眼距,环状虹膜,中高鼻根,宽骨鼻梁,小圆鼻头,厚唇,嘴角上扬,眉上小疤,长方脸（下庭加重），高眉骨/浅眼窝，猫系眼·眼尾微挑·宽眼距，中高鼻根/宽骨鼻梁/小圆鼻头，厚唇·嘴角上扬，收敛下颌
FD03440,短鹅蛋脸,颌角强调,高额,压迫感眉骨,深眼窝,窄颧骨,成熟收紧面颊,骨感下颌,鹤系眼,眼尾明显挑,标准眼距,碎裂虹膜,高鼻根,轻鹰钩鼻梁,肉感鼻头,成熟长唇,单侧上扬,下颌浅疤,短鹅蛋脸（颌角强调），压迫感眉骨/深眼窝，鹤系眼·眼尾明显挑·标准眼距，高鼻根/轻鹰钩鼻梁/肉感鼻头，成熟长唇·单侧上扬，骨感下颌
FD03441,宽心形脸,偏柔圆润,低额,低眉骨,宽浅眼窝,窄颧骨,饱满面颊,柔和下颌,狭长瑞凤眼,眼尾平直,窄眼距,淡金瞳,中高鼻根,轻鹰钩鼻梁,下压鼻头,厚唇,嘴角平直,耳后小痣,宽心形脸（偏柔圆润），低眉骨/宽浅眼窝，狭长瑞凤眼·眼尾平直·窄眼距，中高鼻根/轻鹰钩鼻梁/下压鼻头，厚唇·嘴角平直，柔和下颌
FD03442,颧部展开脸,骨点内敛,低额,内侧突出眉骨,浅眼窝,外扩颧骨,饱满面颊,骨感下颌,狼系眼,眼尾下压,标准眼距,深色瞳,窄鼻根,微弧鼻梁,轻翘鼻头,宽嘴,单侧上扬,鼻梁旧伤,颧部展开脸（骨点内敛），内侧突出眉骨/浅眼窝，狼系眼·眼尾下压·标准眼距，窄鼻根/微弧鼻梁/轻翘鼻头，宽嘴·单侧上扬，骨感下颌
FD03443,倒三角脸,下颌线清晰化,窄额,低眉骨,宽浅眼窝,低颧骨,薄面颊,收敛下颌,疲惫眼,眼尾下沉,宽眼距,墨玉瞳,高鼻根,中直鼻梁,小圆鼻头,上厚下薄,嘴角平直,眉上小疤,倒三角脸（下颌线清晰化），低眉骨/宽浅眼窝，疲惫眼·眼尾下沉·宽眼距，高鼻根/中直鼻梁/小圆鼻头，上厚下薄·嘴角平直，收敛下颌
FD03444,短圆脸,颌角弱化,高额,内侧突出眉骨,中度眼窝,外扩颧骨,幼态柔软面颊,骨感下颌,平凤眼,眼尾延展,窄眼距,浅褐瞳,中鼻根,轻微偏左鼻梁,轻翘鼻头,薄唇,嘴角下垂,异色瞳,短圆脸（颌角弱化），内侧突出眉骨/中度眼窝，平凤眼·眼尾延展·窄眼距，中鼻根/轻微偏左鼻梁/轻翘鼻头，薄唇·嘴角下垂，骨感下颌
FD03445,短鹅蛋脸,颌角弱化,微凸额,厚眉骨,眼下骨感,外扩颧骨,饱满面颊,柔和下颌,少年圆眼,眼尾明显挑,标准眼距,琥珀瞳,低鼻根,轻鹰钩鼻梁,轻翘鼻头,上厚下薄,嘴角紧收,无标志,短鹅蛋脸（颌角弱化），厚眉骨/眼下骨感，少年圆眼·眼尾明显挑·标准眼距，低鼻根/轻鹰钩鼻梁/轻翘鼻头，上厚下薄·嘴角紧收，柔和下颌
FD03446,幼态方脸,中庭展宽,低额,内侧突出眉骨,窄深眼窝,宽颧骨,饱满面颊,收敛下颌,成熟长眼,眼尾下沉,宽眼距,异色瞳,中鼻根,中直鼻梁,骨感鼻头,薄唇,嘴角上扬,眼睑褶皱不对称,幼态方脸（中庭展宽），内侧突出眉骨/窄深眼窝，成熟长眼·眼尾下沉·宽眼距，中鼻根/中直鼻梁/骨感鼻头，薄唇·嘴角上扬，收敛下颌
FD03447,柔和菱形,面中立体化,高额,压迫感眉骨,中度眼窝,外扩颧骨,薄面颊,明显下颌角,狐狸系眼,眼尾明显挑,宽眼距,浅褐瞳,窄鼻根,高直鼻梁,轻翘鼻头,上厚下薄,嘴角平直,眼角小痣,柔和菱形（面中立体化），压迫感眉骨/中度眼窝，狐狸系眼·眼尾明显挑·宽眼距，窄鼻根/高直鼻梁/轻翘鼻头，上厚下薄·嘴角平直，明显下颌角
FD03448,宽菱形,颌角强调,骨感额,高眉骨,中度眼窝,外扩颧骨,薄面颊,窄下颌,瑞凤眼,眼尾延展,标准眼距,浅褐瞳,窄鼻根,微弧鼻梁,窄翼鼻头,上厚下薄,嘴角下垂,单侧虎牙,宽菱形（颌角强调），高眉骨/中度眼窝，瑞凤眼·眼尾延展·标准眼距，窄鼻根/微弧鼻梁/窄翼鼻头，上厚下薄·嘴角下垂，窄下颌
FD03449,幼态圆脸,偏柔圆润,平直额,内侧突出眉骨,眼下饱满,外扩颧骨,饱满面颊,明显下颌角,宽杏眼,眼尾延展,宽眼距,环状虹膜,宽鼻根,宽骨鼻梁,小圆鼻头,平直唇,嘴角下垂,无标志,幼态圆脸（偏柔圆润），内侧突出眉骨/眼下饱满，宽杏眼·眼尾延展·宽眼距，宽鼻根/宽骨鼻梁/小圆鼻头，平直唇·嘴角下垂，明显下颌角
FD03450,鹅蛋偏心形,面中立体化,平直额,薄眉骨,浅眼窝,高颧骨,轻凹面颊,明显下颌角,蛇系眼,眼尾延展,标准眼距,琥珀瞳,窄鼻根,柔和鼻梁,小圆鼻头,上薄下厚,嘴角上扬,无标志,鹅蛋偏心形（面中立体化），薄眉骨/浅眼窝，蛇系眼·眼尾延展·标准眼距，窄鼻根/柔和鼻梁/小圆鼻头，上薄下厚·嘴角上扬，明显下颌角
FD03451,柔和方脸,颊部饱满,窄额,压迫感眉骨,深眼窝,窄颧骨,薄面颊,柔和下颌,狼系眼,眼尾平直,标准眼距,碎裂虹膜,中高鼻根,轻微偏左鼻梁,微钝鼻头,上薄下厚,嘴角下垂,异色瞳,柔和方脸（颊部饱满），压迫感眉骨/深眼窝，狼系眼·眼尾平直·标准眼距，中高鼻根/轻微偏左鼻梁/微钝鼻头，上薄下厚·嘴角下垂，柔和下颌
FD03452,柔和菱形,面中立体化,微凸额,压迫感眉骨,宽浅眼窝,低颧骨,成熟收紧面颊,明显下颌角,冷感眼,眼尾微挑,窄眼距,琥珀瞳,窄鼻根,柔和鼻梁,轻翘鼻头,宽嘴,嘴角下垂,左眼下浅泪痣,柔和菱形（面中立体化），压迫感眉骨/宽浅眼窝，冷感眼·眼尾微挑·窄眼距，窄鼻根/柔和鼻梁/轻翘鼻头，宽嘴·嘴角下垂，明显下颌角
FD03453,心形脸,下颌线清晰化,骨感额,厚眉骨,深眼窝,宽颧骨,成熟收紧面颊,骨感下颌,蛇系眼,眼尾延展,窄眼距,深色瞳,中鼻根,柔和鼻梁,小圆鼻头,上厚下薄,嘴角紧收,右眼下浅泪痣,心形脸（下颌线清晰化），厚眉骨/深眼窝，蛇系眼·眼尾延展·窄眼距，中鼻根/柔和鼻梁/小圆鼻头，上厚下薄·嘴角紧收，骨感下颌
FD03454,圆脸,偏锐收窄,窄额,薄眉骨,眼下饱满,高颧骨,成熟收紧面颊,宽下颌,鹤系眼,眼尾平直,标准眼距,淡金瞳,中鼻根,轻微偏左鼻梁,方圆鼻头,上薄下厚,嘴角上扬,鼻梁旧伤,圆脸（偏锐收窄），薄眉骨/眼下饱满，鹤系眼·眼尾平直·标准眼距，中鼻根/轻微偏左鼻梁/方圆鼻头，上薄下厚·嘴角上扬，宽下颌
FD03455,骨感方脸,颧部外扩,高额,高眉骨,窄深眼窝,窄颧骨,成熟收紧面颊,宽下颌,半睁懒眼,眼尾明显挑,标准眼距,灰蓝瞳,低鼻根,轻微偏左鼻梁,骨感鼻头,小嘴,嘴角紧收,左眼下浅泪痣,骨感方脸（颧部外扩），高眉骨/窄深眼窝，半睁懒眼·眼尾明显挑·标准眼距，低鼻根/轻微偏左鼻梁/骨感鼻头，小嘴·嘴角紧收，宽下颌
FD03456,倒梯形脸,中轴微长,平直额,高眉骨,眼下骨感,宽颧骨,薄面颊,明显下颌角,猫系眼,眼尾下压,窄眼距,环状虹膜,中鼻根,微弧鼻梁,方圆鼻头,平直唇,嘴角下垂,瞳孔残缺,倒梯形脸（中轴微长），高眉骨/眼下骨感，猫系眼·眼尾下压·窄眼距，中鼻根/微弧鼻梁/方圆鼻头，平直唇·嘴角下垂，明显下颌角
FD03457,鹅蛋偏方,下颌线柔化,高额,高眉骨,宽浅眼窝,柔和颧骨,幼态柔软面颊,柔和下颌,桃花眼,眼尾下压,窄眼距,淡金瞳,宽鼻根,宽骨鼻梁,小圆鼻头,厚唇,单侧上扬,单侧酒窝,鹅蛋偏方（下颌线柔化），高眉骨/宽浅眼窝，桃花眼·眼尾下压·窄眼距，宽鼻根/宽骨鼻梁/小圆鼻头，厚唇·单侧上扬，柔和下颌
FD03458,骨感菱形,下颌线清晰化,宽额,薄眉骨,宽浅眼窝,宽颧骨,幼态柔软面颊,宽下颌,冷感眼,眼尾平直,标准眼距,深色瞳,中高鼻根,高直鼻梁,微钝鼻头,厚唇,单侧上扬,唇下小痣,骨感菱形（下颌线清晰化），薄眉骨/宽浅眼窝，冷感眼·眼尾平直·标准眼距，中高鼻根/高直鼻梁/微钝鼻头，厚唇·单侧上扬，宽下颌
FD03459,鹅蛋偏方,骨点外显,骨感额,柔和眉骨,眼下饱满,窄颧骨,成熟收紧面颊,圆方下颌,桃花眼,眼尾明显挑,宽眼距,碎裂虹膜,宽鼻根,柔和鼻梁,窄翼鼻头,弓形唇,单侧上扬,单侧酒窝,鹅蛋偏方（骨点外显），柔和眉骨/眼下饱满，桃花眼·眼尾明显挑·宽眼距，宽鼻根/柔和鼻梁/窄翼鼻头，弓形唇·单侧上扬，圆方下颌
FD03460,清瘦圆脸,骨点内敛,骨感额,厚眉骨,宽浅眼窝,宽颧骨,饱满面颊,圆方下颌,半睁懒眼,眼尾明显挑,宽眼距,墨玉瞳,高鼻根,宽骨鼻梁,肉感鼻头,小嘴,嘴角平直,无标志,清瘦圆脸（骨点内敛），厚眉骨/宽浅眼窝，半睁懒眼·眼尾明显挑·宽眼距，高鼻根/宽骨鼻梁/肉感鼻头，小嘴·嘴角平直，圆方下颌
FD03461,长鹅蛋脸,下颌线清晰化,微凸额,薄眉骨,浅眼窝,宽颧骨,饱满面颊,窄下颌,平直杏眼,眼尾明显挑,宽眼距,异色瞳,宽鼻根,轻微偏右鼻梁,肉感鼻头,薄唇,嘴角上扬,眉尾旧疤,长鹅蛋脸（下颌线清晰化），薄眉骨/浅眼窝，平直杏眼·眼尾明显挑·宽眼距，宽鼻根/轻微偏右鼻梁/肉感鼻头，薄唇·嘴角上扬，窄下颌
FD03462,方鹅蛋脸,下庭加重,窄额,薄眉骨,浅眼窝,柔和颧骨,薄面颊,骨感下颌,下垂眼,眼尾平直,宽眼距,淡金瞳,低鼻根,高直鼻梁,小圆鼻头,上薄下厚,嘴角紧收,无标志,方鹅蛋脸（下庭加重），薄眉骨/浅眼窝，下垂眼·眼尾平直·宽眼距，低鼻根/高直鼻梁/小圆鼻头，上薄下厚·嘴角紧收，骨感下颌
FD03463,宽方脸,颈部线条延长,平直额,内侧突出眉骨,中度眼窝,高颧骨,成熟收紧面颊,圆方下颌,上扬凤眼,眼尾平直,标准眼距,墨玉瞳,宽鼻根,轻微偏右鼻梁,轻翘鼻头,上薄下厚,嘴角平直,鼻梁旧伤,宽方脸（颈部线条延长），内侧突出眉骨/中度眼窝，上扬凤眼·眼尾平直·标准眼距，宽鼻根/轻微偏右鼻梁/轻翘鼻头，上薄下厚·嘴角平直，圆方下颌
FD03464,幼态方脸,颧部外扩,饱满额,柔和眉骨,窄深眼窝,宽颧骨,薄面颊,柔和下颌,丹凤眼,眼尾下压,标准眼距,浅褐瞳,中高鼻根,轻微偏左鼻梁,微钝鼻头,小嘴,单侧上扬,右眼下浅泪痣,幼态方脸（颧部外扩），柔和眉骨/窄深眼窝，丹凤眼·眼尾下压·标准眼距，中高鼻根/轻微偏左鼻梁/微钝鼻头，小嘴·单侧上扬，柔和下颌
FD03465,长鹅蛋脸,颌角强调,宽额,柔和眉骨,中度眼窝,低颧骨,饱满面颊,明显下颌角,狭长瑞凤眼,眼尾明显挑,标准眼距,异色瞳,宽鼻根,宽骨鼻梁,方圆鼻头,成熟长唇,嘴角上扬,无标志,长鹅蛋脸（颌角强调），柔和眉骨/中度眼窝，狭长瑞凤眼·眼尾明显挑·标准眼距，宽鼻根/宽骨鼻梁/方圆鼻头，成熟长唇·嘴角上扬，明显下颌角
FD03466,长鹅蛋脸,下庭加重,骨感额,厚眉骨,中度眼窝,低颧骨,薄面颊,方下颌,狭长瑞凤眼,眼尾微挑,标准眼距,浅褐瞳,窄鼻根,轻微偏右鼻梁,下压鼻头,上薄下厚,单侧上扬,额角旧痕,长鹅蛋脸（下庭加重），厚眉骨/中度眼窝，狭长瑞凤眼·眼尾微挑·标准眼距，窄鼻根/轻微偏右鼻梁/下压鼻头，上薄下厚·单侧上扬，方下颌
FD03467,双颌匀称脸,上庭收窄,窄额,柔和眉骨,眼下饱满,外扩颧骨,轻凹面颊,窄下颌,桃花眼,眼尾明显挑,窄眼距,淡金瞳,低鼻根,轻微偏左鼻梁,方圆鼻头,厚唇,单侧上扬,双侧酒窝,双颌匀称脸（上庭收窄），柔和眉骨/眼下饱满，桃花眼·眼尾明显挑·窄眼距，低鼻根/轻微偏左鼻梁/方圆鼻头，厚唇·单侧上扬，窄下颌
FD03468,短鹅蛋脸,中庭展宽,骨感额,厚眉骨,深眼窝,高颧骨,轻凹面颊,圆方下颌,上扬凤眼,眼尾平直,宽眼距,淡金瞳,低鼻根,轻微偏右鼻梁,下压鼻头,薄唇,嘴角紧收,无标志,短鹅蛋脸（中庭展宽），厚眉骨/深眼窝，上扬凤眼·眼尾平直·宽眼距，低鼻根/轻微偏右鼻梁/下压鼻头，薄唇·嘴角紧收，圆方下颌
FD03469,倒梯形脸,颌角弱化,低额,厚眉骨,眼下骨感,柔和颧骨,饱满面颊,窄下颌,鹤系眼,眼尾下压,宽眼距,环状虹膜,宽鼻根,宽骨鼻梁,窄翼鼻头,宽嘴,嘴角下垂,碎裂虹膜,倒梯形脸（颌角弱化），厚眉骨/眼下骨感，鹤系眼·眼尾下压·宽眼距，宽鼻根/宽骨鼻梁/窄翼鼻头，宽嘴·嘴角下垂，窄下颌
FD03470,长心形脸,下颌线柔化,窄额,内侧突出眉骨,眼下骨感,窄颧骨,薄面颊,圆方下颌,鹰隼眼,眼尾下压,窄眼距,环状虹膜,中高鼻根,高直鼻梁,方圆鼻头,上薄下厚,嘴角平直,眼角小痣,长心形脸（下颌线柔化），内侧突出眉骨/眼下骨感，鹰隼眼·眼尾下压·窄眼距，中高鼻根/高直鼻梁/方圆鼻头，上薄下厚·嘴角平直，圆方下颌
FD03471,倒三角脸,中轴收紧,低额,柔和眉骨,中度眼窝,窄颧骨,饱满面颊,收敛下颌,狐狸系眼,眼尾下沉,宽眼距,环状虹膜,窄鼻根,微弧鼻梁,微钝鼻头,成熟长唇,嘴角上扬,无标志,倒三角脸（中轴收紧），柔和眉骨/中度眼窝，狐狸系眼·眼尾下沉·宽眼距，窄鼻根/微弧鼻梁/微钝鼻头，成熟长唇·嘴角上扬，收敛下颌
FD03472,长方脸,颈部线条收短,宽额,薄眉骨,深眼窝,宽颧骨,成熟收紧面颊,窄下颌,长杏眼,眼尾下沉,宽眼距,碎裂虹膜,中鼻根,中直鼻梁,微钝鼻头,小嘴,嘴角上扬,双侧酒窝,长方脸（颈部线条收短），薄眉骨/深眼窝，长杏眼·眼尾下沉·宽眼距，中鼻根/中直鼻梁/微钝鼻头，小嘴·嘴角上扬，窄下颌
FD03473,方鹅蛋脸,骨点内敛,高额,外侧突出眉骨,窄深眼窝,宽颧骨,轻凹面颊,方下颌,短圆杏眼,眼尾明显挑,宽眼距,浅褐瞳,高鼻根,轻微偏左鼻梁,轻翘鼻头,上薄下厚,嘴角平直,左颊浅疤,方鹅蛋脸（骨点内敛），外侧突出眉骨/窄深眼窝，短圆杏眼·眼尾明显挑·宽眼距，高鼻根/轻微偏左鼻梁/轻翘鼻头，上薄下厚·嘴角平直，方下颌
FD03474,骨感方脸,中轴微长,高额,薄眉骨,眼下骨感,宽颧骨,成熟收紧面颊,柔和下颌,狭长瑞凤眼,眼尾下压,标准眼距,深色瞳,高鼻根,轻微偏右鼻梁,窄翼鼻头,弓形唇,嘴角下垂,左颊浅疤,骨感方脸（中轴微长），薄眉骨/眼下骨感，狭长瑞凤眼·眼尾下压·标准眼距，高鼻根/轻微偏右鼻梁/窄翼鼻头，弓形唇·嘴角下垂，柔和下颌
FD03475,上宽下窄脸,颈部线条延长,高额,薄眉骨,中度眼窝,宽颧骨,成熟收紧面颊,柔和下颌,长杏眼,眼尾下沉,宽眼距,异色瞳,窄鼻根,微弧鼻梁,轻翘鼻头,平直唇,嘴角平直,瞳孔残缺,上宽下窄脸（颈部线条延长），薄眉骨/中度眼窝，长杏眼·眼尾下沉·宽眼距，窄鼻根/微弧鼻梁/轻翘鼻头，平直唇·嘴角平直，柔和下颌
FD03476,清瘦圆脸,上庭收窄,窄额,压迫感眉骨,深眼窝,低颧骨,薄面颊,明显下颌角,成熟长眼,眼尾延展,窄眼距,墨玉瞳,低鼻根,高直鼻梁,下压鼻头,宽嘴,嘴角紧收,指节薄茧,清瘦圆脸（上庭收窄），压迫感眉骨/深眼窝，成熟长眼·眼尾延展·窄眼距，低鼻根/高直鼻梁/下压鼻头，宽嘴·嘴角紧收，明显下颌角
FD03477,鹅蛋偏菱,上庭展开,低额,柔和眉骨,眼下饱满,高颧骨,幼态柔软面颊,明显下颌角,蛇系眼,眼尾下沉,宽眼距,浅褐瞳,宽鼻根,柔和鼻梁,方圆鼻头,成熟长唇,嘴角上扬,唇下小痣,鹅蛋偏菱（上庭展开），柔和眉骨/眼下饱满，蛇系眼·眼尾下沉·宽眼距，宽鼻根/柔和鼻梁/方圆鼻头，成熟长唇·嘴角上扬，明显下颌角
FD03478,方鹅蛋脸,颧部微收,低额,内侧突出眉骨,中度眼窝,窄颧骨,成熟收紧面颊,骨感下颌,疲惫眼,眼尾微挑,宽眼距,淡金瞳,低鼻根,柔和鼻梁,小圆鼻头,弓形唇,单侧上扬,环状虹膜,方鹅蛋脸（颧部微收），内侧突出眉骨/中度眼窝，疲惫眼·眼尾微挑·宽眼距，低鼻根/柔和鼻梁/小圆鼻头，弓形唇·单侧上扬，骨感下颌
FD03479,骨感窄脸,骨点内敛,饱满额,压迫感眉骨,深眼窝,窄颧骨,幼态柔软面颊,收敛下颌,少年圆眼,眼尾明显挑,窄眼距,灰蓝瞳,低鼻根,柔和鼻梁,肉感鼻头,平直唇,嘴角下垂,指节薄茧,骨感窄脸（骨点内敛），压迫感眉骨/深眼窝，少年圆眼·眼尾明显挑·窄眼距，低鼻根/柔和鼻梁/肉感鼻头，平直唇·嘴角下垂，收敛下颌
FD03480,窄方脸,下颌线清晰化,平直额,外侧突出眉骨,浅眼窝,窄颧骨,薄面颊,收敛下颌,瑞凤眼,眼尾下压,窄眼距,异色瞳,中高鼻根,轻微偏左鼻梁,下压鼻头,弓形唇,嘴角平直,右眉轻断,窄方脸（下颌线清晰化），外侧突出眉骨/浅眼窝，瑞凤眼·眼尾下压·窄眼距，中高鼻根/轻微偏左鼻梁/下压鼻头，弓形唇·嘴角平直，收敛下颌
FD03481,鹅蛋偏菱,上庭收窄,骨感额,外侧突出眉骨,深眼窝,宽颧骨,轻凹面颊,方下颌,疲惫眼,眼尾平直,宽眼距,环状虹膜,中鼻根,宽骨鼻梁,窄翼鼻头,上薄下厚,嘴角紧收,鼻梁旧伤,鹅蛋偏菱（上庭收窄），外侧突出眉骨/深眼窝，疲惫眼·眼尾平直·宽眼距，中鼻根/宽骨鼻梁/窄翼鼻头，上薄下厚·嘴角紧收，方下颌
FD03482,倒梯形脸,颊部略凹,低额,内侧突出眉骨,浅眼窝,柔和颧骨,薄面颊,明显下颌角,柳叶眼,眼尾下压,宽眼距,异色瞳,宽鼻根,轻微偏右鼻梁,小圆鼻头,成熟长唇,嘴角平直,单侧酒窝,倒梯形脸（颊部略凹），内侧突出眉骨/浅眼窝，柳叶眼·眼尾下压·宽眼距，宽鼻根/轻微偏右鼻梁/小圆鼻头，成熟长唇·嘴角平直，明显下颌角
FD03483,长鹅蛋脸,中庭展宽,平直额,外侧突出眉骨,中度眼窝,窄颧骨,幼态柔软面颊,柔和下颌,鹤系眼,眼尾延展,标准眼距,琥珀瞳,高鼻根,柔和鼻梁,下压鼻头,上厚下薄,嘴角平直,右眼下浅泪痣,长鹅蛋脸（中庭展宽），外侧突出眉骨/中度眼窝，鹤系眼·眼尾延展·标准眼距，高鼻根/柔和鼻梁/下压鼻头，上厚下薄·嘴角平直，柔和下颌
FD03484,倒三角脸,骨点内敛,低额,内侧突出眉骨,窄深眼窝,低颧骨,成熟收紧面颊,骨感下颌,圆长眼,眼尾微挑,窄眼距,异色瞳,中鼻根,轻鹰钩鼻梁,窄翼鼻头,弓形唇,嘴角平直,颈侧细疤,倒三角脸（骨点内敛），内侧突出眉骨/窄深眼窝，圆长眼·眼尾微挑·窄眼距，中鼻根/轻鹰钩鼻梁/窄翼鼻头，弓形唇·嘴角平直，骨感下颌
FD03485,方鹅蛋脸,颌角弱化,饱满额,外侧突出眉骨,中度眼窝,外扩颧骨,轻凹面颊,宽下颌,半睁懒眼,眼尾微挑,标准眼距,环状虹膜,中高鼻根,高直鼻梁,窄翼鼻头,上薄下厚,嘴角紧收,指节薄茧,方鹅蛋脸（颌角弱化），外侧突出眉骨/中度眼窝，半睁懒眼·眼尾微挑·标准眼距，中高鼻根/高直鼻梁/窄翼鼻头，上薄下厚·嘴角紧收，宽下颌
FD03486,窄方脸,骨点内敛,高额,厚眉骨,宽浅眼窝,柔和颧骨,轻凹面颊,骨感下颌,蛇系眼,眼尾下沉,宽眼距,琥珀瞳,低鼻根,高直鼻梁,轻翘鼻头,薄唇,嘴角下垂,唇下小痣,窄方脸（骨点内敛），厚眉骨/宽浅眼窝，蛇系眼·眼尾下沉·宽眼距，低鼻根/高直鼻梁/轻翘鼻头，薄唇·嘴角下垂，骨感下颌
FD03487,宽方脸,下颌线柔化,窄额,压迫感眉骨,浅眼窝,宽颧骨,轻凹面颊,宽下颌,长杏眼,眼尾下沉,标准眼距,异色瞳,宽鼻根,微弧鼻梁,下压鼻头,成熟长唇,嘴角上扬,下颌浅疤,宽方脸（下颌线柔化），压迫感眉骨/浅眼窝，长杏眼·眼尾下沉·标准眼距，宽鼻根/微弧鼻梁/下压鼻头，成熟长唇·嘴角上扬，宽下颌
FD03488,梨形脸,颌角强调,饱满额,内侧突出眉骨,眼下饱满,外扩颧骨,薄面颊,收敛下颌,短圆杏眼,眼尾明显挑,宽眼距,异色瞳,高鼻根,轻微偏右鼻梁,小圆鼻头,薄唇,嘴角上扬,无标志,梨形脸（颌角强调），内侧突出眉骨/眼下饱满，短圆杏眼·眼尾明显挑·宽眼距，高鼻根/轻微偏右鼻梁/小圆鼻头，薄唇·嘴角上扬，收敛下颌
FD03489,宽心形脸,颊部略凹,低额,压迫感眉骨,宽浅眼窝,窄颧骨,薄面颊,柔和下颌,少年圆眼,眼尾下压,窄眼距,淡金瞳,窄鼻根,柔和鼻梁,微钝鼻头,上薄下厚,嘴角平直,无标志,宽心形脸（颊部略凹），压迫感眉骨/宽浅眼窝，少年圆眼·眼尾下压·窄眼距，窄鼻根/柔和鼻梁/微钝鼻头，上薄下厚·嘴角平直，柔和下颌
FD03490,宽心形脸,颊部饱满,微凸额,薄眉骨,眼下饱满,低颧骨,薄面颊,宽下颌,鹿系眼,眼尾平直,宽眼距,星点虹膜,中高鼻根,柔和鼻梁,方圆鼻头,上薄下厚,嘴角下垂,右眉轻断,宽心形脸（颊部饱满），薄眉骨/眼下饱满，鹿系眼·眼尾平直·宽眼距，中高鼻根/柔和鼻梁/方圆鼻头，上薄下厚·嘴角下垂，宽下颌
FD03491,长鹅蛋脸,颊部略凹,微凸额,外侧突出眉骨,眼下饱满,宽颧骨,幼态柔软面颊,圆方下颌,疲惫眼,眼尾延展,宽眼距,墨玉瞳,低鼻根,轻微偏右鼻梁,下压鼻头,小嘴,嘴角紧收,单侧酒窝,长鹅蛋脸（颊部略凹），外侧突出眉骨/眼下饱满，疲惫眼·眼尾延展·宽眼距，低鼻根/轻微偏右鼻梁/下压鼻头，小嘴·嘴角紧收，圆方下颌
FD03492,长心形脸,颧部微收,平直额,外侧突出眉骨,眼下饱满,柔和颧骨,薄面颊,圆方下颌,鹿系眼,眼尾明显挑,标准眼距,琥珀瞳,高鼻根,轻微偏右鼻梁,小圆鼻头,上厚下薄,嘴角上扬,双侧酒窝,长心形脸（颧部微收），外侧突出眉骨/眼下饱满，鹿系眼·眼尾明显挑·标准眼距，高鼻根/轻微偏右鼻梁/小圆鼻头，上厚下薄·嘴角上扬，圆方下颌
FD03493,长鹅蛋脸,下庭收窄,平直额,内侧突出眉骨,宽浅眼窝,高颧骨,饱满面颊,骨感下颌,圆长眼,眼尾平直,宽眼距,浅褐瞳,高鼻根,轻微偏左鼻梁,小圆鼻头,平直唇,嘴角紧收,耳后小痣,长鹅蛋脸（下庭收窄），内侧突出眉骨/宽浅眼窝，圆长眼·眼尾平直·宽眼距，高鼻根/轻微偏左鼻梁/小圆鼻头，平直唇·嘴角紧收，骨感下颌
FD03494,鹅蛋偏心形,中庭拉长,骨感额,厚眉骨,深眼窝,柔和颧骨,薄面颊,方下颌,窄杏眼,眼尾下压,窄眼距,灰蓝瞳,宽鼻根,微弧鼻梁,微钝鼻头,厚唇,嘴角紧收,异色瞳,鹅蛋偏心形（中庭拉长），厚眉骨/深眼窝，窄杏眼·眼尾下压·窄眼距，宽鼻根/微弧鼻梁/微钝鼻头，厚唇·嘴角紧收，方下颌
FD03495,清瘦圆脸,颈部线条延长,骨感额,柔和眉骨,浅眼窝,高颧骨,轻凹面颊,明显下颌角,宽杏眼,眼尾微挑,宽眼距,淡金瞳,宽鼻根,轻微偏右鼻梁,骨感鼻头,宽嘴,嘴角紧收,唇下小痣,清瘦圆脸（颈部线条延长），柔和眉骨/浅眼窝，宽杏眼·眼尾微挑·宽眼距，宽鼻根/轻微偏右鼻梁/骨感鼻头，宽嘴·嘴角紧收，明显下颌角
FD03496,短鹅蛋脸,中轴微长,窄额,压迫感眉骨,宽浅眼窝,外扩颧骨,成熟收紧面颊,骨感下颌,鹰隼眼,眼尾下压,窄眼距,灰蓝瞳,中高鼻根,轻微偏左鼻梁,下压鼻头,平直唇,嘴角紧收,单侧酒窝,短鹅蛋脸（中轴微长），压迫感眉骨/宽浅眼窝，鹰隼眼·眼尾下压·窄眼距，中高鼻根/轻微偏左鼻梁/下压鼻头，平直唇·嘴角紧收，骨感下颌
FD03497,上窄下宽脸,颈部线条延长,骨感额,内侧突出眉骨,宽浅眼窝,窄颧骨,薄面颊,明显下颌角,蛇系眼,眼尾下压,标准眼距,浅褐瞳,中高鼻根,柔和鼻梁,下压鼻头,成熟长唇,嘴角平直,眼睑褶皱不对称,上窄下宽脸（颈部线条延长），内侧突出眉骨/宽浅眼窝，蛇系眼·眼尾下压·标准眼距，中高鼻根/柔和鼻梁/下压鼻头，成熟长唇·嘴角平直，明显下颌角
FD03498,宽方脸,上庭收窄,骨感额,内侧突出眉骨,深眼窝,高颧骨,成熟收紧面颊,柔和下颌,鹰隼眼,眼尾明显挑,标准眼距,墨玉瞳,高鼻根,轻微偏右鼻梁,下压鼻头,上厚下薄,嘴角上扬,左颊浅疤,宽方脸（上庭收窄），内侧突出眉骨/深眼窝，鹰隼眼·眼尾明显挑·标准眼距，高鼻根/轻微偏右鼻梁/下压鼻头，上厚下薄·嘴角上扬，柔和下颌
FD03499,圆方脸,下庭加重,高额,高眉骨,眼下饱满,高颧骨,轻凹面颊,窄下颌,下垂眼,眼尾明显挑,宽眼距,星点虹膜,中鼻根,轻微偏左鼻梁,肉感鼻头,上薄下厚,嘴角下垂,额角旧痕,圆方脸（下庭加重），高眉骨/眼下饱满，下垂眼·眼尾明显挑·宽眼距，中鼻根/轻微偏左鼻梁/肉感鼻头，上薄下厚·嘴角下垂，窄下颌
FD03500,鹅蛋偏方,中庭拉长,低额,厚眉骨,眼下骨感,低颧骨,轻凹面颊,柔和下颌,下垂眼,眼尾下沉,标准眼距,琥珀瞳,低鼻根,宽骨鼻梁,微钝鼻头,薄唇,嘴角下垂,右眉轻断,鹅蛋偏方（中庭拉长），厚眉骨/眼下骨感，下垂眼·眼尾下沉·标准眼距，低鼻根/宽骨鼻梁/微钝鼻头，薄唇·嘴角下垂，柔和下颌
FD03501,窄方脸,颌角弱化,微凸额,高眉骨,眼下饱满,宽颧骨,薄面颊,明显下颌角,窄杏眼,眼尾下沉,标准眼距,琥珀瞳,窄鼻根,高直鼻梁,微钝鼻头,成熟长唇,单侧上扬,碎裂虹膜,窄方脸（颌角弱化），高眉骨/眼下饱满，窄杏眼·眼尾下沉·标准眼距，窄鼻根/高直鼻梁/微钝鼻头，成熟长唇·单侧上扬，明显下颌角
FD03502,长鹅蛋脸,颈部线条延长,饱满额,低眉骨,宽浅眼窝,窄颧骨,成熟收紧面颊,窄下颌,上扬凤眼,眼尾平直,窄眼距,墨玉瞳,高鼻根,中直鼻梁,下压鼻头,弓形唇,单侧上扬,环状虹膜,长鹅蛋脸（颈部线条延长），低眉骨/宽浅眼窝，上扬凤眼·眼尾平直·窄眼距，高鼻根/中直鼻梁/下压鼻头，弓形唇·单侧上扬，窄下颌
FD03503,宽方脸,下颌线清晰化,平直额,柔和眉骨,深眼窝,柔和颧骨,成熟收紧面颊,方下颌,柳叶眼,眼尾延展,宽眼距,星点虹膜,中鼻根,轻微偏左鼻梁,小圆鼻头,上厚下薄,嘴角平直,右眼下浅泪痣,宽方脸（下颌线清晰化），柔和眉骨/深眼窝，柳叶眼·眼尾延展·宽眼距，中鼻根/轻微偏左鼻梁/小圆鼻头，上厚下薄·嘴角平直，方下颌
FD03504,下颌突出脸,中轴收紧,高额,高眉骨,深眼窝,低颧骨,成熟收紧面颊,收敛下颌,狼系眼,眼尾微挑,窄眼距,碎裂虹膜,低鼻根,微弧鼻梁,轻翘鼻头,上厚下薄,嘴角紧收,眼角小痣,下颌突出脸（中轴收紧），高眉骨/深眼窝，狼系眼·眼尾微挑·窄眼距，低鼻根/微弧鼻梁/轻翘鼻头，上厚下薄·嘴角紧收，收敛下颌
FD03505,倒三角脸,颌角弱化,平直额,外侧突出眉骨,眼下饱满,窄颧骨,轻凹面颊,圆方下颌,窄杏眼,眼尾微挑,标准眼距,深色瞳,宽鼻根,轻微偏左鼻梁,小圆鼻头,成熟长唇,嘴角上扬,右眉轻断,倒三角脸（颌角弱化），外侧突出眉骨/眼下饱满，窄杏眼·眼尾微挑·标准眼距，宽鼻根/轻微偏左鼻梁/小圆鼻头，成熟长唇·嘴角上扬，圆方下颌
FD03506,窄方脸,面中立体化,窄额,低眉骨,中度眼窝,宽颧骨,饱满面颊,方下颌,宽杏眼,眼尾下压,窄眼距,浅褐瞳,窄鼻根,轻微偏左鼻梁,骨感鼻头,薄唇,嘴角下垂,眉心竖纹浅痕,窄方脸（面中立体化），低眉骨/中度眼窝，宽杏眼·眼尾下压·窄眼距，窄鼻根/轻微偏左鼻梁/骨感鼻头，薄唇·嘴角下垂，方下颌
FD03507,幼态方脸,偏柔圆润,窄额,薄眉骨,眼下骨感,宽颧骨,轻凹面颊,方下颌,桃花眼,眼尾平直,标准眼距,淡金瞳,中鼻根,轻微偏右鼻梁,微钝鼻头,平直唇,嘴角紧收,无标志,幼态方脸（偏柔圆润），薄眉骨/眼下骨感，桃花眼·眼尾平直·标准眼距，中鼻根/轻微偏右鼻梁/微钝鼻头，平直唇·嘴角紧收，方下颌
FD03508,窄方脸,骨点内敛,微凸额,高眉骨,中度眼窝,窄颧骨,轻凹面颊,明显下颌角,短杏眼,眼尾下沉,宽眼距,异色瞳,高鼻根,高直鼻梁,方圆鼻头,宽嘴,嘴角紧收,无标志,窄方脸（骨点内敛），高眉骨/中度眼窝，短杏眼·眼尾下沉·宽眼距，高鼻根/高直鼻梁/方圆鼻头，宽嘴·嘴角紧收，明显下颌角
FD03509,方菱过渡脸,骨点外显,平直额,压迫感眉骨,眼下骨感,窄颧骨,幼态柔软面颊,收敛下颌,少年圆眼,眼尾延展,标准眼距,浅褐瞳,窄鼻根,宽骨鼻梁,骨感鼻头,上薄下厚,单侧上扬,异色瞳,方菱过渡脸（骨点外显），压迫感眉骨/眼下骨感，少年圆眼·眼尾延展·标准眼距，窄鼻根/宽骨鼻梁/骨感鼻头，上薄下厚·单侧上扬，收敛下颌
FD03510,标准菱形,中轴微长,低额,低眉骨,窄深眼窝,柔和颧骨,成熟收紧面颊,方下颌,蛇系眼,眼尾下压,标准眼距,星点虹膜,窄鼻根,中直鼻梁,小圆鼻头,平直唇,单侧上扬,右眉轻断,标准菱形（中轴微长），低眉骨/窄深眼窝，蛇系眼·眼尾下压·标准眼距，窄鼻根/中直鼻梁/小圆鼻头，平直唇·单侧上扬，方下颌
FD03511,方鹅蛋脸,中轴收紧,微凸额,薄眉骨,中度眼窝,窄颧骨,饱满面颊,骨感下颌,狐狸系眼,眼尾下压,宽眼距,浅褐瞳,宽鼻根,柔和鼻梁,微钝鼻头,平直唇,单侧上扬,眼睑褶皱不对称,方鹅蛋脸（中轴收紧），薄眉骨/中度眼窝，狐狸系眼·眼尾下压·宽眼距，宽鼻根/柔和鼻梁/微钝鼻头，平直唇·单侧上扬，骨感下颌
FD03512,幼态圆脸,颈部线条延长,骨感额,压迫感眉骨,深眼窝,低颧骨,成熟收紧面颊,柔和下颌,少年圆眼,眼尾下压,标准眼距,异色瞳,低鼻根,微弧鼻梁,方圆鼻头,上厚下薄,嘴角紧收,指节薄茧,幼态圆脸（颈部线条延长），压迫感眉骨/深眼窝，少年圆眼·眼尾下压·标准眼距，低鼻根/微弧鼻梁/方圆鼻头，上厚下薄·嘴角紧收，柔和下颌
FD03513,柔和方脸,骨点内敛,窄额,柔和眉骨,窄深眼窝,柔和颧骨,幼态柔软面颊,窄下颌,窄杏眼,眼尾下压,标准眼距,异色瞳,中高鼻根,中直鼻梁,轻翘鼻头,上厚下薄,单侧上扬,瞳孔残缺,柔和方脸（骨点内敛），柔和眉骨/窄深眼窝，窄杏眼·眼尾下压·标准眼距，中高鼻根/中直鼻梁/轻翘鼻头，上厚下薄·单侧上扬，窄下颌
FD03514,长心形脸,中庭展宽,宽额,压迫感眉骨,中度眼窝,窄颧骨,薄面颊,收敛下颌,圆长眼,眼尾延展,标准眼距,灰蓝瞳,低鼻根,高直鼻梁,方圆鼻头,宽嘴,嘴角下垂,左眼下浅泪痣,长心形脸（中庭展宽），压迫感眉骨/中度眼窝，圆长眼·眼尾延展·标准眼距，低鼻根/高直鼻梁/方圆鼻头，宽嘴·嘴角下垂，收敛下颌
FD03515,窄方脸,颌角强调,窄额,厚眉骨,中度眼窝,宽颧骨,薄面颊,明显下颌角,狐狸系眼,眼尾明显挑,标准眼距,浅褐瞳,中鼻根,柔和鼻梁,肉感鼻头,弓形唇,嘴角紧收,眼睑褶皱不对称,窄方脸（颌角强调），厚眉骨/中度眼窝，狐狸系眼·眼尾明显挑·标准眼距，中鼻根/柔和鼻梁/肉感鼻头，弓形唇·嘴角紧收，明显下颌角
FD03516,宽菱形,颈部线条延长,饱满额,外侧突出眉骨,深眼窝,柔和颧骨,幼态柔软面颊,收敛下颌,短杏眼,眼尾微挑,宽眼距,异色瞳,中高鼻根,轻微偏左鼻梁,肉感鼻头,宽嘴,嘴角平直,环状虹膜,宽菱形（颈部线条延长），外侧突出眉骨/深眼窝，短杏眼·眼尾微挑·宽眼距，中高鼻根/轻微偏左鼻梁/肉感鼻头，宽嘴·嘴角平直，收敛下颌
FD03517,鹅蛋偏心形,偏柔圆润,微凸额,厚眉骨,眼下骨感,柔和颧骨,幼态柔软面颊,圆方下颌,狐狸系眼,眼尾下沉,宽眼距,淡金瞳,中高鼻根,轻微偏左鼻梁,下压鼻头,弓形唇,嘴角平直,左眼下浅泪痣,鹅蛋偏心形（偏柔圆润），厚眉骨/眼下骨感，狐狸系眼·眼尾下沉·宽眼距，中高鼻根/轻微偏左鼻梁/下压鼻头，弓形唇·嘴角平直，圆方下颌
FD03518,窄鹅蛋脸,面中立体化,微凸额,压迫感眉骨,宽浅眼窝,低颧骨,轻凹面颊,圆方下颌,平直杏眼,眼尾下沉,标准眼距,琥珀瞳,窄鼻根,宽骨鼻梁,微钝鼻头,厚唇,嘴角上扬,右眉轻断,窄鹅蛋脸（面中立体化），压迫感眉骨/宽浅眼窝，平直杏眼·眼尾下沉·标准眼距，窄鼻根/宽骨鼻梁/微钝鼻头，厚唇·嘴角上扬，圆方下颌
FD03519,下颌突出脸,颊部略凹,低额,内侧突出眉骨,中度眼窝,外扩颧骨,幼态柔软面颊,明显下颌角,鹿系眼,眼尾平直,宽眼距,异色瞳,中鼻根,轻微偏右鼻梁,方圆鼻头,成熟长唇,嘴角下垂,眉心竖纹浅痕,下颌突出脸（颊部略凹），内侧突出眉骨/中度眼窝，鹿系眼·眼尾平直·宽眼距，中鼻根/轻微偏右鼻梁/方圆鼻头，成熟长唇·嘴角下垂，明显下颌角
FD03520,肉感短脸,中庭拉长,饱满额,高眉骨,浅眼窝,外扩颧骨,饱满面颊,骨感下颌,下垂眼,眼尾下压,宽眼距,深色瞳,中鼻根,轻鹰钩鼻梁,骨感鼻头,上薄下厚,嘴角上扬,右眉轻断,肉感短脸（中庭拉长），高眉骨/浅眼窝，下垂眼·眼尾下压·宽眼距，中鼻根/轻鹰钩鼻梁/骨感鼻头，上薄下厚·嘴角上扬，骨感下颌
FD03521,倒三角脸,中轴微长,骨感额,高眉骨,深眼窝,宽颧骨,成熟收紧面颊,明显下颌角,狭长眼,眼尾延展,标准眼距,淡金瞳,窄鼻根,轻微偏左鼻梁,小圆鼻头,上薄下厚,单侧上扬,眼睑褶皱不对称,倒三角脸（中轴微长），高眉骨/深眼窝，狭长眼·眼尾延展·标准眼距，窄鼻根/轻微偏左鼻梁/小圆鼻头，上薄下厚·单侧上扬，明显下颌角
FD03522,骨感方脸,骨点内敛,骨感额,高眉骨,宽浅眼窝,宽颧骨,幼态柔软面颊,窄下颌,平凤眼,眼尾微挑,窄眼距,环状虹膜,中鼻根,微弧鼻梁,窄翼鼻头,小嘴,嘴角上扬,眼角小痣,骨感方脸（骨点内敛），高眉骨/宽浅眼窝，平凤眼·眼尾微挑·窄眼距，中鼻根/微弧鼻梁/窄翼鼻头，小嘴·嘴角上扬，窄下颌
FD03523,骨感菱形,上庭展开,微凸额,压迫感眉骨,窄深眼窝,宽颧骨,成熟收紧面颊,明显下颌角,丹凤眼,眼尾下压,窄眼距,碎裂虹膜,中高鼻根,高直鼻梁,骨感鼻头,厚唇,嘴角下垂,左颊浅疤,骨感菱形（上庭展开），压迫感眉骨/窄深眼窝，丹凤眼·眼尾下压·窄眼距，中高鼻根/高直鼻梁/骨感鼻头，厚唇·嘴角下垂，明显下颌角
FD03524,柔和菱形,下庭收窄,平直额,高眉骨,窄深眼窝,柔和颧骨,薄面颊,宽下颌,瑞凤眼,眼尾下沉,宽眼距,浅褐瞳,中高鼻根,轻微偏右鼻梁,窄翼鼻头,上厚下薄,嘴角上扬,无标志,柔和菱形（下庭收窄），高眉骨/窄深眼窝，瑞凤眼·眼尾下沉·宽眼距，中高鼻根/轻微偏右鼻梁/窄翼鼻头，上厚下薄·嘴角上扬，宽下颌
FD03525,幼态圆脸,中庭展宽,低额,薄眉骨,中度眼窝,宽颧骨,饱满面颊,收敛下颌,平直杏眼,眼尾延展,宽眼距,异色瞳,高鼻根,中直鼻梁,骨感鼻头,上厚下薄,嘴角上扬,单侧酒窝,幼态圆脸（中庭展宽），薄眉骨/中度眼窝，平直杏眼·眼尾延展·宽眼距，高鼻根/中直鼻梁/骨感鼻头，上厚下薄·嘴角上扬，收敛下颌
FD03526,长心形脸,面中立体化,高额,低眉骨,中度眼窝,柔和颧骨,成熟收紧面颊,圆方下颌,圆长眼,眼尾下沉,宽眼距,深色瞳,窄鼻根,轻微偏左鼻梁,窄翼鼻头,上薄下厚,嘴角紧收,唇下小痣,长心形脸（面中立体化），低眉骨/中度眼窝，圆长眼·眼尾下沉·宽眼距，窄鼻根/轻微偏左鼻梁/窄翼鼻头，上薄下厚·嘴角紧收，圆方下颌
FD03527,柔和方脸,颌角弱化,平直额,厚眉骨,宽浅眼窝,低颧骨,成熟收紧面颊,柔和下颌,狭长眼,眼尾延展,标准眼距,灰蓝瞳,中高鼻根,中直鼻梁,方圆鼻头,厚唇,嘴角下垂,无标志,柔和方脸（颌角弱化），厚眉骨/宽浅眼窝，狭长眼·眼尾延展·标准眼距，中高鼻根/中直鼻梁/方圆鼻头，厚唇·嘴角下垂，柔和下颌
FD03528,幼态方脸,颧部微收,窄额,内侧突出眉骨,深眼窝,宽颧骨,幼态柔软面颊,柔和下颌,平直杏眼,眼尾下沉,宽眼距,墨玉瞳,低鼻根,轻微偏右鼻梁,肉感鼻头,厚唇,嘴角下垂,瞳孔残缺,幼态方脸（颧部微收），内侧突出眉骨/深眼窝，平直杏眼·眼尾下沉·宽眼距，低鼻根/轻微偏右鼻梁/肉感鼻头，厚唇·嘴角下垂，柔和下颌
FD03529,肉感短脸,下庭收窄,平直额,压迫感眉骨,深眼窝,宽颧骨,幼态柔软面颊,柔和下颌,平直杏眼,眼尾延展,宽眼距,深色瞳,窄鼻根,柔和鼻梁,小圆鼻头,平直唇,嘴角上扬,右眉轻断,肉感短脸（下庭收窄），压迫感眉骨/深眼窝，平直杏眼·眼尾延展·宽眼距，窄鼻根/柔和鼻梁/小圆鼻头，平直唇·嘴角上扬，柔和下颌
FD03530,骨感窄脸,颧部微收,高额,外侧突出眉骨,宽浅眼窝,外扩颧骨,薄面颊,宽下颌,平凤眼,眼尾延展,标准眼距,灰蓝瞳,宽鼻根,微弧鼻梁,方圆鼻头,薄唇,嘴角下垂,单侧酒窝,骨感窄脸（颧部微收），外侧突出眉骨/宽浅眼窝，平凤眼·眼尾延展·标准眼距，宽鼻根/微弧鼻梁/方圆鼻头，薄唇·嘴角下垂，宽下颌
FD03531,清瘦圆脸,面中平缓,饱满额,低眉骨,窄深眼窝,低颧骨,成熟收紧面颊,窄下颌,鹰隼眼,眼尾下沉,宽眼距,浅褐瞳,窄鼻根,中直鼻梁,骨感鼻头,薄唇,单侧上扬,单侧虎牙,清瘦圆脸（面中平缓），低眉骨/窄深眼窝，鹰隼眼·眼尾下沉·宽眼距，窄鼻根/中直鼻梁/骨感鼻头，薄唇·单侧上扬，窄下颌
FD03532,倒三角脸,下颌线柔化,饱满额,柔和眉骨,宽浅眼窝,外扩颧骨,饱满面颊,收敛下颌,狭长瑞凤眼,眼尾延展,标准眼距,异色瞳,宽鼻根,轻微偏左鼻梁,方圆鼻头,厚唇,嘴角平直,碎裂虹膜,倒三角脸（下颌线柔化），柔和眉骨/宽浅眼窝，狭长瑞凤眼·眼尾延展·标准眼距，宽鼻根/轻微偏左鼻梁/方圆鼻头，厚唇·嘴角平直，收敛下颌
FD03533,上窄下宽脸,面中立体化,宽额,低眉骨,眼下饱满,低颧骨,成熟收紧面颊,明显下颌角,狐狸系眼,眼尾明显挑,窄眼距,淡金瞳,窄鼻根,中直鼻梁,下压鼻头,薄唇,嘴角平直,额角旧痕,上窄下宽脸（面中立体化），低眉骨/眼下饱满，狐狸系眼·眼尾明显挑·窄眼距，窄鼻根/中直鼻梁/下压鼻头，薄唇·嘴角平直，明显下颌角
FD03534,鹅蛋偏菱,颧部外扩,高额,厚眉骨,中度眼窝,高颧骨,轻凹面颊,骨感下颌,宽杏眼,眼尾下压,宽眼距,深色瞳,低鼻根,宽骨鼻梁,骨感鼻头,宽嘴,单侧上扬,双侧酒窝,鹅蛋偏菱（颧部外扩），厚眉骨/中度眼窝，宽杏眼·眼尾下压·宽眼距，低鼻根/宽骨鼻梁/骨感鼻头，宽嘴·单侧上扬，骨感下颌
FD03535,幼态方脸,下庭收窄,平直额,柔和眉骨,窄深眼窝,窄颧骨,薄面颊,收敛下颌,鹤系眼,眼尾明显挑,标准眼距,浅褐瞳,窄鼻根,微弧鼻梁,轻翘鼻头,上薄下厚,单侧上扬,唇下小痣,幼态方脸（下庭收窄），柔和眉骨/窄深眼窝，鹤系眼·眼尾明显挑·标准眼距，窄鼻根/微弧鼻梁/轻翘鼻头，上薄下厚·单侧上扬，收敛下颌
FD03536,长圆脸,面中立体化,平直额,低眉骨,宽浅眼窝,宽颧骨,饱满面颊,柔和下颌,短杏眼,眼尾微挑,标准眼距,墨玉瞳,低鼻根,轻微偏左鼻梁,微钝鼻头,厚唇,嘴角紧收,无标志,长圆脸（面中立体化），低眉骨/宽浅眼窝，短杏眼·眼尾微挑·标准眼距，低鼻根/轻微偏左鼻梁/微钝鼻头，厚唇·嘴角紧收，柔和下颌
FD03537,柔和方脸,偏锐收窄,骨感额,外侧突出眉骨,眼下饱满,外扩颧骨,轻凹面颊,方下颌,下垂眼,眼尾微挑,标准眼距,碎裂虹膜,窄鼻根,轻鹰钩鼻梁,下压鼻头,薄唇,嘴角平直,左颊浅疤,柔和方脸（偏锐收窄），外侧突出眉骨/眼下饱满，下垂眼·眼尾微挑·标准眼距，窄鼻根/轻鹰钩鼻梁/下压鼻头，薄唇·嘴角平直，方下颌
FD03538,鹅蛋偏心形,颌角弱化,窄额,厚眉骨,深眼窝,窄颧骨,幼态柔软面颊,柔和下颌,狭长眼,眼尾下沉,宽眼距,环状虹膜,低鼻根,高直鼻梁,窄翼鼻头,上厚下薄,单侧上扬,下颌浅疤,鹅蛋偏心形（颌角弱化），厚眉骨/深眼窝，狭长眼·眼尾下沉·宽眼距，低鼻根/高直鼻梁/窄翼鼻头，上厚下薄·单侧上扬，柔和下颌
FD03539,梨形脸,面中平缓,高额,压迫感眉骨,浅眼窝,低颧骨,轻凹面颊,宽下颌,平直杏眼,眼尾下压,标准眼距,碎裂虹膜,宽鼻根,轻微偏左鼻梁,肉感鼻头,厚唇,嘴角平直,左颊浅疤,梨形脸（面中平缓），压迫感眉骨/浅眼窝，平直杏眼·眼尾下压·标准眼距，宽鼻根/轻微偏左鼻梁/肉感鼻头，厚唇·嘴角平直，宽下颌
FD03540,幼态方脸,中庭展宽,微凸额,低眉骨,中度眼窝,高颧骨,幼态柔软面颊,收敛下颌,瑞凤眼,眼尾平直,窄眼距,琥珀瞳,宽鼻根,轻微偏左鼻梁,窄翼鼻头,小嘴,嘴角平直,碎裂虹膜,幼态方脸（中庭展宽），低眉骨/中度眼窝，瑞凤眼·眼尾平直·窄眼距，宽鼻根/轻微偏左鼻梁/窄翼鼻头，小嘴·嘴角平直，收敛下颌
FD03541,鹅蛋偏心形,上庭展开,饱满额,高眉骨,眼下饱满,低颧骨,轻凹面颊,圆方下颌,狼系眼,眼尾平直,窄眼距,深色瞳,窄鼻根,高直鼻梁,小圆鼻头,弓形唇,嘴角紧收,颈侧细疤,鹅蛋偏心形（上庭展开），高眉骨/眼下饱满，狼系眼·眼尾平直·窄眼距，窄鼻根/高直鼻梁/小圆鼻头，弓形唇·嘴角紧收，圆方下颌
FD03542,双颌匀称脸,下庭加重,窄额,压迫感眉骨,深眼窝,高颧骨,轻凹面颊,窄下颌,鹰隼眼,眼尾微挑,宽眼距,灰蓝瞳,中高鼻根,轻鹰钩鼻梁,微钝鼻头,小嘴,嘴角上扬,无标志,双颌匀称脸（下庭加重），压迫感眉骨/深眼窝，鹰隼眼·眼尾微挑·宽眼距，中高鼻根/轻鹰钩鼻梁/微钝鼻头，小嘴·嘴角上扬，窄下颌
FD03543,鹅蛋偏菱,下庭加重,窄额,内侧突出眉骨,眼下饱满,高颧骨,成熟收紧面颊,方下颌,桃花眼,眼尾延展,宽眼距,灰蓝瞳,高鼻根,柔和鼻梁,窄翼鼻头,成熟长唇,嘴角平直,眼睑褶皱不对称,鹅蛋偏菱（下庭加重），内侧突出眉骨/眼下饱满，桃花眼·眼尾延展·宽眼距，高鼻根/柔和鼻梁/窄翼鼻头，成熟长唇·嘴角平直，方下颌
FD03544,成熟方脸,骨点外显,低额,高眉骨,眼下骨感,柔和颧骨,成熟收紧面颊,柔和下颌,瑞凤眼,眼尾微挑,宽眼距,浅褐瞳,中鼻根,中直鼻梁,小圆鼻头,成熟长唇,嘴角平直,无标志,成熟方脸（骨点外显），高眉骨/眼下骨感，瑞凤眼·眼尾微挑·宽眼距，中鼻根/中直鼻梁/小圆鼻头，成熟长唇·嘴角平直，柔和下颌
FD03545,心形脸,颧部微收,窄额,薄眉骨,眼下骨感,外扩颧骨,幼态柔软面颊,方下颌,丹凤眼,眼尾平直,宽眼距,琥珀瞳,窄鼻根,轻微偏右鼻梁,骨感鼻头,宽嘴,单侧上扬,眉上小疤,心形脸（颧部微收），薄眉骨/眼下骨感，丹凤眼·眼尾平直·宽眼距，窄鼻根/轻微偏右鼻梁/骨感鼻头，宽嘴·单侧上扬，方下颌
FD03546,圆脸,上庭收窄,骨感额,高眉骨,眼下骨感,外扩颧骨,饱满面颊,明显下颌角,狐狸系眼,眼尾平直,宽眼距,灰蓝瞳,中鼻根,微弧鼻梁,微钝鼻头,平直唇,嘴角平直,右眼下浅泪痣,圆脸（上庭收窄），高眉骨/眼下骨感，狐狸系眼·眼尾平直·宽眼距，中鼻根/微弧鼻梁/微钝鼻头，平直唇·嘴角平直，明显下颌角
FD03547,长圆脸,上庭展开,窄额,薄眉骨,浅眼窝,宽颧骨,幼态柔软面颊,柔和下颌,半睁懒眼,眼尾平直,标准眼距,星点虹膜,高鼻根,轻微偏左鼻梁,方圆鼻头,上薄下厚,单侧上扬,环状虹膜,长圆脸（上庭展开），薄眉骨/浅眼窝，半睁懒眼·眼尾平直·标准眼距，高鼻根/轻微偏左鼻梁/方圆鼻头，上薄下厚·单侧上扬，柔和下颌
FD03548,骨感菱形,颌角弱化,宽额,内侧突出眉骨,宽浅眼窝,外扩颧骨,成熟收紧面颊,柔和下颌,长杏眼,眼尾明显挑,窄眼距,琥珀瞳,中鼻根,轻鹰钩鼻梁,小圆鼻头,薄唇,嘴角紧收,无标志,骨感菱形（颌角弱化），内侧突出眉骨/宽浅眼窝，长杏眼·眼尾明显挑·窄眼距，中鼻根/轻鹰钩鼻梁/小圆鼻头，薄唇·嘴角紧收，柔和下颌
FD03549,正梯形脸,面中平缓,平直额,高眉骨,宽浅眼窝,窄颧骨,饱满面颊,圆方下颌,狭长瑞凤眼,眼尾下沉,宽眼距,淡金瞳,高鼻根,轻微偏左鼻梁,方圆鼻头,薄唇,嘴角平直,眼角小痣,正梯形脸（面中平缓），高眉骨/宽浅眼窝，狭长瑞凤眼·眼尾下沉·宽眼距，高鼻根/轻微偏左鼻梁/方圆鼻头，薄唇·嘴角平直，圆方下颌
FD03550,鹅蛋偏菱,面中平缓,平直额,内侧突出眉骨,深眼窝,窄颧骨,饱满面颊,明显下颌角,圆长眼,眼尾微挑,窄眼距,浅褐瞳,宽鼻根,轻微偏右鼻梁,下压鼻头,平直唇,嘴角紧收,右眼下浅泪痣,鹅蛋偏菱（面中平缓），内侧突出眉骨/深眼窝，圆长眼·眼尾微挑·窄眼距，宽鼻根/轻微偏右鼻梁/下压鼻头，平直唇·嘴角紧收，明显下颌角
FD03551,长圆脸,下颌线柔化,骨感额,厚眉骨,宽浅眼窝,低颧骨,幼态柔软面颊,收敛下颌,鹤系眼,眼尾下沉,窄眼距,浅褐瞳,宽鼻根,轻微偏左鼻梁,小圆鼻头,上薄下厚,嘴角上扬,眼角小痣,长圆脸（下颌线柔化），厚眉骨/宽浅眼窝，鹤系眼·眼尾下沉·窄眼距，宽鼻根/轻微偏左鼻梁/小圆鼻头，上薄下厚·嘴角上扬，收敛下颌
FD03552,长圆脸,下庭收窄,平直额,柔和眉骨,宽浅眼窝,低颧骨,轻凹面颊,方下颌,蛇系眼,眼尾明显挑,标准眼距,星点虹膜,中鼻根,轻微偏右鼻梁,轻翘鼻头,厚唇,单侧上扬,鼻梁旧伤,长圆脸（下庭收窄），柔和眉骨/宽浅眼窝，蛇系眼·眼尾明显挑·标准眼距，中鼻根/轻微偏右鼻梁/轻翘鼻头，厚唇·单侧上扬，方下颌
FD03553,骨感方脸,下颌线清晰化,高额,厚眉骨,眼下饱满,窄颧骨,饱满面颊,柔和下颌,少年圆眼,眼尾下压,标准眼距,淡金瞳,窄鼻根,柔和鼻梁,方圆鼻头,薄唇,嘴角紧收,耳后小痣,骨感方脸（下颌线清晰化），厚眉骨/眼下饱满，少年圆眼·眼尾下压·标准眼距，窄鼻根/柔和鼻梁/方圆鼻头，薄唇·嘴角紧收，柔和下颌
FD03554,方鹅蛋脸,偏锐收窄,窄额,柔和眉骨,宽浅眼窝,高颧骨,幼态柔软面颊,方下颌,鹤系眼,眼尾微挑,宽眼距,琥珀瞳,中高鼻根,高直鼻梁,下压鼻头,成熟长唇,嘴角下垂,单侧酒窝,方鹅蛋脸（偏锐收窄），柔和眉骨/宽浅眼窝，鹤系眼·眼尾微挑·宽眼距，中高鼻根/高直鼻梁/下压鼻头，成熟长唇·嘴角下垂，方下颌
FD03555,上窄下宽脸,下颌线清晰化,骨感额,低眉骨,眼下饱满,高颧骨,幼态柔软面颊,圆方下颌,平直杏眼,眼尾平直,窄眼距,星点虹膜,窄鼻根,微弧鼻梁,轻翘鼻头,小嘴,嘴角平直,右眉轻断,上窄下宽脸（下颌线清晰化），低眉骨/眼下饱满，平直杏眼·眼尾平直·窄眼距，窄鼻根/微弧鼻梁/轻翘鼻头，小嘴·嘴角平直，圆方下颌
FD03556,鹅蛋偏菱,下颌线柔化,微凸额,柔和眉骨,眼下饱满,宽颧骨,薄面颊,柔和下颌,狼系眼,眼尾平直,宽眼距,异色瞳,低鼻根,轻鹰钩鼻梁,骨感鼻头,上厚下薄,嘴角紧收,眉上小疤,鹅蛋偏菱（下颌线柔化），柔和眉骨/眼下饱满，狼系眼·眼尾平直·宽眼距，低鼻根/轻鹰钩鼻梁/骨感鼻头，上厚下薄·嘴角紧收，柔和下颌
FD03557,标准菱形,颧部微收,宽额,低眉骨,浅眼窝,低颧骨,轻凹面颊,方下颌,宽杏眼,眼尾平直,标准眼距,碎裂虹膜,窄鼻根,中直鼻梁,骨感鼻头,小嘴,嘴角紧收,单侧虎牙,标准菱形（颧部微收），低眉骨/浅眼窝，宽杏眼·眼尾平直·标准眼距，窄鼻根/中直鼻梁/骨感鼻头，小嘴·嘴角紧收，方下颌
FD03558,标准菱形,面中平缓,骨感额,压迫感眉骨,眼下骨感,宽颧骨,幼态柔软面颊,方下颌,丹凤眼,眼尾下沉,宽眼距,淡金瞳,低鼻根,宽骨鼻梁,骨感鼻头,薄唇,嘴角平直,耳后小痣,标准菱形（面中平缓），压迫感眉骨/眼下骨感，丹凤眼·眼尾下沉·宽眼距，低鼻根/宽骨鼻梁/骨感鼻头，薄唇·嘴角平直，方下颌
FD03559,长鹅蛋脸,颊部略凹,平直额,高眉骨,窄深眼窝,高颧骨,薄面颊,明显下颌角,宽杏眼,眼尾明显挑,标准眼距,星点虹膜,窄鼻根,柔和鼻梁,窄翼鼻头,上薄下厚,嘴角平直,左颊浅疤,长鹅蛋脸（颊部略凹），高眉骨/窄深眼窝，宽杏眼·眼尾明显挑·标准眼距，窄鼻根/柔和鼻梁/窄翼鼻头，上薄下厚·嘴角平直，明显下颌角
FD03560,宽菱形,颧部微收,微凸额,外侧突出眉骨,眼下骨感,低颧骨,轻凹面颊,宽下颌,宽杏眼,眼尾平直,标准眼距,星点虹膜,宽鼻根,微弧鼻梁,小圆鼻头,上薄下厚,嘴角上扬,下颌浅疤,宽菱形（颧部微收），外侧突出眉骨/眼下骨感，宽杏眼·眼尾平直·标准眼距，宽鼻根/微弧鼻梁/小圆鼻头，上薄下厚·嘴角上扬，宽下颌
FD03561,宽方脸,下颌线柔化,低额,薄眉骨,眼下骨感,窄颧骨,轻凹面颊,方下颌,上扬凤眼,眼尾下沉,标准眼距,星点虹膜,窄鼻根,轻微偏右鼻梁,方圆鼻头,小嘴,嘴角下垂,下颌浅疤,宽方脸（下颌线柔化），薄眉骨/眼下骨感，上扬凤眼·眼尾下沉·标准眼距，窄鼻根/轻微偏右鼻梁/方圆鼻头，小嘴·嘴角下垂，方下颌
FD03562,梨形脸,骨点内敛,饱满额,压迫感眉骨,窄深眼窝,低颧骨,薄面颊,宽下颌,桃花眼,眼尾明显挑,标准眼距,星点虹膜,低鼻根,中直鼻梁,窄翼鼻头,宽嘴,单侧上扬,眉心竖纹浅痕,梨形脸（骨点内敛），压迫感眉骨/窄深眼窝，桃花眼·眼尾明显挑·标准眼距，低鼻根/中直鼻梁/窄翼鼻头，宽嘴·单侧上扬，宽下颌
FD03563,圆方脸,颈部线条收短,窄额,厚眉骨,宽浅眼窝,高颧骨,成熟收紧面颊,骨感下颌,窄杏眼,眼尾延展,宽眼距,碎裂虹膜,窄鼻根,高直鼻梁,微钝鼻头,小嘴,嘴角紧收,眼角小痣,圆方脸（颈部线条收短），厚眉骨/宽浅眼窝，窄杏眼·眼尾延展·宽眼距，窄鼻根/高直鼻梁/微钝鼻头，小嘴·嘴角紧收，骨感下颌
FD03564,长方脸,颌角弱化,骨感额,内侧突出眉骨,眼下骨感,高颧骨,薄面颊,收敛下颌,圆长眼,眼尾明显挑,标准眼距,灰蓝瞳,低鼻根,中直鼻梁,微钝鼻头,薄唇,嘴角紧收,异色瞳,长方脸（颌角弱化），内侧突出眉骨/眼下骨感，圆长眼·眼尾明显挑·标准眼距，低鼻根/中直鼻梁/微钝鼻头，薄唇·嘴角紧收，收敛下颌
FD03565,圆脸,上庭收窄,宽额,内侧突出眉骨,浅眼窝,低颧骨,饱满面颊,宽下颌,蛇系眼,眼尾下沉,窄眼距,琥珀瞳,宽鼻根,轻微偏右鼻梁,窄翼鼻头,宽嘴,单侧上扬,指节薄茧,圆脸（上庭收窄），内侧突出眉骨/浅眼窝，蛇系眼·眼尾下沉·窄眼距，宽鼻根/轻微偏右鼻梁/窄翼鼻头，宽嘴·单侧上扬，宽下颌
FD03566,骨感窄脸,下颌线清晰化,高额,低眉骨,眼下饱满,低颧骨,薄面颊,明显下颌角,疲惫眼,眼尾延展,窄眼距,星点虹膜,高鼻根,柔和鼻梁,下压鼻头,弓形唇,嘴角紧收,眼睑褶皱不对称,骨感窄脸（下颌线清晰化），低眉骨/眼下饱满，疲惫眼·眼尾延展·窄眼距，高鼻根/柔和鼻梁/下压鼻头，弓形唇·嘴角紧收，明显下颌角
FD03567,鹅蛋偏心形,颈部线条延长,饱满额,柔和眉骨,深眼窝,外扩颧骨,薄面颊,窄下颌,鹿系眼,眼尾下沉,宽眼距,淡金瞳,低鼻根,中直鼻梁,方圆鼻头,弓形唇,嘴角紧收,左颊浅疤,鹅蛋偏心形（颈部线条延长），柔和眉骨/深眼窝，鹿系眼·眼尾下沉·宽眼距，低鼻根/中直鼻梁/方圆鼻头，弓形唇·嘴角紧收，窄下颌
FD03568,骨感方脸,下庭收窄,窄额,薄眉骨,眼下骨感,窄颧骨,幼态柔软面颊,方下颌,平凤眼,眼尾下压,窄眼距,星点虹膜,窄鼻根,宽骨鼻梁,微钝鼻头,成熟长唇,嘴角平直,单侧虎牙,骨感方脸（下庭收窄），薄眉骨/眼下骨感，平凤眼·眼尾下压·窄眼距，窄鼻根/宽骨鼻梁/微钝鼻头，成熟长唇·嘴角平直，方下颌
FD03569,长菱形,颌角强调,饱满额,压迫感眉骨,窄深眼窝,高颧骨,轻凹面颊,明显下颌角,狼系眼,眼尾延展,宽眼距,环状虹膜,高鼻根,轻微偏右鼻梁,微钝鼻头,上厚下薄,单侧上扬,双侧酒窝,长菱形（颌角强调），压迫感眉骨/窄深眼窝，狼系眼·眼尾延展·宽眼距，高鼻根/轻微偏右鼻梁/微钝鼻头，上厚下薄·单侧上扬，明显下颌角
FD03570,长心形脸,中轴收紧,骨感额,薄眉骨,深眼窝,柔和颧骨,薄面颊,收敛下颌,疲惫眼,眼尾延展,标准眼距,琥珀瞳,窄鼻根,宽骨鼻梁,骨感鼻头,厚唇,嘴角平直,唇下小痣,长心形脸（中轴收紧），薄眉骨/深眼窝，疲惫眼·眼尾延展·标准眼距，窄鼻根/宽骨鼻梁/骨感鼻头，厚唇·嘴角平直，收敛下颌
FD03571,鹅蛋偏菱,骨点外显,骨感额,厚眉骨,浅眼窝,宽颧骨,成熟收紧面颊,方下颌,狐狸系眼,眼尾明显挑,标准眼距,异色瞳,高鼻根,轻微偏左鼻梁,轻翘鼻头,平直唇,嘴角平直,眉上小疤,鹅蛋偏菱（骨点外显），厚眉骨/浅眼窝，狐狸系眼·眼尾明显挑·标准眼距，高鼻根/轻微偏左鼻梁/轻翘鼻头，平直唇·嘴角平直，方下颌
FD03572,窄方脸,中轴微长,窄额,外侧突出眉骨,宽浅眼窝,宽颧骨,轻凹面颊,骨感下颌,上扬凤眼,眼尾延展,窄眼距,碎裂虹膜,宽鼻根,微弧鼻梁,微钝鼻头,上厚下薄,单侧上扬,眉心竖纹浅痕,窄方脸（中轴微长），外侧突出眉骨/宽浅眼窝，上扬凤眼·眼尾延展·窄眼距，宽鼻根/微弧鼻梁/微钝鼻头，上厚下薄·单侧上扬，骨感下颌
FD03573,骨感方脸,面中立体化,平直额,低眉骨,眼下饱满,宽颧骨,幼态柔软面颊,柔和下颌,鹰隼眼,眼尾延展,窄眼距,淡金瞳,低鼻根,轻微偏左鼻梁,轻翘鼻头,小嘴,嘴角上扬,额角旧痕,骨感方脸（面中立体化），低眉骨/眼下饱满，鹰隼眼·眼尾延展·窄眼距，低鼻根/轻微偏左鼻梁/轻翘鼻头，小嘴·嘴角上扬，柔和下颌
FD03574,心形脸,面中立体化,高额,外侧突出眉骨,窄深眼窝,柔和颧骨,幼态柔软面颊,窄下颌,上扬凤眼,眼尾延展,宽眼距,环状虹膜,宽鼻根,高直鼻梁,小圆鼻头,上厚下薄,嘴角紧收,眼角小痣,心形脸（面中立体化），外侧突出眉骨/窄深眼窝，上扬凤眼·眼尾延展·宽眼距，宽鼻根/高直鼻梁/小圆鼻头，上厚下薄·嘴角紧收，窄下颌
FD03575,幼态方脸,颈部线条收短,微凸额,柔和眉骨,中度眼窝,柔和颧骨,成熟收紧面颊,骨感下颌,窄杏眼,眼尾微挑,标准眼距,淡金瞳,低鼻根,轻鹰钩鼻梁,骨感鼻头,宽嘴,嘴角平直,右眼下浅泪痣,幼态方脸（颈部线条收短），柔和眉骨/中度眼窝，窄杏眼·眼尾微挑·标准眼距，低鼻根/轻鹰钩鼻梁/骨感鼻头，宽嘴·嘴角平直，骨感下颌
FD03576,双颌匀称脸,骨点外显,低额,压迫感眉骨,窄深眼窝,外扩颧骨,饱满面颊,宽下颌,蛇系眼,眼尾微挑,标准眼距,琥珀瞳,低鼻根,中直鼻梁,方圆鼻头,厚唇,嘴角平直,左眼下浅泪痣,双颌匀称脸（骨点外显），压迫感眉骨/窄深眼窝，蛇系眼·眼尾微挑·标准眼距，低鼻根/中直鼻梁/方圆鼻头，厚唇·嘴角平直，宽下颌
FD03577,鹅蛋偏方,中轴微长,平直额,低眉骨,中度眼窝,低颧骨,薄面颊,方下颌,短杏眼,眼尾平直,窄眼距,星点虹膜,低鼻根,高直鼻梁,方圆鼻头,上薄下厚,嘴角上扬,额角旧痕,鹅蛋偏方（中轴微长），低眉骨/中度眼窝，短杏眼·眼尾平直·窄眼距，低鼻根/高直鼻梁/方圆鼻头，上薄下厚·嘴角上扬，方下颌
FD03578,柔和方脸,骨点外显,微凸额,压迫感眉骨,窄深眼窝,窄颧骨,薄面颊,宽下颌,宽杏眼,眼尾明显挑,标准眼距,琥珀瞳,中高鼻根,高直鼻梁,肉感鼻头,成熟长唇,嘴角平直,颈侧细疤,柔和方脸（骨点外显），压迫感眉骨/窄深眼窝，宽杏眼·眼尾明显挑·标准眼距，中高鼻根/高直鼻梁/肉感鼻头，成熟长唇·嘴角平直，宽下颌
FD03579,圆方脸,中庭拉长,骨感额,高眉骨,宽浅眼窝,高颧骨,成熟收紧面颊,柔和下颌,狭长瑞凤眼,眼尾延展,宽眼距,环状虹膜,中高鼻根,中直鼻梁,方圆鼻头,上薄下厚,嘴角下垂,环状虹膜,圆方脸（中庭拉长），高眉骨/宽浅眼窝，狭长瑞凤眼·眼尾延展·宽眼距，中高鼻根/中直鼻梁/方圆鼻头，上薄下厚·嘴角下垂，柔和下颌
FD03580,倒三角脸,颊部饱满,平直额,外侧突出眉骨,深眼窝,窄颧骨,薄面颊,柔和下颌,冷感眼,眼尾平直,标准眼距,碎裂虹膜,宽鼻根,高直鼻梁,下压鼻头,上薄下厚,嘴角紧收,单侧虎牙,倒三角脸（颊部饱满），外侧突出眉骨/深眼窝，冷感眼·眼尾平直·标准眼距，宽鼻根/高直鼻梁/下压鼻头，上薄下厚·嘴角紧收，柔和下颌
FD03581,短鹅蛋脸,骨点外显,微凸额,薄眉骨,浅眼窝,柔和颧骨,幼态柔软面颊,明显下颌角,下垂眼,眼尾微挑,标准眼距,环状虹膜,高鼻根,微弧鼻梁,骨感鼻头,厚唇,单侧上扬,瞳孔残缺,短鹅蛋脸（骨点外显），薄眉骨/浅眼窝，下垂眼·眼尾微挑·标准眼距，高鼻根/微弧鼻梁/骨感鼻头，厚唇·单侧上扬，明显下颌角
FD03582,窄方脸,颌角强调,饱满额,压迫感眉骨,窄深眼窝,柔和颧骨,薄面颊,柔和下颌,狭长瑞凤眼,眼尾明显挑,标准眼距,异色瞳,中鼻根,柔和鼻梁,肉感鼻头,小嘴,嘴角上扬,碎裂虹膜,窄方脸（颌角强调），压迫感眉骨/窄深眼窝，狭长瑞凤眼·眼尾明显挑·标准眼距，中鼻根/柔和鼻梁/肉感鼻头，小嘴·嘴角上扬，柔和下颌
FD03583,圆脸,颧部微收,骨感额,低眉骨,中度眼窝,外扩颧骨,幼态柔软面颊,收敛下颌,蛇系眼,眼尾明显挑,标准眼距,深色瞳,中高鼻根,高直鼻梁,肉感鼻头,宽嘴,单侧上扬,异色瞳,圆脸（颧部微收），低眉骨/中度眼窝，蛇系眼·眼尾明显挑·标准眼距，中高鼻根/高直鼻梁/肉感鼻头，宽嘴·单侧上扬，收敛下颌
FD03584,倒梯形脸,颌角弱化,宽额,高眉骨,宽浅眼窝,低颧骨,薄面颊,圆方下颌,成熟长眼,眼尾下沉,标准眼距,碎裂虹膜,宽鼻根,柔和鼻梁,骨感鼻头,弓形唇,嘴角平直,眼睑褶皱不对称,倒梯形脸（颌角弱化），高眉骨/宽浅眼窝，成熟长眼·眼尾下沉·标准眼距，宽鼻根/柔和鼻梁/骨感鼻头，弓形唇·嘴角平直，圆方下颌
FD03585,骨感方脸,颌角强调,骨感额,厚眉骨,眼下骨感,外扩颧骨,成熟收紧面颊,窄下颌,半睁懒眼,眼尾明显挑,窄眼距,琥珀瞳,宽鼻根,高直鼻梁,微钝鼻头,薄唇,嘴角紧收,右眉轻断,骨感方脸（颌角强调），厚眉骨/眼下骨感，半睁懒眼·眼尾明显挑·窄眼距，宽鼻根/高直鼻梁/微钝鼻头，薄唇·嘴角紧收，窄下颌
FD03586,清瘦圆脸,颈部线条收短,骨感额,高眉骨,眼下饱满,低颧骨,成熟收紧面颊,宽下颌,少年圆眼,眼尾明显挑,标准眼距,墨玉瞳,高鼻根,轻鹰钩鼻梁,小圆鼻头,弓形唇,单侧上扬,右眼下浅泪痣,清瘦圆脸（颈部线条收短），高眉骨/眼下饱满，少年圆眼·眼尾明显挑·标准眼距，高鼻根/轻鹰钩鼻梁/小圆鼻头，弓形唇·单侧上扬，宽下颌
FD03587,成熟方脸,颌角弱化,宽额,薄眉骨,宽浅眼窝,低颧骨,轻凹面颊,骨感下颌,短圆杏眼,眼尾下沉,窄眼距,淡金瞳,窄鼻根,轻微偏左鼻梁,窄翼鼻头,平直唇,嘴角平直,右眼下浅泪痣,成熟方脸（颌角弱化），薄眉骨/宽浅眼窝，短圆杏眼·眼尾下沉·窄眼距，窄鼻根/轻微偏左鼻梁/窄翼鼻头，平直唇·嘴角平直，骨感下颌
FD03588,双颌匀称脸,颧部微收,平直额,柔和眉骨,眼下饱满,高颧骨,饱满面颊,明显下颌角,桃花眼,眼尾平直,宽眼距,环状虹膜,窄鼻根,柔和鼻梁,微钝鼻头,上厚下薄,单侧上扬,右眉轻断,双颌匀称脸（颧部微收），柔和眉骨/眼下饱满，桃花眼·眼尾平直·宽眼距，窄鼻根/柔和鼻梁/微钝鼻头，上厚下薄·单侧上扬，明显下颌角
FD03589,鹅蛋偏心形,下颌线清晰化,骨感额,高眉骨,宽浅眼窝,柔和颧骨,成熟收紧面颊,宽下颌,冷感眼,眼尾明显挑,标准眼距,环状虹膜,宽鼻根,中直鼻梁,微钝鼻头,厚唇,嘴角平直,左颊浅疤,鹅蛋偏心形（下颌线清晰化），高眉骨/宽浅眼窝，冷感眼·眼尾明显挑·标准眼距，宽鼻根/中直鼻梁/微钝鼻头，厚唇·嘴角平直，宽下颌
FD03590,肉感短脸,颌角强调,低额,外侧突出眉骨,眼下骨感,外扩颧骨,成熟收紧面颊,骨感下颌,上扬凤眼,眼尾平直,宽眼距,墨玉瞳,高鼻根,轻微偏左鼻梁,微钝鼻头,上薄下厚,单侧上扬,单侧虎牙,肉感短脸（颌角强调），外侧突出眉骨/眼下骨感，上扬凤眼·眼尾平直·宽眼距，高鼻根/轻微偏左鼻梁/微钝鼻头，上薄下厚·单侧上扬，骨感下颌
FD03591,鹅蛋偏方,中轴收紧,平直额,柔和眉骨,中度眼窝,窄颧骨,饱满面颊,明显下颌角,狭长瑞凤眼,眼尾微挑,宽眼距,墨玉瞳,中鼻根,柔和鼻梁,骨感鼻头,薄唇,嘴角上扬,额角旧痕,鹅蛋偏方（中轴收紧），柔和眉骨/中度眼窝，狭长瑞凤眼·眼尾微挑·宽眼距，中鼻根/柔和鼻梁/骨感鼻头，薄唇·嘴角上扬，明显下颌角
FD03592,圆脸,面中平缓,高额,低眉骨,宽浅眼窝,窄颧骨,轻凹面颊,圆方下颌,平凤眼,眼尾下压,宽眼距,墨玉瞳,中鼻根,微弧鼻梁,轻翘鼻头,成熟长唇,嘴角紧收,单侧虎牙,圆脸（面中平缓），低眉骨/宽浅眼窝，平凤眼·眼尾下压·宽眼距，中鼻根/微弧鼻梁/轻翘鼻头，成熟长唇·嘴角紧收，圆方下颌
FD03593,倒梯形脸,偏柔圆润,平直额,高眉骨,窄深眼窝,外扩颧骨,轻凹面颊,明显下颌角,长杏眼,眼尾下压,宽眼距,异色瞳,中高鼻根,柔和鼻梁,轻翘鼻头,上厚下薄,嘴角紧收,右眉轻断,倒梯形脸（偏柔圆润），高眉骨/窄深眼窝，长杏眼·眼尾下压·宽眼距，中高鼻根/柔和鼻梁/轻翘鼻头，上厚下薄·嘴角紧收，明显下颌角
FD03594,方鹅蛋脸,骨点外显,饱满额,低眉骨,中度眼窝,低颧骨,薄面颊,圆方下颌,鹰隼眼,眼尾明显挑,标准眼距,淡金瞳,中高鼻根,柔和鼻梁,轻翘鼻头,宽嘴,嘴角紧收,右眼下浅泪痣,方鹅蛋脸（骨点外显），低眉骨/中度眼窝，鹰隼眼·眼尾明显挑·标准眼距，中高鼻根/柔和鼻梁/轻翘鼻头，宽嘴·嘴角紧收，圆方下颌
FD03595,骨感方脸,面中立体化,高额,厚眉骨,浅眼窝,高颧骨,饱满面颊,宽下颌,短杏眼,眼尾明显挑,窄眼距,琥珀瞳,中高鼻根,轻微偏右鼻梁,下压鼻头,薄唇,嘴角紧收,左颊浅疤,骨感方脸（面中立体化），厚眉骨/浅眼窝，短杏眼·眼尾明显挑·窄眼距，中高鼻根/轻微偏右鼻梁/下压鼻头，薄唇·嘴角紧收，宽下颌
FD03596,短鹅蛋脸,颌角弱化,饱满额,柔和眉骨,眼下骨感,窄颧骨,幼态柔软面颊,宽下颌,狭长眼,眼尾下沉,宽眼距,异色瞳,宽鼻根,轻微偏右鼻梁,轻翘鼻头,小嘴,嘴角平直,异色瞳,短鹅蛋脸（颌角弱化），柔和眉骨/眼下骨感，狭长眼·眼尾下沉·宽眼距，宽鼻根/轻微偏右鼻梁/轻翘鼻头，小嘴·嘴角平直，宽下颌
FD03597,方鹅蛋脸,骨点外显,微凸额,低眉骨,深眼窝,柔和颧骨,幼态柔软面颊,圆方下颌,宽杏眼,眼尾下压,宽眼距,灰蓝瞳,中鼻根,微弧鼻梁,轻翘鼻头,上厚下薄,嘴角紧收,单侧酒窝,方鹅蛋脸（骨点外显），低眉骨/深眼窝，宽杏眼·眼尾下压·宽眼距，中鼻根/微弧鼻梁/轻翘鼻头，上厚下薄·嘴角紧收，圆方下颌
FD03598,成熟方脸,偏锐收窄,平直额,内侧突出眉骨,眼下骨感,低颧骨,幼态柔软面颊,收敛下颌,蛇系眼,眼尾延展,宽眼距,墨玉瞳,中高鼻根,微弧鼻梁,方圆鼻头,上厚下薄,嘴角平直,异色瞳,成熟方脸（偏锐收窄），内侧突出眉骨/眼下骨感，蛇系眼·眼尾延展·宽眼距，中高鼻根/微弧鼻梁/方圆鼻头，上厚下薄·嘴角平直，收敛下颌
FD03599,标准菱形,面中立体化,骨感额,低眉骨,中度眼窝,低颧骨,薄面颊,明显下颌角,蛇系眼,眼尾下压,窄眼距,环状虹膜,窄鼻根,微弧鼻梁,下压鼻头,小嘴,嘴角平直,环状虹膜,标准菱形（面中立体化），低眉骨/中度眼窝，蛇系眼·眼尾下压·窄眼距，窄鼻根/微弧鼻梁/下压鼻头，小嘴·嘴角平直，明显下颌角
FD03600,方菱过渡脸,骨点内敛,高额,外侧突出眉骨,眼下骨感,低颧骨,薄面颊,圆方下颌,疲惫眼,眼尾延展,窄眼距,深色瞳,低鼻根,轻微偏左鼻梁,下压鼻头,厚唇,单侧上扬,左颊浅疤,方菱过渡脸（骨点内敛），外侧突出眉骨/眼下骨感，疲惫眼·眼尾延展·窄眼距，低鼻根/轻微偏左鼻梁/下压鼻头，厚唇·单侧上扬，圆方下颌
FD03601,上宽下窄脸,下庭收窄,窄额,内侧突出眉骨,宽浅眼窝,外扩颧骨,幼态柔软面颊,圆方下颌,猫系眼,眼尾平直,窄眼距,淡金瞳,窄鼻根,轻微偏左鼻梁,骨感鼻头,平直唇,嘴角上扬,无标志,上宽下窄脸（下庭收窄），内侧突出眉骨/宽浅眼窝，猫系眼·眼尾平直·窄眼距，窄鼻根/轻微偏左鼻梁/骨感鼻头，平直唇·嘴角上扬，圆方下颌
FD03602,上窄下宽脸,中轴收紧,微凸额,压迫感眉骨,窄深眼窝,外扩颧骨,幼态柔软面颊,圆方下颌,少年圆眼,眼尾平直,标准眼距,环状虹膜,窄鼻根,轻微偏右鼻梁,方圆鼻头,上薄下厚,嘴角紧收,指节薄茧,上窄下宽脸（中轴收紧），压迫感眉骨/窄深眼窝，少年圆眼·眼尾平直·标准眼距，窄鼻根/轻微偏右鼻梁/方圆鼻头，上薄下厚·嘴角紧收，圆方下颌
FD03603,鹅蛋偏心形,下颌线清晰化,高额,内侧突出眉骨,眼下骨感,低颧骨,幼态柔软面颊,收敛下颌,宽杏眼,眼尾下沉,标准眼距,浅褐瞳,中鼻根,微弧鼻梁,小圆鼻头,小嘴,单侧上扬,指节薄茧,鹅蛋偏心形（下颌线清晰化），内侧突出眉骨/眼下骨感，宽杏眼·眼尾下沉·标准眼距，中鼻根/微弧鼻梁/小圆鼻头，小嘴·单侧上扬，收敛下颌
FD03604,骨感菱形,偏锐收窄,微凸额,压迫感眉骨,中度眼窝,柔和颧骨,薄面颊,骨感下颌,桃花眼,眼尾平直,窄眼距,深色瞳,窄鼻根,轻鹰钩鼻梁,方圆鼻头,小嘴,单侧上扬,颈侧细疤,骨感菱形（偏锐收窄），压迫感眉骨/中度眼窝，桃花眼·眼尾平直·窄眼距，窄鼻根/轻鹰钩鼻梁/方圆鼻头，小嘴·单侧上扬，骨感下颌
FD03605,圆脸,颊部略凹,窄额,柔和眉骨,眼下饱满,宽颧骨,轻凹面颊,柔和下颌,狭长瑞凤眼,眼尾明显挑,窄眼距,灰蓝瞳,宽鼻根,轻微偏右鼻梁,方圆鼻头,弓形唇,嘴角紧收,单侧虎牙,圆脸（颊部略凹），柔和眉骨/眼下饱满，狭长瑞凤眼·眼尾明显挑·窄眼距，宽鼻根/轻微偏右鼻梁/方圆鼻头，弓形唇·嘴角紧收，柔和下颌
FD03606,方鹅蛋脸,中轴收紧,窄额,高眉骨,中度眼窝,外扩颧骨,幼态柔软面颊,宽下颌,丹凤眼,眼尾明显挑,窄眼距,深色瞳,中鼻根,轻鹰钩鼻梁,骨感鼻头,薄唇,嘴角平直,瞳孔残缺,方鹅蛋脸（中轴收紧），高眉骨/中度眼窝，丹凤眼·眼尾明显挑·窄眼距，中鼻根/轻鹰钩鼻梁/骨感鼻头，薄唇·嘴角平直，宽下颌
FD03607,上窄下宽脸,中轴收紧,宽额,柔和眉骨,深眼窝,柔和颧骨,轻凹面颊,方下颌,桃花眼,眼尾延展,标准眼距,浅褐瞳,宽鼻根,轻微偏左鼻梁,肉感鼻头,成熟长唇,嘴角上扬,左眼下浅泪痣,上窄下宽脸（中轴收紧），柔和眉骨/深眼窝，桃花眼·眼尾延展·标准眼距，宽鼻根/轻微偏左鼻梁/肉感鼻头，成熟长唇·嘴角上扬，方下颌
FD03608,上窄下宽脸,骨点内敛,平直额,薄眉骨,眼下饱满,高颧骨,幼态柔软面颊,收敛下颌,鹰隼眼,眼尾明显挑,窄眼距,墨玉瞳,窄鼻根,微弧鼻梁,微钝鼻头,上厚下薄,嘴角上扬,异色瞳,上窄下宽脸（骨点内敛），薄眉骨/眼下饱满，鹰隼眼·眼尾明显挑·窄眼距，窄鼻根/微弧鼻梁/微钝鼻头，上厚下薄·嘴角上扬，收敛下颌
FD03609,窄方脸,颊部略凹,低额,柔和眉骨,深眼窝,柔和颧骨,薄面颊,柔和下颌,窄杏眼,眼尾平直,标准眼距,星点虹膜,宽鼻根,宽骨鼻梁,下压鼻头,上厚下薄,嘴角平直,眼角小痣,窄方脸（颊部略凹），柔和眉骨/深眼窝，窄杏眼·眼尾平直·标准眼距，宽鼻根/宽骨鼻梁/下压鼻头，上厚下薄·嘴角平直，柔和下颌
FD03610,长圆脸,骨点外显,高额,厚眉骨,浅眼窝,柔和颧骨,轻凹面颊,窄下颌,长杏眼,眼尾延展,窄眼距,浅褐瞳,高鼻根,微弧鼻梁,窄翼鼻头,成熟长唇,嘴角平直,唇下小痣,长圆脸（骨点外显），厚眉骨/浅眼窝，长杏眼·眼尾延展·窄眼距，高鼻根/微弧鼻梁/窄翼鼻头，成熟长唇·嘴角平直，窄下颌
FD03611,短方脸,面中平缓,宽额,压迫感眉骨,浅眼窝,柔和颧骨,幼态柔软面颊,柔和下颌,狼系眼,眼尾明显挑,宽眼距,碎裂虹膜,宽鼻根,高直鼻梁,肉感鼻头,平直唇,嘴角紧收,异色瞳,短方脸（面中平缓），压迫感眉骨/浅眼窝，狼系眼·眼尾明显挑·宽眼距，宽鼻根/高直鼻梁/肉感鼻头，平直唇·嘴角紧收，柔和下颌
FD03612,肉感短脸,颧部微收,骨感额,厚眉骨,眼下饱满,柔和颧骨,成熟收紧面颊,收敛下颌,鹤系眼,眼尾微挑,窄眼距,灰蓝瞳,低鼻根,柔和鼻梁,小圆鼻头,薄唇,嘴角上扬,眼角小痣,肉感短脸（颧部微收），厚眉骨/眼下饱满，鹤系眼·眼尾微挑·窄眼距，低鼻根/柔和鼻梁/小圆鼻头，薄唇·嘴角上扬，收敛下颌
FD03613,幼态圆脸,颈部线条延长,微凸额,厚眉骨,眼下饱满,柔和颧骨,饱满面颊,柔和下颌,狐狸系眼,眼尾下压,标准眼距,墨玉瞳,中鼻根,宽骨鼻梁,下压鼻头,宽嘴,嘴角平直,眉上小疤,幼态圆脸（颈部线条延长），厚眉骨/眼下饱满，狐狸系眼·眼尾下压·标准眼距，中鼻根/宽骨鼻梁/下压鼻头，宽嘴·嘴角平直，柔和下颌
FD03614,方鹅蛋脸,面中立体化,微凸额,厚眉骨,眼下骨感,低颧骨,成熟收紧面颊,收敛下颌,猫系眼,眼尾平直,标准眼距,淡金瞳,中鼻根,宽骨鼻梁,骨感鼻头,上厚下薄,嘴角下垂,左眼下浅泪痣,方鹅蛋脸（面中立体化），厚眉骨/眼下骨感，猫系眼·眼尾平直·标准眼距，中鼻根/宽骨鼻梁/骨感鼻头，上厚下薄·嘴角下垂，收敛下颌
FD03615,下颌突出脸,下庭收窄,低额,外侧突出眉骨,中度眼窝,高颧骨,饱满面颊,圆方下颌,狐狸系眼,眼尾平直,宽眼距,淡金瞳,高鼻根,轻微偏左鼻梁,小圆鼻头,小嘴,单侧上扬,眼角小痣,下颌突出脸（下庭收窄），外侧突出眉骨/中度眼窝，狐狸系眼·眼尾平直·宽眼距，高鼻根/轻微偏左鼻梁/小圆鼻头，小嘴·单侧上扬，圆方下颌
FD03616,梨形脸,颧部外扩,微凸额,柔和眉骨,中度眼窝,窄颧骨,饱满面颊,方下颌,成熟长眼,眼尾平直,窄眼距,浅褐瞳,窄鼻根,高直鼻梁,骨感鼻头,成熟长唇,单侧上扬,双侧酒窝,梨形脸（颧部外扩），柔和眉骨/中度眼窝，成熟长眼·眼尾平直·窄眼距，窄鼻根/高直鼻梁/骨感鼻头，成熟长唇·单侧上扬，方下颌
FD03617,短圆脸,骨点内敛,微凸额,内侧突出眉骨,浅眼窝,低颧骨,薄面颊,窄下颌,少年圆眼,眼尾下沉,窄眼距,碎裂虹膜,低鼻根,宽骨鼻梁,下压鼻头,上厚下薄,嘴角平直,异色瞳,短圆脸（骨点内敛），内侧突出眉骨/浅眼窝，少年圆眼·眼尾下沉·窄眼距，低鼻根/宽骨鼻梁/下压鼻头，上厚下薄·嘴角平直，窄下颌
FD03618,清瘦圆脸,颧部微收,高额,外侧突出眉骨,窄深眼窝,高颧骨,轻凹面颊,方下颌,鹰隼眼,眼尾下沉,窄眼距,深色瞳,宽鼻根,柔和鼻梁,骨感鼻头,薄唇,单侧上扬,眼睑褶皱不对称,清瘦圆脸（颧部微收），外侧突出眉骨/窄深眼窝，鹰隼眼·眼尾下沉·窄眼距，宽鼻根/柔和鼻梁/骨感鼻头，薄唇·单侧上扬，方下颌
FD03619,骨感方脸,下庭收窄,宽额,厚眉骨,窄深眼窝,高颧骨,成熟收紧面颊,圆方下颌,冷感眼,眼尾平直,宽眼距,淡金瞳,中鼻根,高直鼻梁,窄翼鼻头,成熟长唇,嘴角上扬,无标志,骨感方脸（下庭收窄），厚眉骨/窄深眼窝，冷感眼·眼尾平直·宽眼距，中鼻根/高直鼻梁/窄翼鼻头，成熟长唇·嘴角上扬，圆方下颌
FD03620,宽菱形,下庭加重,窄额,低眉骨,眼下饱满,外扩颧骨,成熟收紧面颊,骨感下颌,下垂眼,眼尾下压,宽眼距,墨玉瞳,窄鼻根,轻微偏右鼻梁,下压鼻头,平直唇,嘴角平直,右眉轻断,宽菱形（下庭加重），低眉骨/眼下饱满，下垂眼·眼尾下压·宽眼距，窄鼻根/轻微偏右鼻梁/下压鼻头，平直唇·嘴角平直，骨感下颌
FD03621,下颌突出脸,颈部线条收短,低额,低眉骨,窄深眼窝,高颧骨,饱满面颊,窄下颌,疲惫眼,眼尾下沉,标准眼距,浅褐瞳,宽鼻根,柔和鼻梁,下压鼻头,厚唇,单侧上扬,下颌浅疤,下颌突出脸（颈部线条收短），低眉骨/窄深眼窝，疲惫眼·眼尾下沉·标准眼距，宽鼻根/柔和鼻梁/下压鼻头，厚唇·单侧上扬，窄下颌
FD03622,清瘦圆脸,面中立体化,低额,薄眉骨,眼下骨感,高颧骨,幼态柔软面颊,柔和下颌,少年圆眼,眼尾延展,标准眼距,深色瞳,低鼻根,柔和鼻梁,方圆鼻头,上薄下厚,单侧上扬,双侧酒窝,清瘦圆脸（面中立体化），薄眉骨/眼下骨感，少年圆眼·眼尾延展·标准眼距，低鼻根/柔和鼻梁/方圆鼻头，上薄下厚·单侧上扬，柔和下颌
FD03623,短圆脸,中庭展宽,低额,高眉骨,眼下饱满,柔和颧骨,幼态柔软面颊,明显下颌角,疲惫眼,眼尾微挑,标准眼距,墨玉瞳,中鼻根,中直鼻梁,骨感鼻头,宽嘴,嘴角平直,颈侧细疤,短圆脸（中庭展宽），高眉骨/眼下饱满，疲惫眼·眼尾微挑·标准眼距，中鼻根/中直鼻梁/骨感鼻头，宽嘴·嘴角平直，明显下颌角
FD03624,正梯形脸,颈部线条延长,窄额,外侧突出眉骨,深眼窝,宽颧骨,幼态柔软面颊,窄下颌,短圆杏眼,眼尾明显挑,标准眼距,浅褐瞳,高鼻根,宽骨鼻梁,小圆鼻头,薄唇,嘴角平直,眉上小疤,正梯形脸（颈部线条延长），外侧突出眉骨/深眼窝，短圆杏眼·眼尾明显挑·标准眼距，高鼻根/宽骨鼻梁/小圆鼻头，薄唇·嘴角平直，窄下颌
FD03625,倒三角脸,下颌线柔化,宽额,薄眉骨,浅眼窝,窄颧骨,饱满面颊,方下颌,上扬凤眼,眼尾平直,宽眼距,深色瞳,窄鼻根,轻微偏左鼻梁,窄翼鼻头,平直唇,嘴角上扬,眉尾旧疤,倒三角脸（下颌线柔化），薄眉骨/浅眼窝，上扬凤眼·眼尾平直·宽眼距，窄鼻根/轻微偏左鼻梁/窄翼鼻头，平直唇·嘴角上扬，方下颌
FD03626,上宽下窄脸,上庭展开,宽额,低眉骨,眼下骨感,外扩颧骨,成熟收紧面颊,柔和下颌,狭长眼,眼尾明显挑,宽眼距,墨玉瞳,宽鼻根,轻鹰钩鼻梁,小圆鼻头,上厚下薄,嘴角上扬,颈侧细疤,上宽下窄脸（上庭展开），低眉骨/眼下骨感，狭长眼·眼尾明显挑·宽眼距，宽鼻根/轻鹰钩鼻梁/小圆鼻头，上厚下薄·嘴角上扬，柔和下颌
FD03627,长心形脸,颊部饱满,窄额,厚眉骨,中度眼窝,低颧骨,成熟收紧面颊,宽下颌,成熟长眼,眼尾明显挑,窄眼距,淡金瞳,宽鼻根,微弧鼻梁,方圆鼻头,平直唇,嘴角平直,右眼下浅泪痣,长心形脸（颊部饱满），厚眉骨/中度眼窝，成熟长眼·眼尾明显挑·窄眼距，宽鼻根/微弧鼻梁/方圆鼻头，平直唇·嘴角平直，宽下颌
FD03628,清瘦圆脸,颊部略凹,骨感额,外侧突出眉骨,窄深眼窝,高颧骨,薄面颊,柔和下颌,下垂眼,眼尾微挑,宽眼距,浅褐瞳,中鼻根,微弧鼻梁,轻翘鼻头,上厚下薄,嘴角紧收,异色瞳,清瘦圆脸（颊部略凹），外侧突出眉骨/窄深眼窝，下垂眼·眼尾微挑·宽眼距，中鼻根/微弧鼻梁/轻翘鼻头，上厚下薄·嘴角紧收，柔和下颌
FD03629,长心形脸,下庭收窄,微凸额,高眉骨,宽浅眼窝,高颧骨,轻凹面颊,方下颌,蛇系眼,眼尾下沉,宽眼距,淡金瞳,中高鼻根,柔和鼻梁,下压鼻头,上薄下厚,单侧上扬,颈侧细疤,长心形脸（下庭收窄），高眉骨/宽浅眼窝，蛇系眼·眼尾下沉·宽眼距，中高鼻根/柔和鼻梁/下压鼻头，上薄下厚·单侧上扬，方下颌
FD03630,长鹅蛋脸,中轴微长,高额,高眉骨,眼下饱满,宽颧骨,轻凹面颊,明显下颌角,少年圆眼,眼尾明显挑,标准眼距,碎裂虹膜,窄鼻根,柔和鼻梁,肉感鼻头,弓形唇,嘴角上扬,右眉轻断,长鹅蛋脸（中轴微长），高眉骨/眼下饱满，少年圆眼·眼尾明显挑·标准眼距，窄鼻根/柔和鼻梁/肉感鼻头，弓形唇·嘴角上扬，明显下颌角
FD03631,短圆脸,骨点外显,平直额,柔和眉骨,深眼窝,宽颧骨,轻凹面颊,宽下颌,狐狸系眼,眼尾下压,标准眼距,碎裂虹膜,窄鼻根,宽骨鼻梁,下压鼻头,厚唇,嘴角紧收,双侧酒窝,短圆脸（骨点外显），柔和眉骨/深眼窝，狐狸系眼·眼尾下压·标准眼距，窄鼻根/宽骨鼻梁/下压鼻头，厚唇·嘴角紧收，宽下颌
FD03632,圆脸,下庭加重,饱满额,柔和眉骨,眼下骨感,窄颧骨,成熟收紧面颊,宽下颌,鹰隼眼,眼尾下沉,窄眼距,环状虹膜,高鼻根,轻微偏右鼻梁,小圆鼻头,上厚下薄,嘴角平直,唇下小痣,圆脸（下庭加重），柔和眉骨/眼下骨感，鹰隼眼·眼尾下沉·窄眼距，高鼻根/轻微偏右鼻梁/小圆鼻头，上厚下薄·嘴角平直，宽下颌
FD03633,倒三角脸,骨点外显,宽额,内侧突出眉骨,宽浅眼窝,柔和颧骨,轻凹面颊,圆方下颌,丹凤眼,眼尾延展,窄眼距,浅褐瞳,中高鼻根,轻微偏右鼻梁,骨感鼻头,平直唇,单侧上扬,唇下小痣,倒三角脸（骨点外显），内侧突出眉骨/宽浅眼窝，丹凤眼·眼尾延展·窄眼距，中高鼻根/轻微偏右鼻梁/骨感鼻头，平直唇·单侧上扬，圆方下颌
FD03634,心形脸,下庭收窄,高额,低眉骨,宽浅眼窝,柔和颧骨,薄面颊,骨感下颌,狭长瑞凤眼,眼尾平直,标准眼距,异色瞳,中高鼻根,高直鼻梁,骨感鼻头,弓形唇,嘴角紧收,右眉轻断,心形脸（下庭收窄），低眉骨/宽浅眼窝，狭长瑞凤眼·眼尾平直·标准眼距，中高鼻根/高直鼻梁/骨感鼻头，弓形唇·嘴角紧收，骨感下颌
FD03635,圆脸,骨点外显,微凸额,高眉骨,中度眼窝,低颧骨,薄面颊,宽下颌,半睁懒眼,眼尾明显挑,窄眼距,淡金瞳,中鼻根,微弧鼻梁,窄翼鼻头,厚唇,嘴角上扬,眉尾旧疤,圆脸（骨点外显），高眉骨/中度眼窝，半睁懒眼·眼尾明显挑·窄眼距，中鼻根/微弧鼻梁/窄翼鼻头，厚唇·嘴角上扬，宽下颌
FD03636,窄方脸,颌角弱化,宽额,厚眉骨,浅眼窝,外扩颧骨,薄面颊,柔和下颌,蛇系眼,眼尾平直,窄眼距,淡金瞳,高鼻根,微弧鼻梁,轻翘鼻头,宽嘴,嘴角平直,无标志,窄方脸（颌角弱化），厚眉骨/浅眼窝，蛇系眼·眼尾平直·窄眼距，高鼻根/微弧鼻梁/轻翘鼻头，宽嘴·嘴角平直，柔和下颌
FD03637,长鹅蛋脸,颌角弱化,高额,厚眉骨,眼下饱满,高颧骨,饱满面颊,明显下颌角,平凤眼,眼尾下沉,标准眼距,灰蓝瞳,窄鼻根,微弧鼻梁,小圆鼻头,成熟长唇,嘴角紧收,碎裂虹膜,长鹅蛋脸（颌角弱化），厚眉骨/眼下饱满，平凤眼·眼尾下沉·标准眼距，窄鼻根/微弧鼻梁/小圆鼻头，成熟长唇·嘴角紧收，明显下颌角
FD03638,宽心形脸,中轴收紧,平直额,低眉骨,眼下骨感,低颧骨,饱满面颊,柔和下颌,狭长瑞凤眼,眼尾延展,窄眼距,淡金瞳,低鼻根,轻鹰钩鼻梁,肉感鼻头,薄唇,嘴角紧收,耳后小痣,宽心形脸（中轴收紧），低眉骨/眼下骨感，狭长瑞凤眼·眼尾延展·窄眼距，低鼻根/轻鹰钩鼻梁/肉感鼻头，薄唇·嘴角紧收，柔和下颌
FD03639,长鹅蛋脸,下庭加重,平直额,外侧突出眉骨,窄深眼窝,外扩颧骨,成熟收紧面颊,方下颌,宽杏眼,眼尾下压,标准眼距,碎裂虹膜,宽鼻根,微弧鼻梁,窄翼鼻头,宽嘴,嘴角紧收,瞳孔残缺,长鹅蛋脸（下庭加重），外侧突出眉骨/窄深眼窝，宽杏眼·眼尾下压·标准眼距，宽鼻根/微弧鼻梁/窄翼鼻头，宽嘴·嘴角紧收，方下颌
FD03640,圆方脸,偏锐收窄,窄额,薄眉骨,浅眼窝,高颧骨,成熟收紧面颊,宽下颌,成熟长眼,眼尾延展,标准眼距,浅褐瞳,宽鼻根,柔和鼻梁,轻翘鼻头,宽嘴,单侧上扬,眉心竖纹浅痕,圆方脸（偏锐收窄），薄眉骨/浅眼窝，成熟长眼·眼尾延展·标准眼距，宽鼻根/柔和鼻梁/轻翘鼻头，宽嘴·单侧上扬，宽下颌
FD03641,鹅蛋偏心形,偏柔圆润,平直额,薄眉骨,眼下骨感,宽颧骨,幼态柔软面颊,柔和下颌,狐狸系眼,眼尾延展,窄眼距,碎裂虹膜,高鼻根,轻微偏左鼻梁,下压鼻头,平直唇,单侧上扬,唇下小痣,鹅蛋偏心形（偏柔圆润），薄眉骨/眼下骨感，狐狸系眼·眼尾延展·窄眼距，高鼻根/轻微偏左鼻梁/下压鼻头，平直唇·单侧上扬，柔和下颌
FD03642,成熟方脸,中轴微长,高额,柔和眉骨,窄深眼窝,窄颧骨,成熟收紧面颊,明显下颌角,宽杏眼,眼尾延展,宽眼距,异色瞳,高鼻根,轻微偏左鼻梁,小圆鼻头,上薄下厚,嘴角上扬,无标志,成熟方脸（中轴微长），柔和眉骨/窄深眼窝，宽杏眼·眼尾延展·宽眼距，高鼻根/轻微偏左鼻梁/小圆鼻头，上薄下厚·嘴角上扬，明显下颌角
FD03643,骨感方脸,下庭加重,饱满额,压迫感眉骨,浅眼窝,高颧骨,饱满面颊,圆方下颌,鹿系眼,眼尾平直,窄眼距,环状虹膜,中高鼻根,柔和鼻梁,方圆鼻头,厚唇,单侧上扬,指节薄茧,骨感方脸（下庭加重），压迫感眉骨/浅眼窝，鹿系眼·眼尾平直·窄眼距，中高鼻根/柔和鼻梁/方圆鼻头，厚唇·单侧上扬，圆方下颌
FD03644,长鹅蛋脸,下颌线清晰化,窄额,薄眉骨,窄深眼窝,柔和颧骨,薄面颊,窄下颌,狐狸系眼,眼尾微挑,标准眼距,深色瞳,窄鼻根,宽骨鼻梁,方圆鼻头,宽嘴,嘴角下垂,单侧酒窝,长鹅蛋脸（下颌线清晰化），薄眉骨/窄深眼窝，狐狸系眼·眼尾微挑·标准眼距，窄鼻根/宽骨鼻梁/方圆鼻头，宽嘴·嘴角下垂，窄下颌
FD03645,倒三角脸,偏柔圆润,宽额,厚眉骨,浅眼窝,低颧骨,薄面颊,明显下颌角,短杏眼,眼尾延展,窄眼距,浅褐瞳,窄鼻根,中直鼻梁,小圆鼻头,上厚下薄,嘴角紧收,颈侧细疤,倒三角脸（偏柔圆润），厚眉骨/浅眼窝，短杏眼·眼尾延展·窄眼距，窄鼻根/中直鼻梁/小圆鼻头，上厚下薄·嘴角紧收，明显下颌角
FD03646,心形脸,颌角强调,窄额,厚眉骨,眼下骨感,外扩颧骨,饱满面颊,明显下颌角,短杏眼,眼尾延展,窄眼距,墨玉瞳,中高鼻根,轻微偏右鼻梁,骨感鼻头,小嘴,嘴角紧收,无标志,心形脸（颌角强调），厚眉骨/眼下骨感，短杏眼·眼尾延展·窄眼距，中高鼻根/轻微偏右鼻梁/骨感鼻头，小嘴·嘴角紧收，明显下颌角
FD03647,梨形脸,中庭拉长,高额,薄眉骨,宽浅眼窝,柔和颧骨,轻凹面颊,骨感下颌,鹿系眼,眼尾平直,窄眼距,星点虹膜,低鼻根,轻微偏右鼻梁,窄翼鼻头,上厚下薄,嘴角平直,眼角小痣,梨形脸（中庭拉长），薄眉骨/宽浅眼窝，鹿系眼·眼尾平直·窄眼距，低鼻根/轻微偏右鼻梁/窄翼鼻头，上厚下薄·嘴角平直，骨感下颌
FD03648,宽心形脸,颧部外扩,低额,高眉骨,眼下骨感,窄颧骨,幼态柔软面颊,窄下颌,长杏眼,眼尾下压,窄眼距,琥珀瞳,中鼻根,微弧鼻梁,窄翼鼻头,成熟长唇,嘴角平直,唇下小痣,宽心形脸（颧部外扩），高眉骨/眼下骨感，长杏眼·眼尾下压·窄眼距，中鼻根/微弧鼻梁/窄翼鼻头，成熟长唇·嘴角平直，窄下颌
FD03649,宽鹅蛋脸,上庭收窄,宽额,压迫感眉骨,眼下骨感,窄颧骨,幼态柔软面颊,宽下颌,成熟长眼,眼尾下压,标准眼距,星点虹膜,窄鼻根,柔和鼻梁,轻翘鼻头,上厚下薄,嘴角紧收,单侧酒窝,宽鹅蛋脸（上庭收窄），压迫感眉骨/眼下骨感，成熟长眼·眼尾下压·标准眼距，窄鼻根/柔和鼻梁/轻翘鼻头，上厚下薄·嘴角紧收，宽下颌
FD03650,骨感方脸,骨点内敛,平直额,内侧突出眉骨,窄深眼窝,窄颧骨,饱满面颊,方下颌,鹰隼眼,眼尾微挑,窄眼距,浅褐瞳,宽鼻根,中直鼻梁,下压鼻头,宽嘴,单侧上扬,无标志,骨感方脸（骨点内敛），内侧突出眉骨/窄深眼窝，鹰隼眼·眼尾微挑·窄眼距，宽鼻根/中直鼻梁/下压鼻头，宽嘴·单侧上扬，方下颌
FD03651,柔和方脸,骨点外显,骨感额,内侧突出眉骨,眼下饱满,柔和颧骨,幼态柔软面颊,宽下颌,圆长眼,眼尾平直,窄眼距,环状虹膜,高鼻根,微弧鼻梁,方圆鼻头,薄唇,嘴角下垂,无标志,柔和方脸（骨点外显），内侧突出眉骨/眼下饱满，圆长眼·眼尾平直·窄眼距，高鼻根/微弧鼻梁/方圆鼻头，薄唇·嘴角下垂，宽下颌
FD03652,标准菱形,面中平缓,高额,低眉骨,深眼窝,柔和颧骨,幼态柔软面颊,柔和下颌,下垂眼,眼尾下沉,窄眼距,浅褐瞳,中鼻根,中直鼻梁,肉感鼻头,成熟长唇,嘴角下垂,耳后小痣,标准菱形（面中平缓），低眉骨/深眼窝，下垂眼·眼尾下沉·窄眼距，中鼻根/中直鼻梁/肉感鼻头，成熟长唇·嘴角下垂，柔和下颌
FD03653,圆脸,偏柔圆润,微凸额,厚眉骨,浅眼窝,高颧骨,饱满面颊,方下颌,狭长瑞凤眼,眼尾下沉,窄眼距,深色瞳,高鼻根,轻微偏右鼻梁,窄翼鼻头,上厚下薄,单侧上扬,唇下小痣,圆脸（偏柔圆润），厚眉骨/浅眼窝，狭长瑞凤眼·眼尾下沉·窄眼距，高鼻根/轻微偏右鼻梁/窄翼鼻头，上厚下薄·单侧上扬，方下颌
FD03654,圆脸,颊部饱满,骨感额,薄眉骨,浅眼窝,低颧骨,薄面颊,收敛下颌,窄杏眼,眼尾延展,窄眼距,灰蓝瞳,宽鼻根,柔和鼻梁,下压鼻头,上厚下薄,嘴角上扬,右眼下浅泪痣,圆脸（颊部饱满），薄眉骨/浅眼窝，窄杏眼·眼尾延展·窄眼距，宽鼻根/柔和鼻梁/下压鼻头，上厚下薄·嘴角上扬，收敛下颌
FD03655,上宽下窄脸,颈部线条延长,饱满额,柔和眉骨,中度眼窝,柔和颧骨,幼态柔软面颊,方下颌,猫系眼,眼尾平直,标准眼距,浅褐瞳,窄鼻根,柔和鼻梁,下压鼻头,上薄下厚,嘴角紧收,无标志,上宽下窄脸（颈部线条延长），柔和眉骨/中度眼窝，猫系眼·眼尾平直·标准眼距，窄鼻根/柔和鼻梁/下压鼻头，上薄下厚·嘴角紧收，方下颌
FD03656,长圆脸,下颌线柔化,骨感额,内侧突出眉骨,宽浅眼窝,宽颧骨,幼态柔软面颊,圆方下颌,平凤眼,眼尾延展,标准眼距,琥珀瞳,中高鼻根,高直鼻梁,方圆鼻头,平直唇,单侧上扬,无标志,长圆脸（下颌线柔化），内侧突出眉骨/宽浅眼窝，平凤眼·眼尾延展·标准眼距，中高鼻根/高直鼻梁/方圆鼻头，平直唇·单侧上扬，圆方下颌
FD03657,长心形脸,中轴微长,饱满额,高眉骨,眼下饱满,宽颧骨,饱满面颊,方下颌,狭长瑞凤眼,眼尾平直,宽眼距,琥珀瞳,宽鼻根,微弧鼻梁,小圆鼻头,宽嘴,嘴角紧收,无标志,长心形脸（中轴微长），高眉骨/眼下饱满，狭长瑞凤眼·眼尾平直·宽眼距，宽鼻根/微弧鼻梁/小圆鼻头，宽嘴·嘴角紧收，方下颌
FD03658,方菱过渡脸,颊部饱满,低额,柔和眉骨,眼下饱满,外扩颧骨,薄面颊,宽下颌,半睁懒眼,眼尾平直,窄眼距,琥珀瞳,低鼻根,中直鼻梁,骨感鼻头,上厚下薄,嘴角平直,眼角小痣,方菱过渡脸（颊部饱满），柔和眉骨/眼下饱满，半睁懒眼·眼尾平直·窄眼距，低鼻根/中直鼻梁/骨感鼻头，上厚下薄·嘴角平直，宽下颌
FD03659,下颌突出脸,中庭拉长,微凸额,压迫感眉骨,中度眼窝,窄颧骨,饱满面颊,收敛下颌,狐狸系眼,眼尾明显挑,宽眼距,深色瞳,中鼻根,柔和鼻梁,肉感鼻头,弓形唇,嘴角上扬,颈侧细疤,下颌突出脸（中庭拉长），压迫感眉骨/中度眼窝，狐狸系眼·眼尾明显挑·宽眼距，中鼻根/柔和鼻梁/肉感鼻头，弓形唇·嘴角上扬，收敛下颌
FD03660,上窄下宽脸,上庭展开,微凸额,高眉骨,深眼窝,窄颧骨,轻凹面颊,柔和下颌,窄杏眼,眼尾平直,宽眼距,灰蓝瞳,窄鼻根,轻微偏右鼻梁,方圆鼻头,上厚下薄,嘴角下垂,唇下小痣,上窄下宽脸（上庭展开），高眉骨/深眼窝，窄杏眼·眼尾平直·宽眼距，窄鼻根/轻微偏右鼻梁/方圆鼻头，上厚下薄·嘴角下垂，柔和下颌
FD03661,骨感菱形,偏锐收窄,高额,高眉骨,眼下骨感,高颧骨,薄面颊,圆方下颌,狭长瑞凤眼,眼尾下沉,窄眼距,环状虹膜,中高鼻根,轻鹰钩鼻梁,骨感鼻头,上厚下薄,嘴角下垂,眉上小疤,骨感菱形（偏锐收窄），高眉骨/眼下骨感，狭长瑞凤眼·眼尾下沉·窄眼距，中高鼻根/轻鹰钩鼻梁/骨感鼻头，上厚下薄·嘴角下垂，圆方下颌
FD03662,窄鹅蛋脸,下庭加重,骨感额,厚眉骨,浅眼窝,柔和颧骨,成熟收紧面颊,宽下颌,鹤系眼,眼尾微挑,窄眼距,淡金瞳,窄鼻根,柔和鼻梁,骨感鼻头,上薄下厚,单侧上扬,指节薄茧,窄鹅蛋脸（下庭加重），厚眉骨/浅眼窝，鹤系眼·眼尾微挑·窄眼距，窄鼻根/柔和鼻梁/骨感鼻头，上薄下厚·单侧上扬，宽下颌
FD03663,方菱过渡脸,下颌线柔化,高额,高眉骨,深眼窝,低颧骨,轻凹面颊,柔和下颌,瑞凤眼,眼尾微挑,宽眼距,浅褐瞳,低鼻根,中直鼻梁,方圆鼻头,宽嘴,嘴角紧收,额角旧痕,方菱过渡脸（下颌线柔化），高眉骨/深眼窝，瑞凤眼·眼尾微挑·宽眼距，低鼻根/中直鼻梁/方圆鼻头，宽嘴·嘴角紧收，柔和下颌
FD03664,心形脸,中庭展宽,平直额,压迫感眉骨,中度眼窝,柔和颧骨,薄面颊,圆方下颌,短杏眼,眼尾下沉,宽眼距,碎裂虹膜,中鼻根,高直鼻梁,窄翼鼻头,宽嘴,嘴角紧收,指节薄茧,心形脸（中庭展宽），压迫感眉骨/中度眼窝，短杏眼·眼尾下沉·宽眼距，中鼻根/高直鼻梁/窄翼鼻头，宽嘴·嘴角紧收，圆方下颌
FD03665,梨形脸,骨点外显,窄额,压迫感眉骨,浅眼窝,柔和颧骨,成熟收紧面颊,骨感下颌,蛇系眼,眼尾平直,窄眼距,环状虹膜,宽鼻根,轻鹰钩鼻梁,小圆鼻头,厚唇,嘴角紧收,无标志,梨形脸（骨点外显），压迫感眉骨/浅眼窝，蛇系眼·眼尾平直·窄眼距，宽鼻根/轻鹰钩鼻梁/小圆鼻头，厚唇·嘴角紧收，骨感下颌
FD03666,骨感方脸,下庭收窄,窄额,低眉骨,浅眼窝,柔和颧骨,薄面颊,骨感下颌,狭长瑞凤眼,眼尾明显挑,宽眼距,碎裂虹膜,宽鼻根,轻鹰钩鼻梁,骨感鼻头,成熟长唇,嘴角紧收,下颌浅疤,骨感方脸（下庭收窄），低眉骨/浅眼窝，狭长瑞凤眼·眼尾明显挑·宽眼距，宽鼻根/轻鹰钩鼻梁/骨感鼻头，成熟长唇·嘴角紧收，骨感下颌
FD03667,圆方脸,颌角弱化,低额,内侧突出眉骨,窄深眼窝,柔和颧骨,薄面颊,圆方下颌,少年圆眼,眼尾延展,窄眼距,深色瞳,低鼻根,宽骨鼻梁,微钝鼻头,小嘴,嘴角下垂,单侧虎牙,圆方脸（颌角弱化），内侧突出眉骨/窄深眼窝，少年圆眼·眼尾延展·窄眼距，低鼻根/宽骨鼻梁/微钝鼻头，小嘴·嘴角下垂，圆方下颌
FD03668,成熟方脸,颊部略凹,饱满额,压迫感眉骨,眼下饱满,外扩颧骨,轻凹面颊,骨感下颌,猫系眼,眼尾下压,标准眼距,淡金瞳,中鼻根,轻微偏左鼻梁,骨感鼻头,上厚下薄,单侧上扬,单侧酒窝,成熟方脸（颊部略凹），压迫感眉骨/眼下饱满，猫系眼·眼尾下压·标准眼距，中鼻根/轻微偏左鼻梁/骨感鼻头，上厚下薄·单侧上扬，骨感下颌
FD03669,宽鹅蛋脸,下颌线柔化,低额,薄眉骨,深眼窝,外扩颧骨,轻凹面颊,骨感下颌,狐狸系眼,眼尾微挑,标准眼距,浅褐瞳,高鼻根,轻鹰钩鼻梁,微钝鼻头,厚唇,嘴角平直,左颊浅疤,宽鹅蛋脸（下颌线柔化），薄眉骨/深眼窝，狐狸系眼·眼尾微挑·标准眼距，高鼻根/轻鹰钩鼻梁/微钝鼻头，厚唇·嘴角平直，骨感下颌
FD03670,方菱过渡脸,颈部线条延长,窄额,薄眉骨,深眼窝,窄颧骨,成熟收紧面颊,收敛下颌,狭长眼,眼尾下压,窄眼距,灰蓝瞳,中鼻根,宽骨鼻梁,微钝鼻头,薄唇,嘴角上扬,右眼下浅泪痣,方菱过渡脸（颈部线条延长），薄眉骨/深眼窝，狭长眼·眼尾下压·窄眼距，中鼻根/宽骨鼻梁/微钝鼻头，薄唇·嘴角上扬，收敛下颌
FD03671,倒梯形脸,中庭拉长,窄额,外侧突出眉骨,宽浅眼窝,低颧骨,饱满面颊,柔和下颌,圆长眼,眼尾下沉,宽眼距,异色瞳,中鼻根,宽骨鼻梁,方圆鼻头,平直唇,嘴角下垂,左颊浅疤,倒梯形脸（中庭拉长），外侧突出眉骨/宽浅眼窝，圆长眼·眼尾下沉·宽眼距，中鼻根/宽骨鼻梁/方圆鼻头，平直唇·嘴角下垂，柔和下颌
FD03672,鹅蛋偏方,颈部线条延长,低额,内侧突出眉骨,宽浅眼窝,低颧骨,幼态柔软面颊,柔和下颌,疲惫眼,眼尾下沉,宽眼距,深色瞳,窄鼻根,高直鼻梁,窄翼鼻头,成熟长唇,嘴角下垂,右眉轻断,鹅蛋偏方（颈部线条延长），内侧突出眉骨/宽浅眼窝，疲惫眼·眼尾下沉·宽眼距，窄鼻根/高直鼻梁/窄翼鼻头，成熟长唇·嘴角下垂，柔和下颌
FD03673,倒梯形脸,偏锐收窄,微凸额,外侧突出眉骨,中度眼窝,宽颧骨,饱满面颊,圆方下颌,狭长眼,眼尾微挑,标准眼距,墨玉瞳,中高鼻根,柔和鼻梁,方圆鼻头,成熟长唇,嘴角平直,无标志,倒梯形脸（偏锐收窄），外侧突出眉骨/中度眼窝，狭长眼·眼尾微挑·标准眼距，中高鼻根/柔和鼻梁/方圆鼻头，成熟长唇·嘴角平直，圆方下颌
FD03674,倒三角脸,偏锐收窄,微凸额,内侧突出眉骨,眼下饱满,宽颧骨,轻凹面颊,明显下颌角,少年圆眼,眼尾延展,窄眼距,异色瞳,宽鼻根,轻微偏左鼻梁,轻翘鼻头,上薄下厚,嘴角紧收,碎裂虹膜,倒三角脸（偏锐收窄），内侧突出眉骨/眼下饱满，少年圆眼·眼尾延展·窄眼距，宽鼻根/轻微偏左鼻梁/轻翘鼻头，上薄下厚·嘴角紧收，明显下颌角
FD03675,宽菱形,骨点内敛,高额,柔和眉骨,深眼窝,高颧骨,饱满面颊,收敛下颌,下垂眼,眼尾延展,宽眼距,环状虹膜,低鼻根,微弧鼻梁,微钝鼻头,成熟长唇,单侧上扬,左眼下浅泪痣,宽菱形（骨点内敛），柔和眉骨/深眼窝，下垂眼·眼尾延展·宽眼距，低鼻根/微弧鼻梁/微钝鼻头，成熟长唇·单侧上扬，收敛下颌
FD03676,鹅蛋偏菱,中庭展宽,平直额,薄眉骨,深眼窝,外扩颧骨,薄面颊,明显下颌角,柳叶眼,眼尾平直,窄眼距,星点虹膜,宽鼻根,轻微偏右鼻梁,下压鼻头,成熟长唇,嘴角上扬,眼睑褶皱不对称,鹅蛋偏菱（中庭展宽），薄眉骨/深眼窝，柳叶眼·眼尾平直·窄眼距，宽鼻根/轻微偏右鼻梁/下压鼻头，成熟长唇·嘴角上扬，明显下颌角
FD03677,柔和菱形,偏锐收窄,饱满额,外侧突出眉骨,中度眼窝,柔和颧骨,轻凹面颊,骨感下颌,窄杏眼,眼尾明显挑,宽眼距,环状虹膜,中鼻根,轻微偏左鼻梁,窄翼鼻头,弓形唇,嘴角上扬,左眼下浅泪痣,柔和菱形（偏锐收窄），外侧突出眉骨/中度眼窝，窄杏眼·眼尾明显挑·宽眼距，中鼻根/轻微偏左鼻梁/窄翼鼻头，弓形唇·嘴角上扬，骨感下颌
FD03678,长鹅蛋脸,骨点内敛,宽额,柔和眉骨,宽浅眼窝,低颧骨,饱满面颊,窄下颌,瑞凤眼,眼尾微挑,宽眼距,星点虹膜,低鼻根,宽骨鼻梁,方圆鼻头,上薄下厚,嘴角上扬,环状虹膜,长鹅蛋脸（骨点内敛），柔和眉骨/宽浅眼窝，瑞凤眼·眼尾微挑·宽眼距，低鼻根/宽骨鼻梁/方圆鼻头，上薄下厚·嘴角上扬，窄下颌
FD03679,长方脸,中轴收紧,微凸额,高眉骨,眼下骨感,柔和颧骨,薄面颊,骨感下颌,鹤系眼,眼尾延展,窄眼距,墨玉瞳,宽鼻根,轻微偏左鼻梁,窄翼鼻头,弓形唇,嘴角下垂,眉上小疤,长方脸（中轴收紧），高眉骨/眼下骨感，鹤系眼·眼尾延展·窄眼距，宽鼻根/轻微偏左鼻梁/窄翼鼻头，弓形唇·嘴角下垂，骨感下颌
FD03680,短圆脸,上庭收窄,宽额,薄眉骨,眼下骨感,窄颧骨,薄面颊,圆方下颌,丹凤眼,眼尾下沉,标准眼距,异色瞳,高鼻根,微弧鼻梁,肉感鼻头,上厚下薄,嘴角上扬,单侧酒窝,短圆脸（上庭收窄），薄眉骨/眼下骨感，丹凤眼·眼尾下沉·标准眼距，高鼻根/微弧鼻梁/肉感鼻头，上厚下薄·嘴角上扬，圆方下颌
FD03681,短鹅蛋脸,偏锐收窄,窄额,内侧突出眉骨,眼下骨感,窄颧骨,薄面颊,方下颌,长杏眼,眼尾延展,标准眼距,深色瞳,中高鼻根,宽骨鼻梁,骨感鼻头,平直唇,单侧上扬,指节薄茧,短鹅蛋脸（偏锐收窄），内侧突出眉骨/眼下骨感，长杏眼·眼尾延展·标准眼距，中高鼻根/宽骨鼻梁/骨感鼻头，平直唇·单侧上扬，方下颌
FD03682,宽方脸,颈部线条收短,平直额,柔和眉骨,眼下骨感,高颧骨,薄面颊,明显下颌角,瑞凤眼,眼尾平直,窄眼距,琥珀瞳,低鼻根,中直鼻梁,轻翘鼻头,平直唇,嘴角平直,环状虹膜,宽方脸（颈部线条收短），柔和眉骨/眼下骨感，瑞凤眼·眼尾平直·窄眼距，低鼻根/中直鼻梁/轻翘鼻头，平直唇·嘴角平直，明显下颌角
FD03683,倒三角脸,下庭收窄,平直额,外侧突出眉骨,浅眼窝,高颧骨,成熟收紧面颊,方下颌,柳叶眼,眼尾下压,标准眼距,星点虹膜,宽鼻根,高直鼻梁,微钝鼻头,平直唇,单侧上扬,额角旧痕,倒三角脸（下庭收窄），外侧突出眉骨/浅眼窝，柳叶眼·眼尾下压·标准眼距，宽鼻根/高直鼻梁/微钝鼻头，平直唇·单侧上扬，方下颌
FD03684,宽菱形,偏锐收窄,平直额,柔和眉骨,深眼窝,外扩颧骨,轻凹面颊,收敛下颌,平凤眼,眼尾下压,标准眼距,星点虹膜,中鼻根,微弧鼻梁,骨感鼻头,厚唇,嘴角紧收,唇下小痣,宽菱形（偏锐收窄），柔和眉骨/深眼窝，平凤眼·眼尾下压·标准眼距，中鼻根/微弧鼻梁/骨感鼻头，厚唇·嘴角紧收，收敛下颌
FD03685,方菱过渡脸,上庭收窄,微凸额,薄眉骨,窄深眼窝,低颧骨,轻凹面颊,骨感下颌,成熟长眼,眼尾延展,宽眼距,琥珀瞳,高鼻根,轻鹰钩鼻梁,方圆鼻头,上薄下厚,嘴角平直,右眉轻断,方菱过渡脸（上庭收窄），薄眉骨/窄深眼窝，成熟长眼·眼尾延展·宽眼距，高鼻根/轻鹰钩鼻梁/方圆鼻头，上薄下厚·嘴角平直，骨感下颌
FD03686,宽鹅蛋脸,上庭收窄,低额,柔和眉骨,宽浅眼窝,宽颧骨,幼态柔软面颊,方下颌,疲惫眼,眼尾平直,宽眼距,碎裂虹膜,低鼻根,宽骨鼻梁,骨感鼻头,厚唇,嘴角下垂,左眼下浅泪痣,宽鹅蛋脸（上庭收窄），柔和眉骨/宽浅眼窝，疲惫眼·眼尾平直·宽眼距，低鼻根/宽骨鼻梁/骨感鼻头，厚唇·嘴角下垂，方下颌
FD03687,双颌匀称脸,下庭收窄,平直额,外侧突出眉骨,眼下骨感,窄颧骨,薄面颊,明显下颌角,鹤系眼,眼尾平直,宽眼距,墨玉瞳,窄鼻根,宽骨鼻梁,方圆鼻头,上厚下薄,嘴角平直,耳后小痣,双颌匀称脸（下庭收窄），外侧突出眉骨/眼下骨感，鹤系眼·眼尾平直·宽眼距，窄鼻根/宽骨鼻梁/方圆鼻头，上厚下薄·嘴角平直，明显下颌角
FD03688,正梯形脸,颈部线条收短,微凸额,压迫感眉骨,宽浅眼窝,宽颧骨,幼态柔软面颊,明显下颌角,桃花眼,眼尾平直,标准眼距,环状虹膜,高鼻根,柔和鼻梁,方圆鼻头,上厚下薄,嘴角平直,眉尾旧疤,正梯形脸（颈部线条收短），压迫感眉骨/宽浅眼窝，桃花眼·眼尾平直·标准眼距，高鼻根/柔和鼻梁/方圆鼻头，上厚下薄·嘴角平直，明显下颌角
FD03689,成熟方脸,骨点外显,微凸额,低眉骨,宽浅眼窝,高颧骨,薄面颊,宽下颌,柳叶眼,眼尾明显挑,宽眼距,碎裂虹膜,窄鼻根,微弧鼻梁,方圆鼻头,平直唇,嘴角上扬,下颌浅疤,成熟方脸（骨点外显），低眉骨/宽浅眼窝，柳叶眼·眼尾明显挑·宽眼距，窄鼻根/微弧鼻梁/方圆鼻头，平直唇·嘴角上扬，宽下颌
FD03690,方鹅蛋脸,偏柔圆润,饱满额,柔和眉骨,中度眼窝,柔和颧骨,轻凹面颊,收敛下颌,平直杏眼,眼尾下沉,标准眼距,环状虹膜,宽鼻根,轻鹰钩鼻梁,轻翘鼻头,平直唇,嘴角紧收,右眼下浅泪痣,方鹅蛋脸（偏柔圆润），柔和眉骨/中度眼窝，平直杏眼·眼尾下沉·标准眼距，宽鼻根/轻鹰钩鼻梁/轻翘鼻头，平直唇·嘴角紧收，收敛下颌
FD03691,骨感菱形,颊部略凹,饱满额,薄眉骨,宽浅眼窝,高颧骨,薄面颊,柔和下颌,冷感眼,眼尾明显挑,标准眼距,浅褐瞳,窄鼻根,中直鼻梁,窄翼鼻头,平直唇,嘴角下垂,眉尾旧疤,骨感菱形（颊部略凹），薄眉骨/宽浅眼窝，冷感眼·眼尾明显挑·标准眼距，窄鼻根/中直鼻梁/窄翼鼻头，平直唇·嘴角下垂，柔和下颌
FD03692,柔和方脸,颈部线条收短,微凸额,外侧突出眉骨,浅眼窝,柔和颧骨,薄面颊,收敛下颌,成熟长眼,眼尾下沉,窄眼距,浅褐瞳,窄鼻根,轻鹰钩鼻梁,下压鼻头,成熟长唇,单侧上扬,异色瞳,柔和方脸（颈部线条收短），外侧突出眉骨/浅眼窝，成熟长眼·眼尾下沉·窄眼距，窄鼻根/轻鹰钩鼻梁/下压鼻头，成熟长唇·单侧上扬，收敛下颌
FD03693,上宽下窄脸,下庭收窄,骨感额,外侧突出眉骨,窄深眼窝,低颧骨,幼态柔软面颊,明显下颌角,鹤系眼,眼尾下压,宽眼距,环状虹膜,中高鼻根,柔和鼻梁,窄翼鼻头,上薄下厚,单侧上扬,下颌浅疤,上宽下窄脸（下庭收窄），外侧突出眉骨/窄深眼窝，鹤系眼·眼尾下压·宽眼距，中高鼻根/柔和鼻梁/窄翼鼻头，上薄下厚·单侧上扬，明显下颌角
FD03694,正梯形脸,颌角弱化,窄额,厚眉骨,深眼窝,宽颧骨,轻凹面颊,宽下颌,鹿系眼,眼尾下压,标准眼距,星点虹膜,高鼻根,微弧鼻梁,骨感鼻头,弓形唇,单侧上扬,额角旧痕,正梯形脸（颌角弱化），厚眉骨/深眼窝，鹿系眼·眼尾下压·标准眼距，高鼻根/微弧鼻梁/骨感鼻头，弓形唇·单侧上扬，宽下颌
FD03695,方菱过渡脸,上庭收窄,骨感额,压迫感眉骨,浅眼窝,外扩颧骨,薄面颊,窄下颌,冷感眼,眼尾明显挑,宽眼距,淡金瞳,中高鼻根,轻微偏左鼻梁,方圆鼻头,平直唇,嘴角平直,右眼下浅泪痣,方菱过渡脸（上庭收窄），压迫感眉骨/浅眼窝，冷感眼·眼尾明显挑·宽眼距，中高鼻根/轻微偏左鼻梁/方圆鼻头，平直唇·嘴角平直，窄下颌
FD03696,倒梯形脸,偏锐收窄,微凸额,内侧突出眉骨,窄深眼窝,柔和颧骨,饱满面颊,收敛下颌,下垂眼,眼尾延展,宽眼距,墨玉瞳,中高鼻根,轻微偏右鼻梁,肉感鼻头,上厚下薄,嘴角紧收,眉心竖纹浅痕,倒梯形脸（偏锐收窄），内侧突出眉骨/窄深眼窝，下垂眼·眼尾延展·宽眼距，中高鼻根/轻微偏右鼻梁/肉感鼻头，上厚下薄·嘴角紧收，收敛下颌
FD03697,长心形脸,颊部饱满,微凸额,高眉骨,宽浅眼窝,窄颧骨,轻凹面颊,圆方下颌,猫系眼,眼尾下沉,宽眼距,深色瞳,中高鼻根,柔和鼻梁,窄翼鼻头,薄唇,单侧上扬,眉尾旧疤,长心形脸（颊部饱满），高眉骨/宽浅眼窝，猫系眼·眼尾下沉·宽眼距，中高鼻根/柔和鼻梁/窄翼鼻头，薄唇·单侧上扬，圆方下颌
FD03698,心形脸,下庭加重,饱满额,高眉骨,眼下骨感,高颧骨,饱满面颊,方下颌,狐狸系眼,眼尾延展,窄眼距,碎裂虹膜,窄鼻根,轻微偏左鼻梁,骨感鼻头,上厚下薄,嘴角平直,无标志,心形脸（下庭加重），高眉骨/眼下骨感，狐狸系眼·眼尾延展·窄眼距，窄鼻根/轻微偏左鼻梁/骨感鼻头，上厚下薄·嘴角平直，方下颌
FD03699,梨形脸,颌角强调,微凸额,高眉骨,眼下饱满,外扩颧骨,薄面颊,柔和下颌,狭长眼,眼尾下沉,窄眼距,深色瞳,窄鼻根,轻微偏左鼻梁,下压鼻头,弓形唇,嘴角上扬,右眼下浅泪痣,梨形脸（颌角强调），高眉骨/眼下饱满，狭长眼·眼尾下沉·窄眼距，窄鼻根/轻微偏左鼻梁/下压鼻头，弓形唇·嘴角上扬，柔和下颌
FD03700,宽菱形,颧部外扩,微凸额,厚眉骨,深眼窝,柔和颧骨,成熟收紧面颊,柔和下颌,半睁懒眼,眼尾平直,宽眼距,异色瞳,窄鼻根,宽骨鼻梁,肉感鼻头,上厚下薄,嘴角平直,异色瞳,宽菱形（颧部外扩），厚眉骨/深眼窝，半睁懒眼·眼尾平直·宽眼距，窄鼻根/宽骨鼻梁/肉感鼻头，上厚下薄·嘴角平直，柔和下颌
FD03701,下颌突出脸,偏锐收窄,平直额,薄眉骨,浅眼窝,宽颧骨,轻凹面颊,宽下颌,蛇系眼,眼尾明显挑,窄眼距,琥珀瞳,中鼻根,高直鼻梁,轻翘鼻头,宽嘴,单侧上扬,眼角小痣,下颌突出脸（偏锐收窄），薄眉骨/浅眼窝，蛇系眼·眼尾明显挑·窄眼距，中鼻根/高直鼻梁/轻翘鼻头，宽嘴·单侧上扬，宽下颌
FD03702,鹅蛋偏心形,上庭收窄,窄额,内侧突出眉骨,窄深眼窝,宽颧骨,饱满面颊,宽下颌,窄杏眼,眼尾明显挑,标准眼距,环状虹膜,中鼻根,轻微偏右鼻梁,肉感鼻头,弓形唇,嘴角下垂,右眉轻断,鹅蛋偏心形（上庭收窄），内侧突出眉骨/窄深眼窝，窄杏眼·眼尾明显挑·标准眼距，中鼻根/轻微偏右鼻梁/肉感鼻头，弓形唇·嘴角下垂，宽下颌
FD03703,幼态方脸,下庭收窄,宽额,高眉骨,浅眼窝,窄颧骨,薄面颊,收敛下颌,柳叶眼,眼尾延展,标准眼距,灰蓝瞳,中高鼻根,柔和鼻梁,肉感鼻头,宽嘴,嘴角平直,左颊浅疤,幼态方脸（下庭收窄），高眉骨/浅眼窝，柳叶眼·眼尾延展·标准眼距，中高鼻根/柔和鼻梁/肉感鼻头，宽嘴·嘴角平直，收敛下颌
FD03704,骨感菱形,面中平缓,低额,厚眉骨,中度眼窝,柔和颧骨,幼态柔软面颊,骨感下颌,平凤眼,眼尾延展,标准眼距,星点虹膜,中高鼻根,轻微偏右鼻梁,骨感鼻头,宽嘴,单侧上扬,眉上小疤,骨感菱形（面中平缓），厚眉骨/中度眼窝，平凤眼·眼尾延展·标准眼距，中高鼻根/轻微偏右鼻梁/骨感鼻头，宽嘴·单侧上扬，骨感下颌
FD03705,肉感短脸,颌角弱化,低额,薄眉骨,眼下饱满,宽颧骨,薄面颊,窄下颌,疲惫眼,眼尾微挑,标准眼距,深色瞳,高鼻根,柔和鼻梁,窄翼鼻头,宽嘴,嘴角平直,眉尾旧疤,肉感短脸（颌角弱化），薄眉骨/眼下饱满，疲惫眼·眼尾微挑·标准眼距，高鼻根/柔和鼻梁/窄翼鼻头，宽嘴·嘴角平直，窄下颌
FD03706,上宽下窄脸,下庭加重,微凸额,高眉骨,深眼窝,柔和颧骨,薄面颊,圆方下颌,成熟长眼,眼尾下压,宽眼距,墨玉瞳,宽鼻根,宽骨鼻梁,骨感鼻头,成熟长唇,嘴角上扬,单侧酒窝,上宽下窄脸（下庭加重），高眉骨/深眼窝，成熟长眼·眼尾下压·宽眼距，宽鼻根/宽骨鼻梁/骨感鼻头，成熟长唇·嘴角上扬，圆方下颌
FD03707,宽心形脸,中轴微长,窄额,内侧突出眉骨,中度眼窝,外扩颧骨,幼态柔软面颊,圆方下颌,狭长眼,眼尾微挑,窄眼距,琥珀瞳,低鼻根,宽骨鼻梁,下压鼻头,平直唇,嘴角紧收,指节薄茧,宽心形脸（中轴微长），内侧突出眉骨/中度眼窝，狭长眼·眼尾微挑·窄眼距，低鼻根/宽骨鼻梁/下压鼻头，平直唇·嘴角紧收，圆方下颌
FD03708,上窄下宽脸,颈部线条收短,窄额,柔和眉骨,深眼窝,柔和颧骨,饱满面颊,方下颌,上扬凤眼,眼尾平直,宽眼距,墨玉瞳,低鼻根,轻鹰钩鼻梁,小圆鼻头,弓形唇,嘴角上扬,鼻梁旧伤,上窄下宽脸（颈部线条收短），柔和眉骨/深眼窝，上扬凤眼·眼尾平直·宽眼距，低鼻根/轻鹰钩鼻梁/小圆鼻头，弓形唇·嘴角上扬，方下颌
FD03709,圆方脸,偏锐收窄,微凸额,外侧突出眉骨,浅眼窝,宽颧骨,轻凹面颊,宽下颌,瑞凤眼,眼尾平直,标准眼距,琥珀瞳,中鼻根,柔和鼻梁,轻翘鼻头,上薄下厚,单侧上扬,唇下小痣,圆方脸（偏锐收窄），外侧突出眉骨/浅眼窝，瑞凤眼·眼尾平直·标准眼距，中鼻根/柔和鼻梁/轻翘鼻头，上薄下厚·单侧上扬，宽下颌
FD03710,下颌突出脸,颌角强调,微凸额,低眉骨,眼下骨感,宽颧骨,薄面颊,收敛下颌,猫系眼,眼尾延展,宽眼距,灰蓝瞳,窄鼻根,中直鼻梁,窄翼鼻头,平直唇,嘴角下垂,唇下小痣,下颌突出脸（颌角强调），低眉骨/眼下骨感，猫系眼·眼尾延展·宽眼距，窄鼻根/中直鼻梁/窄翼鼻头，平直唇·嘴角下垂，收敛下颌
FD03711,短鹅蛋脸,颧部外扩,微凸额,内侧突出眉骨,眼下骨感,窄颧骨,轻凹面颊,窄下颌,宽杏眼,眼尾平直,宽眼距,墨玉瞳,中高鼻根,柔和鼻梁,下压鼻头,上厚下薄,嘴角上扬,左颊浅疤,短鹅蛋脸（颧部外扩），内侧突出眉骨/眼下骨感，宽杏眼·眼尾平直·宽眼距，中高鼻根/柔和鼻梁/下压鼻头，上厚下薄·嘴角上扬，窄下颌
FD03712,宽菱形,下庭收窄,骨感额,低眉骨,眼下饱满,窄颧骨,薄面颊,圆方下颌,短杏眼,眼尾明显挑,宽眼距,墨玉瞳,低鼻根,宽骨鼻梁,方圆鼻头,平直唇,嘴角紧收,额角旧痕,宽菱形（下庭收窄），低眉骨/眼下饱满，短杏眼·眼尾明显挑·宽眼距，低鼻根/宽骨鼻梁/方圆鼻头，平直唇·嘴角紧收，圆方下颌
FD03713,肉感短脸,面中立体化,骨感额,内侧突出眉骨,浅眼窝,高颧骨,幼态柔软面颊,圆方下颌,鹿系眼,眼尾延展,窄眼距,异色瞳,低鼻根,轻微偏右鼻梁,窄翼鼻头,上厚下薄,嘴角平直,眉心竖纹浅痕,肉感短脸（面中立体化），内侧突出眉骨/浅眼窝，鹿系眼·眼尾延展·窄眼距，低鼻根/轻微偏右鼻梁/窄翼鼻头，上厚下薄·嘴角平直，圆方下颌
FD03714,肉感短脸,中庭展宽,高额,低眉骨,深眼窝,低颧骨,薄面颊,宽下颌,长杏眼,眼尾微挑,标准眼距,星点虹膜,窄鼻根,高直鼻梁,骨感鼻头,薄唇,嘴角平直,异色瞳,肉感短脸（中庭展宽），低眉骨/深眼窝，长杏眼·眼尾微挑·标准眼距，窄鼻根/高直鼻梁/骨感鼻头，薄唇·嘴角平直，宽下颌
FD03715,长圆脸,颊部略凹,宽额,厚眉骨,深眼窝,低颧骨,幼态柔软面颊,方下颌,半睁懒眼,眼尾延展,宽眼距,碎裂虹膜,低鼻根,轻微偏右鼻梁,小圆鼻头,薄唇,嘴角上扬,额角旧痕,长圆脸（颊部略凹），厚眉骨/深眼窝，半睁懒眼·眼尾延展·宽眼距，低鼻根/轻微偏右鼻梁/小圆鼻头，薄唇·嘴角上扬，方下颌
FD03716,宽心形脸,偏柔圆润,高额,外侧突出眉骨,眼下骨感,低颧骨,幼态柔软面颊,宽下颌,狐狸系眼,眼尾延展,窄眼距,星点虹膜,低鼻根,轻鹰钩鼻梁,方圆鼻头,上厚下薄,嘴角紧收,环状虹膜,宽心形脸（偏柔圆润），外侧突出眉骨/眼下骨感，狐狸系眼·眼尾延展·窄眼距，低鼻根/轻鹰钩鼻梁/方圆鼻头，上厚下薄·嘴角紧收，宽下颌
FD03717,长圆脸,颈部线条收短,高额,低眉骨,眼下骨感,窄颧骨,薄面颊,骨感下颌,疲惫眼,眼尾延展,宽眼距,灰蓝瞳,中鼻根,宽骨鼻梁,骨感鼻头,宽嘴,嘴角下垂,眼睑褶皱不对称,长圆脸（颈部线条收短），低眉骨/眼下骨感，疲惫眼·眼尾延展·宽眼距，中鼻根/宽骨鼻梁/骨感鼻头，宽嘴·嘴角下垂，骨感下颌
FD03718,宽方脸,面中立体化,窄额,柔和眉骨,宽浅眼窝,外扩颧骨,饱满面颊,收敛下颌,平凤眼,眼尾下沉,宽眼距,异色瞳,中鼻根,高直鼻梁,微钝鼻头,成熟长唇,单侧上扬,右眉轻断,宽方脸（面中立体化），柔和眉骨/宽浅眼窝，平凤眼·眼尾下沉·宽眼距，中鼻根/高直鼻梁/微钝鼻头，成熟长唇·单侧上扬，收敛下颌
FD03719,方菱过渡脸,颧部微收,骨感额,压迫感眉骨,眼下骨感,窄颧骨,幼态柔软面颊,宽下颌,成熟长眼,眼尾微挑,标准眼距,淡金瞳,低鼻根,中直鼻梁,轻翘鼻头,弓形唇,嘴角平直,眼角小痣,方菱过渡脸（颧部微收），压迫感眉骨/眼下骨感，成熟长眼·眼尾微挑·标准眼距，低鼻根/中直鼻梁/轻翘鼻头，弓形唇·嘴角平直，宽下颌
FD03720,幼态方脸,上庭收窄,骨感额,柔和眉骨,窄深眼窝,柔和颧骨,饱满面颊,方下颌,柳叶眼,眼尾下沉,窄眼距,环状虹膜,中鼻根,轻微偏左鼻梁,下压鼻头,成熟长唇,单侧上扬,颈侧细疤,幼态方脸（上庭收窄），柔和眉骨/窄深眼窝，柳叶眼·眼尾下沉·窄眼距，中鼻根/轻微偏左鼻梁/下压鼻头，成熟长唇·单侧上扬，方下颌
FD03721,短圆脸,颌角弱化,高额,柔和眉骨,眼下饱满,低颧骨,幼态柔软面颊,方下颌,狭长眼,眼尾下沉,窄眼距,星点虹膜,中高鼻根,微弧鼻梁,轻翘鼻头,宽嘴,嘴角下垂,双侧酒窝,短圆脸（颌角弱化），柔和眉骨/眼下饱满，狭长眼·眼尾下沉·窄眼距，中高鼻根/微弧鼻梁/轻翘鼻头，宽嘴·嘴角下垂，方下颌
FD03722,梨形脸,面中立体化,饱满额,压迫感眉骨,宽浅眼窝,宽颧骨,薄面颊,圆方下颌,鹿系眼,眼尾明显挑,标准眼距,环状虹膜,宽鼻根,轻微偏右鼻梁,肉感鼻头,宽嘴,嘴角紧收,鼻梁旧伤,梨形脸（面中立体化），压迫感眉骨/宽浅眼窝，鹿系眼·眼尾明显挑·标准眼距，宽鼻根/轻微偏右鼻梁/肉感鼻头，宽嘴·嘴角紧收，圆方下颌
FD03723,圆方脸,颊部略凹,宽额,高眉骨,眼下饱满,高颧骨,轻凹面颊,宽下颌,宽杏眼,眼尾微挑,宽眼距,灰蓝瞳,中高鼻根,微弧鼻梁,方圆鼻头,小嘴,单侧上扬,眉心竖纹浅痕,圆方脸（颊部略凹），高眉骨/眼下饱满，宽杏眼·眼尾微挑·宽眼距，中高鼻根/微弧鼻梁/方圆鼻头，小嘴·单侧上扬，宽下颌
FD03724,倒梯形脸,偏锐收窄,高额,厚眉骨,浅眼窝,窄颧骨,成熟收紧面颊,骨感下颌,平凤眼,眼尾延展,宽眼距,深色瞳,低鼻根,宽骨鼻梁,轻翘鼻头,弓形唇,嘴角平直,无标志,倒梯形脸（偏锐收窄），厚眉骨/浅眼窝，平凤眼·眼尾延展·宽眼距，低鼻根/宽骨鼻梁/轻翘鼻头，弓形唇·嘴角平直，骨感下颌
FD03725,短方脸,中庭拉长,低额,压迫感眉骨,浅眼窝,宽颧骨,饱满面颊,窄下颌,鹿系眼,眼尾微挑,窄眼距,异色瞳,低鼻根,轻微偏左鼻梁,骨感鼻头,薄唇,嘴角平直,唇下小痣,短方脸（中庭拉长），压迫感眉骨/浅眼窝，鹿系眼·眼尾微挑·窄眼距，低鼻根/轻微偏左鼻梁/骨感鼻头，薄唇·嘴角平直，窄下颌
FD03726,长菱形,骨点内敛,窄额,外侧突出眉骨,宽浅眼窝,低颧骨,成熟收紧面颊,窄下颌,下垂眼,眼尾延展,窄眼距,灰蓝瞳,中高鼻根,轻鹰钩鼻梁,微钝鼻头,弓形唇,嘴角上扬,左眼下浅泪痣,长菱形（骨点内敛），外侧突出眉骨/宽浅眼窝，下垂眼·眼尾延展·窄眼距，中高鼻根/轻鹰钩鼻梁/微钝鼻头，弓形唇·嘴角上扬，窄下颌
FD03727,成熟方脸,骨点外显,饱满额,柔和眉骨,眼下饱满,高颧骨,薄面颊,宽下颌,平直杏眼,眼尾延展,宽眼距,星点虹膜,中鼻根,微弧鼻梁,肉感鼻头,小嘴,单侧上扬,异色瞳,成熟方脸（骨点外显），柔和眉骨/眼下饱满，平直杏眼·眼尾延展·宽眼距，中鼻根/微弧鼻梁/肉感鼻头，小嘴·单侧上扬，宽下颌
FD03728,梨形脸,颊部略凹,饱满额,压迫感眉骨,中度眼窝,柔和颧骨,幼态柔软面颊,柔和下颌,平凤眼,眼尾延展,标准眼距,深色瞳,高鼻根,轻微偏左鼻梁,微钝鼻头,成熟长唇,嘴角下垂,无标志,梨形脸（颊部略凹），压迫感眉骨/中度眼窝，平凤眼·眼尾延展·标准眼距，高鼻根/轻微偏左鼻梁/微钝鼻头，成熟长唇·嘴角下垂，柔和下颌
FD03729,鹅蛋偏菱,颧部外扩,低额,高眉骨,窄深眼窝,柔和颧骨,幼态柔软面颊,骨感下颌,冷感眼,眼尾延展,宽眼距,环状虹膜,宽鼻根,微弧鼻梁,方圆鼻头,平直唇,单侧上扬,颈侧细疤,鹅蛋偏菱（颧部外扩），高眉骨/窄深眼窝，冷感眼·眼尾延展·宽眼距，宽鼻根/微弧鼻梁/方圆鼻头，平直唇·单侧上扬，骨感下颌
FD03730,宽菱形,颊部略凹,低额,压迫感眉骨,浅眼窝,窄颧骨,成熟收紧面颊,窄下颌,鹿系眼,眼尾平直,标准眼距,环状虹膜,低鼻根,轻微偏左鼻梁,小圆鼻头,平直唇,嘴角紧收,左眼下浅泪痣,宽菱形（颊部略凹），压迫感眉骨/浅眼窝，鹿系眼·眼尾平直·标准眼距，低鼻根/轻微偏左鼻梁/小圆鼻头，平直唇·嘴角紧收，窄下颌
FD03731,鹅蛋偏方,上庭收窄,饱满额,压迫感眉骨,浅眼窝,高颧骨,成熟收紧面颊,骨感下颌,狼系眼,眼尾下沉,窄眼距,星点虹膜,高鼻根,轻微偏左鼻梁,窄翼鼻头,上薄下厚,嘴角平直,单侧虎牙,鹅蛋偏方（上庭收窄），压迫感眉骨/浅眼窝，狼系眼·眼尾下沉·窄眼距，高鼻根/轻微偏左鼻梁/窄翼鼻头，上薄下厚·嘴角平直，骨感下颌
FD03732,长菱形,下庭加重,饱满额,压迫感眉骨,眼下饱满,高颧骨,成熟收紧面颊,收敛下颌,狭长眼,眼尾明显挑,窄眼距,灰蓝瞳,高鼻根,轻鹰钩鼻梁,骨感鼻头,宽嘴,嘴角紧收,无标志,长菱形（下庭加重），压迫感眉骨/眼下饱满，狭长眼·眼尾明显挑·窄眼距，高鼻根/轻鹰钩鼻梁/骨感鼻头，宽嘴·嘴角紧收，收敛下颌
FD03733,短鹅蛋脸,中轴微长,骨感额,压迫感眉骨,中度眼窝,低颧骨,轻凹面颊,圆方下颌,鹰隼眼,眼尾延展,标准眼距,碎裂虹膜,窄鼻根,中直鼻梁,骨感鼻头,成熟长唇,嘴角下垂,额角旧痕,短鹅蛋脸（中轴微长），压迫感眉骨/中度眼窝，鹰隼眼·眼尾延展·标准眼距，窄鼻根/中直鼻梁/骨感鼻头，成熟长唇·嘴角下垂，圆方下颌
FD03734,窄鹅蛋脸,中庭展宽,饱满额,内侧突出眉骨,眼下饱满,高颧骨,薄面颊,圆方下颌,猫系眼,眼尾下压,窄眼距,深色瞳,宽鼻根,高直鼻梁,小圆鼻头,小嘴,嘴角平直,异色瞳,窄鹅蛋脸（中庭展宽），内侧突出眉骨/眼下饱满，猫系眼·眼尾下压·窄眼距，宽鼻根/高直鼻梁/小圆鼻头，小嘴·嘴角平直，圆方下颌
FD03735,幼态方脸,偏柔圆润,骨感额,外侧突出眉骨,眼下骨感,高颧骨,幼态柔软面颊,方下颌,狼系眼,眼尾平直,窄眼距,灰蓝瞳,宽鼻根,轻微偏左鼻梁,微钝鼻头,平直唇,单侧上扬,无标志,幼态方脸（偏柔圆润），外侧突出眉骨/眼下骨感，狼系眼·眼尾平直·窄眼距，宽鼻根/轻微偏左鼻梁/微钝鼻头，平直唇·单侧上扬，方下颌
FD03736,幼态圆脸,颈部线条收短,平直额,柔和眉骨,宽浅眼窝,柔和颧骨,轻凹面颊,柔和下颌,短圆杏眼,眼尾下压,标准眼距,淡金瞳,高鼻根,轻微偏左鼻梁,肉感鼻头,平直唇,嘴角下垂,无标志,幼态圆脸（颈部线条收短），柔和眉骨/宽浅眼窝，短圆杏眼·眼尾下压·标准眼距，高鼻根/轻微偏左鼻梁/肉感鼻头，平直唇·嘴角下垂，柔和下颌
FD03737,鹅蛋偏心形,颊部饱满,微凸额,压迫感眉骨,中度眼窝,柔和颧骨,轻凹面颊,收敛下颌,鹿系眼,眼尾明显挑,窄眼距,碎裂虹膜,高鼻根,柔和鼻梁,骨感鼻头,上薄下厚,嘴角下垂,指节薄茧,鹅蛋偏心形（颊部饱满），压迫感眉骨/中度眼窝，鹿系眼·眼尾明显挑·窄眼距，高鼻根/柔和鼻梁/骨感鼻头，上薄下厚·嘴角下垂，收敛下颌
FD03738,标准菱形,面中立体化,骨感额,薄眉骨,窄深眼窝,宽颧骨,饱满面颊,圆方下颌,狭长瑞凤眼,眼尾延展,窄眼距,灰蓝瞳,宽鼻根,高直鼻梁,骨感鼻头,宽嘴,嘴角下垂,单侧酒窝,标准菱形（面中立体化），薄眉骨/窄深眼窝，狭长瑞凤眼·眼尾延展·窄眼距，宽鼻根/高直鼻梁/骨感鼻头，宽嘴·嘴角下垂，圆方下颌
FD03739,宽方脸,骨点内敛,微凸额,内侧突出眉骨,中度眼窝,宽颧骨,饱满面颊,明显下颌角,冷感眼,眼尾下压,宽眼距,碎裂虹膜,中高鼻根,轻鹰钩鼻梁,肉感鼻头,上厚下薄,嘴角平直,右眉轻断,宽方脸（骨点内敛），内侧突出眉骨/中度眼窝，冷感眼·眼尾下压·宽眼距，中高鼻根/轻鹰钩鼻梁/肉感鼻头，上厚下薄·嘴角平直，明显下颌角
FD03740,柔和方脸,中庭拉长,高额,压迫感眉骨,眼下饱满,外扩颧骨,薄面颊,圆方下颌,柳叶眼,眼尾延展,窄眼距,深色瞳,宽鼻根,微弧鼻梁,窄翼鼻头,弓形唇,嘴角上扬,眉心竖纹浅痕,柔和方脸（中庭拉长），压迫感眉骨/眼下饱满，柳叶眼·眼尾延展·窄眼距，宽鼻根/微弧鼻梁/窄翼鼻头，弓形唇·嘴角上扬，圆方下颌
FD03741,圆脸,颈部线条收短,高额,高眉骨,中度眼窝,高颧骨,薄面颊,圆方下颌,猫系眼,眼尾明显挑,标准眼距,灰蓝瞳,高鼻根,轻微偏左鼻梁,微钝鼻头,成熟长唇,嘴角紧收,眉上小疤,圆脸（颈部线条收短），高眉骨/中度眼窝，猫系眼·眼尾明显挑·标准眼距，高鼻根/轻微偏左鼻梁/微钝鼻头，成熟长唇·嘴角紧收，圆方下颌
FD03742,圆方脸,颊部饱满,微凸额,薄眉骨,中度眼窝,外扩颧骨,薄面颊,方下颌,鹰隼眼,眼尾明显挑,窄眼距,异色瞳,低鼻根,柔和鼻梁,窄翼鼻头,上厚下薄,嘴角紧收,指节薄茧,圆方脸（颊部饱满），薄眉骨/中度眼窝，鹰隼眼·眼尾明显挑·窄眼距，低鼻根/柔和鼻梁/窄翼鼻头，上厚下薄·嘴角紧收，方下颌
FD03743,标准菱形,颊部饱满,高额,柔和眉骨,眼下骨感,宽颧骨,轻凹面颊,骨感下颌,短圆杏眼,眼尾下压,窄眼距,碎裂虹膜,高鼻根,微弧鼻梁,骨感鼻头,厚唇,嘴角上扬,耳后小痣,标准菱形（颊部饱满），柔和眉骨/眼下骨感，短圆杏眼·眼尾下压·窄眼距，高鼻根/微弧鼻梁/骨感鼻头，厚唇·嘴角上扬，骨感下颌
FD03744,倒三角脸,颧部外扩,微凸额,内侧突出眉骨,中度眼窝,高颧骨,成熟收紧面颊,圆方下颌,短杏眼,眼尾微挑,标准眼距,琥珀瞳,窄鼻根,轻微偏右鼻梁,下压鼻头,上厚下薄,单侧上扬,左眼下浅泪痣,倒三角脸（颧部外扩），内侧突出眉骨/中度眼窝，短杏眼·眼尾微挑·标准眼距，窄鼻根/轻微偏右鼻梁/下压鼻头，上厚下薄·单侧上扬，圆方下颌
FD03745,骨感窄脸,颧部微收,微凸额,柔和眉骨,浅眼窝,宽颧骨,成熟收紧面颊,收敛下颌,上扬凤眼,眼尾微挑,宽眼距,浅褐瞳,中鼻根,高直鼻梁,骨感鼻头,平直唇,嘴角下垂,颈侧细疤,骨感窄脸（颧部微收），柔和眉骨/浅眼窝，上扬凤眼·眼尾微挑·宽眼距，中鼻根/高直鼻梁/骨感鼻头，平直唇·嘴角下垂，收敛下颌
FD03746,圆方脸,上庭收窄,骨感额,压迫感眉骨,窄深眼窝,低颧骨,成熟收紧面颊,收敛下颌,冷感眼,眼尾明显挑,标准眼距,灰蓝瞳,低鼻根,轻微偏左鼻梁,窄翼鼻头,宽嘴,嘴角上扬,唇下小痣,圆方脸（上庭收窄），压迫感眉骨/窄深眼窝，冷感眼·眼尾明显挑·标准眼距，低鼻根/轻微偏左鼻梁/窄翼鼻头，宽嘴·嘴角上扬，收敛下颌
FD03747,长方脸,中庭展宽,窄额,外侧突出眉骨,宽浅眼窝,高颧骨,幼态柔软面颊,明显下颌角,窄杏眼,眼尾明显挑,宽眼距,灰蓝瞳,中鼻根,轻微偏右鼻梁,下压鼻头,宽嘴,嘴角平直,右眉轻断,长方脸（中庭展宽），外侧突出眉骨/宽浅眼窝，窄杏眼·眼尾明显挑·宽眼距，中鼻根/轻微偏右鼻梁/下压鼻头，宽嘴·嘴角平直，明显下颌角
FD03748,骨感方脸,中庭拉长,骨感额,厚眉骨,眼下饱满,窄颧骨,轻凹面颊,方下颌,宽杏眼,眼尾平直,标准眼距,淡金瞳,窄鼻根,轻微偏左鼻梁,小圆鼻头,上薄下厚,嘴角平直,眉尾旧疤,骨感方脸（中庭拉长），厚眉骨/眼下饱满，宽杏眼·眼尾平直·标准眼距，窄鼻根/轻微偏左鼻梁/小圆鼻头，上薄下厚·嘴角平直，方下颌
FD03749,成熟方脸,颧部微收,骨感额,外侧突出眉骨,窄深眼窝,柔和颧骨,饱满面颊,柔和下颌,短杏眼,眼尾下压,窄眼距,环状虹膜,高鼻根,微弧鼻梁,骨感鼻头,薄唇,嘴角上扬,下颌浅疤,成熟方脸（颧部微收），外侧突出眉骨/窄深眼窝，短杏眼·眼尾下压·窄眼距，高鼻根/微弧鼻梁/骨感鼻头，薄唇·嘴角上扬，柔和下颌
FD03750,肉感短脸,中庭展宽,骨感额,外侧突出眉骨,眼下饱满,外扩颧骨,幼态柔软面颊,明显下颌角,半睁懒眼,眼尾下压,宽眼距,碎裂虹膜,中高鼻根,微弧鼻梁,肉感鼻头,上厚下薄,嘴角下垂,鼻梁旧伤,肉感短脸（中庭展宽），外侧突出眉骨/眼下饱满，半睁懒眼·眼尾下压·宽眼距，中高鼻根/微弧鼻梁/肉感鼻头，上厚下薄·嘴角下垂，明显下颌角
FD03751,柔和菱形,下颌线清晰化,窄额,高眉骨,中度眼窝,高颧骨,成熟收紧面颊,窄下颌,瑞凤眼,眼尾平直,标准眼距,琥珀瞳,中高鼻根,微弧鼻梁,骨感鼻头,平直唇,嘴角上扬,颈侧细疤,柔和菱形（下颌线清晰化），高眉骨/中度眼窝，瑞凤眼·眼尾平直·标准眼距，中高鼻根/微弧鼻梁/骨感鼻头，平直唇·嘴角上扬，窄下颌
FD03752,颧部展开脸,中轴微长,窄额,柔和眉骨,眼下骨感,柔和颧骨,饱满面颊,柔和下颌,狐狸系眼,眼尾明显挑,宽眼距,碎裂虹膜,低鼻根,中直鼻梁,方圆鼻头,上薄下厚,单侧上扬,单侧酒窝,颧部展开脸（中轴微长），柔和眉骨/眼下骨感，狐狸系眼·眼尾明显挑·宽眼距，低鼻根/中直鼻梁/方圆鼻头，上薄下厚·单侧上扬，柔和下颌
FD03753,短方脸,骨点外显,宽额,压迫感眉骨,眼下骨感,宽颧骨,薄面颊,骨感下颌,狐狸系眼,眼尾下压,宽眼距,墨玉瞳,中鼻根,柔和鼻梁,下压鼻头,上厚下薄,嘴角紧收,下颌浅疤,短方脸（骨点外显），压迫感眉骨/眼下骨感，狐狸系眼·眼尾下压·宽眼距，中鼻根/柔和鼻梁/下压鼻头，上厚下薄·嘴角紧收，骨感下颌
FD03754,短鹅蛋脸,颌角弱化,高额,内侧突出眉骨,浅眼窝,柔和颧骨,成熟收紧面颊,收敛下颌,鹤系眼,眼尾微挑,宽眼距,深色瞳,宽鼻根,微弧鼻梁,微钝鼻头,薄唇,嘴角上扬,指节薄茧,短鹅蛋脸（颌角弱化），内侧突出眉骨/浅眼窝，鹤系眼·眼尾微挑·宽眼距，宽鼻根/微弧鼻梁/微钝鼻头，薄唇·嘴角上扬，收敛下颌
FD03755,下颌突出脸,颧部微收,骨感额,薄眉骨,宽浅眼窝,窄颧骨,幼态柔软面颊,骨感下颌,成熟长眼,眼尾下压,宽眼距,环状虹膜,窄鼻根,微弧鼻梁,下压鼻头,成熟长唇,单侧上扬,指节薄茧,下颌突出脸（颧部微收），薄眉骨/宽浅眼窝，成熟长眼·眼尾下压·宽眼距，窄鼻根/微弧鼻梁/下压鼻头，成熟长唇·单侧上扬，骨感下颌
FD03756,上窄下宽脸,颈部线条收短,窄额,压迫感眉骨,眼下骨感,低颧骨,饱满面颊,宽下颌,少年圆眼,眼尾明显挑,宽眼距,淡金瞳,低鼻根,柔和鼻梁,下压鼻头,宽嘴,嘴角紧收,唇下小痣,上窄下宽脸（颈部线条收短），压迫感眉骨/眼下骨感，少年圆眼·眼尾明显挑·宽眼距，低鼻根/柔和鼻梁/下压鼻头，宽嘴·嘴角紧收，宽下颌
FD03757,柔和菱形,颌角强调,高额,压迫感眉骨,眼下饱满,窄颧骨,幼态柔软面颊,圆方下颌,疲惫眼,眼尾微挑,窄眼距,星点虹膜,中高鼻根,高直鼻梁,小圆鼻头,厚唇,单侧上扬,无标志,柔和菱形（颌角强调），压迫感眉骨/眼下饱满，疲惫眼·眼尾微挑·窄眼距，中高鼻根/高直鼻梁/小圆鼻头，厚唇·单侧上扬，圆方下颌
FD03758,长圆脸,下颌线清晰化,饱满额,低眉骨,窄深眼窝,低颧骨,成熟收紧面颊,明显下颌角,柳叶眼,眼尾平直,标准眼距,环状虹膜,低鼻根,中直鼻梁,微钝鼻头,薄唇,嘴角下垂,无标志,长圆脸（下颌线清晰化），低眉骨/窄深眼窝，柳叶眼·眼尾平直·标准眼距，低鼻根/中直鼻梁/微钝鼻头，薄唇·嘴角下垂，明显下颌角
FD03759,鹅蛋偏方,中庭拉长,微凸额,外侧突出眉骨,浅眼窝,低颧骨,轻凹面颊,明显下颌角,狼系眼,眼尾下沉,窄眼距,墨玉瞳,宽鼻根,高直鼻梁,小圆鼻头,厚唇,嘴角上扬,单侧虎牙,鹅蛋偏方（中庭拉长），外侧突出眉骨/浅眼窝，狼系眼·眼尾下沉·窄眼距，宽鼻根/高直鼻梁/小圆鼻头，厚唇·嘴角上扬，明显下颌角
FD03760,幼态方脸,骨点内敛,高额,薄眉骨,浅眼窝,窄颧骨,轻凹面颊,窄下颌,狼系眼,眼尾明显挑,宽眼距,墨玉瞳,窄鼻根,轻微偏右鼻梁,肉感鼻头,上薄下厚,嘴角平直,指节薄茧,幼态方脸（骨点内敛），薄眉骨/浅眼窝，狼系眼·眼尾明显挑·宽眼距，窄鼻根/轻微偏右鼻梁/肉感鼻头，上薄下厚·嘴角平直，窄下颌
FD03761,倒梯形脸,下颌线清晰化,平直额,压迫感眉骨,中度眼窝,柔和颧骨,轻凹面颊,窄下颌,瑞凤眼,眼尾微挑,标准眼距,墨玉瞳,窄鼻根,中直鼻梁,骨感鼻头,上厚下薄,嘴角下垂,右眉轻断,倒梯形脸（下颌线清晰化），压迫感眉骨/中度眼窝，瑞凤眼·眼尾微挑·标准眼距，窄鼻根/中直鼻梁/骨感鼻头，上厚下薄·嘴角下垂，窄下颌
FD03762,骨感菱形,中庭展宽,低额,压迫感眉骨,浅眼窝,高颧骨,轻凹面颊,宽下颌,鹰隼眼,眼尾延展,宽眼距,琥珀瞳,宽鼻根,高直鼻梁,骨感鼻头,薄唇,嘴角上扬,无标志,骨感菱形（中庭展宽），压迫感眉骨/浅眼窝，鹰隼眼·眼尾延展·宽眼距，宽鼻根/高直鼻梁/骨感鼻头，薄唇·嘴角上扬，宽下颌
FD03763,短鹅蛋脸,颌角弱化,高额,外侧突出眉骨,浅眼窝,柔和颧骨,成熟收紧面颊,柔和下颌,狭长瑞凤眼,眼尾延展,窄眼距,墨玉瞳,窄鼻根,柔和鼻梁,方圆鼻头,平直唇,嘴角紧收,无标志,短鹅蛋脸（颌角弱化），外侧突出眉骨/浅眼窝，狭长瑞凤眼·眼尾延展·窄眼距，窄鼻根/柔和鼻梁/方圆鼻头，平直唇·嘴角紧收，柔和下颌
FD03764,长方脸,骨点内敛,骨感额,薄眉骨,宽浅眼窝,窄颧骨,薄面颊,方下颌,桃花眼,眼尾下压,标准眼距,墨玉瞳,窄鼻根,微弧鼻梁,窄翼鼻头,平直唇,单侧上扬,无标志,长方脸（骨点内敛），薄眉骨/宽浅眼窝，桃花眼·眼尾下压·标准眼距，窄鼻根/微弧鼻梁/窄翼鼻头，平直唇·单侧上扬，方下颌
FD03765,清瘦圆脸,中庭拉长,窄额,柔和眉骨,眼下骨感,窄颧骨,薄面颊,骨感下颌,圆长眼,眼尾下压,标准眼距,深色瞳,中鼻根,高直鼻梁,轻翘鼻头,宽嘴,嘴角平直,无标志,清瘦圆脸（中庭拉长），柔和眉骨/眼下骨感，圆长眼·眼尾下压·标准眼距，中鼻根/高直鼻梁/轻翘鼻头，宽嘴·嘴角平直，骨感下颌
FD03766,心形脸,颧部微收,宽额,柔和眉骨,浅眼窝,外扩颧骨,轻凹面颊,明显下颌角,柳叶眼,眼尾明显挑,宽眼距,星点虹膜,高鼻根,宽骨鼻梁,骨感鼻头,小嘴,嘴角下垂,环状虹膜,心形脸（颧部微收），柔和眉骨/浅眼窝，柳叶眼·眼尾明显挑·宽眼距，高鼻根/宽骨鼻梁/骨感鼻头，小嘴·嘴角下垂，明显下颌角
FD03767,圆方脸,颊部略凹,饱满额,柔和眉骨,眼下骨感,外扩颧骨,薄面颊,方下颌,平凤眼,眼尾下压,窄眼距,琥珀瞳,中鼻根,微弧鼻梁,肉感鼻头,弓形唇,嘴角紧收,颈侧细疤,圆方脸（颊部略凹），柔和眉骨/眼下骨感，平凤眼·眼尾下压·窄眼距，中鼻根/微弧鼻梁/肉感鼻头，弓形唇·嘴角紧收，方下颌
FD03768,方鹅蛋脸,上庭收窄,高额,压迫感眉骨,眼下饱满,窄颧骨,幼态柔软面颊,骨感下颌,瑞凤眼,眼尾下沉,窄眼距,环状虹膜,高鼻根,高直鼻梁,骨感鼻头,上薄下厚,嘴角平直,右眼下浅泪痣,方鹅蛋脸（上庭收窄），压迫感眉骨/眼下饱满，瑞凤眼·眼尾下沉·窄眼距，高鼻根/高直鼻梁/骨感鼻头，上薄下厚·嘴角平直，骨感下颌
FD03769,短圆脸,颈部线条延长,低额,内侧突出眉骨,眼下饱满,窄颧骨,薄面颊,明显下颌角,成熟长眼,眼尾微挑,标准眼距,灰蓝瞳,高鼻根,轻微偏左鼻梁,微钝鼻头,上厚下薄,嘴角平直,耳后小痣,短圆脸（颈部线条延长），内侧突出眉骨/眼下饱满，成熟长眼·眼尾微挑·标准眼距，高鼻根/轻微偏左鼻梁/微钝鼻头，上厚下薄·嘴角平直，明显下颌角
FD03770,方鹅蛋脸,面中立体化,窄额,内侧突出眉骨,深眼窝,窄颧骨,饱满面颊,柔和下颌,狭长瑞凤眼,眼尾明显挑,标准眼距,浅褐瞳,低鼻根,高直鼻梁,方圆鼻头,宽嘴,嘴角平直,左颊浅疤,方鹅蛋脸（面中立体化），内侧突出眉骨/深眼窝，狭长瑞凤眼·眼尾明显挑·标准眼距，低鼻根/高直鼻梁/方圆鼻头，宽嘴·嘴角平直，柔和下颌
FD03771,长圆脸,下庭收窄,饱满额,压迫感眉骨,中度眼窝,宽颧骨,饱满面颊,骨感下颌,成熟长眼,眼尾明显挑,标准眼距,淡金瞳,低鼻根,宽骨鼻梁,下压鼻头,上薄下厚,嘴角上扬,右眼下浅泪痣,长圆脸（下庭收窄），压迫感眉骨/中度眼窝，成熟长眼·眼尾明显挑·标准眼距，低鼻根/宽骨鼻梁/下压鼻头，上薄下厚·嘴角上扬，骨感下颌
FD03772,上窄下宽脸,颊部略凹,骨感额,柔和眉骨,眼下饱满,柔和颧骨,幼态柔软面颊,柔和下颌,窄杏眼,眼尾微挑,窄眼距,琥珀瞳,窄鼻根,轻微偏右鼻梁,窄翼鼻头,薄唇,嘴角下垂,碎裂虹膜,上窄下宽脸（颊部略凹），柔和眉骨/眼下饱满，窄杏眼·眼尾微挑·窄眼距，窄鼻根/轻微偏右鼻梁/窄翼鼻头，薄唇·嘴角下垂，柔和下颌
FD03773,宽鹅蛋脸,下颌线清晰化,饱满额,柔和眉骨,浅眼窝,外扩颧骨,成熟收紧面颊,明显下颌角,短圆杏眼,眼尾微挑,标准眼距,琥珀瞳,高鼻根,轻鹰钩鼻梁,小圆鼻头,平直唇,嘴角平直,单侧酒窝,宽鹅蛋脸（下颌线清晰化），柔和眉骨/浅眼窝，短圆杏眼·眼尾微挑·标准眼距，高鼻根/轻鹰钩鼻梁/小圆鼻头，平直唇·嘴角平直，明显下颌角
FD03774,宽方脸,中庭拉长,低额,厚眉骨,眼下骨感,柔和颧骨,薄面颊,柔和下颌,鹤系眼,眼尾下压,宽眼距,星点虹膜,宽鼻根,柔和鼻梁,下压鼻头,上薄下厚,嘴角下垂,单侧虎牙,宽方脸（中庭拉长），厚眉骨/眼下骨感，鹤系眼·眼尾下压·宽眼距，宽鼻根/柔和鼻梁/下压鼻头，上薄下厚·嘴角下垂，柔和下颌
FD03775,长圆脸,下庭加重,骨感额,柔和眉骨,宽浅眼窝,外扩颧骨,薄面颊,圆方下颌,疲惫眼,眼尾平直,窄眼距,琥珀瞳,低鼻根,轻微偏右鼻梁,肉感鼻头,弓形唇,嘴角上扬,右眼下浅泪痣,长圆脸（下庭加重），柔和眉骨/宽浅眼窝，疲惫眼·眼尾平直·窄眼距，低鼻根/轻微偏右鼻梁/肉感鼻头，弓形唇·嘴角上扬，圆方下颌
FD03776,颧部展开脸,颈部线条延长,窄额,厚眉骨,眼下饱满,外扩颧骨,成熟收紧面颊,骨感下颌,柳叶眼,眼尾微挑,标准眼距,墨玉瞳,窄鼻根,微弧鼻梁,下压鼻头,上厚下薄,嘴角紧收,额角旧痕,颧部展开脸（颈部线条延长），厚眉骨/眼下饱满，柳叶眼·眼尾微挑·标准眼距，窄鼻根/微弧鼻梁/下压鼻头，上厚下薄·嘴角紧收，骨感下颌
FD03777,骨感菱形,下颌线清晰化,高额,内侧突出眉骨,窄深眼窝,外扩颧骨,幼态柔软面颊,明显下颌角,圆长眼,眼尾延展,窄眼距,异色瞳,高鼻根,轻鹰钩鼻梁,小圆鼻头,弓形唇,嘴角紧收,无标志,骨感菱形（下颌线清晰化），内侧突出眉骨/窄深眼窝，圆长眼·眼尾延展·窄眼距，高鼻根/轻鹰钩鼻梁/小圆鼻头，弓形唇·嘴角紧收，明显下颌角
FD03778,梨形脸,下颌线清晰化,微凸额,薄眉骨,眼下饱满,宽颧骨,轻凹面颊,窄下颌,平凤眼,眼尾下沉,宽眼距,碎裂虹膜,中高鼻根,轻鹰钩鼻梁,骨感鼻头,薄唇,嘴角紧收,双侧酒窝,梨形脸（下颌线清晰化），薄眉骨/眼下饱满，平凤眼·眼尾下沉·宽眼距，中高鼻根/轻鹰钩鼻梁/骨感鼻头，薄唇·嘴角紧收，窄下颌
FD03779,方菱过渡脸,下庭收窄,平直额,低眉骨,中度眼窝,窄颧骨,薄面颊,收敛下颌,鹰隼眼,眼尾平直,标准眼距,淡金瞳,中鼻根,轻鹰钩鼻梁,小圆鼻头,上薄下厚,单侧上扬,双侧酒窝,方菱过渡脸（下庭收窄），低眉骨/中度眼窝，鹰隼眼·眼尾平直·标准眼距，中鼻根/轻鹰钩鼻梁/小圆鼻头，上薄下厚·单侧上扬，收敛下颌
FD03780,倒梯形脸,骨点外显,饱满额,低眉骨,浅眼窝,宽颧骨,轻凹面颊,明显下颌角,柳叶眼,眼尾微挑,标准眼距,灰蓝瞳,低鼻根,宽骨鼻梁,下压鼻头,成熟长唇,单侧上扬,环状虹膜,倒梯形脸（骨点外显），低眉骨/浅眼窝，柳叶眼·眼尾微挑·标准眼距，低鼻根/宽骨鼻梁/下压鼻头，成熟长唇·单侧上扬，明显下颌角
FD03781,窄鹅蛋脸,颧部外扩,骨感额,压迫感眉骨,宽浅眼窝,高颧骨,饱满面颊,明显下颌角,蛇系眼,眼尾明显挑,窄眼距,琥珀瞳,高鼻根,微弧鼻梁,小圆鼻头,宽嘴,嘴角平直,耳后小痣,窄鹅蛋脸（颧部外扩），压迫感眉骨/宽浅眼窝，蛇系眼·眼尾明显挑·窄眼距，高鼻根/微弧鼻梁/小圆鼻头，宽嘴·嘴角平直，明显下颌角
FD03782,长鹅蛋脸,中轴收紧,高额,高眉骨,中度眼窝,窄颧骨,薄面颊,骨感下颌,狼系眼,眼尾平直,宽眼距,墨玉瞳,宽鼻根,轻鹰钩鼻梁,骨感鼻头,薄唇,单侧上扬,异色瞳,长鹅蛋脸（中轴收紧），高眉骨/中度眼窝，狼系眼·眼尾平直·宽眼距，宽鼻根/轻鹰钩鼻梁/骨感鼻头，薄唇·单侧上扬，骨感下颌
FD03783,清瘦圆脸,颌角弱化,低额,高眉骨,眼下饱满,宽颧骨,薄面颊,收敛下颌,瑞凤眼,眼尾微挑,宽眼距,灰蓝瞳,低鼻根,轻微偏左鼻梁,小圆鼻头,弓形唇,嘴角平直,指节薄茧,清瘦圆脸（颌角弱化），高眉骨/眼下饱满，瑞凤眼·眼尾微挑·宽眼距，低鼻根/轻微偏左鼻梁/小圆鼻头，弓形唇·嘴角平直，收敛下颌
FD03784,短鹅蛋脸,颧部微收,骨感额,内侧突出眉骨,窄深眼窝,柔和颧骨,饱满面颊,明显下颌角,狭长眼,眼尾延展,标准眼距,琥珀瞳,低鼻根,轻微偏右鼻梁,下压鼻头,厚唇,嘴角紧收,异色瞳,短鹅蛋脸（颧部微收），内侧突出眉骨/窄深眼窝，狭长眼·眼尾延展·标准眼距，低鼻根/轻微偏右鼻梁/下压鼻头，厚唇·嘴角紧收，明显下颌角
FD03785,柔和菱形,颊部略凹,骨感额,柔和眉骨,中度眼窝,柔和颧骨,饱满面颊,骨感下颌,蛇系眼,眼尾下压,窄眼距,深色瞳,中高鼻根,轻微偏左鼻梁,骨感鼻头,平直唇,嘴角上扬,眉上小疤,柔和菱形（颊部略凹），柔和眉骨/中度眼窝，蛇系眼·眼尾下压·窄眼距，中高鼻根/轻微偏左鼻梁/骨感鼻头，平直唇·嘴角上扬，骨感下颌
FD03786,倒三角脸,面中平缓,饱满额,高眉骨,深眼窝,高颧骨,轻凹面颊,圆方下颌,长杏眼,眼尾延展,标准眼距,碎裂虹膜,宽鼻根,高直鼻梁,方圆鼻头,小嘴,单侧上扬,左颊浅疤,倒三角脸（面中平缓），高眉骨/深眼窝，长杏眼·眼尾延展·标准眼距，宽鼻根/高直鼻梁/方圆鼻头，小嘴·单侧上扬，圆方下颌
FD03787,短鹅蛋脸,偏柔圆润,平直额,厚眉骨,眼下骨感,宽颧骨,薄面颊,圆方下颌,狭长眼,眼尾明显挑,窄眼距,灰蓝瞳,低鼻根,高直鼻梁,骨感鼻头,平直唇,嘴角紧收,眉心竖纹浅痕,短鹅蛋脸（偏柔圆润），厚眉骨/眼下骨感，狭长眼·眼尾明显挑·窄眼距，低鼻根/高直鼻梁/骨感鼻头，平直唇·嘴角紧收，圆方下颌
FD03788,颧部展开脸,颌角强调,骨感额,薄眉骨,窄深眼窝,高颧骨,薄面颊,窄下颌,鹿系眼,眼尾下沉,标准眼距,碎裂虹膜,中鼻根,轻鹰钩鼻梁,骨感鼻头,上厚下薄,嘴角上扬,眼睑褶皱不对称,颧部展开脸（颌角强调），薄眉骨/窄深眼窝，鹿系眼·眼尾下沉·标准眼距，中鼻根/轻鹰钩鼻梁/骨感鼻头，上厚下薄·嘴角上扬，窄下颌
FD03789,柔和方脸,颊部略凹,窄额,压迫感眉骨,眼下饱满,高颧骨,轻凹面颊,宽下颌,成熟长眼,眼尾下沉,标准眼距,墨玉瞳,低鼻根,轻鹰钩鼻梁,小圆鼻头,厚唇,嘴角上扬,右眉轻断,柔和方脸（颊部略凹），压迫感眉骨/眼下饱满，成熟长眼·眼尾下沉·标准眼距，低鼻根/轻鹰钩鼻梁/小圆鼻头，厚唇·嘴角上扬，宽下颌
FD03790,短方脸,颊部饱满,微凸额,柔和眉骨,眼下骨感,柔和颧骨,幼态柔软面颊,明显下颌角,丹凤眼,眼尾明显挑,窄眼距,灰蓝瞳,高鼻根,中直鼻梁,方圆鼻头,小嘴,嘴角上扬,下颌浅疤,短方脸（颊部饱满），柔和眉骨/眼下骨感，丹凤眼·眼尾明显挑·窄眼距，高鼻根/中直鼻梁/方圆鼻头，小嘴·嘴角上扬，明显下颌角
FD03791,骨感方脸,下颌线柔化,宽额,厚眉骨,窄深眼窝,窄颧骨,幼态柔软面颊,窄下颌,狭长瑞凤眼,眼尾下压,标准眼距,深色瞳,窄鼻根,高直鼻梁,窄翼鼻头,弓形唇,单侧上扬,耳后小痣,骨感方脸（下颌线柔化），厚眉骨/窄深眼窝，狭长瑞凤眼·眼尾下压·标准眼距，窄鼻根/高直鼻梁/窄翼鼻头，弓形唇·单侧上扬，窄下颌
FD03792,柔和方脸,颌角弱化,饱满额,柔和眉骨,宽浅眼窝,宽颧骨,薄面颊,窄下颌,鹰隼眼,眼尾平直,标准眼距,环状虹膜,高鼻根,柔和鼻梁,小圆鼻头,上薄下厚,嘴角紧收,眉上小疤,柔和方脸（颌角弱化），柔和眉骨/宽浅眼窝，鹰隼眼·眼尾平直·标准眼距，高鼻根/柔和鼻梁/小圆鼻头，上薄下厚·嘴角紧收，窄下颌
FD03793,成熟方脸,上庭展开,窄额,低眉骨,宽浅眼窝,柔和颧骨,幼态柔软面颊,柔和下颌,半睁懒眼,眼尾微挑,窄眼距,浅褐瞳,宽鼻根,柔和鼻梁,肉感鼻头,平直唇,嘴角平直,左颊浅疤,成熟方脸（上庭展开），低眉骨/宽浅眼窝，半睁懒眼·眼尾微挑·窄眼距，宽鼻根/柔和鼻梁/肉感鼻头，平直唇·嘴角平直，柔和下颌
FD03794,长菱形,骨点内敛,骨感额,柔和眉骨,宽浅眼窝,宽颧骨,轻凹面颊,圆方下颌,丹凤眼,眼尾延展,标准眼距,环状虹膜,中高鼻根,轻微偏右鼻梁,骨感鼻头,厚唇,嘴角紧收,瞳孔残缺,长菱形（骨点内敛），柔和眉骨/宽浅眼窝，丹凤眼·眼尾延展·标准眼距，中高鼻根/轻微偏右鼻梁/骨感鼻头，厚唇·嘴角紧收，圆方下颌
FD03795,方菱过渡脸,颊部略凹,微凸额,压迫感眉骨,眼下饱满,高颧骨,幼态柔软面颊,明显下颌角,少年圆眼,眼尾微挑,标准眼距,浅褐瞳,窄鼻根,高直鼻梁,下压鼻头,弓形唇,单侧上扬,眉尾旧疤,方菱过渡脸（颊部略凹），压迫感眉骨/眼下饱满，少年圆眼·眼尾微挑·标准眼距，窄鼻根/高直鼻梁/下压鼻头，弓形唇·单侧上扬，明显下颌角
FD03796,圆方脸,上庭收窄,低额,内侧突出眉骨,眼下骨感,柔和颧骨,幼态柔软面颊,收敛下颌,宽杏眼,眼尾延展,宽眼距,碎裂虹膜,高鼻根,轻鹰钩鼻梁,轻翘鼻头,小嘴,嘴角平直,唇下小痣,圆方脸（上庭收窄），内侧突出眉骨/眼下骨感，宽杏眼·眼尾延展·宽眼距，高鼻根/轻鹰钩鼻梁/轻翘鼻头，小嘴·嘴角平直，收敛下颌
FD03797,方鹅蛋脸,颌角强调,饱满额,外侧突出眉骨,中度眼窝,宽颧骨,薄面颊,明显下颌角,疲惫眼,眼尾下沉,窄眼距,琥珀瞳,中鼻根,高直鼻梁,方圆鼻头,平直唇,嘴角下垂,耳后小痣,方鹅蛋脸（颌角强调），外侧突出眉骨/中度眼窝，疲惫眼·眼尾下沉·窄眼距，中鼻根/高直鼻梁/方圆鼻头，平直唇·嘴角下垂，明显下颌角
FD03798,肉感短脸,颊部略凹,饱满额,厚眉骨,窄深眼窝,外扩颧骨,饱满面颊,窄下颌,短圆杏眼,眼尾平直,宽眼距,碎裂虹膜,低鼻根,柔和鼻梁,方圆鼻头,薄唇,嘴角紧收,眉尾旧疤,肉感短脸（颊部略凹），厚眉骨/窄深眼窝，短圆杏眼·眼尾平直·宽眼距，低鼻根/柔和鼻梁/方圆鼻头，薄唇·嘴角紧收，窄下颌
FD03799,心形脸,下颌线柔化,微凸额,厚眉骨,眼下饱满,宽颧骨,轻凹面颊,宽下颌,平直杏眼,眼尾延展,标准眼距,琥珀瞳,中高鼻根,轻微偏左鼻梁,肉感鼻头,厚唇,单侧上扬,鼻梁旧伤,心形脸（下颌线柔化），厚眉骨/眼下饱满，平直杏眼·眼尾延展·标准眼距，中高鼻根/轻微偏左鼻梁/肉感鼻头，厚唇·单侧上扬，宽下颌
FD03800,颧部展开脸,下颌线清晰化,微凸额,低眉骨,眼下饱满,宽颧骨,轻凹面颊,窄下颌,狭长瑞凤眼,眼尾微挑,标准眼距,星点虹膜,宽鼻根,轻微偏右鼻梁,骨感鼻头,厚唇,嘴角紧收,右眼下浅泪痣,颧部展开脸（下颌线清晰化），低眉骨/眼下饱满，狭长瑞凤眼·眼尾微挑·标准眼距，宽鼻根/轻微偏右鼻梁/骨感鼻头，厚唇·嘴角紧收，窄下颌
FD03801,骨感方脸,颈部线条收短,微凸额,薄眉骨,眼下骨感,柔和颧骨,饱满面颊,骨感下颌,狐狸系眼,眼尾延展,宽眼距,淡金瞳,窄鼻根,微弧鼻梁,肉感鼻头,上薄下厚,嘴角紧收,眼睑褶皱不对称,骨感方脸（颈部线条收短），薄眉骨/眼下骨感，狐狸系眼·眼尾延展·宽眼距，窄鼻根/微弧鼻梁/肉感鼻头，上薄下厚·嘴角紧收，骨感下颌
FD03802,长圆脸,上庭展开,骨感额,低眉骨,宽浅眼窝,宽颧骨,薄面颊,柔和下颌,瑞凤眼,眼尾明显挑,窄眼距,墨玉瞳,低鼻根,中直鼻梁,方圆鼻头,上厚下薄,嘴角平直,无标志,长圆脸（上庭展开），低眉骨/宽浅眼窝，瑞凤眼·眼尾明显挑·窄眼距，低鼻根/中直鼻梁/方圆鼻头，上厚下薄·嘴角平直，柔和下颌
FD03803,长方脸,下庭加重,宽额,内侧突出眉骨,浅眼窝,柔和颧骨,幼态柔软面颊,明显下颌角,鹿系眼,眼尾微挑,标准眼距,星点虹膜,窄鼻根,轻微偏右鼻梁,下压鼻头,厚唇,嘴角下垂,异色瞳,长方脸（下庭加重），内侧突出眉骨/浅眼窝，鹿系眼·眼尾微挑·标准眼距，窄鼻根/轻微偏右鼻梁/下压鼻头，厚唇·嘴角下垂，明显下颌角
FD03804,圆方脸,颈部线条延长,平直额,薄眉骨,眼下骨感,低颧骨,轻凹面颊,骨感下颌,柳叶眼,眼尾下沉,窄眼距,灰蓝瞳,窄鼻根,微弧鼻梁,轻翘鼻头,上薄下厚,嘴角平直,耳后小痣,圆方脸（颈部线条延长），薄眉骨/眼下骨感，柳叶眼·眼尾下沉·窄眼距，窄鼻根/微弧鼻梁/轻翘鼻头，上薄下厚·嘴角平直，骨感下颌
FD03805,肉感短脸,颌角强调,低额,压迫感眉骨,窄深眼窝,高颧骨,幼态柔软面颊,明显下颌角,疲惫眼,眼尾平直,标准眼距,灰蓝瞳,低鼻根,高直鼻梁,窄翼鼻头,上薄下厚,嘴角下垂,环状虹膜,肉感短脸（颌角强调），压迫感眉骨/窄深眼窝，疲惫眼·眼尾平直·标准眼距，低鼻根/高直鼻梁/窄翼鼻头，上薄下厚·嘴角下垂，明显下颌角
FD03806,上窄下宽脸,颌角弱化,宽额,高眉骨,宽浅眼窝,低颧骨,成熟收紧面颊,圆方下颌,短杏眼,眼尾延展,窄眼距,碎裂虹膜,低鼻根,中直鼻梁,骨感鼻头,平直唇,单侧上扬,瞳孔残缺,上窄下宽脸（颌角弱化），高眉骨/宽浅眼窝，短杏眼·眼尾延展·窄眼距，低鼻根/中直鼻梁/骨感鼻头，平直唇·单侧上扬，圆方下颌
FD03807,短方脸,面中平缓,窄额,高眉骨,眼下饱满,柔和颧骨,薄面颊,收敛下颌,桃花眼,眼尾下沉,窄眼距,环状虹膜,中鼻根,中直鼻梁,小圆鼻头,平直唇,嘴角上扬,眉上小疤,短方脸（面中平缓），高眉骨/眼下饱满，桃花眼·眼尾下沉·窄眼距，中鼻根/中直鼻梁/小圆鼻头，平直唇·嘴角上扬，收敛下颌
FD03808,倒三角脸,颧部微收,窄额,低眉骨,眼下骨感,外扩颧骨,成熟收紧面颊,骨感下颌,狐狸系眼,眼尾下沉,窄眼距,异色瞳,高鼻根,柔和鼻梁,下压鼻头,厚唇,嘴角紧收,右眼下浅泪痣,倒三角脸（颧部微收），低眉骨/眼下骨感，狐狸系眼·眼尾下沉·窄眼距，高鼻根/柔和鼻梁/下压鼻头，厚唇·嘴角紧收，骨感下颌
FD03809,倒梯形脸,偏柔圆润,骨感额,薄眉骨,眼下饱满,低颧骨,幼态柔软面颊,方下颌,上扬凤眼,眼尾明显挑,标准眼距,深色瞳,中鼻根,轻鹰钩鼻梁,小圆鼻头,厚唇,单侧上扬,无标志,倒梯形脸（偏柔圆润），薄眉骨/眼下饱满，上扬凤眼·眼尾明显挑·标准眼距，中鼻根/轻鹰钩鼻梁/小圆鼻头，厚唇·单侧上扬，方下颌
FD03810,清瘦圆脸,中轴微长,高额,薄眉骨,宽浅眼窝,高颧骨,幼态柔软面颊,方下颌,鹰隼眼,眼尾明显挑,窄眼距,异色瞳,低鼻根,微弧鼻梁,小圆鼻头,薄唇,嘴角下垂,右眼下浅泪痣,清瘦圆脸（中轴微长），薄眉骨/宽浅眼窝，鹰隼眼·眼尾明显挑·窄眼距，低鼻根/微弧鼻梁/小圆鼻头，薄唇·嘴角下垂，方下颌
FD03811,上宽下窄脸,下颌线清晰化,高额,柔和眉骨,中度眼窝,窄颧骨,幼态柔软面颊,收敛下颌,柳叶眼,眼尾微挑,窄眼距,异色瞳,中高鼻根,轻微偏右鼻梁,骨感鼻头,宽嘴,嘴角平直,眉心竖纹浅痕,上宽下窄脸（下颌线清晰化），柔和眉骨/中度眼窝，柳叶眼·眼尾微挑·窄眼距，中高鼻根/轻微偏右鼻梁/骨感鼻头，宽嘴·嘴角平直，收敛下颌
FD03812,长心形脸,中庭展宽,低额,高眉骨,浅眼窝,外扩颧骨,幼态柔软面颊,方下颌,瑞凤眼,眼尾微挑,标准眼距,浅褐瞳,低鼻根,轻微偏右鼻梁,方圆鼻头,上薄下厚,嘴角平直,左颊浅疤,长心形脸（中庭展宽），高眉骨/浅眼窝，瑞凤眼·眼尾微挑·标准眼距，低鼻根/轻微偏右鼻梁/方圆鼻头，上薄下厚·嘴角平直，方下颌
FD03813,短方脸,上庭收窄,窄额,厚眉骨,宽浅眼窝,宽颧骨,薄面颊,收敛下颌,冷感眼,眼尾明显挑,标准眼距,淡金瞳,中鼻根,宽骨鼻梁,轻翘鼻头,成熟长唇,嘴角下垂,无标志,短方脸（上庭收窄），厚眉骨/宽浅眼窝，冷感眼·眼尾明显挑·标准眼距，中鼻根/宽骨鼻梁/轻翘鼻头，成熟长唇·嘴角下垂，收敛下颌
FD03814,鹅蛋偏方,下颌线柔化,平直额,柔和眉骨,眼下骨感,外扩颧骨,饱满面颊,方下颌,鹤系眼,眼尾延展,窄眼距,深色瞳,窄鼻根,微弧鼻梁,小圆鼻头,弓形唇,嘴角下垂,无标志,鹅蛋偏方（下颌线柔化），柔和眉骨/眼下骨感，鹤系眼·眼尾延展·窄眼距，窄鼻根/微弧鼻梁/小圆鼻头，弓形唇·嘴角下垂，方下颌
FD03815,柔和方脸,颈部线条延长,窄额,柔和眉骨,窄深眼窝,柔和颧骨,轻凹面颊,骨感下颌,鹰隼眼,眼尾下压,标准眼距,淡金瞳,中鼻根,柔和鼻梁,窄翼鼻头,宽嘴,嘴角紧收,右眉轻断,柔和方脸（颈部线条延长），柔和眉骨/窄深眼窝，鹰隼眼·眼尾下压·标准眼距，中鼻根/柔和鼻梁/窄翼鼻头，宽嘴·嘴角紧收，骨感下颌
FD03816,长心形脸,中庭拉长,饱满额,柔和眉骨,宽浅眼窝,高颧骨,薄面颊,明显下颌角,狭长瑞凤眼,眼尾延展,标准眼距,碎裂虹膜,低鼻根,中直鼻梁,微钝鼻头,宽嘴,单侧上扬,右眼下浅泪痣,长心形脸（中庭拉长），柔和眉骨/宽浅眼窝，狭长瑞凤眼·眼尾延展·标准眼距，低鼻根/中直鼻梁/微钝鼻头，宽嘴·单侧上扬，明显下颌角
FD03817,短圆脸,颌角强调,高额,柔和眉骨,浅眼窝,窄颧骨,薄面颊,宽下颌,蛇系眼,眼尾下压,窄眼距,星点虹膜,宽鼻根,柔和鼻梁,方圆鼻头,小嘴,嘴角平直,耳后小痣,短圆脸（颌角强调），柔和眉骨/浅眼窝，蛇系眼·眼尾下压·窄眼距，宽鼻根/柔和鼻梁/方圆鼻头，小嘴·嘴角平直，宽下颌
FD03818,幼态圆脸,下庭加重,高额,高眉骨,深眼窝,外扩颧骨,成熟收紧面颊,明显下颌角,圆长眼,眼尾下沉,标准眼距,碎裂虹膜,中高鼻根,轻微偏左鼻梁,小圆鼻头,厚唇,嘴角平直,左颊浅疤,幼态圆脸（下庭加重），高眉骨/深眼窝，圆长眼·眼尾下沉·标准眼距，中高鼻根/轻微偏左鼻梁/小圆鼻头，厚唇·嘴角平直，明显下颌角
FD03819,倒三角脸,面中立体化,微凸额,高眉骨,深眼窝,高颧骨,饱满面颊,圆方下颌,上扬凤眼,眼尾明显挑,标准眼距,淡金瞳,低鼻根,中直鼻梁,方圆鼻头,小嘴,嘴角紧收,左眼下浅泪痣,倒三角脸（面中立体化），高眉骨/深眼窝，上扬凤眼·眼尾明显挑·标准眼距，低鼻根/中直鼻梁/方圆鼻头，小嘴·嘴角紧收，圆方下颌
FD03820,标准菱形,偏柔圆润,平直额,薄眉骨,中度眼窝,柔和颧骨,饱满面颊,宽下颌,平凤眼,眼尾明显挑,窄眼距,墨玉瞳,高鼻根,微弧鼻梁,下压鼻头,上薄下厚,嘴角紧收,额角旧痕,标准菱形（偏柔圆润），薄眉骨/中度眼窝，平凤眼·眼尾明显挑·窄眼距，高鼻根/微弧鼻梁/下压鼻头，上薄下厚·嘴角紧收，宽下颌
FD03821,骨感菱形,骨点外显,微凸额,外侧突出眉骨,浅眼窝,宽颧骨,薄面颊,骨感下颌,丹凤眼,眼尾下压,窄眼距,环状虹膜,高鼻根,轻微偏右鼻梁,窄翼鼻头,宽嘴,嘴角上扬,环状虹膜,骨感菱形（骨点外显），外侧突出眉骨/浅眼窝，丹凤眼·眼尾下压·窄眼距，高鼻根/轻微偏右鼻梁/窄翼鼻头，宽嘴·嘴角上扬，骨感下颌
FD03822,梨形脸,中轴微长,宽额,高眉骨,眼下骨感,高颧骨,轻凹面颊,圆方下颌,狐狸系眼,眼尾下压,宽眼距,碎裂虹膜,窄鼻根,轻微偏右鼻梁,小圆鼻头,平直唇,单侧上扬,唇下小痣,梨形脸（中轴微长），高眉骨/眼下骨感，狐狸系眼·眼尾下压·宽眼距，窄鼻根/轻微偏右鼻梁/小圆鼻头，平直唇·单侧上扬，圆方下颌
FD03823,宽菱形,面中立体化,饱满额,柔和眉骨,浅眼窝,外扩颧骨,成熟收紧面颊,收敛下颌,狭长眼,眼尾延展,窄眼距,异色瞳,低鼻根,高直鼻梁,微钝鼻头,宽嘴,嘴角下垂,颈侧细疤,宽菱形（面中立体化），柔和眉骨/浅眼窝，狭长眼·眼尾延展·窄眼距，低鼻根/高直鼻梁/微钝鼻头，宽嘴·嘴角下垂，收敛下颌
FD03824,骨感方脸,下庭加重,高额,柔和眉骨,宽浅眼窝,宽颧骨,幼态柔软面颊,窄下颌,狼系眼,眼尾微挑,窄眼距,墨玉瞳,窄鼻根,微弧鼻梁,轻翘鼻头,薄唇,单侧上扬,眉心竖纹浅痕,骨感方脸（下庭加重），柔和眉骨/宽浅眼窝，狼系眼·眼尾微挑·窄眼距，窄鼻根/微弧鼻梁/轻翘鼻头，薄唇·单侧上扬，窄下颌
FD03825,骨感方脸,颌角弱化,窄额,外侧突出眉骨,眼下饱满,宽颧骨,薄面颊,宽下颌,狼系眼,眼尾下压,标准眼距,异色瞳,宽鼻根,轻微偏右鼻梁,微钝鼻头,薄唇,嘴角紧收,眉尾旧疤,骨感方脸（颌角弱化），外侧突出眉骨/眼下饱满，狼系眼·眼尾下压·标准眼距，宽鼻根/轻微偏右鼻梁/微钝鼻头，薄唇·嘴角紧收，宽下颌
FD03826,鹅蛋偏菱,面中立体化,低额,低眉骨,中度眼窝,宽颧骨,饱满面颊,圆方下颌,半睁懒眼,眼尾下压,窄眼距,琥珀瞳,低鼻根,微弧鼻梁,微钝鼻头,成熟长唇,嘴角紧收,左眼下浅泪痣,鹅蛋偏菱（面中立体化），低眉骨/中度眼窝，半睁懒眼·眼尾下压·窄眼距，低鼻根/微弧鼻梁/微钝鼻头，成熟长唇·嘴角紧收，圆方下颌
FD03827,宽心形脸,颈部线条延长,饱满额,厚眉骨,浅眼窝,柔和颧骨,薄面颊,骨感下颌,桃花眼,眼尾下沉,标准眼距,灰蓝瞳,低鼻根,轻微偏右鼻梁,下压鼻头,薄唇,嘴角上扬,眉上小疤,宽心形脸（颈部线条延长），厚眉骨/浅眼窝，桃花眼·眼尾下沉·标准眼距，低鼻根/轻微偏右鼻梁/下压鼻头，薄唇·嘴角上扬，骨感下颌
FD03828,长鹅蛋脸,颧部微收,低额,低眉骨,眼下饱满,柔和颧骨,饱满面颊,方下颌,桃花眼,眼尾延展,标准眼距,淡金瞳,低鼻根,高直鼻梁,方圆鼻头,薄唇,嘴角平直,眼角小痣,长鹅蛋脸（颧部微收），低眉骨/眼下饱满，桃花眼·眼尾延展·标准眼距，低鼻根/高直鼻梁/方圆鼻头，薄唇·嘴角平直，方下颌
FD03829,圆方脸,颊部略凹,饱满额,高眉骨,眼下饱满,柔和颧骨,幼态柔软面颊,方下颌,冷感眼,眼尾明显挑,宽眼距,环状虹膜,窄鼻根,中直鼻梁,骨感鼻头,上厚下薄,嘴角上扬,碎裂虹膜,圆方脸（颊部略凹），高眉骨/眼下饱满，冷感眼·眼尾明显挑·宽眼距，窄鼻根/中直鼻梁/骨感鼻头，上厚下薄·嘴角上扬，方下颌
FD03830,方菱过渡脸,下颌线柔化,微凸额,薄眉骨,眼下饱满,外扩颧骨,轻凹面颊,窄下颌,丹凤眼,眼尾下压,标准眼距,环状虹膜,高鼻根,高直鼻梁,窄翼鼻头,薄唇,单侧上扬,双侧酒窝,方菱过渡脸（下颌线柔化），薄眉骨/眼下饱满，丹凤眼·眼尾下压·标准眼距，高鼻根/高直鼻梁/窄翼鼻头，薄唇·单侧上扬，窄下颌
FD03831,柔和菱形,颌角强调,饱满额,高眉骨,中度眼窝,高颧骨,幼态柔软面颊,柔和下颌,狭长瑞凤眼,眼尾明显挑,宽眼距,灰蓝瞳,低鼻根,轻微偏右鼻梁,小圆鼻头,薄唇,嘴角上扬,无标志,柔和菱形（颌角强调），高眉骨/中度眼窝，狭长瑞凤眼·眼尾明显挑·宽眼距，低鼻根/轻微偏右鼻梁/小圆鼻头，薄唇·嘴角上扬，柔和下颌
FD03832,方鹅蛋脸,颊部饱满,微凸额,内侧突出眉骨,窄深眼窝,柔和颧骨,薄面颊,收敛下颌,成熟长眼,眼尾下沉,宽眼距,异色瞳,低鼻根,轻微偏右鼻梁,肉感鼻头,上薄下厚,嘴角下垂,单侧虎牙,方鹅蛋脸（颊部饱满），内侧突出眉骨/窄深眼窝，成熟长眼·眼尾下沉·宽眼距，低鼻根/轻微偏右鼻梁/肉感鼻头，上薄下厚·嘴角下垂，收敛下颌
FD03833,骨感方脸,骨点内敛,高额,厚眉骨,浅眼窝,柔和颧骨,饱满面颊,收敛下颌,成熟长眼,眼尾下压,宽眼距,灰蓝瞳,宽鼻根,柔和鼻梁,轻翘鼻头,弓形唇,嘴角下垂,耳后小痣,骨感方脸（骨点内敛），厚眉骨/浅眼窝，成熟长眼·眼尾下压·宽眼距，宽鼻根/柔和鼻梁/轻翘鼻头，弓形唇·嘴角下垂，收敛下颌
FD03834,宽菱形,颈部线条收短,高额,低眉骨,宽浅眼窝,外扩颧骨,薄面颊,方下颌,狭长瑞凤眼,眼尾明显挑,窄眼距,深色瞳,中鼻根,柔和鼻梁,微钝鼻头,平直唇,嘴角上扬,环状虹膜,宽菱形（颈部线条收短），低眉骨/宽浅眼窝，狭长瑞凤眼·眼尾明显挑·窄眼距，中鼻根/柔和鼻梁/微钝鼻头，平直唇·嘴角上扬，方下颌
FD03835,长鹅蛋脸,偏柔圆润,宽额,高眉骨,深眼窝,窄颧骨,幼态柔软面颊,窄下颌,短圆杏眼,眼尾平直,宽眼距,墨玉瞳,中高鼻根,轻鹰钩鼻梁,窄翼鼻头,上厚下薄,嘴角下垂,单侧虎牙,长鹅蛋脸（偏柔圆润），高眉骨/深眼窝，短圆杏眼·眼尾平直·宽眼距，中高鼻根/轻鹰钩鼻梁/窄翼鼻头，上厚下薄·嘴角下垂，窄下颌
FD03836,倒梯形脸,偏锐收窄,宽额,低眉骨,中度眼窝,柔和颧骨,饱满面颊,方下颌,鹤系眼,眼尾下沉,窄眼距,碎裂虹膜,中鼻根,柔和鼻梁,窄翼鼻头,弓形唇,单侧上扬,无标志,倒梯形脸（偏锐收窄），低眉骨/中度眼窝，鹤系眼·眼尾下沉·窄眼距，中鼻根/柔和鼻梁/窄翼鼻头，弓形唇·单侧上扬，方下颌
FD03837,圆脸,颊部略凹,宽额,薄眉骨,眼下饱满,窄颧骨,薄面颊,宽下颌,鹿系眼,眼尾明显挑,宽眼距,灰蓝瞳,低鼻根,宽骨鼻梁,方圆鼻头,宽嘴,嘴角下垂,单侧虎牙,圆脸（颊部略凹），薄眉骨/眼下饱满，鹿系眼·眼尾明显挑·宽眼距，低鼻根/宽骨鼻梁/方圆鼻头，宽嘴·嘴角下垂，宽下颌
FD03838,标准菱形,上庭展开,平直额,厚眉骨,宽浅眼窝,高颧骨,成熟收紧面颊,骨感下颌,丹凤眼,眼尾明显挑,标准眼距,琥珀瞳,宽鼻根,轻微偏左鼻梁,肉感鼻头,弓形唇,嘴角下垂,碎裂虹膜,标准菱形（上庭展开），厚眉骨/宽浅眼窝，丹凤眼·眼尾明显挑·标准眼距，宽鼻根/轻微偏左鼻梁/肉感鼻头，弓形唇·嘴角下垂，骨感下颌
FD03839,长圆脸,颧部微收,高额,内侧突出眉骨,眼下骨感,柔和颧骨,幼态柔软面颊,收敛下颌,狼系眼,眼尾延展,窄眼距,灰蓝瞳,中鼻根,中直鼻梁,窄翼鼻头,平直唇,嘴角平直,单侧酒窝,长圆脸（颧部微收），内侧突出眉骨/眼下骨感，狼系眼·眼尾延展·窄眼距，中鼻根/中直鼻梁/窄翼鼻头，平直唇·嘴角平直，收敛下颌
FD03840,长心形脸,下颌线清晰化,高额,内侧突出眉骨,窄深眼窝,外扩颧骨,薄面颊,明显下颌角,柳叶眼,眼尾下沉,窄眼距,星点虹膜,高鼻根,高直鼻梁,骨感鼻头,成熟长唇,嘴角紧收,颈侧细疤,长心形脸（下颌线清晰化），内侧突出眉骨/窄深眼窝，柳叶眼·眼尾下沉·窄眼距，高鼻根/高直鼻梁/骨感鼻头，成熟长唇·嘴角紧收，明显下颌角
FD03841,长心形脸,下颌线柔化,微凸额,薄眉骨,中度眼窝,柔和颧骨,饱满面颊,方下颌,短圆杏眼,眼尾下压,宽眼距,灰蓝瞳,中鼻根,微弧鼻梁,骨感鼻头,宽嘴,嘴角平直,下颌浅疤,长心形脸（下颌线柔化），薄眉骨/中度眼窝，短圆杏眼·眼尾下压·宽眼距，中鼻根/微弧鼻梁/骨感鼻头，宽嘴·嘴角平直，方下颌
FD03842,长鹅蛋脸,下颌线柔化,骨感额,厚眉骨,眼下饱满,宽颧骨,薄面颊,收敛下颌,短杏眼,眼尾平直,窄眼距,环状虹膜,窄鼻根,轻鹰钩鼻梁,方圆鼻头,宽嘴,嘴角平直,下颌浅疤,长鹅蛋脸（下颌线柔化），厚眉骨/眼下饱满，短杏眼·眼尾平直·窄眼距，窄鼻根/轻鹰钩鼻梁/方圆鼻头，宽嘴·嘴角平直，收敛下颌
FD03843,双颌匀称脸,中庭展宽,饱满额,低眉骨,浅眼窝,外扩颧骨,饱满面颊,窄下颌,狐狸系眼,眼尾下压,窄眼距,淡金瞳,窄鼻根,轻微偏右鼻梁,骨感鼻头,薄唇,嘴角紧收,眼睑褶皱不对称,双颌匀称脸（中庭展宽），低眉骨/浅眼窝，狐狸系眼·眼尾下压·窄眼距，窄鼻根/轻微偏右鼻梁/骨感鼻头，薄唇·嘴角紧收，窄下颌
FD03844,倒三角脸,中轴收紧,低额,薄眉骨,窄深眼窝,外扩颧骨,幼态柔软面颊,柔和下颌,鹤系眼,眼尾平直,宽眼距,异色瞳,高鼻根,轻微偏右鼻梁,方圆鼻头,厚唇,嘴角平直,环状虹膜,倒三角脸（中轴收紧），薄眉骨/窄深眼窝，鹤系眼·眼尾平直·宽眼距，高鼻根/轻微偏右鼻梁/方圆鼻头，厚唇·嘴角平直，柔和下颌
FD03845,方鹅蛋脸,下庭加重,骨感额,柔和眉骨,中度眼窝,柔和颧骨,饱满面颊,收敛下颌,圆长眼,眼尾平直,标准眼距,灰蓝瞳,高鼻根,高直鼻梁,小圆鼻头,平直唇,嘴角下垂,环状虹膜,方鹅蛋脸（下庭加重），柔和眉骨/中度眼窝，圆长眼·眼尾平直·标准眼距，高鼻根/高直鼻梁/小圆鼻头，平直唇·嘴角下垂，收敛下颌
FD03846,长方脸,上庭收窄,平直额,厚眉骨,眼下饱满,外扩颧骨,幼态柔软面颊,方下颌,平直杏眼,眼尾明显挑,标准眼距,琥珀瞳,中鼻根,轻鹰钩鼻梁,下压鼻头,平直唇,嘴角平直,环状虹膜,长方脸（上庭收窄），厚眉骨/眼下饱满，平直杏眼·眼尾明显挑·标准眼距，中鼻根/轻鹰钩鼻梁/下压鼻头，平直唇·嘴角平直，方下颌
FD03847,鹅蛋偏方,上庭展开,微凸额,高眉骨,窄深眼窝,高颧骨,饱满面颊,方下颌,长杏眼,眼尾下压,窄眼距,墨玉瞳,中高鼻根,柔和鼻梁,小圆鼻头,小嘴,嘴角上扬,异色瞳,鹅蛋偏方（上庭展开），高眉骨/窄深眼窝，长杏眼·眼尾下压·窄眼距，中高鼻根/柔和鼻梁/小圆鼻头，小嘴·嘴角上扬，方下颌
FD03848,幼态圆脸,上庭展开,窄额,柔和眉骨,中度眼窝,高颧骨,轻凹面颊,收敛下颌,狭长瑞凤眼,眼尾延展,宽眼距,灰蓝瞳,低鼻根,轻微偏左鼻梁,微钝鼻头,弓形唇,单侧上扬,左颊浅疤,幼态圆脸（上庭展开），柔和眉骨/中度眼窝，狭长瑞凤眼·眼尾延展·宽眼距，低鼻根/轻微偏左鼻梁/微钝鼻头，弓形唇·单侧上扬，收敛下颌
FD03849,倒梯形脸,颌角强调,窄额,高眉骨,浅眼窝,低颧骨,成熟收紧面颊,圆方下颌,平直杏眼,眼尾延展,窄眼距,碎裂虹膜,高鼻根,柔和鼻梁,方圆鼻头,上薄下厚,嘴角下垂,无标志,倒梯形脸（颌角强调），高眉骨/浅眼窝，平直杏眼·眼尾延展·窄眼距，高鼻根/柔和鼻梁/方圆鼻头，上薄下厚·嘴角下垂，圆方下颌
FD03850,倒三角脸,骨点外显,骨感额,柔和眉骨,深眼窝,外扩颧骨,成熟收紧面颊,柔和下颌,窄杏眼,眼尾下压,窄眼距,深色瞳,低鼻根,宽骨鼻梁,微钝鼻头,弓形唇,嘴角上扬,下颌浅疤,倒三角脸（骨点外显），柔和眉骨/深眼窝，窄杏眼·眼尾下压·窄眼距，低鼻根/宽骨鼻梁/微钝鼻头，弓形唇·嘴角上扬，柔和下颌
FD03851,宽菱形,偏锐收窄,宽额,薄眉骨,窄深眼窝,柔和颧骨,饱满面颊,柔和下颌,狭长瑞凤眼,眼尾微挑,窄眼距,星点虹膜,窄鼻根,轻微偏右鼻梁,微钝鼻头,上厚下薄,嘴角紧收,瞳孔残缺,宽菱形（偏锐收窄），薄眉骨/窄深眼窝，狭长瑞凤眼·眼尾微挑·窄眼距，窄鼻根/轻微偏右鼻梁/微钝鼻头，上厚下薄·嘴角紧收，柔和下颌
FD03852,柔和方脸,中庭展宽,饱满额,薄眉骨,浅眼窝,高颧骨,薄面颊,窄下颌,鹰隼眼,眼尾下沉,宽眼距,深色瞳,宽鼻根,高直鼻梁,轻翘鼻头,弓形唇,嘴角平直,下颌浅疤,柔和方脸（中庭展宽），薄眉骨/浅眼窝，鹰隼眼·眼尾下沉·宽眼距，宽鼻根/高直鼻梁/轻翘鼻头，弓形唇·嘴角平直，窄下颌
FD03853,颧部展开脸,骨点内敛,窄额,压迫感眉骨,眼下饱满,低颧骨,薄面颊,方下颌,半睁懒眼,眼尾微挑,宽眼距,灰蓝瞳,中高鼻根,高直鼻梁,肉感鼻头,上薄下厚,单侧上扬,眼角小痣,颧部展开脸（骨点内敛），压迫感眉骨/眼下饱满，半睁懒眼·眼尾微挑·宽眼距，中高鼻根/高直鼻梁/肉感鼻头，上薄下厚·单侧上扬，方下颌
FD03854,宽心形脸,面中立体化,饱满额,压迫感眉骨,宽浅眼窝,高颧骨,饱满面颊,窄下颌,圆长眼,眼尾延展,标准眼距,异色瞳,宽鼻根,柔和鼻梁,微钝鼻头,成熟长唇,嘴角下垂,无标志,宽心形脸（面中立体化），压迫感眉骨/宽浅眼窝，圆长眼·眼尾延展·标准眼距，宽鼻根/柔和鼻梁/微钝鼻头，成熟长唇·嘴角下垂，窄下颌
FD03855,倒梯形脸,中轴收紧,宽额,柔和眉骨,浅眼窝,柔和颧骨,薄面颊,明显下颌角,柳叶眼,眼尾微挑,标准眼距,琥珀瞳,窄鼻根,柔和鼻梁,肉感鼻头,宽嘴,嘴角紧收,耳后小痣,倒梯形脸（中轴收紧），柔和眉骨/浅眼窝，柳叶眼·眼尾微挑·标准眼距，窄鼻根/柔和鼻梁/肉感鼻头，宽嘴·嘴角紧收，明显下颌角
FD03856,窄方脸,下颌线柔化,高额,外侧突出眉骨,窄深眼窝,柔和颧骨,饱满面颊,宽下颌,疲惫眼,眼尾下压,窄眼距,浅褐瞳,高鼻根,高直鼻梁,窄翼鼻头,上厚下薄,嘴角平直,环状虹膜,窄方脸（下颌线柔化），外侧突出眉骨/窄深眼窝，疲惫眼·眼尾下压·窄眼距，高鼻根/高直鼻梁/窄翼鼻头，上厚下薄·嘴角平直，宽下颌
FD03857,圆脸,中庭拉长,宽额,内侧突出眉骨,窄深眼窝,低颧骨,饱满面颊,圆方下颌,疲惫眼,眼尾平直,标准眼距,星点虹膜,低鼻根,高直鼻梁,肉感鼻头,上薄下厚,单侧上扬,耳后小痣,圆脸（中庭拉长），内侧突出眉骨/窄深眼窝，疲惫眼·眼尾平直·标准眼距，低鼻根/高直鼻梁/肉感鼻头，上薄下厚·单侧上扬，圆方下颌
FD03858,长圆脸,颈部线条延长,微凸额,薄眉骨,眼下饱满,低颧骨,幼态柔软面颊,收敛下颌,冷感眼,眼尾平直,窄眼距,深色瞳,中鼻根,微弧鼻梁,下压鼻头,平直唇,嘴角平直,环状虹膜,长圆脸（颈部线条延长），薄眉骨/眼下饱满，冷感眼·眼尾平直·窄眼距，中鼻根/微弧鼻梁/下压鼻头，平直唇·嘴角平直，收敛下颌
FD03859,窄方脸,中庭拉长,骨感额,高眉骨,浅眼窝,窄颧骨,成熟收紧面颊,方下颌,短圆杏眼,眼尾微挑,标准眼距,异色瞳,窄鼻根,轻鹰钩鼻梁,小圆鼻头,平直唇,嘴角上扬,眼睑褶皱不对称,窄方脸（中庭拉长），高眉骨/浅眼窝，短圆杏眼·眼尾微挑·标准眼距，窄鼻根/轻鹰钩鼻梁/小圆鼻头，平直唇·嘴角上扬，方下颌
FD03860,宽心形脸,偏柔圆润,饱满额,厚眉骨,宽浅眼窝,窄颧骨,成熟收紧面颊,宽下颌,瑞凤眼,眼尾下压,标准眼距,墨玉瞳,宽鼻根,轻微偏右鼻梁,下压鼻头,厚唇,嘴角平直,右眼下浅泪痣,宽心形脸（偏柔圆润），厚眉骨/宽浅眼窝，瑞凤眼·眼尾下压·标准眼距，宽鼻根/轻微偏右鼻梁/下压鼻头，厚唇·嘴角平直，宽下颌
FD03861,圆方脸,面中平缓,宽额,外侧突出眉骨,浅眼窝,宽颧骨,轻凹面颊,收敛下颌,桃花眼,眼尾延展,宽眼距,碎裂虹膜,低鼻根,微弧鼻梁,下压鼻头,厚唇,嘴角平直,无标志,圆方脸（面中平缓），外侧突出眉骨/浅眼窝，桃花眼·眼尾延展·宽眼距，低鼻根/微弧鼻梁/下压鼻头，厚唇·嘴角平直，收敛下颌
FD03862,窄鹅蛋脸,颊部饱满,平直额,低眉骨,中度眼窝,柔和颧骨,薄面颊,骨感下颌,狐狸系眼,眼尾微挑,标准眼距,琥珀瞳,窄鼻根,高直鼻梁,窄翼鼻头,上薄下厚,单侧上扬,眼角小痣,窄鹅蛋脸（颊部饱满），低眉骨/中度眼窝，狐狸系眼·眼尾微挑·标准眼距，窄鼻根/高直鼻梁/窄翼鼻头，上薄下厚·单侧上扬，骨感下颌
FD03863,柔和方脸,骨点外显,骨感额,压迫感眉骨,窄深眼窝,低颧骨,轻凹面颊,圆方下颌,柳叶眼,眼尾微挑,窄眼距,异色瞳,中鼻根,轻微偏右鼻梁,下压鼻头,上薄下厚,嘴角上扬,眼睑褶皱不对称,柔和方脸（骨点外显），压迫感眉骨/窄深眼窝，柳叶眼·眼尾微挑·窄眼距，中鼻根/轻微偏右鼻梁/下压鼻头，上薄下厚·嘴角上扬，圆方下颌
FD03864,方鹅蛋脸,偏锐收窄,低额,低眉骨,深眼窝,宽颧骨,成熟收紧面颊,收敛下颌,圆长眼,眼尾延展,宽眼距,浅褐瞳,中鼻根,高直鼻梁,肉感鼻头,薄唇,嘴角平直,异色瞳,方鹅蛋脸（偏锐收窄），低眉骨/深眼窝，圆长眼·眼尾延展·宽眼距，中鼻根/高直鼻梁/肉感鼻头，薄唇·嘴角平直，收敛下颌
FD03865,骨感窄脸,下庭收窄,宽额,厚眉骨,眼下骨感,柔和颧骨,薄面颊,骨感下颌,狭长眼,眼尾下压,标准眼距,深色瞳,中鼻根,轻微偏左鼻梁,肉感鼻头,上厚下薄,嘴角下垂,额角旧痕,骨感窄脸（下庭收窄），厚眉骨/眼下骨感，狭长眼·眼尾下压·标准眼距，中鼻根/轻微偏左鼻梁/肉感鼻头，上厚下薄·嘴角下垂，骨感下颌
FD03866,心形脸,骨点外显,骨感额,压迫感眉骨,眼下骨感,外扩颧骨,饱满面颊,收敛下颌,猫系眼,眼尾平直,窄眼距,深色瞳,中鼻根,柔和鼻梁,窄翼鼻头,上薄下厚,嘴角平直,碎裂虹膜,心形脸（骨点外显），压迫感眉骨/眼下骨感，猫系眼·眼尾平直·窄眼距，中鼻根/柔和鼻梁/窄翼鼻头，上薄下厚·嘴角平直，收敛下颌
FD03867,清瘦圆脸,上庭收窄,饱满额,压迫感眉骨,窄深眼窝,外扩颧骨,薄面颊,宽下颌,下垂眼,眼尾平直,标准眼距,浅褐瞳,中鼻根,柔和鼻梁,方圆鼻头,成熟长唇,嘴角下垂,耳后小痣,清瘦圆脸（上庭收窄），压迫感眉骨/窄深眼窝，下垂眼·眼尾平直·标准眼距，中鼻根/柔和鼻梁/方圆鼻头，成熟长唇·嘴角下垂，宽下颌
FD03868,宽菱形,下颌线柔化,低额,内侧突出眉骨,宽浅眼窝,柔和颧骨,成熟收紧面颊,窄下颌,长杏眼,眼尾微挑,宽眼距,灰蓝瞳,中鼻根,宽骨鼻梁,骨感鼻头,成熟长唇,嘴角上扬,左眼下浅泪痣,宽菱形（下颌线柔化），内侧突出眉骨/宽浅眼窝，长杏眼·眼尾微挑·宽眼距，中鼻根/宽骨鼻梁/骨感鼻头，成熟长唇·嘴角上扬，窄下颌
FD03869,肉感短脸,偏锐收窄,平直额,高眉骨,中度眼窝,外扩颧骨,成熟收紧面颊,宽下颌,成熟长眼,眼尾明显挑,宽眼距,浅褐瞳,中鼻根,中直鼻梁,微钝鼻头,厚唇,嘴角紧收,左眼下浅泪痣,肉感短脸（偏锐收窄），高眉骨/中度眼窝，成熟长眼·眼尾明显挑·宽眼距，中鼻根/中直鼻梁/微钝鼻头，厚唇·嘴角紧收，宽下颌
FD03870,上窄下宽脸,上庭展开,宽额,低眉骨,深眼窝,外扩颧骨,轻凹面颊,明显下颌角,狭长眼,眼尾微挑,窄眼距,深色瞳,中鼻根,微弧鼻梁,方圆鼻头,宽嘴,嘴角上扬,眼角小痣,上窄下宽脸（上庭展开），低眉骨/深眼窝，狭长眼·眼尾微挑·窄眼距，中鼻根/微弧鼻梁/方圆鼻头，宽嘴·嘴角上扬，明显下颌角
FD03871,颧部展开脸,颊部略凹,低额,低眉骨,宽浅眼窝,低颧骨,成熟收紧面颊,方下颌,窄杏眼,眼尾微挑,标准眼距,墨玉瞳,中高鼻根,微弧鼻梁,窄翼鼻头,小嘴,嘴角上扬,眉心竖纹浅痕,颧部展开脸（颊部略凹），低眉骨/宽浅眼窝，窄杏眼·眼尾微挑·标准眼距，中高鼻根/微弧鼻梁/窄翼鼻头，小嘴·嘴角上扬，方下颌
FD03872,鹅蛋偏菱,下颌线清晰化,窄额,柔和眉骨,眼下骨感,低颧骨,轻凹面颊,柔和下颌,猫系眼,眼尾明显挑,宽眼距,异色瞳,宽鼻根,宽骨鼻梁,骨感鼻头,厚唇,单侧上扬,耳后小痣,鹅蛋偏菱（下颌线清晰化），柔和眉骨/眼下骨感，猫系眼·眼尾明显挑·宽眼距，宽鼻根/宽骨鼻梁/骨感鼻头，厚唇·单侧上扬，柔和下颌
FD03873,下颌突出脸,颧部微收,饱满额,高眉骨,浅眼窝,柔和颧骨,轻凹面颊,明显下颌角,平凤眼,眼尾明显挑,宽眼距,浅褐瞳,窄鼻根,轻鹰钩鼻梁,轻翘鼻头,小嘴,嘴角平直,指节薄茧,下颌突出脸（颧部微收），高眉骨/浅眼窝，平凤眼·眼尾明显挑·宽眼距，窄鼻根/轻鹰钩鼻梁/轻翘鼻头，小嘴·嘴角平直，明显下颌角
FD03874,倒梯形脸,颊部饱满,饱满额,薄眉骨,眼下饱满,柔和颧骨,饱满面颊,宽下颌,瑞凤眼,眼尾下沉,标准眼距,星点虹膜,宽鼻根,微弧鼻梁,骨感鼻头,宽嘴,嘴角上扬,无标志,倒梯形脸（颊部饱满），薄眉骨/眼下饱满，瑞凤眼·眼尾下沉·标准眼距，宽鼻根/微弧鼻梁/骨感鼻头，宽嘴·嘴角上扬，宽下颌
FD03875,标准菱形,面中平缓,低额,外侧突出眉骨,宽浅眼窝,低颧骨,薄面颊,明显下颌角,桃花眼,眼尾明显挑,标准眼距,墨玉瞳,中高鼻根,轻微偏右鼻梁,下压鼻头,厚唇,嘴角下垂,右眼下浅泪痣,标准菱形（面中平缓），外侧突出眉骨/宽浅眼窝，桃花眼·眼尾明显挑·标准眼距，中高鼻根/轻微偏右鼻梁/下压鼻头，厚唇·嘴角下垂，明显下颌角
FD03876,骨感方脸,中轴收紧,平直额,柔和眉骨,眼下饱满,宽颧骨,幼态柔软面颊,圆方下颌,窄杏眼,眼尾延展,宽眼距,灰蓝瞳,中高鼻根,中直鼻梁,窄翼鼻头,平直唇,嘴角平直,眉上小疤,骨感方脸（中轴收紧），柔和眉骨/眼下饱满，窄杏眼·眼尾延展·宽眼距，中高鼻根/中直鼻梁/窄翼鼻头，平直唇·嘴角平直，圆方下颌
FD03877,成熟方脸,中轴收紧,窄额,外侧突出眉骨,浅眼窝,低颧骨,成熟收紧面颊,窄下颌,猫系眼,眼尾明显挑,标准眼距,深色瞳,宽鼻根,宽骨鼻梁,骨感鼻头,上厚下薄,嘴角平直,右眉轻断,成熟方脸（中轴收紧），外侧突出眉骨/浅眼窝，猫系眼·眼尾明显挑·标准眼距，宽鼻根/宽骨鼻梁/骨感鼻头，上厚下薄·嘴角平直，窄下颌
FD03878,方鹅蛋脸,面中平缓,骨感额,厚眉骨,中度眼窝,外扩颧骨,幼态柔软面颊,圆方下颌,瑞凤眼,眼尾下压,标准眼距,环状虹膜,中鼻根,中直鼻梁,方圆鼻头,小嘴,嘴角平直,右眼下浅泪痣,方鹅蛋脸（面中平缓），厚眉骨/中度眼窝，瑞凤眼·眼尾下压·标准眼距，中鼻根/中直鼻梁/方圆鼻头，小嘴·嘴角平直，圆方下颌
FD03879,骨感菱形,颈部线条延长,高额,柔和眉骨,窄深眼窝,柔和颧骨,薄面颊,方下颌,蛇系眼,眼尾明显挑,标准眼距,异色瞳,高鼻根,高直鼻梁,下压鼻头,薄唇,嘴角下垂,指节薄茧,骨感菱形（颈部线条延长），柔和眉骨/窄深眼窝，蛇系眼·眼尾明显挑·标准眼距，高鼻根/高直鼻梁/下压鼻头，薄唇·嘴角下垂，方下颌
FD03880,心形脸,下庭收窄,窄额,外侧突出眉骨,深眼窝,高颧骨,成熟收紧面颊,圆方下颌,上扬凤眼,眼尾微挑,宽眼距,浅褐瞳,宽鼻根,高直鼻梁,骨感鼻头,上薄下厚,单侧上扬,碎裂虹膜,心形脸（下庭收窄），外侧突出眉骨/深眼窝，上扬凤眼·眼尾微挑·宽眼距，宽鼻根/高直鼻梁/骨感鼻头，上薄下厚·单侧上扬，圆方下颌
FD03881,幼态圆脸,面中平缓,平直额,柔和眉骨,浅眼窝,外扩颧骨,幼态柔软面颊,柔和下颌,平直杏眼,眼尾微挑,宽眼距,异色瞳,低鼻根,轻微偏右鼻梁,骨感鼻头,上厚下薄,嘴角平直,颈侧细疤,幼态圆脸（面中平缓），柔和眉骨/浅眼窝，平直杏眼·眼尾微挑·宽眼距，低鼻根/轻微偏右鼻梁/骨感鼻头，上厚下薄·嘴角平直，柔和下颌
FD03882,短鹅蛋脸,颈部线条收短,低额,高眉骨,宽浅眼窝,高颧骨,轻凹面颊,宽下颌,冷感眼,眼尾平直,窄眼距,墨玉瞳,窄鼻根,轻鹰钩鼻梁,方圆鼻头,薄唇,嘴角上扬,右眼下浅泪痣,短鹅蛋脸（颈部线条收短），高眉骨/宽浅眼窝，冷感眼·眼尾平直·窄眼距，窄鼻根/轻鹰钩鼻梁/方圆鼻头，薄唇·嘴角上扬，宽下颌
FD03883,鹅蛋偏菱,中轴收紧,窄额,高眉骨,窄深眼窝,外扩颧骨,饱满面颊,窄下颌,少年圆眼,眼尾明显挑,标准眼距,琥珀瞳,中鼻根,柔和鼻梁,窄翼鼻头,平直唇,单侧上扬,双侧酒窝,鹅蛋偏菱（中轴收紧），高眉骨/窄深眼窝，少年圆眼·眼尾明显挑·标准眼距，中鼻根/柔和鼻梁/窄翼鼻头，平直唇·单侧上扬，窄下颌
FD03884,鹅蛋偏心形,偏锐收窄,窄额,柔和眉骨,深眼窝,外扩颧骨,轻凹面颊,收敛下颌,疲惫眼,眼尾微挑,窄眼距,淡金瞳,中鼻根,微弧鼻梁,下压鼻头,上厚下薄,嘴角上扬,左眼下浅泪痣,鹅蛋偏心形（偏锐收窄），柔和眉骨/深眼窝，疲惫眼·眼尾微挑·窄眼距，中鼻根/微弧鼻梁/下压鼻头，上厚下薄·嘴角上扬，收敛下颌
FD03885,成熟方脸,面中平缓,饱满额,外侧突出眉骨,窄深眼窝,高颧骨,成熟收紧面颊,方下颌,鹿系眼,眼尾延展,标准眼距,灰蓝瞳,中高鼻根,轻鹰钩鼻梁,窄翼鼻头,弓形唇,嘴角上扬,眉上小疤,成熟方脸（面中平缓），外侧突出眉骨/窄深眼窝，鹿系眼·眼尾延展·标准眼距，中高鼻根/轻鹰钩鼻梁/窄翼鼻头，弓形唇·嘴角上扬，方下颌
FD03886,幼态方脸,上庭收窄,微凸额,薄眉骨,中度眼窝,宽颧骨,轻凹面颊,方下颌,平凤眼,眼尾微挑,窄眼距,琥珀瞳,窄鼻根,微弧鼻梁,轻翘鼻头,上厚下薄,嘴角上扬,双侧酒窝,幼态方脸（上庭收窄），薄眉骨/中度眼窝，平凤眼·眼尾微挑·窄眼距，窄鼻根/微弧鼻梁/轻翘鼻头，上厚下薄·嘴角上扬，方下颌
FD03887,方菱过渡脸,骨点外显,高额,厚眉骨,眼下饱满,外扩颧骨,薄面颊,圆方下颌,疲惫眼,眼尾下压,标准眼距,异色瞳,高鼻根,轻微偏右鼻梁,小圆鼻头,上薄下厚,单侧上扬,眉心竖纹浅痕,方菱过渡脸（骨点外显），厚眉骨/眼下饱满，疲惫眼·眼尾下压·标准眼距，高鼻根/轻微偏右鼻梁/小圆鼻头，上薄下厚·单侧上扬，圆方下颌
FD03888,鹅蛋偏心形,上庭收窄,平直额,低眉骨,眼下骨感,高颧骨,轻凹面颊,柔和下颌,桃花眼,眼尾延展,标准眼距,灰蓝瞳,中鼻根,轻微偏右鼻梁,下压鼻头,厚唇,嘴角平直,无标志,鹅蛋偏心形（上庭收窄），低眉骨/眼下骨感，桃花眼·眼尾延展·标准眼距，中鼻根/轻微偏右鼻梁/下压鼻头，厚唇·嘴角平直，柔和下颌
FD03889,鹅蛋偏方,中庭展宽,饱满额,高眉骨,眼下骨感,外扩颧骨,幼态柔软面颊,骨感下颌,短圆杏眼,眼尾延展,标准眼距,灰蓝瞳,中鼻根,轻微偏左鼻梁,方圆鼻头,平直唇,嘴角平直,无标志,鹅蛋偏方（中庭展宽），高眉骨/眼下骨感，短圆杏眼·眼尾延展·标准眼距，中鼻根/轻微偏左鼻梁/方圆鼻头，平直唇·嘴角平直，骨感下颌
FD03890,幼态方脸,偏锐收窄,宽额,厚眉骨,宽浅眼窝,柔和颧骨,成熟收紧面颊,窄下颌,狼系眼,眼尾明显挑,宽眼距,淡金瞳,宽鼻根,轻微偏左鼻梁,方圆鼻头,宽嘴,嘴角平直,右眉轻断,幼态方脸（偏锐收窄），厚眉骨/宽浅眼窝，狼系眼·眼尾明显挑·宽眼距，宽鼻根/轻微偏左鼻梁/方圆鼻头，宽嘴·嘴角平直，窄下颌
FD03891,方菱过渡脸,颧部微收,饱满额,低眉骨,窄深眼窝,外扩颧骨,幼态柔软面颊,圆方下颌,鹤系眼,眼尾下压,窄眼距,星点虹膜,高鼻根,轻鹰钩鼻梁,微钝鼻头,宽嘴,单侧上扬,眉尾旧疤,方菱过渡脸（颧部微收），低眉骨/窄深眼窝，鹤系眼·眼尾下压·窄眼距，高鼻根/轻鹰钩鼻梁/微钝鼻头，宽嘴·单侧上扬，圆方下颌
FD03892,倒梯形脸,上庭展开,高额,内侧突出眉骨,宽浅眼窝,高颧骨,成熟收紧面颊,柔和下颌,鹤系眼,眼尾延展,窄眼距,环状虹膜,中高鼻根,轻微偏左鼻梁,肉感鼻头,成熟长唇,嘴角下垂,无标志,倒梯形脸（上庭展开），内侧突出眉骨/宽浅眼窝，鹤系眼·眼尾延展·窄眼距，中高鼻根/轻微偏左鼻梁/肉感鼻头，成熟长唇·嘴角下垂，柔和下颌
FD03893,鹅蛋偏菱,偏柔圆润,窄额,柔和眉骨,眼下饱满,柔和颧骨,轻凹面颊,柔和下颌,柳叶眼,眼尾明显挑,窄眼距,浅褐瞳,中高鼻根,宽骨鼻梁,窄翼鼻头,薄唇,嘴角紧收,眉上小疤,鹅蛋偏菱（偏柔圆润），柔和眉骨/眼下饱满，柳叶眼·眼尾明显挑·窄眼距，中高鼻根/宽骨鼻梁/窄翼鼻头，薄唇·嘴角紧收，柔和下颌
FD03894,骨感方脸,骨点内敛,高额,薄眉骨,浅眼窝,宽颧骨,轻凹面颊,圆方下颌,狼系眼,眼尾延展,标准眼距,灰蓝瞳,中高鼻根,高直鼻梁,窄翼鼻头,厚唇,嘴角紧收,颈侧细疤,骨感方脸（骨点内敛），薄眉骨/浅眼窝，狼系眼·眼尾延展·标准眼距，中高鼻根/高直鼻梁/窄翼鼻头，厚唇·嘴角紧收，圆方下颌
FD03895,标准菱形,颌角弱化,平直额,低眉骨,中度眼窝,低颧骨,饱满面颊,收敛下颌,柳叶眼,眼尾下压,宽眼距,灰蓝瞳,中鼻根,宽骨鼻梁,窄翼鼻头,上厚下薄,嘴角平直,指节薄茧,标准菱形（颌角弱化），低眉骨/中度眼窝，柳叶眼·眼尾下压·宽眼距，中鼻根/宽骨鼻梁/窄翼鼻头，上厚下薄·嘴角平直，收敛下颌
FD03896,清瘦圆脸,颈部线条延长,宽额,柔和眉骨,深眼窝,外扩颧骨,幼态柔软面颊,收敛下颌,冷感眼,眼尾平直,标准眼距,浅褐瞳,中高鼻根,轻微偏左鼻梁,窄翼鼻头,薄唇,嘴角平直,眉尾旧疤,清瘦圆脸（颈部线条延长），柔和眉骨/深眼窝，冷感眼·眼尾平直·标准眼距，中高鼻根/轻微偏左鼻梁/窄翼鼻头，薄唇·嘴角平直，收敛下颌
FD03897,鹅蛋偏菱,颈部线条收短,高额,厚眉骨,宽浅眼窝,窄颧骨,轻凹面颊,圆方下颌,蛇系眼,眼尾明显挑,宽眼距,灰蓝瞳,低鼻根,中直鼻梁,下压鼻头,平直唇,嘴角紧收,耳后小痣,鹅蛋偏菱（颈部线条收短），厚眉骨/宽浅眼窝，蛇系眼·眼尾明显挑·宽眼距，低鼻根/中直鼻梁/下压鼻头，平直唇·嘴角紧收，圆方下颌
FD03898,短圆脸,下庭加重,饱满额,柔和眉骨,眼下饱满,低颧骨,幼态柔软面颊,宽下颌,短杏眼,眼尾平直,标准眼距,浅褐瞳,低鼻根,轻微偏右鼻梁,小圆鼻头,成熟长唇,嘴角下垂,右眉轻断,短圆脸（下庭加重），柔和眉骨/眼下饱满，短杏眼·眼尾平直·标准眼距，低鼻根/轻微偏右鼻梁/小圆鼻头，成熟长唇·嘴角下垂，宽下颌
FD03899,短鹅蛋脸,颈部线条收短,骨感额,柔和眉骨,深眼窝,外扩颧骨,轻凹面颊,方下颌,鹤系眼,眼尾下沉,标准眼距,异色瞳,高鼻根,宽骨鼻梁,肉感鼻头,宽嘴,嘴角平直,眉上小疤,短鹅蛋脸（颈部线条收短），柔和眉骨/深眼窝，鹤系眼·眼尾下沉·标准眼距，高鼻根/宽骨鼻梁/肉感鼻头，宽嘴·嘴角平直，方下颌
FD03900,宽方脸,颧部微收,窄额,厚眉骨,眼下饱满,高颧骨,薄面颊,柔和下颌,长杏眼,眼尾微挑,宽眼距,环状虹膜,高鼻根,柔和鼻梁,小圆鼻头,弓形唇,嘴角下垂,耳后小痣,宽方脸（颧部微收），厚眉骨/眼下饱满，长杏眼·眼尾微挑·宽眼距，高鼻根/柔和鼻梁/小圆鼻头，弓形唇·嘴角下垂，柔和下颌
FD03901,短鹅蛋脸,下庭加重,骨感额,低眉骨,窄深眼窝,柔和颧骨,薄面颊,明显下颌角,狭长瑞凤眼,眼尾下沉,窄眼距,淡金瞳,宽鼻根,轻微偏左鼻梁,肉感鼻头,薄唇,嘴角紧收,颈侧细疤,短鹅蛋脸（下庭加重），低眉骨/窄深眼窝，狭长瑞凤眼·眼尾下沉·窄眼距，宽鼻根/轻微偏左鼻梁/肉感鼻头，薄唇·嘴角紧收，明显下颌角
FD03902,心形脸,颧部外扩,饱满额,柔和眉骨,浅眼窝,宽颧骨,薄面颊,宽下颌,鹿系眼,眼尾平直,标准眼距,琥珀瞳,中高鼻根,微弧鼻梁,肉感鼻头,成熟长唇,嘴角紧收,无标志,心形脸（颧部外扩），柔和眉骨/浅眼窝，鹿系眼·眼尾平直·标准眼距，中高鼻根/微弧鼻梁/肉感鼻头，成熟长唇·嘴角紧收，宽下颌
FD03903,鹅蛋偏菱,下颌线柔化,微凸额,薄眉骨,窄深眼窝,窄颧骨,成熟收紧面颊,方下颌,平直杏眼,眼尾下沉,标准眼距,灰蓝瞳,中鼻根,轻微偏右鼻梁,小圆鼻头,上厚下薄,嘴角下垂,指节薄茧,鹅蛋偏菱（下颌线柔化），薄眉骨/窄深眼窝，平直杏眼·眼尾下沉·标准眼距，中鼻根/轻微偏右鼻梁/小圆鼻头，上厚下薄·嘴角下垂，方下颌
FD03904,长心形脸,偏锐收窄,骨感额,低眉骨,窄深眼窝,外扩颧骨,薄面颊,柔和下颌,短杏眼,眼尾平直,窄眼距,淡金瞳,低鼻根,柔和鼻梁,肉感鼻头,小嘴,嘴角下垂,右眼下浅泪痣,长心形脸（偏锐收窄），低眉骨/窄深眼窝，短杏眼·眼尾平直·窄眼距，低鼻根/柔和鼻梁/肉感鼻头，小嘴·嘴角下垂，柔和下颌
FD03905,宽方脸,中庭展宽,宽额,柔和眉骨,眼下骨感,高颧骨,轻凹面颊,明显下颌角,狼系眼,眼尾下压,宽眼距,灰蓝瞳,高鼻根,轻鹰钩鼻梁,微钝鼻头,厚唇,单侧上扬,右眉轻断,宽方脸（中庭展宽），柔和眉骨/眼下骨感，狼系眼·眼尾下压·宽眼距，高鼻根/轻鹰钩鼻梁/微钝鼻头，厚唇·单侧上扬，明显下颌角
FD03906,短方脸,颊部饱满,宽额,高眉骨,宽浅眼窝,宽颧骨,饱满面颊,宽下颌,丹凤眼,眼尾下压,标准眼距,淡金瞳,中鼻根,中直鼻梁,窄翼鼻头,成熟长唇,嘴角下垂,唇下小痣,短方脸（颊部饱满），高眉骨/宽浅眼窝，丹凤眼·眼尾下压·标准眼距，中鼻根/中直鼻梁/窄翼鼻头，成熟长唇·嘴角下垂，宽下颌
FD03907,窄鹅蛋脸,颧部微收,宽额,内侧突出眉骨,中度眼窝,外扩颧骨,饱满面颊,骨感下颌,圆长眼,眼尾下沉,标准眼距,碎裂虹膜,中鼻根,柔和鼻梁,轻翘鼻头,上薄下厚,嘴角紧收,眉上小疤,窄鹅蛋脸（颧部微收），内侧突出眉骨/中度眼窝，圆长眼·眼尾下沉·标准眼距，中鼻根/柔和鼻梁/轻翘鼻头，上薄下厚·嘴角紧收，骨感下颌
FD03908,鹅蛋偏心形,上庭展开,高额,柔和眉骨,宽浅眼窝,高颧骨,饱满面颊,柔和下颌,鹤系眼,眼尾延展,标准眼距,灰蓝瞳,窄鼻根,中直鼻梁,小圆鼻头,宽嘴,嘴角平直,眼角小痣,鹅蛋偏心形（上庭展开），柔和眉骨/宽浅眼窝，鹤系眼·眼尾延展·标准眼距，窄鼻根/中直鼻梁/小圆鼻头，宽嘴·嘴角平直，柔和下颌
FD03909,上宽下窄脸,颈部线条收短,饱满额,高眉骨,眼下骨感,宽颧骨,幼态柔软面颊,柔和下颌,瑞凤眼,眼尾延展,宽眼距,星点虹膜,窄鼻根,微弧鼻梁,窄翼鼻头,弓形唇,嘴角下垂,环状虹膜,上宽下窄脸（颈部线条收短），高眉骨/眼下骨感，瑞凤眼·眼尾延展·宽眼距，窄鼻根/微弧鼻梁/窄翼鼻头，弓形唇·嘴角下垂，柔和下颌
FD03910,短方脸,颌角弱化,高额,压迫感眉骨,宽浅眼窝,柔和颧骨,薄面颊,方下颌,柳叶眼,眼尾下压,宽眼距,星点虹膜,窄鼻根,微弧鼻梁,小圆鼻头,小嘴,嘴角紧收,眉上小疤,短方脸（颌角弱化），压迫感眉骨/宽浅眼窝，柳叶眼·眼尾下压·宽眼距，窄鼻根/微弧鼻梁/小圆鼻头，小嘴·嘴角紧收，方下颌
FD03911,宽心形脸,偏柔圆润,高额,高眉骨,眼下骨感,低颧骨,成熟收紧面颊,窄下颌,短杏眼,眼尾微挑,宽眼距,墨玉瞳,中高鼻根,高直鼻梁,肉感鼻头,弓形唇,嘴角下垂,眉上小疤,宽心形脸（偏柔圆润），高眉骨/眼下骨感，短杏眼·眼尾微挑·宽眼距，中高鼻根/高直鼻梁/肉感鼻头，弓形唇·嘴角下垂，窄下颌
FD03912,双颌匀称脸,中庭展宽,低额,外侧突出眉骨,深眼窝,高颧骨,薄面颊,窄下颌,丹凤眼,眼尾下沉,宽眼距,碎裂虹膜,高鼻根,轻微偏左鼻梁,骨感鼻头,平直唇,嘴角上扬,无标志,双颌匀称脸（中庭展宽），外侧突出眉骨/深眼窝，丹凤眼·眼尾下沉·宽眼距，高鼻根/轻微偏左鼻梁/骨感鼻头，平直唇·嘴角上扬，窄下颌
FD03913,正梯形脸,中庭拉长,饱满额,薄眉骨,眼下骨感,外扩颧骨,幼态柔软面颊,明显下颌角,窄杏眼,眼尾延展,标准眼距,星点虹膜,宽鼻根,轻鹰钩鼻梁,下压鼻头,宽嘴,嘴角平直,无标志,正梯形脸（中庭拉长），薄眉骨/眼下骨感，窄杏眼·眼尾延展·标准眼距，宽鼻根/轻鹰钩鼻梁/下压鼻头，宽嘴·嘴角平直，明显下颌角
FD03914,下颌突出脸,颈部线条收短,高额,内侧突出眉骨,窄深眼窝,窄颧骨,轻凹面颊,收敛下颌,狐狸系眼,眼尾延展,窄眼距,环状虹膜,宽鼻根,中直鼻梁,微钝鼻头,薄唇,嘴角紧收,右眉轻断,下颌突出脸（颈部线条收短），内侧突出眉骨/窄深眼窝，狐狸系眼·眼尾延展·窄眼距，宽鼻根/中直鼻梁/微钝鼻头，薄唇·嘴角紧收，收敛下颌
FD03915,骨感方脸,偏柔圆润,微凸额,薄眉骨,深眼窝,低颧骨,幼态柔软面颊,骨感下颌,鹰隼眼,眼尾微挑,宽眼距,碎裂虹膜,高鼻根,高直鼻梁,骨感鼻头,平直唇,嘴角紧收,眉心竖纹浅痕,骨感方脸（偏柔圆润），薄眉骨/深眼窝，鹰隼眼·眼尾微挑·宽眼距，高鼻根/高直鼻梁/骨感鼻头，平直唇·嘴角紧收，骨感下颌
FD03916,清瘦圆脸,颧部外扩,平直额,薄眉骨,宽浅眼窝,柔和颧骨,轻凹面颊,方下颌,宽杏眼,眼尾下压,窄眼距,星点虹膜,中高鼻根,轻微偏右鼻梁,微钝鼻头,薄唇,单侧上扬,鼻梁旧伤,清瘦圆脸（颧部外扩），薄眉骨/宽浅眼窝，宽杏眼·眼尾下压·窄眼距，中高鼻根/轻微偏右鼻梁/微钝鼻头，薄唇·单侧上扬，方下颌
FD03917,骨感窄脸,骨点外显,骨感额,压迫感眉骨,浅眼窝,外扩颧骨,幼态柔软面颊,方下颌,少年圆眼,眼尾平直,宽眼距,星点虹膜,中鼻根,高直鼻梁,小圆鼻头,小嘴,嘴角紧收,左眼下浅泪痣,骨感窄脸（骨点外显），压迫感眉骨/浅眼窝，少年圆眼·眼尾平直·宽眼距，中鼻根/高直鼻梁/小圆鼻头，小嘴·嘴角紧收，方下颌
FD03918,双颌匀称脸,偏锐收窄,低额,压迫感眉骨,眼下骨感,宽颧骨,幼态柔软面颊,窄下颌,鹤系眼,眼尾延展,窄眼距,环状虹膜,低鼻根,中直鼻梁,方圆鼻头,上薄下厚,嘴角上扬,单侧虎牙,双颌匀称脸（偏锐收窄），压迫感眉骨/眼下骨感，鹤系眼·眼尾延展·窄眼距，低鼻根/中直鼻梁/方圆鼻头，上薄下厚·嘴角上扬，窄下颌
FD03919,骨感窄脸,面中平缓,高额,低眉骨,深眼窝,窄颧骨,轻凹面颊,明显下颌角,狭长瑞凤眼,眼尾明显挑,标准眼距,深色瞳,中高鼻根,轻微偏右鼻梁,窄翼鼻头,宽嘴,嘴角紧收,左眼下浅泪痣,骨感窄脸（面中平缓），低眉骨/深眼窝，狭长瑞凤眼·眼尾明显挑·标准眼距，中高鼻根/轻微偏右鼻梁/窄翼鼻头，宽嘴·嘴角紧收，明显下颌角
FD03920,幼态圆脸,颊部饱满,低额,低眉骨,窄深眼窝,低颧骨,饱满面颊,明显下颌角,冷感眼,眼尾平直,窄眼距,碎裂虹膜,高鼻根,柔和鼻梁,方圆鼻头,上薄下厚,嘴角平直,眼角小痣,幼态圆脸（颊部饱满），低眉骨/窄深眼窝，冷感眼·眼尾平直·窄眼距，高鼻根/柔和鼻梁/方圆鼻头，上薄下厚·嘴角平直，明显下颌角
FD03921,成熟方脸,颌角弱化,宽额,外侧突出眉骨,眼下骨感,柔和颧骨,成熟收紧面颊,骨感下颌,下垂眼,眼尾微挑,宽眼距,墨玉瞳,宽鼻根,轻微偏左鼻梁,窄翼鼻头,弓形唇,嘴角平直,碎裂虹膜,成熟方脸（颌角弱化），外侧突出眉骨/眼下骨感，下垂眼·眼尾微挑·宽眼距，宽鼻根/轻微偏左鼻梁/窄翼鼻头，弓形唇·嘴角平直，骨感下颌
FD03922,上窄下宽脸,上庭展开,窄额,低眉骨,眼下饱满,高颧骨,成熟收紧面颊,收敛下颌,短圆杏眼,眼尾明显挑,窄眼距,淡金瞳,窄鼻根,高直鼻梁,骨感鼻头,上厚下薄,嘴角下垂,环状虹膜,上窄下宽脸（上庭展开），低眉骨/眼下饱满，短圆杏眼·眼尾明显挑·窄眼距，窄鼻根/高直鼻梁/骨感鼻头，上厚下薄·嘴角下垂，收敛下颌
FD03923,鹅蛋偏方,骨点外显,高额,内侧突出眉骨,眼下饱满,高颧骨,薄面颊,圆方下颌,丹凤眼,眼尾微挑,窄眼距,异色瞳,低鼻根,轻鹰钩鼻梁,窄翼鼻头,上厚下薄,嘴角平直,指节薄茧,鹅蛋偏方（骨点外显），内侧突出眉骨/眼下饱满，丹凤眼·眼尾微挑·窄眼距，低鼻根/轻鹰钩鼻梁/窄翼鼻头，上厚下薄·嘴角平直，圆方下颌
FD03924,柔和方脸,中轴微长,平直额,薄眉骨,眼下骨感,柔和颧骨,轻凹面颊,方下颌,短圆杏眼,眼尾延展,宽眼距,碎裂虹膜,中高鼻根,轻微偏右鼻梁,轻翘鼻头,上薄下厚,嘴角平直,眼角小痣,柔和方脸（中轴微长），薄眉骨/眼下骨感，短圆杏眼·眼尾延展·宽眼距，中高鼻根/轻微偏右鼻梁/轻翘鼻头，上薄下厚·嘴角平直，方下颌
FD03925,清瘦圆脸,上庭收窄,饱满额,外侧突出眉骨,深眼窝,低颧骨,饱满面颊,柔和下颌,猫系眼,眼尾下沉,标准眼距,琥珀瞳,中高鼻根,轻鹰钩鼻梁,下压鼻头,宽嘴,嘴角平直,右眉轻断,清瘦圆脸（上庭收窄），外侧突出眉骨/深眼窝，猫系眼·眼尾下沉·标准眼距，中高鼻根/轻鹰钩鼻梁/下压鼻头，宽嘴·嘴角平直，柔和下颌
FD03926,标准菱形,中轴收紧,平直额,外侧突出眉骨,眼下饱满,高颧骨,薄面颊,宽下颌,疲惫眼,眼尾下沉,宽眼距,碎裂虹膜,高鼻根,宽骨鼻梁,肉感鼻头,上薄下厚,嘴角下垂,眉上小疤,标准菱形（中轴收紧），外侧突出眉骨/眼下饱满，疲惫眼·眼尾下沉·宽眼距，高鼻根/宽骨鼻梁/肉感鼻头，上薄下厚·嘴角下垂，宽下颌
FD03927,鹅蛋偏心形,中庭拉长,骨感额,外侧突出眉骨,眼下饱满,高颧骨,成熟收紧面颊,窄下颌,成熟长眼,眼尾下压,宽眼距,淡金瞳,低鼻根,宽骨鼻梁,轻翘鼻头,小嘴,嘴角紧收,瞳孔残缺,鹅蛋偏心形（中庭拉长），外侧突出眉骨/眼下饱满，成熟长眼·眼尾下压·宽眼距，低鼻根/宽骨鼻梁/轻翘鼻头，小嘴·嘴角紧收，窄下颌
FD03928,柔和菱形,骨点内敛,高额,内侧突出眉骨,宽浅眼窝,低颧骨,饱满面颊,明显下颌角,疲惫眼,眼尾明显挑,窄眼距,灰蓝瞳,低鼻根,中直鼻梁,小圆鼻头,弓形唇,单侧上扬,右眉轻断,柔和菱形（骨点内敛），内侧突出眉骨/宽浅眼窝，疲惫眼·眼尾明显挑·窄眼距，低鼻根/中直鼻梁/小圆鼻头，弓形唇·单侧上扬，明显下颌角
FD03929,清瘦圆脸,上庭展开,低额,柔和眉骨,眼下骨感,宽颧骨,轻凹面颊,明显下颌角,蛇系眼,眼尾下沉,宽眼距,灰蓝瞳,中鼻根,宽骨鼻梁,肉感鼻头,成熟长唇,嘴角平直,瞳孔残缺,清瘦圆脸（上庭展开），柔和眉骨/眼下骨感，蛇系眼·眼尾下沉·宽眼距，中鼻根/宽骨鼻梁/肉感鼻头，成熟长唇·嘴角平直，明显下颌角
FD03930,窄鹅蛋脸,偏锐收窄,高额,压迫感眉骨,窄深眼窝,高颧骨,幼态柔软面颊,骨感下颌,瑞凤眼,眼尾延展,标准眼距,星点虹膜,中鼻根,中直鼻梁,窄翼鼻头,厚唇,嘴角上扬,耳后小痣,窄鹅蛋脸（偏锐收窄），压迫感眉骨/窄深眼窝，瑞凤眼·眼尾延展·标准眼距，中鼻根/中直鼻梁/窄翼鼻头，厚唇·嘴角上扬，骨感下颌
FD03931,长圆脸,面中立体化,窄额,厚眉骨,中度眼窝,高颧骨,饱满面颊,收敛下颌,狐狸系眼,眼尾延展,宽眼距,灰蓝瞳,窄鼻根,宽骨鼻梁,窄翼鼻头,弓形唇,嘴角上扬,左颊浅疤,长圆脸（面中立体化），厚眉骨/中度眼窝，狐狸系眼·眼尾延展·宽眼距，窄鼻根/宽骨鼻梁/窄翼鼻头，弓形唇·嘴角上扬，收敛下颌
FD03932,窄鹅蛋脸,偏柔圆润,低额,低眉骨,窄深眼窝,宽颧骨,成熟收紧面颊,收敛下颌,狭长眼,眼尾下沉,窄眼距,浅褐瞳,高鼻根,柔和鼻梁,肉感鼻头,宽嘴,嘴角上扬,瞳孔残缺,窄鹅蛋脸（偏柔圆润），低眉骨/窄深眼窝，狭长眼·眼尾下沉·窄眼距，高鼻根/柔和鼻梁/肉感鼻头，宽嘴·嘴角上扬，收敛下颌
FD03933,鹅蛋偏菱,面中立体化,骨感额,压迫感眉骨,中度眼窝,外扩颧骨,成熟收紧面颊,窄下颌,长杏眼,眼尾微挑,标准眼距,异色瞳,窄鼻根,微弧鼻梁,轻翘鼻头,薄唇,嘴角平直,唇下小痣,鹅蛋偏菱（面中立体化），压迫感眉骨/中度眼窝，长杏眼·眼尾微挑·标准眼距，窄鼻根/微弧鼻梁/轻翘鼻头，薄唇·嘴角平直，窄下颌
FD03934,窄鹅蛋脸,颊部饱满,窄额,厚眉骨,眼下骨感,外扩颧骨,轻凹面颊,宽下颌,狭长瑞凤眼,眼尾延展,窄眼距,星点虹膜,高鼻根,宽骨鼻梁,窄翼鼻头,成熟长唇,嘴角紧收,右眉轻断,窄鹅蛋脸（颊部饱满），厚眉骨/眼下骨感，狭长瑞凤眼·眼尾延展·窄眼距，高鼻根/宽骨鼻梁/窄翼鼻头，成熟长唇·嘴角紧收，宽下颌
FD03935,宽心形脸,颌角弱化,低额,外侧突出眉骨,深眼窝,低颧骨,幼态柔软面颊,圆方下颌,桃花眼,眼尾下沉,宽眼距,碎裂虹膜,宽鼻根,宽骨鼻梁,肉感鼻头,成熟长唇,嘴角上扬,无标志,宽心形脸（颌角弱化），外侧突出眉骨/深眼窝，桃花眼·眼尾下沉·宽眼距，宽鼻根/宽骨鼻梁/肉感鼻头，成熟长唇·嘴角上扬，圆方下颌
FD03936,清瘦圆脸,偏柔圆润,低额,柔和眉骨,浅眼窝,宽颧骨,饱满面颊,窄下颌,圆长眼,眼尾下沉,窄眼距,灰蓝瞳,窄鼻根,轻微偏右鼻梁,微钝鼻头,宽嘴,单侧上扬,颈侧细疤,清瘦圆脸（偏柔圆润），柔和眉骨/浅眼窝，圆长眼·眼尾下沉·窄眼距，窄鼻根/轻微偏右鼻梁/微钝鼻头，宽嘴·单侧上扬，窄下颌
FD03937,上窄下宽脸,下庭加重,微凸额,高眉骨,窄深眼窝,宽颧骨,饱满面颊,明显下颌角,成熟长眼,眼尾下沉,标准眼距,环状虹膜,中高鼻根,柔和鼻梁,窄翼鼻头,小嘴,嘴角平直,环状虹膜,上窄下宽脸（下庭加重），高眉骨/窄深眼窝，成熟长眼·眼尾下沉·标准眼距，中高鼻根/柔和鼻梁/窄翼鼻头，小嘴·嘴角平直，明显下颌角
FD03938,方鹅蛋脸,下庭加重,饱满额,高眉骨,中度眼窝,低颧骨,饱满面颊,骨感下颌,鹰隼眼,眼尾明显挑,标准眼距,墨玉瞳,中高鼻根,宽骨鼻梁,小圆鼻头,厚唇,嘴角上扬,碎裂虹膜,方鹅蛋脸（下庭加重），高眉骨/中度眼窝，鹰隼眼·眼尾明显挑·标准眼距，中高鼻根/宽骨鼻梁/小圆鼻头，厚唇·嘴角上扬，骨感下颌
FD03939,倒梯形脸,下颌线清晰化,微凸额,厚眉骨,眼下饱满,高颧骨,幼态柔软面颊,收敛下颌,冷感眼,眼尾明显挑,宽眼距,环状虹膜,低鼻根,柔和鼻梁,下压鼻头,成熟长唇,嘴角平直,瞳孔残缺,倒梯形脸（下颌线清晰化），厚眉骨/眼下饱满，冷感眼·眼尾明显挑·宽眼距，低鼻根/柔和鼻梁/下压鼻头，成熟长唇·嘴角平直，收敛下颌
FD03940,下颌突出脸,颊部饱满,平直额,低眉骨,眼下骨感,窄颧骨,饱满面颊,收敛下颌,猫系眼,眼尾下压,窄眼距,环状虹膜,中鼻根,微弧鼻梁,小圆鼻头,成熟长唇,嘴角上扬,单侧酒窝,下颌突出脸（颊部饱满），低眉骨/眼下骨感，猫系眼·眼尾下压·窄眼距，中鼻根/微弧鼻梁/小圆鼻头，成熟长唇·嘴角上扬，收敛下颌
FD03941,宽心形脸,下庭加重,微凸额,外侧突出眉骨,深眼窝,宽颧骨,薄面颊,骨感下颌,鹤系眼,眼尾微挑,宽眼距,碎裂虹膜,高鼻根,中直鼻梁,微钝鼻头,上薄下厚,嘴角上扬,右眉轻断,宽心形脸（下庭加重），外侧突出眉骨/深眼窝，鹤系眼·眼尾微挑·宽眼距，高鼻根/中直鼻梁/微钝鼻头，上薄下厚·嘴角上扬，骨感下颌
FD03942,倒梯形脸,颊部略凹,窄额,压迫感眉骨,窄深眼窝,低颧骨,饱满面颊,柔和下颌,狐狸系眼,眼尾延展,窄眼距,深色瞳,窄鼻根,高直鼻梁,窄翼鼻头,厚唇,单侧上扬,异色瞳,倒梯形脸（颊部略凹），压迫感眉骨/窄深眼窝，狐狸系眼·眼尾延展·窄眼距，窄鼻根/高直鼻梁/窄翼鼻头，厚唇·单侧上扬，柔和下颌
FD03943,幼态圆脸,面中平缓,窄额,柔和眉骨,中度眼窝,宽颧骨,轻凹面颊,圆方下颌,宽杏眼,眼尾平直,窄眼距,碎裂虹膜,宽鼻根,轻微偏右鼻梁,肉感鼻头,上薄下厚,嘴角上扬,唇下小痣,幼态圆脸（面中平缓），柔和眉骨/中度眼窝，宽杏眼·眼尾平直·窄眼距，宽鼻根/轻微偏右鼻梁/肉感鼻头，上薄下厚·嘴角上扬，圆方下颌
FD03944,成熟方脸,上庭展开,骨感额,低眉骨,眼下饱满,外扩颧骨,饱满面颊,方下颌,桃花眼,眼尾明显挑,宽眼距,碎裂虹膜,中鼻根,轻鹰钩鼻梁,下压鼻头,成熟长唇,嘴角上扬,单侧酒窝,成熟方脸（上庭展开），低眉骨/眼下饱满，桃花眼·眼尾明显挑·宽眼距，中鼻根/轻鹰钩鼻梁/下压鼻头，成熟长唇·嘴角上扬，方下颌
FD03945,宽菱形,面中立体化,高额,压迫感眉骨,深眼窝,外扩颧骨,饱满面颊,圆方下颌,平凤眼,眼尾明显挑,宽眼距,碎裂虹膜,低鼻根,轻鹰钩鼻梁,肉感鼻头,薄唇,单侧上扬,颈侧细疤,宽菱形（面中立体化），压迫感眉骨/深眼窝，平凤眼·眼尾明显挑·宽眼距，低鼻根/轻鹰钩鼻梁/肉感鼻头，薄唇·单侧上扬，圆方下颌
FD03946,长菱形,骨点内敛,窄额,柔和眉骨,浅眼窝,柔和颧骨,薄面颊,骨感下颌,平直杏眼,眼尾明显挑,标准眼距,深色瞳,宽鼻根,轻微偏右鼻梁,小圆鼻头,平直唇,嘴角下垂,眉上小疤,长菱形（骨点内敛），柔和眉骨/浅眼窝，平直杏眼·眼尾明显挑·标准眼距，宽鼻根/轻微偏右鼻梁/小圆鼻头，平直唇·嘴角下垂，骨感下颌
FD03947,宽鹅蛋脸,颌角强调,饱满额,高眉骨,眼下饱满,低颧骨,饱满面颊,柔和下颌,瑞凤眼,眼尾微挑,标准眼距,异色瞳,中高鼻根,微弧鼻梁,小圆鼻头,薄唇,嘴角上扬,鼻梁旧伤,宽鹅蛋脸（颌角强调），高眉骨/眼下饱满，瑞凤眼·眼尾微挑·标准眼距，中高鼻根/微弧鼻梁/小圆鼻头，薄唇·嘴角上扬，柔和下颌
FD03948,宽方脸,上庭收窄,微凸额,外侧突出眉骨,眼下骨感,柔和颧骨,幼态柔软面颊,骨感下颌,鹿系眼,眼尾微挑,窄眼距,淡金瞳,高鼻根,轻鹰钩鼻梁,小圆鼻头,上薄下厚,嘴角下垂,眼角小痣,宽方脸（上庭收窄），外侧突出眉骨/眼下骨感，鹿系眼·眼尾微挑·窄眼距，高鼻根/轻鹰钩鼻梁/小圆鼻头，上薄下厚·嘴角下垂，骨感下颌
FD03949,长圆脸,颊部饱满,骨感额,内侧突出眉骨,眼下骨感,宽颧骨,幼态柔软面颊,窄下颌,圆长眼,眼尾明显挑,窄眼距,浅褐瞳,宽鼻根,高直鼻梁,轻翘鼻头,上薄下厚,单侧上扬,颈侧细疤,长圆脸（颊部饱满），内侧突出眉骨/眼下骨感，圆长眼·眼尾明显挑·窄眼距，宽鼻根/高直鼻梁/轻翘鼻头，上薄下厚·单侧上扬，窄下颌
FD03950,长圆脸,偏锐收窄,微凸额,外侧突出眉骨,眼下饱满,柔和颧骨,饱满面颊,柔和下颌,桃花眼,眼尾明显挑,窄眼距,浅褐瞳,中高鼻根,宽骨鼻梁,轻翘鼻头,上厚下薄,嘴角平直,耳后小痣,长圆脸（偏锐收窄），外侧突出眉骨/眼下饱满，桃花眼·眼尾明显挑·窄眼距，中高鼻根/宽骨鼻梁/轻翘鼻头，上厚下薄·嘴角平直，柔和下颌
FD03951,下颌突出脸,偏锐收窄,宽额,高眉骨,窄深眼窝,高颧骨,薄面颊,柔和下颌,狭长瑞凤眼,眼尾延展,宽眼距,灰蓝瞳,低鼻根,轻微偏左鼻梁,下压鼻头,小嘴,单侧上扬,无标志,下颌突出脸（偏锐收窄），高眉骨/窄深眼窝，狭长瑞凤眼·眼尾延展·宽眼距，低鼻根/轻微偏左鼻梁/下压鼻头，小嘴·单侧上扬，柔和下颌
FD03952,鹅蛋偏心形,上庭收窄,高额,柔和眉骨,宽浅眼窝,宽颧骨,轻凹面颊,明显下颌角,柳叶眼,眼尾微挑,窄眼距,灰蓝瞳,低鼻根,高直鼻梁,窄翼鼻头,上薄下厚,单侧上扬,无标志,鹅蛋偏心形（上庭收窄），柔和眉骨/宽浅眼窝，柳叶眼·眼尾微挑·窄眼距，低鼻根/高直鼻梁/窄翼鼻头，上薄下厚·单侧上扬，明显下颌角
FD03953,肉感短脸,颈部线条延长,高额,柔和眉骨,浅眼窝,柔和颧骨,薄面颊,收敛下颌,长杏眼,眼尾延展,宽眼距,灰蓝瞳,中鼻根,中直鼻梁,窄翼鼻头,成熟长唇,嘴角下垂,耳后小痣,肉感短脸（颈部线条延长），柔和眉骨/浅眼窝，长杏眼·眼尾延展·宽眼距，中鼻根/中直鼻梁/窄翼鼻头，成熟长唇·嘴角下垂，收敛下颌
FD03954,长菱形,颌角弱化,饱满额,柔和眉骨,浅眼窝,窄颧骨,轻凹面颊,骨感下颌,半睁懒眼,眼尾下压,宽眼距,异色瞳,高鼻根,微弧鼻梁,小圆鼻头,上薄下厚,嘴角下垂,眉尾旧疤,长菱形（颌角弱化），柔和眉骨/浅眼窝，半睁懒眼·眼尾下压·宽眼距，高鼻根/微弧鼻梁/小圆鼻头，上薄下厚·嘴角下垂，骨感下颌
FD03955,清瘦圆脸,下庭收窄,骨感额,厚眉骨,宽浅眼窝,外扩颧骨,饱满面颊,宽下颌,狼系眼,眼尾延展,窄眼距,星点虹膜,中高鼻根,高直鼻梁,微钝鼻头,小嘴,单侧上扬,瞳孔残缺,清瘦圆脸（下庭收窄），厚眉骨/宽浅眼窝，狼系眼·眼尾延展·窄眼距，中高鼻根/高直鼻梁/微钝鼻头，小嘴·单侧上扬，宽下颌
FD03956,短方脸,颈部线条收短,低额,低眉骨,眼下饱满,低颧骨,饱满面颊,圆方下颌,少年圆眼,眼尾平直,标准眼距,灰蓝瞳,低鼻根,宽骨鼻梁,肉感鼻头,小嘴,嘴角平直,眉尾旧疤,短方脸（颈部线条收短），低眉骨/眼下饱满，少年圆眼·眼尾平直·标准眼距，低鼻根/宽骨鼻梁/肉感鼻头，小嘴·嘴角平直，圆方下颌
FD03957,下颌突出脸,下庭加重,骨感额,柔和眉骨,眼下饱满,高颧骨,薄面颊,窄下颌,平直杏眼,眼尾平直,标准眼距,碎裂虹膜,高鼻根,宽骨鼻梁,小圆鼻头,上薄下厚,单侧上扬,眉心竖纹浅痕,下颌突出脸（下庭加重），柔和眉骨/眼下饱满，平直杏眼·眼尾平直·标准眼距，高鼻根/宽骨鼻梁/小圆鼻头，上薄下厚·单侧上扬，窄下颌
FD03958,骨感菱形,偏锐收窄,微凸额,柔和眉骨,眼下饱满,高颧骨,幼态柔软面颊,柔和下颌,平凤眼,眼尾明显挑,窄眼距,星点虹膜,高鼻根,轻鹰钩鼻梁,窄翼鼻头,宽嘴,嘴角平直,下颌浅疤,骨感菱形（偏锐收窄），柔和眉骨/眼下饱满，平凤眼·眼尾明显挑·窄眼距，高鼻根/轻鹰钩鼻梁/窄翼鼻头，宽嘴·嘴角平直，柔和下颌
FD03959,梨形脸,骨点外显,高额,柔和眉骨,中度眼窝,低颧骨,饱满面颊,骨感下颌,鹰隼眼,眼尾明显挑,窄眼距,环状虹膜,窄鼻根,轻微偏右鼻梁,下压鼻头,小嘴,嘴角平直,眉尾旧疤,梨形脸（骨点外显），柔和眉骨/中度眼窝，鹰隼眼·眼尾明显挑·窄眼距，窄鼻根/轻微偏右鼻梁/下压鼻头，小嘴·嘴角平直，骨感下颌
FD03960,成熟方脸,面中平缓,低额,高眉骨,窄深眼窝,低颧骨,成熟收紧面颊,圆方下颌,圆长眼,眼尾微挑,宽眼距,碎裂虹膜,高鼻根,轻鹰钩鼻梁,窄翼鼻头,薄唇,单侧上扬,左眼下浅泪痣,成熟方脸（面中平缓），高眉骨/窄深眼窝，圆长眼·眼尾微挑·宽眼距，高鼻根/轻鹰钩鼻梁/窄翼鼻头，薄唇·单侧上扬，圆方下颌
FD03961,短圆脸,中轴收紧,平直额,低眉骨,深眼窝,低颧骨,薄面颊,收敛下颌,冷感眼,眼尾明显挑,宽眼距,灰蓝瞳,窄鼻根,宽骨鼻梁,下压鼻头,小嘴,嘴角下垂,眉上小疤,短圆脸（中轴收紧），低眉骨/深眼窝，冷感眼·眼尾明显挑·宽眼距，窄鼻根/宽骨鼻梁/下压鼻头，小嘴·嘴角下垂，收敛下颌
FD03962,上窄下宽脸,颧部微收,高额,柔和眉骨,宽浅眼窝,外扩颧骨,饱满面颊,窄下颌,长杏眼,眼尾微挑,标准眼距,碎裂虹膜,宽鼻根,宽骨鼻梁,肉感鼻头,宽嘴,嘴角上扬,眉上小疤,上窄下宽脸（颧部微收），柔和眉骨/宽浅眼窝，长杏眼·眼尾微挑·标准眼距，宽鼻根/宽骨鼻梁/肉感鼻头，宽嘴·嘴角上扬，窄下颌
FD03963,宽心形脸,上庭收窄,微凸额,低眉骨,窄深眼窝,高颧骨,轻凹面颊,窄下颌,平凤眼,眼尾明显挑,宽眼距,星点虹膜,中高鼻根,中直鼻梁,方圆鼻头,上厚下薄,单侧上扬,颈侧细疤,宽心形脸（上庭收窄），低眉骨/窄深眼窝，平凤眼·眼尾明显挑·宽眼距，中高鼻根/中直鼻梁/方圆鼻头，上厚下薄·单侧上扬，窄下颌
FD03964,长心形脸,骨点内敛,宽额,内侧突出眉骨,眼下骨感,低颧骨,幼态柔软面颊,方下颌,狐狸系眼,眼尾延展,宽眼距,环状虹膜,中鼻根,中直鼻梁,小圆鼻头,宽嘴,嘴角平直,左眼下浅泪痣,长心形脸（骨点内敛），内侧突出眉骨/眼下骨感，狐狸系眼·眼尾延展·宽眼距，中鼻根/中直鼻梁/小圆鼻头，宽嘴·嘴角平直，方下颌
FD03965,短圆脸,面中立体化,高额,外侧突出眉骨,窄深眼窝,高颧骨,幼态柔软面颊,骨感下颌,长杏眼,眼尾延展,窄眼距,异色瞳,高鼻根,微弧鼻梁,轻翘鼻头,薄唇,嘴角平直,异色瞳,短圆脸（面中立体化），外侧突出眉骨/窄深眼窝，长杏眼·眼尾延展·窄眼距，高鼻根/微弧鼻梁/轻翘鼻头，薄唇·嘴角平直，骨感下颌
FD03966,宽方脸,中轴收紧,宽额,低眉骨,窄深眼窝,柔和颧骨,成熟收紧面颊,窄下颌,狭长瑞凤眼,眼尾平直,窄眼距,异色瞳,窄鼻根,高直鼻梁,下压鼻头,上薄下厚,嘴角上扬,右眉轻断,宽方脸（中轴收紧），低眉骨/窄深眼窝，狭长瑞凤眼·眼尾平直·窄眼距，窄鼻根/高直鼻梁/下压鼻头，上薄下厚·嘴角上扬，窄下颌
FD03967,颧部展开脸,下庭收窄,低额,内侧突出眉骨,窄深眼窝,低颧骨,轻凹面颊,圆方下颌,丹凤眼,眼尾下压,标准眼距,琥珀瞳,宽鼻根,宽骨鼻梁,肉感鼻头,成熟长唇,嘴角下垂,颈侧细疤,颧部展开脸（下庭收窄），内侧突出眉骨/窄深眼窝，丹凤眼·眼尾下压·标准眼距，宽鼻根/宽骨鼻梁/肉感鼻头，成熟长唇·嘴角下垂，圆方下颌
FD03968,梨形脸,上庭展开,平直额,外侧突出眉骨,浅眼窝,宽颧骨,成熟收紧面颊,柔和下颌,鹰隼眼,眼尾下压,标准眼距,环状虹膜,低鼻根,轻鹰钩鼻梁,微钝鼻头,宽嘴,单侧上扬,环状虹膜,梨形脸（上庭展开），外侧突出眉骨/浅眼窝，鹰隼眼·眼尾下压·标准眼距，低鼻根/轻鹰钩鼻梁/微钝鼻头，宽嘴·单侧上扬，柔和下颌
FD03969,长方脸,颌角弱化,高额,柔和眉骨,窄深眼窝,低颧骨,幼态柔软面颊,骨感下颌,下垂眼,眼尾明显挑,宽眼距,灰蓝瞳,窄鼻根,轻鹰钩鼻梁,肉感鼻头,上薄下厚,嘴角紧收,眼睑褶皱不对称,长方脸（颌角弱化），柔和眉骨/窄深眼窝，下垂眼·眼尾明显挑·宽眼距，窄鼻根/轻鹰钩鼻梁/肉感鼻头，上薄下厚·嘴角紧收，骨感下颌
FD03970,肉感短脸,中轴微长,窄额,柔和眉骨,浅眼窝,柔和颧骨,饱满面颊,骨感下颌,下垂眼,眼尾微挑,标准眼距,淡金瞳,中鼻根,中直鼻梁,窄翼鼻头,成熟长唇,嘴角平直,眉上小疤,肉感短脸（中轴微长），柔和眉骨/浅眼窝，下垂眼·眼尾微挑·标准眼距，中鼻根/中直鼻梁/窄翼鼻头，成熟长唇·嘴角平直，骨感下颌
FD03971,幼态方脸,中庭拉长,微凸额,高眉骨,宽浅眼窝,柔和颧骨,薄面颊,骨感下颌,半睁懒眼,眼尾下沉,标准眼距,深色瞳,窄鼻根,轻微偏左鼻梁,下压鼻头,薄唇,嘴角上扬,碎裂虹膜,幼态方脸（中庭拉长），高眉骨/宽浅眼窝，半睁懒眼·眼尾下沉·标准眼距，窄鼻根/轻微偏左鼻梁/下压鼻头，薄唇·嘴角上扬，骨感下颌
FD03972,颧部展开脸,面中立体化,高额,内侧突出眉骨,深眼窝,窄颧骨,薄面颊,窄下颌,鹿系眼,眼尾延展,宽眼距,深色瞳,中鼻根,高直鼻梁,小圆鼻头,上厚下薄,嘴角上扬,眼角小痣,颧部展开脸（面中立体化），内侧突出眉骨/深眼窝，鹿系眼·眼尾延展·宽眼距，中鼻根/高直鼻梁/小圆鼻头，上厚下薄·嘴角上扬，窄下颌
FD03973,长菱形,面中立体化,微凸额,厚眉骨,浅眼窝,柔和颧骨,薄面颊,方下颌,长杏眼,眼尾延展,宽眼距,琥珀瞳,低鼻根,轻微偏左鼻梁,骨感鼻头,宽嘴,嘴角上扬,眉心竖纹浅痕,长菱形（面中立体化），厚眉骨/浅眼窝，长杏眼·眼尾延展·宽眼距，低鼻根/轻微偏左鼻梁/骨感鼻头，宽嘴·嘴角上扬，方下颌
FD03974,鹅蛋偏菱,中轴微长,高额,压迫感眉骨,宽浅眼窝,柔和颧骨,轻凹面颊,柔和下颌,狭长瑞凤眼,眼尾延展,窄眼距,浅褐瞳,中高鼻根,微弧鼻梁,窄翼鼻头,厚唇,嘴角下垂,眼角小痣,鹅蛋偏菱（中轴微长），压迫感眉骨/宽浅眼窝，狭长瑞凤眼·眼尾延展·窄眼距，中高鼻根/微弧鼻梁/窄翼鼻头，厚唇·嘴角下垂，柔和下颌
FD03975,成熟方脸,上庭展开,微凸额,柔和眉骨,深眼窝,高颧骨,薄面颊,柔和下颌,狭长眼,眼尾下压,标准眼距,墨玉瞳,低鼻根,微弧鼻梁,窄翼鼻头,薄唇,嘴角下垂,额角旧痕,成熟方脸（上庭展开），柔和眉骨/深眼窝，狭长眼·眼尾下压·标准眼距，低鼻根/微弧鼻梁/窄翼鼻头，薄唇·嘴角下垂，柔和下颌
FD03976,长圆脸,骨点内敛,平直额,外侧突出眉骨,窄深眼窝,柔和颧骨,成熟收紧面颊,方下颌,平凤眼,眼尾明显挑,窄眼距,墨玉瞳,高鼻根,高直鼻梁,轻翘鼻头,成熟长唇,嘴角上扬,下颌浅疤,长圆脸（骨点内敛），外侧突出眉骨/窄深眼窝，平凤眼·眼尾明显挑·窄眼距，高鼻根/高直鼻梁/轻翘鼻头，成熟长唇·嘴角上扬，方下颌
FD03977,短圆脸,颊部饱满,骨感额,柔和眉骨,窄深眼窝,外扩颧骨,饱满面颊,圆方下颌,鹿系眼,眼尾下压,宽眼距,碎裂虹膜,窄鼻根,轻微偏右鼻梁,小圆鼻头,成熟长唇,嘴角下垂,眼睑褶皱不对称,短圆脸（颊部饱满），柔和眉骨/窄深眼窝，鹿系眼·眼尾下压·宽眼距，窄鼻根/轻微偏右鼻梁/小圆鼻头，成熟长唇·嘴角下垂，圆方下颌
FD03978,柔和菱形,骨点内敛,饱满额,薄眉骨,浅眼窝,低颧骨,幼态柔软面颊,圆方下颌,狭长瑞凤眼,眼尾下沉,标准眼距,淡金瞳,高鼻根,轻微偏右鼻梁,下压鼻头,弓形唇,嘴角上扬,无标志,柔和菱形（骨点内敛），薄眉骨/浅眼窝，狭长瑞凤眼·眼尾下沉·标准眼距，高鼻根/轻微偏右鼻梁/下压鼻头，弓形唇·嘴角上扬，圆方下颌
FD03979,倒三角脸,颈部线条收短,微凸额,压迫感眉骨,窄深眼窝,低颧骨,轻凹面颊,收敛下颌,狭长瑞凤眼,眼尾下沉,标准眼距,淡金瞳,中高鼻根,轻微偏右鼻梁,轻翘鼻头,平直唇,嘴角平直,异色瞳,倒三角脸（颈部线条收短），压迫感眉骨/窄深眼窝，狭长瑞凤眼·眼尾下沉·标准眼距，中高鼻根/轻微偏右鼻梁/轻翘鼻头，平直唇·嘴角平直，收敛下颌
FD03980,圆脸,下颌线清晰化,宽额,压迫感眉骨,眼下饱满,柔和颧骨,成熟收紧面颊,宽下颌,蛇系眼,眼尾下沉,窄眼距,碎裂虹膜,宽鼻根,轻鹰钩鼻梁,肉感鼻头,上薄下厚,嘴角下垂,左眼下浅泪痣,圆脸（下颌线清晰化），压迫感眉骨/眼下饱满，蛇系眼·眼尾下沉·窄眼距，宽鼻根/轻鹰钩鼻梁/肉感鼻头，上薄下厚·嘴角下垂，宽下颌
FD03981,短方脸,面中平缓,高额,高眉骨,窄深眼窝,窄颧骨,饱满面颊,收敛下颌,成熟长眼,眼尾下压,标准眼距,星点虹膜,中鼻根,高直鼻梁,方圆鼻头,薄唇,嘴角紧收,右眼下浅泪痣,短方脸（面中平缓），高眉骨/窄深眼窝，成熟长眼·眼尾下压·标准眼距，中鼻根/高直鼻梁/方圆鼻头，薄唇·嘴角紧收，收敛下颌
FD03982,成熟方脸,面中平缓,窄额,薄眉骨,眼下骨感,高颧骨,成熟收紧面颊,窄下颌,成熟长眼,眼尾下沉,宽眼距,琥珀瞳,中高鼻根,轻鹰钩鼻梁,方圆鼻头,薄唇,单侧上扬,眉上小疤,成熟方脸（面中平缓），薄眉骨/眼下骨感，成熟长眼·眼尾下沉·宽眼距，中高鼻根/轻鹰钩鼻梁/方圆鼻头，薄唇·单侧上扬，窄下颌
FD03983,宽鹅蛋脸,上庭收窄,宽额,压迫感眉骨,深眼窝,宽颧骨,成熟收紧面颊,窄下颌,鹰隼眼,眼尾平直,宽眼距,琥珀瞳,中鼻根,宽骨鼻梁,轻翘鼻头,弓形唇,嘴角上扬,双侧酒窝,宽鹅蛋脸（上庭收窄），压迫感眉骨/深眼窝，鹰隼眼·眼尾平直·宽眼距，中鼻根/宽骨鼻梁/轻翘鼻头，弓形唇·嘴角上扬，窄下颌
FD03984,鹅蛋偏菱,颈部线条延长,饱满额,外侧突出眉骨,窄深眼窝,柔和颧骨,幼态柔软面颊,骨感下颌,鹰隼眼,眼尾明显挑,窄眼距,琥珀瞳,低鼻根,轻微偏右鼻梁,小圆鼻头,宽嘴,嘴角平直,无标志,鹅蛋偏菱（颈部线条延长），外侧突出眉骨/窄深眼窝，鹰隼眼·眼尾明显挑·窄眼距，低鼻根/轻微偏右鼻梁/小圆鼻头，宽嘴·嘴角平直，骨感下颌
FD03985,肉感短脸,颈部线条延长,平直额,高眉骨,宽浅眼窝,柔和颧骨,成熟收紧面颊,窄下颌,长杏眼,眼尾下沉,宽眼距,淡金瞳,中高鼻根,宽骨鼻梁,骨感鼻头,薄唇,嘴角平直,双侧酒窝,肉感短脸（颈部线条延长），高眉骨/宽浅眼窝，长杏眼·眼尾下沉·宽眼距，中高鼻根/宽骨鼻梁/骨感鼻头，薄唇·嘴角平直，窄下颌
FD03986,长鹅蛋脸,颧部微收,微凸额,内侧突出眉骨,宽浅眼窝,宽颧骨,薄面颊,宽下颌,狐狸系眼,眼尾下压,窄眼距,墨玉瞳,低鼻根,高直鼻梁,肉感鼻头,成熟长唇,嘴角下垂,指节薄茧,长鹅蛋脸（颧部微收），内侧突出眉骨/宽浅眼窝，狐狸系眼·眼尾下压·窄眼距，低鼻根/高直鼻梁/肉感鼻头，成熟长唇·嘴角下垂，宽下颌
FD03987,倒三角脸,下颌线清晰化,窄额,薄眉骨,深眼窝,宽颧骨,饱满面颊,方下颌,桃花眼,眼尾明显挑,宽眼距,环状虹膜,中鼻根,微弧鼻梁,肉感鼻头,厚唇,嘴角平直,环状虹膜,倒三角脸（下颌线清晰化），薄眉骨/深眼窝，桃花眼·眼尾明显挑·宽眼距，中鼻根/微弧鼻梁/肉感鼻头，厚唇·嘴角平直，方下颌
FD03988,骨感菱形,中庭拉长,骨感额,内侧突出眉骨,中度眼窝,低颧骨,成熟收紧面颊,宽下颌,鹿系眼,眼尾延展,窄眼距,浅褐瞳,窄鼻根,中直鼻梁,肉感鼻头,上薄下厚,嘴角上扬,眉心竖纹浅痕,骨感菱形（中庭拉长），内侧突出眉骨/中度眼窝，鹿系眼·眼尾延展·窄眼距，窄鼻根/中直鼻梁/肉感鼻头，上薄下厚·嘴角上扬，宽下颌
FD03989,标准菱形,面中立体化,平直额,压迫感眉骨,眼下饱满,柔和颧骨,轻凹面颊,柔和下颌,狼系眼,眼尾下压,标准眼距,淡金瞳,低鼻根,高直鼻梁,方圆鼻头,成熟长唇,嘴角紧收,左眼下浅泪痣,标准菱形（面中立体化），压迫感眉骨/眼下饱满，狼系眼·眼尾下压·标准眼距，低鼻根/高直鼻梁/方圆鼻头，成熟长唇·嘴角紧收，柔和下颌
FD03990,圆脸,颌角强调,窄额,柔和眉骨,窄深眼窝,高颧骨,薄面颊,宽下颌,鹤系眼,眼尾微挑,标准眼距,淡金瞳,宽鼻根,微弧鼻梁,下压鼻头,小嘴,单侧上扬,唇下小痣,圆脸（颌角强调），柔和眉骨/窄深眼窝，鹤系眼·眼尾微挑·标准眼距，宽鼻根/微弧鼻梁/下压鼻头，小嘴·单侧上扬，宽下颌
FD03991,短鹅蛋脸,面中平缓,微凸额,薄眉骨,宽浅眼窝,柔和颧骨,饱满面颊,圆方下颌,丹凤眼,眼尾延展,窄眼距,浅褐瞳,中高鼻根,微弧鼻梁,轻翘鼻头,弓形唇,嘴角紧收,眉心竖纹浅痕,短鹅蛋脸（面中平缓），薄眉骨/宽浅眼窝，丹凤眼·眼尾延展·窄眼距，中高鼻根/微弧鼻梁/轻翘鼻头，弓形唇·嘴角紧收，圆方下颌
FD03992,肉感短脸,颈部线条延长,微凸额,高眉骨,窄深眼窝,外扩颧骨,幼态柔软面颊,骨感下颌,短杏眼,眼尾下沉,宽眼距,环状虹膜,中高鼻根,轻微偏右鼻梁,轻翘鼻头,成熟长唇,嘴角下垂,无标志,肉感短脸（颈部线条延长），高眉骨/窄深眼窝，短杏眼·眼尾下沉·宽眼距，中高鼻根/轻微偏右鼻梁/轻翘鼻头，成熟长唇·嘴角下垂，骨感下颌
FD03993,上窄下宽脸,下颌线清晰化,低额,薄眉骨,眼下骨感,窄颧骨,薄面颊,方下颌,冷感眼,眼尾下沉,标准眼距,淡金瞳,低鼻根,微弧鼻梁,小圆鼻头,平直唇,嘴角上扬,唇下小痣,上窄下宽脸（下颌线清晰化），薄眉骨/眼下骨感，冷感眼·眼尾下沉·标准眼距，低鼻根/微弧鼻梁/小圆鼻头，平直唇·嘴角上扬，方下颌
FD03994,长鹅蛋脸,面中立体化,微凸额,薄眉骨,窄深眼窝,宽颧骨,薄面颊,圆方下颌,鹰隼眼,眼尾平直,宽眼距,灰蓝瞳,低鼻根,轻微偏右鼻梁,骨感鼻头,宽嘴,嘴角下垂,无标志,长鹅蛋脸（面中立体化），薄眉骨/窄深眼窝，鹰隼眼·眼尾平直·宽眼距，低鼻根/轻微偏右鼻梁/骨感鼻头，宽嘴·嘴角下垂，圆方下颌
FD03995,鹅蛋偏心形,颈部线条收短,微凸额,薄眉骨,浅眼窝,柔和颧骨,成熟收紧面颊,骨感下颌,瑞凤眼,眼尾平直,窄眼距,碎裂虹膜,低鼻根,轻微偏左鼻梁,微钝鼻头,小嘴,嘴角下垂,异色瞳,鹅蛋偏心形（颈部线条收短），薄眉骨/浅眼窝，瑞凤眼·眼尾平直·窄眼距，低鼻根/轻微偏左鼻梁/微钝鼻头，小嘴·嘴角下垂，骨感下颌
FD03996,梨形脸,下庭加重,平直额,压迫感眉骨,眼下饱满,外扩颧骨,幼态柔软面颊,窄下颌,鹿系眼,眼尾微挑,窄眼距,星点虹膜,窄鼻根,柔和鼻梁,轻翘鼻头,上厚下薄,嘴角紧收,唇下小痣,梨形脸（下庭加重），压迫感眉骨/眼下饱满，鹿系眼·眼尾微挑·窄眼距，窄鼻根/柔和鼻梁/轻翘鼻头，上厚下薄·嘴角紧收，窄下颌
FD03997,心形脸,面中平缓,平直额,薄眉骨,窄深眼窝,柔和颧骨,成熟收紧面颊,明显下颌角,鹿系眼,眼尾延展,窄眼距,琥珀瞳,低鼻根,轻微偏左鼻梁,骨感鼻头,宽嘴,嘴角上扬,指节薄茧,心形脸（面中平缓），薄眉骨/窄深眼窝，鹿系眼·眼尾延展·窄眼距，低鼻根/轻微偏左鼻梁/骨感鼻头，宽嘴·嘴角上扬，明显下颌角
FD03998,柔和方脸,颊部饱满,骨感额,厚眉骨,眼下饱满,宽颧骨,幼态柔软面颊,宽下颌,冷感眼,眼尾平直,宽眼距,浅褐瞳,窄鼻根,中直鼻梁,微钝鼻头,薄唇,嘴角上扬,右眉轻断,柔和方脸（颊部饱满），厚眉骨/眼下饱满，冷感眼·眼尾平直·宽眼距，窄鼻根/中直鼻梁/微钝鼻头，薄唇·嘴角上扬，宽下颌
FD03999,柔和菱形,颈部线条收短,骨感额,柔和眉骨,窄深眼窝,窄颧骨,幼态柔软面颊,收敛下颌,狐狸系眼,眼尾明显挑,窄眼距,碎裂虹膜,宽鼻根,宽骨鼻梁,小圆鼻头,平直唇,嘴角上扬,右眉轻断,柔和菱形（颈部线条收短），柔和眉骨/窄深眼窝，狐狸系眼·眼尾明显挑·窄眼距，宽鼻根/宽骨鼻梁/小圆鼻头，平直唇·嘴角上扬，收敛下颌
FD04000,双颌匀称脸,颈部线条延长,低额,柔和眉骨,眼下骨感,窄颧骨,饱满面颊,骨感下颌,狐狸系眼,眼尾平直,宽眼距,墨玉瞳,中高鼻根,宽骨鼻梁,窄翼鼻头,薄唇,嘴角平直,右眼下浅泪痣,双颌匀称脸（颈部线条延长），柔和眉骨/眼下骨感，狐狸系眼·眼尾平直·宽眼距，中高鼻根/宽骨鼻梁/窄翼鼻头，薄唇·嘴角平直，骨感下颌
FD04001,窄鹅蛋脸,面中平缓,饱满额,内侧突出眉骨,眼下饱满,柔和颧骨,轻凹面颊,宽下颌,冷感眼,眼尾下沉,标准眼距,淡金瞳,宽鼻根,高直鼻梁,肉感鼻头,弓形唇,嘴角紧收,左眼下浅泪痣,窄鹅蛋脸（面中平缓），内侧突出眉骨/眼下饱满，冷感眼·眼尾下沉·标准眼距，宽鼻根/高直鼻梁/肉感鼻头，弓形唇·嘴角紧收，宽下颌
FD04002,幼态方脸,中轴微长,低额,低眉骨,深眼窝,窄颧骨,薄面颊,圆方下颌,成熟长眼,眼尾平直,宽眼距,灰蓝瞳,中高鼻根,高直鼻梁,轻翘鼻头,小嘴,单侧上扬,单侧虎牙,幼态方脸（中轴微长），低眉骨/深眼窝，成熟长眼·眼尾平直·宽眼距，中高鼻根/高直鼻梁/轻翘鼻头，小嘴·单侧上扬，圆方下颌
FD04003,清瘦圆脸,中庭展宽,宽额,低眉骨,浅眼窝,柔和颧骨,幼态柔软面颊,窄下颌,桃花眼,眼尾下沉,标准眼距,异色瞳,宽鼻根,宽骨鼻梁,方圆鼻头,上厚下薄,嘴角平直,左眼下浅泪痣,清瘦圆脸（中庭展宽），低眉骨/浅眼窝，桃花眼·眼尾下沉·标准眼距，宽鼻根/宽骨鼻梁/方圆鼻头，上厚下薄·嘴角平直，窄下颌
FD04004,骨感方脸,颊部饱满,低额,薄眉骨,深眼窝,柔和颧骨,薄面颊,圆方下颌,瑞凤眼,眼尾下沉,宽眼距,琥珀瞳,中高鼻根,轻微偏右鼻梁,下压鼻头,宽嘴,单侧上扬,眉尾旧疤,骨感方脸（颊部饱满），薄眉骨/深眼窝，瑞凤眼·眼尾下沉·宽眼距，中高鼻根/轻微偏右鼻梁/下压鼻头，宽嘴·单侧上扬，圆方下颌
FD04005,方菱过渡脸,下颌线清晰化,饱满额,薄眉骨,深眼窝,外扩颧骨,薄面颊,收敛下颌,半睁懒眼,眼尾延展,标准眼距,异色瞳,高鼻根,宽骨鼻梁,轻翘鼻头,弓形唇,嘴角紧收,左眼下浅泪痣,方菱过渡脸（下颌线清晰化），薄眉骨/深眼窝，半睁懒眼·眼尾延展·标准眼距，高鼻根/宽骨鼻梁/轻翘鼻头，弓形唇·嘴角紧收，收敛下颌
FD04006,骨感窄脸,下庭加重,宽额,内侧突出眉骨,眼下骨感,高颧骨,轻凹面颊,宽下颌,猫系眼,眼尾延展,宽眼距,淡金瞳,窄鼻根,轻鹰钩鼻梁,轻翘鼻头,宽嘴,单侧上扬,无标志,骨感窄脸（下庭加重），内侧突出眉骨/眼下骨感，猫系眼·眼尾延展·宽眼距，窄鼻根/轻鹰钩鼻梁/轻翘鼻头，宽嘴·单侧上扬，宽下颌
FD04007,双颌匀称脸,中轴微长,宽额,厚眉骨,浅眼窝,窄颧骨,轻凹面颊,柔和下颌,短圆杏眼,眼尾平直,窄眼距,淡金瞳,低鼻根,轻微偏右鼻梁,轻翘鼻头,上薄下厚,嘴角紧收,无标志,双颌匀称脸（中轴微长），厚眉骨/浅眼窝，短圆杏眼·眼尾平直·窄眼距，低鼻根/轻微偏右鼻梁/轻翘鼻头，上薄下厚·嘴角紧收，柔和下颌
FD04008,短方脸,骨点内敛,窄额,内侧突出眉骨,浅眼窝,窄颧骨,幼态柔软面颊,骨感下颌,鹤系眼,眼尾下压,窄眼距,星点虹膜,中鼻根,宽骨鼻梁,骨感鼻头,宽嘴,单侧上扬,无标志,短方脸（骨点内敛），内侧突出眉骨/浅眼窝，鹤系眼·眼尾下压·窄眼距，中鼻根/宽骨鼻梁/骨感鼻头，宽嘴·单侧上扬，骨感下颌
FD04009,短方脸,颊部饱满,高额,压迫感眉骨,眼下饱满,低颧骨,轻凹面颊,窄下颌,鹿系眼,眼尾下压,标准眼距,环状虹膜,宽鼻根,轻微偏左鼻梁,窄翼鼻头,小嘴,嘴角上扬,单侧酒窝,短方脸（颊部饱满），压迫感眉骨/眼下饱满，鹿系眼·眼尾下压·标准眼距，宽鼻根/轻微偏左鼻梁/窄翼鼻头，小嘴·嘴角上扬，窄下颌
FD04010,方鹅蛋脸,颧部微收,窄额,低眉骨,深眼窝,柔和颧骨,幼态柔软面颊,收敛下颌,瑞凤眼,眼尾下沉,宽眼距,淡金瞳,低鼻根,柔和鼻梁,窄翼鼻头,平直唇,嘴角上扬,碎裂虹膜,方鹅蛋脸（颧部微收），低眉骨/深眼窝，瑞凤眼·眼尾下沉·宽眼距，低鼻根/柔和鼻梁/窄翼鼻头，平直唇·嘴角上扬，收敛下颌
FD04011,长圆脸,面中平缓,骨感额,高眉骨,浅眼窝,低颧骨,轻凹面颊,骨感下颌,鹿系眼,眼尾微挑,窄眼距,星点虹膜,中高鼻根,中直鼻梁,肉感鼻头,薄唇,嘴角平直,唇下小痣,长圆脸（面中平缓），高眉骨/浅眼窝，鹿系眼·眼尾微挑·窄眼距，中高鼻根/中直鼻梁/肉感鼻头，薄唇·嘴角平直，骨感下颌
FD04012,宽方脸,中轴微长,宽额,内侧突出眉骨,宽浅眼窝,外扩颧骨,饱满面颊,收敛下颌,宽杏眼,眼尾下沉,窄眼距,星点虹膜,窄鼻根,柔和鼻梁,窄翼鼻头,成熟长唇,嘴角紧收,右眉轻断,宽方脸（中轴微长），内侧突出眉骨/宽浅眼窝，宽杏眼·眼尾下沉·窄眼距，窄鼻根/柔和鼻梁/窄翼鼻头，成熟长唇·嘴角紧收，收敛下颌
FD04013,下颌突出脸,中轴收紧,微凸额,薄眉骨,浅眼窝,窄颧骨,成熟收紧面颊,宽下颌,少年圆眼,眼尾明显挑,标准眼距,深色瞳,高鼻根,轻微偏右鼻梁,轻翘鼻头,平直唇,嘴角紧收,指节薄茧,下颌突出脸（中轴收紧），薄眉骨/浅眼窝，少年圆眼·眼尾明显挑·标准眼距，高鼻根/轻微偏右鼻梁/轻翘鼻头，平直唇·嘴角紧收，宽下颌
FD04014,肉感短脸,中庭展宽,高额,低眉骨,窄深眼窝,外扩颧骨,饱满面颊,柔和下颌,圆长眼,眼尾下沉,窄眼距,淡金瞳,中鼻根,中直鼻梁,小圆鼻头,小嘴,嘴角平直,下颌浅疤,肉感短脸（中庭展宽），低眉骨/窄深眼窝，圆长眼·眼尾下沉·窄眼距，中鼻根/中直鼻梁/小圆鼻头，小嘴·嘴角平直，柔和下颌
FD04015,长菱形,颈部线条收短,微凸额,低眉骨,浅眼窝,柔和颧骨,成熟收紧面颊,收敛下颌,疲惫眼,眼尾下沉,标准眼距,环状虹膜,窄鼻根,高直鼻梁,肉感鼻头,成熟长唇,嘴角紧收,眼睑褶皱不对称,长菱形（颈部线条收短），低眉骨/浅眼窝，疲惫眼·眼尾下沉·标准眼距，窄鼻根/高直鼻梁/肉感鼻头，成熟长唇·嘴角紧收，收敛下颌
FD04016,梨形脸,下庭加重,窄额,压迫感眉骨,宽浅眼窝,高颧骨,轻凹面颊,窄下颌,平直杏眼,眼尾延展,宽眼距,环状虹膜,低鼻根,轻鹰钩鼻梁,骨感鼻头,厚唇,嘴角平直,额角旧痕,梨形脸（下庭加重），压迫感眉骨/宽浅眼窝，平直杏眼·眼尾延展·宽眼距，低鼻根/轻鹰钩鼻梁/骨感鼻头，厚唇·嘴角平直，窄下颌
FD04017,圆脸,上庭收窄,微凸额,厚眉骨,中度眼窝,低颧骨,成熟收紧面颊,圆方下颌,少年圆眼,眼尾明显挑,标准眼距,环状虹膜,低鼻根,中直鼻梁,窄翼鼻头,上厚下薄,嘴角平直,下颌浅疤,圆脸（上庭收窄），厚眉骨/中度眼窝，少年圆眼·眼尾明显挑·标准眼距，低鼻根/中直鼻梁/窄翼鼻头，上厚下薄·嘴角平直，圆方下颌
FD04018,鹅蛋偏方,中庭拉长,骨感额,低眉骨,眼下饱满,宽颧骨,轻凹面颊,方下颌,瑞凤眼,眼尾微挑,窄眼距,琥珀瞳,低鼻根,轻微偏左鼻梁,骨感鼻头,上薄下厚,嘴角紧收,下颌浅疤,鹅蛋偏方（中庭拉长），低眉骨/眼下饱满，瑞凤眼·眼尾微挑·窄眼距，低鼻根/轻微偏左鼻梁/骨感鼻头，上薄下厚·嘴角紧收，方下颌
FD04019,倒梯形脸,颈部线条收短,微凸额,压迫感眉骨,宽浅眼窝,高颧骨,轻凹面颊,方下颌,狭长眼,眼尾延展,窄眼距,星点虹膜,窄鼻根,宽骨鼻梁,下压鼻头,宽嘴,嘴角紧收,鼻梁旧伤,倒梯形脸（颈部线条收短），压迫感眉骨/宽浅眼窝，狭长眼·眼尾延展·窄眼距，窄鼻根/宽骨鼻梁/下压鼻头，宽嘴·嘴角紧收，方下颌
FD04020,柔和菱形,颌角弱化,低额,外侧突出眉骨,深眼窝,低颧骨,饱满面颊,柔和下颌,少年圆眼,眼尾下沉,宽眼距,墨玉瞳,中鼻根,柔和鼻梁,微钝鼻头,平直唇,单侧上扬,环状虹膜,柔和菱形（颌角弱化），外侧突出眉骨/深眼窝，少年圆眼·眼尾下沉·宽眼距，中鼻根/柔和鼻梁/微钝鼻头，平直唇·单侧上扬，柔和下颌
FD04021,骨感方脸,中庭拉长,骨感额,低眉骨,眼下骨感,外扩颧骨,轻凹面颊,收敛下颌,成熟长眼,眼尾平直,窄眼距,琥珀瞳,中高鼻根,轻微偏左鼻梁,微钝鼻头,小嘴,嘴角平直,左颊浅疤,骨感方脸（中庭拉长），低眉骨/眼下骨感，成熟长眼·眼尾平直·窄眼距，中高鼻根/轻微偏左鼻梁/微钝鼻头，小嘴·嘴角平直，收敛下颌
FD04022,方鹅蛋脸,颌角强调,高额,柔和眉骨,眼下饱满,高颧骨,成熟收紧面颊,明显下颌角,下垂眼,眼尾下沉,标准眼距,浅褐瞳,宽鼻根,柔和鼻梁,轻翘鼻头,成熟长唇,嘴角紧收,眼睑褶皱不对称,方鹅蛋脸（颌角强调），柔和眉骨/眼下饱满，下垂眼·眼尾下沉·标准眼距，宽鼻根/柔和鼻梁/轻翘鼻头，成熟长唇·嘴角紧收，明显下颌角
FD04023,短方脸,上庭收窄,微凸额,外侧突出眉骨,中度眼窝,柔和颧骨,薄面颊,宽下颌,短圆杏眼,眼尾明显挑,标准眼距,墨玉瞳,宽鼻根,轻微偏左鼻梁,下压鼻头,上薄下厚,单侧上扬,无标志,短方脸（上庭收窄），外侧突出眉骨/中度眼窝，短圆杏眼·眼尾明显挑·标准眼距，宽鼻根/轻微偏左鼻梁/下压鼻头，上薄下厚·单侧上扬，宽下颌
FD04024,骨感菱形,中轴收紧,平直额,柔和眉骨,浅眼窝,外扩颧骨,轻凹面颊,窄下颌,蛇系眼,眼尾延展,窄眼距,浅褐瞳,中高鼻根,柔和鼻梁,方圆鼻头,宽嘴,单侧上扬,单侧虎牙,骨感菱形（中轴收紧），柔和眉骨/浅眼窝，蛇系眼·眼尾延展·窄眼距，中高鼻根/柔和鼻梁/方圆鼻头，宽嘴·单侧上扬，窄下颌
FD04025,骨感菱形,颧部外扩,骨感额,内侧突出眉骨,眼下骨感,低颧骨,成熟收紧面颊,明显下颌角,疲惫眼,眼尾微挑,窄眼距,星点虹膜,窄鼻根,中直鼻梁,微钝鼻头,成熟长唇,嘴角平直,无标志,骨感菱形（颧部外扩），内侧突出眉骨/眼下骨感，疲惫眼·眼尾微挑·窄眼距，窄鼻根/中直鼻梁/微钝鼻头，成熟长唇·嘴角平直，明显下颌角
FD04026,标准菱形,颈部线条延长,窄额,内侧突出眉骨,宽浅眼窝,外扩颧骨,饱满面颊,收敛下颌,半睁懒眼,眼尾下沉,窄眼距,灰蓝瞳,低鼻根,宽骨鼻梁,方圆鼻头,弓形唇,嘴角平直,鼻梁旧伤,标准菱形（颈部线条延长），内侧突出眉骨/宽浅眼窝，半睁懒眼·眼尾下沉·窄眼距，低鼻根/宽骨鼻梁/方圆鼻头，弓形唇·嘴角平直，收敛下颌
FD04027,鹅蛋偏心形,下颌线柔化,骨感额,高眉骨,浅眼窝,高颧骨,幼态柔软面颊,宽下颌,宽杏眼,眼尾明显挑,窄眼距,淡金瞳,中鼻根,轻鹰钩鼻梁,微钝鼻头,平直唇,嘴角平直,眉上小疤,鹅蛋偏心形（下颌线柔化），高眉骨/浅眼窝，宽杏眼·眼尾明显挑·窄眼距，中鼻根/轻鹰钩鼻梁/微钝鼻头，平直唇·嘴角平直，宽下颌
FD04028,短圆脸,下庭收窄,微凸额,内侧突出眉骨,深眼窝,柔和颧骨,幼态柔软面颊,窄下颌,鹰隼眼,眼尾平直,标准眼距,琥珀瞳,窄鼻根,柔和鼻梁,方圆鼻头,厚唇,嘴角上扬,左眼下浅泪痣,短圆脸（下庭收窄），内侧突出眉骨/深眼窝，鹰隼眼·眼尾平直·标准眼距，窄鼻根/柔和鼻梁/方圆鼻头，厚唇·嘴角上扬，窄下颌
FD04029,短鹅蛋脸,下庭加重,微凸额,内侧突出眉骨,深眼窝,柔和颧骨,薄面颊,圆方下颌,桃花眼,眼尾明显挑,窄眼距,灰蓝瞳,中鼻根,轻微偏左鼻梁,下压鼻头,上薄下厚,嘴角平直,眉上小疤,短鹅蛋脸（下庭加重），内侧突出眉骨/深眼窝，桃花眼·眼尾明显挑·窄眼距，中鼻根/轻微偏左鼻梁/下压鼻头，上薄下厚·嘴角平直，圆方下颌
FD04030,上窄下宽脸,中轴收紧,微凸额,压迫感眉骨,宽浅眼窝,柔和颧骨,轻凹面颊,骨感下颌,平凤眼,眼尾下沉,窄眼距,星点虹膜,窄鼻根,宽骨鼻梁,窄翼鼻头,上薄下厚,单侧上扬,碎裂虹膜,上窄下宽脸（中轴收紧），压迫感眉骨/宽浅眼窝，平凤眼·眼尾下沉·窄眼距，窄鼻根/宽骨鼻梁/窄翼鼻头，上薄下厚·单侧上扬，骨感下颌
FD04031,双颌匀称脸,偏锐收窄,宽额,压迫感眉骨,浅眼窝,外扩颧骨,薄面颊,骨感下颌,柳叶眼,眼尾下沉,标准眼距,异色瞳,低鼻根,高直鼻梁,下压鼻头,宽嘴,嘴角紧收,唇下小痣,双颌匀称脸（偏锐收窄），压迫感眉骨/浅眼窝，柳叶眼·眼尾下沉·标准眼距，低鼻根/高直鼻梁/下压鼻头，宽嘴·嘴角紧收，骨感下颌
FD04032,幼态圆脸,面中立体化,平直额,厚眉骨,眼下骨感,宽颧骨,成熟收紧面颊,骨感下颌,下垂眼,眼尾微挑,标准眼距,琥珀瞳,窄鼻根,中直鼻梁,骨感鼻头,厚唇,单侧上扬,环状虹膜,幼态圆脸（面中立体化），厚眉骨/眼下骨感，下垂眼·眼尾微挑·标准眼距，窄鼻根/中直鼻梁/骨感鼻头，厚唇·单侧上扬，骨感下颌
FD04033,清瘦圆脸,中轴微长,高额,柔和眉骨,眼下饱满,外扩颧骨,薄面颊,方下颌,长杏眼,眼尾延展,窄眼距,琥珀瞳,中高鼻根,轻鹰钩鼻梁,肉感鼻头,宽嘴,嘴角紧收,无标志,清瘦圆脸（中轴微长），柔和眉骨/眼下饱满，长杏眼·眼尾延展·窄眼距，中高鼻根/轻鹰钩鼻梁/肉感鼻头，宽嘴·嘴角紧收，方下颌
FD04034,成熟方脸,骨点内敛,宽额,低眉骨,深眼窝,高颧骨,成熟收紧面颊,圆方下颌,半睁懒眼,眼尾延展,宽眼距,星点虹膜,宽鼻根,轻微偏左鼻梁,下压鼻头,上厚下薄,单侧上扬,指节薄茧,成熟方脸（骨点内敛），低眉骨/深眼窝，半睁懒眼·眼尾延展·宽眼距，宽鼻根/轻微偏左鼻梁/下压鼻头，上厚下薄·单侧上扬，圆方下颌
FD04035,标准菱形,上庭展开,宽额,外侧突出眉骨,浅眼窝,外扩颧骨,轻凹面颊,宽下颌,瑞凤眼,眼尾平直,窄眼距,异色瞳,宽鼻根,中直鼻梁,方圆鼻头,平直唇,嘴角紧收,右眉轻断,标准菱形（上庭展开），外侧突出眉骨/浅眼窝，瑞凤眼·眼尾平直·窄眼距，宽鼻根/中直鼻梁/方圆鼻头，平直唇·嘴角紧收，宽下颌
FD04036,柔和菱形,上庭展开,平直额,厚眉骨,眼下骨感,外扩颧骨,饱满面颊,圆方下颌,平直杏眼,眼尾明显挑,宽眼距,异色瞳,低鼻根,微弧鼻梁,肉感鼻头,小嘴,嘴角上扬,眼角小痣,柔和菱形（上庭展开），厚眉骨/眼下骨感，平直杏眼·眼尾明显挑·宽眼距，低鼻根/微弧鼻梁/肉感鼻头，小嘴·嘴角上扬，圆方下颌
FD04037,短鹅蛋脸,偏锐收窄,骨感额,外侧突出眉骨,宽浅眼窝,高颧骨,饱满面颊,圆方下颌,狭长瑞凤眼,眼尾下沉,窄眼距,环状虹膜,中鼻根,中直鼻梁,轻翘鼻头,上薄下厚,嘴角下垂,鼻梁旧伤,短鹅蛋脸（偏锐收窄），外侧突出眉骨/宽浅眼窝，狭长瑞凤眼·眼尾下沉·窄眼距，中鼻根/中直鼻梁/轻翘鼻头，上薄下厚·嘴角下垂，圆方下颌
FD04038,鹅蛋偏心形,下颌线柔化,骨感额,低眉骨,窄深眼窝,窄颧骨,成熟收紧面颊,骨感下颌,窄杏眼,眼尾微挑,宽眼距,淡金瞳,低鼻根,中直鼻梁,下压鼻头,厚唇,嘴角上扬,环状虹膜,鹅蛋偏心形（下颌线柔化），低眉骨/窄深眼窝，窄杏眼·眼尾微挑·宽眼距，低鼻根/中直鼻梁/下压鼻头，厚唇·嘴角上扬，骨感下颌
FD04039,长方脸,颈部线条延长,饱满额,高眉骨,浅眼窝,柔和颧骨,成熟收紧面颊,收敛下颌,平凤眼,眼尾平直,标准眼距,灰蓝瞳,窄鼻根,高直鼻梁,微钝鼻头,平直唇,单侧上扬,右眼下浅泪痣,长方脸（颈部线条延长），高眉骨/浅眼窝，平凤眼·眼尾平直·标准眼距，窄鼻根/高直鼻梁/微钝鼻头，平直唇·单侧上扬，收敛下颌
FD04040,清瘦圆脸,颧部外扩,平直额,厚眉骨,宽浅眼窝,低颧骨,幼态柔软面颊,方下颌,桃花眼,眼尾微挑,窄眼距,淡金瞳,宽鼻根,中直鼻梁,微钝鼻头,弓形唇,嘴角上扬,异色瞳,清瘦圆脸（颧部外扩），厚眉骨/宽浅眼窝，桃花眼·眼尾微挑·窄眼距，宽鼻根/中直鼻梁/微钝鼻头，弓形唇·嘴角上扬，方下颌
FD04041,短方脸,下庭加重,窄额,薄眉骨,浅眼窝,外扩颧骨,幼态柔软面颊,柔和下颌,窄杏眼,眼尾明显挑,窄眼距,淡金瞳,高鼻根,微弧鼻梁,轻翘鼻头,薄唇,嘴角上扬,无标志,短方脸（下庭加重），薄眉骨/浅眼窝，窄杏眼·眼尾明显挑·窄眼距，高鼻根/微弧鼻梁/轻翘鼻头，薄唇·嘴角上扬，柔和下颌
FD04042,下颌突出脸,偏柔圆润,宽额,厚眉骨,窄深眼窝,低颧骨,成熟收紧面颊,圆方下颌,柳叶眼,眼尾下压,窄眼距,碎裂虹膜,宽鼻根,轻微偏左鼻梁,小圆鼻头,薄唇,嘴角下垂,右眼下浅泪痣,下颌突出脸（偏柔圆润），厚眉骨/窄深眼窝，柳叶眼·眼尾下压·窄眼距，宽鼻根/轻微偏左鼻梁/小圆鼻头，薄唇·嘴角下垂，圆方下颌
FD04043,骨感方脸,中轴收紧,窄额,压迫感眉骨,窄深眼窝,窄颧骨,饱满面颊,方下颌,丹凤眼,眼尾明显挑,标准眼距,环状虹膜,中鼻根,轻微偏右鼻梁,小圆鼻头,薄唇,嘴角上扬,无标志,骨感方脸（中轴收紧），压迫感眉骨/窄深眼窝，丹凤眼·眼尾明显挑·标准眼距，中鼻根/轻微偏右鼻梁/小圆鼻头，薄唇·嘴角上扬，方下颌
FD04044,长菱形,颧部微收,平直额,厚眉骨,窄深眼窝,低颧骨,成熟收紧面颊,宽下颌,狭长瑞凤眼,眼尾明显挑,窄眼距,星点虹膜,宽鼻根,高直鼻梁,轻翘鼻头,成熟长唇,嘴角下垂,指节薄茧,长菱形（颧部微收），厚眉骨/窄深眼窝，狭长瑞凤眼·眼尾明显挑·窄眼距，宽鼻根/高直鼻梁/轻翘鼻头，成熟长唇·嘴角下垂，宽下颌
FD04045,长菱形,中轴收紧,微凸额,外侧突出眉骨,深眼窝,宽颧骨,轻凹面颊,收敛下颌,长杏眼,眼尾平直,宽眼距,浅褐瞳,窄鼻根,轻微偏右鼻梁,下压鼻头,薄唇,嘴角上扬,双侧酒窝,长菱形（中轴收紧），外侧突出眉骨/深眼窝，长杏眼·眼尾平直·宽眼距，窄鼻根/轻微偏右鼻梁/下压鼻头，薄唇·嘴角上扬，收敛下颌
FD04046,鹅蛋偏方,下庭加重,宽额,高眉骨,宽浅眼窝,高颧骨,成熟收紧面颊,方下颌,成熟长眼,眼尾平直,标准眼距,琥珀瞳,高鼻根,柔和鼻梁,骨感鼻头,平直唇,嘴角上扬,下颌浅疤,鹅蛋偏方（下庭加重），高眉骨/宽浅眼窝，成熟长眼·眼尾平直·标准眼距，高鼻根/柔和鼻梁/骨感鼻头，平直唇·嘴角上扬，方下颌
FD04047,长菱形,中轴收紧,微凸额,柔和眉骨,浅眼窝,窄颧骨,成熟收紧面颊,方下颌,圆长眼,眼尾下沉,窄眼距,异色瞳,低鼻根,宽骨鼻梁,窄翼鼻头,上薄下厚,嘴角上扬,异色瞳,长菱形（中轴收紧），柔和眉骨/浅眼窝，圆长眼·眼尾下沉·窄眼距，低鼻根/宽骨鼻梁/窄翼鼻头，上薄下厚·嘴角上扬，方下颌
FD04048,方菱过渡脸,颌角弱化,饱满额,薄眉骨,窄深眼窝,宽颧骨,饱满面颊,骨感下颌,圆长眼,眼尾下沉,宽眼距,琥珀瞳,中鼻根,高直鼻梁,微钝鼻头,厚唇,嘴角上扬,鼻梁旧伤,方菱过渡脸（颌角弱化），薄眉骨/窄深眼窝，圆长眼·眼尾下沉·宽眼距，中鼻根/高直鼻梁/微钝鼻头，厚唇·嘴角上扬，骨感下颌
FD04049,上窄下宽脸,颧部外扩,低额,外侧突出眉骨,宽浅眼窝,外扩颧骨,薄面颊,圆方下颌,狭长瑞凤眼,眼尾明显挑,宽眼距,浅褐瞳,低鼻根,中直鼻梁,窄翼鼻头,上厚下薄,嘴角紧收,下颌浅疤,上窄下宽脸（颧部外扩），外侧突出眉骨/宽浅眼窝，狭长瑞凤眼·眼尾明显挑·宽眼距，低鼻根/中直鼻梁/窄翼鼻头，上厚下薄·嘴角紧收，圆方下颌
FD04050,长方脸,面中平缓,高额,内侧突出眉骨,中度眼窝,低颧骨,轻凹面颊,骨感下颌,鹿系眼,眼尾明显挑,宽眼距,碎裂虹膜,高鼻根,轻微偏右鼻梁,微钝鼻头,弓形唇,嘴角下垂,碎裂虹膜,长方脸（面中平缓），内侧突出眉骨/中度眼窝，鹿系眼·眼尾明显挑·宽眼距，高鼻根/轻微偏右鼻梁/微钝鼻头，弓形唇·嘴角下垂，骨感下颌
FD04051,下颌突出脸,骨点内敛,骨感额,压迫感眉骨,宽浅眼窝,宽颧骨,幼态柔软面颊,圆方下颌,猫系眼,眼尾微挑,标准眼距,异色瞳,低鼻根,轻鹰钩鼻梁,下压鼻头,平直唇,单侧上扬,碎裂虹膜,下颌突出脸（骨点内敛），压迫感眉骨/宽浅眼窝，猫系眼·眼尾微挑·标准眼距，低鼻根/轻鹰钩鼻梁/下压鼻头，平直唇·单侧上扬，圆方下颌
FD04052,倒三角脸,中庭展宽,高额,薄眉骨,宽浅眼窝,窄颧骨,薄面颊,圆方下颌,鹰隼眼,眼尾明显挑,窄眼距,墨玉瞳,高鼻根,中直鼻梁,小圆鼻头,宽嘴,嘴角紧收,额角旧痕,倒三角脸（中庭展宽），薄眉骨/宽浅眼窝，鹰隼眼·眼尾明显挑·窄眼距，高鼻根/中直鼻梁/小圆鼻头，宽嘴·嘴角紧收，圆方下颌
FD04053,肉感短脸,中轴微长,低额,外侧突出眉骨,眼下骨感,外扩颧骨,薄面颊,柔和下颌,平凤眼,眼尾下压,宽眼距,环状虹膜,中高鼻根,宽骨鼻梁,肉感鼻头,宽嘴,单侧上扬,瞳孔残缺,肉感短脸（中轴微长），外侧突出眉骨/眼下骨感，平凤眼·眼尾下压·宽眼距，中高鼻根/宽骨鼻梁/肉感鼻头，宽嘴·单侧上扬，柔和下颌
FD04054,长心形脸,中轴微长,高额,柔和眉骨,宽浅眼窝,柔和颧骨,薄面颊,宽下颌,狭长眼,眼尾延展,标准眼距,碎裂虹膜,高鼻根,柔和鼻梁,肉感鼻头,厚唇,嘴角下垂,左颊浅疤,长心形脸（中轴微长），柔和眉骨/宽浅眼窝，狭长眼·眼尾延展·标准眼距，高鼻根/柔和鼻梁/肉感鼻头，厚唇·嘴角下垂，宽下颌
FD04055,幼态圆脸,偏柔圆润,宽额,柔和眉骨,窄深眼窝,窄颧骨,薄面颊,明显下颌角,长杏眼,眼尾下压,宽眼距,墨玉瞳,窄鼻根,轻微偏右鼻梁,骨感鼻头,上薄下厚,嘴角平直,单侧虎牙,幼态圆脸（偏柔圆润），柔和眉骨/窄深眼窝，长杏眼·眼尾下压·宽眼距，窄鼻根/轻微偏右鼻梁/骨感鼻头，上薄下厚·嘴角平直，明显下颌角
FD04056,成熟方脸,中庭拉长,骨感额,厚眉骨,深眼窝,低颧骨,饱满面颊,柔和下颌,上扬凤眼,眼尾明显挑,窄眼距,淡金瞳,中鼻根,中直鼻梁,窄翼鼻头,弓形唇,嘴角平直,无标志,成熟方脸（中庭拉长），厚眉骨/深眼窝，上扬凤眼·眼尾明显挑·窄眼距，中鼻根/中直鼻梁/窄翼鼻头，弓形唇·嘴角平直，柔和下颌
FD04057,长菱形,骨点内敛,宽额,柔和眉骨,眼下饱满,低颧骨,幼态柔软面颊,骨感下颌,疲惫眼,眼尾下沉,标准眼距,灰蓝瞳,窄鼻根,微弧鼻梁,微钝鼻头,厚唇,单侧上扬,唇下小痣,长菱形（骨点内敛），柔和眉骨/眼下饱满，疲惫眼·眼尾下沉·标准眼距，窄鼻根/微弧鼻梁/微钝鼻头，厚唇·单侧上扬，骨感下颌
FD04058,倒梯形脸,颧部微收,高额,薄眉骨,窄深眼窝,柔和颧骨,薄面颊,窄下颌,桃花眼,眼尾明显挑,标准眼距,墨玉瞳,高鼻根,微弧鼻梁,窄翼鼻头,小嘴,嘴角紧收,左眼下浅泪痣,倒梯形脸（颧部微收），薄眉骨/窄深眼窝，桃花眼·眼尾明显挑·标准眼距，高鼻根/微弧鼻梁/窄翼鼻头，小嘴·嘴角紧收，窄下颌
FD04059,圆脸,中庭展宽,窄额,高眉骨,眼下饱满,宽颧骨,薄面颊,收敛下颌,短圆杏眼,眼尾延展,宽眼距,琥珀瞳,低鼻根,中直鼻梁,微钝鼻头,上厚下薄,嘴角平直,指节薄茧,圆脸（中庭展宽），高眉骨/眼下饱满，短圆杏眼·眼尾延展·宽眼距，低鼻根/中直鼻梁/微钝鼻头，上厚下薄·嘴角平直，收敛下颌
FD04060,骨感方脸,面中立体化,低额,柔和眉骨,深眼窝,窄颧骨,幼态柔软面颊,骨感下颌,平直杏眼,眼尾明显挑,宽眼距,碎裂虹膜,中高鼻根,轻微偏右鼻梁,骨感鼻头,上薄下厚,嘴角上扬,指节薄茧,骨感方脸（面中立体化），柔和眉骨/深眼窝，平直杏眼·眼尾明显挑·宽眼距，中高鼻根/轻微偏右鼻梁/骨感鼻头，上薄下厚·嘴角上扬，骨感下颌
FD04061,梨形脸,颌角强调,宽额,内侧突出眉骨,眼下骨感,低颧骨,薄面颊,宽下颌,丹凤眼,眼尾下沉,宽眼距,碎裂虹膜,低鼻根,宽骨鼻梁,轻翘鼻头,平直唇,嘴角下垂,左颊浅疤,梨形脸（颌角强调），内侧突出眉骨/眼下骨感，丹凤眼·眼尾下沉·宽眼距，低鼻根/宽骨鼻梁/轻翘鼻头，平直唇·嘴角下垂，宽下颌
FD04062,双颌匀称脸,颌角强调,微凸额,压迫感眉骨,眼下骨感,高颧骨,轻凹面颊,明显下颌角,成熟长眼,眼尾下压,宽眼距,碎裂虹膜,中鼻根,轻微偏右鼻梁,肉感鼻头,弓形唇,嘴角平直,眉上小疤,双颌匀称脸（颌角强调），压迫感眉骨/眼下骨感，成熟长眼·眼尾下压·宽眼距，中鼻根/轻微偏右鼻梁/肉感鼻头，弓形唇·嘴角平直，明显下颌角
FD04063,窄鹅蛋脸,下颌线柔化,宽额,低眉骨,中度眼窝,宽颧骨,轻凹面颊,骨感下颌,半睁懒眼,眼尾延展,宽眼距,碎裂虹膜,低鼻根,轻鹰钩鼻梁,肉感鼻头,上薄下厚,嘴角平直,左眼下浅泪痣,窄鹅蛋脸（下颌线柔化），低眉骨/中度眼窝，半睁懒眼·眼尾延展·宽眼距，低鼻根/轻鹰钩鼻梁/肉感鼻头，上薄下厚·嘴角平直，骨感下颌
FD04064,鹅蛋偏方,颧部外扩,高额,压迫感眉骨,眼下骨感,宽颧骨,轻凹面颊,收敛下颌,狭长眼,眼尾明显挑,标准眼距,淡金瞳,低鼻根,宽骨鼻梁,窄翼鼻头,上厚下薄,单侧上扬,下颌浅疤,鹅蛋偏方（颧部外扩），压迫感眉骨/眼下骨感，狭长眼·眼尾明显挑·标准眼距，低鼻根/宽骨鼻梁/窄翼鼻头，上厚下薄·单侧上扬，收敛下颌
FD04065,长菱形,面中立体化,平直额,高眉骨,浅眼窝,柔和颧骨,幼态柔软面颊,柔和下颌,平凤眼,眼尾平直,宽眼距,碎裂虹膜,宽鼻根,轻微偏右鼻梁,下压鼻头,弓形唇,嘴角紧收,瞳孔残缺,长菱形（面中立体化），高眉骨/浅眼窝，平凤眼·眼尾平直·宽眼距，宽鼻根/轻微偏右鼻梁/下压鼻头，弓形唇·嘴角紧收，柔和下颌
FD04066,柔和菱形,下颌线柔化,低额,外侧突出眉骨,窄深眼窝,低颧骨,幼态柔软面颊,窄下颌,丹凤眼,眼尾下沉,窄眼距,异色瞳,窄鼻根,柔和鼻梁,肉感鼻头,上厚下薄,嘴角平直,单侧虎牙,柔和菱形（下颌线柔化），外侧突出眉骨/窄深眼窝，丹凤眼·眼尾下沉·窄眼距，窄鼻根/柔和鼻梁/肉感鼻头，上厚下薄·嘴角平直，窄下颌
FD04067,宽心形脸,颧部微收,饱满额,内侧突出眉骨,窄深眼窝,窄颧骨,幼态柔软面颊,方下颌,疲惫眼,眼尾微挑,宽眼距,灰蓝瞳,中鼻根,轻微偏左鼻梁,方圆鼻头,薄唇,嘴角上扬,下颌浅疤,宽心形脸（颧部微收），内侧突出眉骨/窄深眼窝，疲惫眼·眼尾微挑·宽眼距，中鼻根/轻微偏左鼻梁/方圆鼻头，薄唇·嘴角上扬，方下颌
FD04068,长心形脸,面中平缓,宽额,厚眉骨,深眼窝,窄颧骨,幼态柔软面颊,宽下颌,窄杏眼,眼尾下压,标准眼距,异色瞳,中高鼻根,柔和鼻梁,方圆鼻头,薄唇,单侧上扬,环状虹膜,长心形脸（面中平缓），厚眉骨/深眼窝，窄杏眼·眼尾下压·标准眼距，中高鼻根/柔和鼻梁/方圆鼻头，薄唇·单侧上扬，宽下颌
FD04069,窄方脸,中轴收紧,宽额,高眉骨,浅眼窝,宽颧骨,饱满面颊,明显下颌角,狭长眼,眼尾下压,标准眼距,深色瞳,宽鼻根,轻微偏右鼻梁,下压鼻头,宽嘴,嘴角上扬,碎裂虹膜,窄方脸（中轴收紧），高眉骨/浅眼窝，狭长眼·眼尾下压·标准眼距，宽鼻根/轻微偏右鼻梁/下压鼻头，宽嘴·嘴角上扬，明显下颌角
FD04070,骨感方脸,中轴收紧,宽额,低眉骨,眼下饱满,外扩颧骨,薄面颊,圆方下颌,冷感眼,眼尾下压,标准眼距,环状虹膜,窄鼻根,轻微偏右鼻梁,肉感鼻头,弓形唇,单侧上扬,眉上小疤,骨感方脸（中轴收紧），低眉骨/眼下饱满，冷感眼·眼尾下压·标准眼距，窄鼻根/轻微偏右鼻梁/肉感鼻头，弓形唇·单侧上扬，圆方下颌
FD04071,长鹅蛋脸,颈部线条延长,低额,内侧突出眉骨,浅眼窝,外扩颧骨,薄面颊,方下颌,鹰隼眼,眼尾平直,宽眼距,异色瞳,宽鼻根,轻微偏右鼻梁,微钝鼻头,弓形唇,单侧上扬,无标志,长鹅蛋脸（颈部线条延长），内侧突出眉骨/浅眼窝，鹰隼眼·眼尾平直·宽眼距，宽鼻根/轻微偏右鼻梁/微钝鼻头，弓形唇·单侧上扬，方下颌
FD04072,幼态圆脸,偏锐收窄,窄额,柔和眉骨,窄深眼窝,低颧骨,轻凹面颊,方下颌,平直杏眼,眼尾明显挑,宽眼距,浅褐瞳,低鼻根,轻微偏左鼻梁,微钝鼻头,宽嘴,嘴角下垂,瞳孔残缺,幼态圆脸（偏锐收窄），柔和眉骨/窄深眼窝，平直杏眼·眼尾明显挑·宽眼距，低鼻根/轻微偏左鼻梁/微钝鼻头，宽嘴·嘴角下垂，方下颌
FD04073,鹅蛋偏心形,面中立体化,高额,厚眉骨,深眼窝,柔和颧骨,成熟收紧面颊,明显下颌角,冷感眼,眼尾下沉,宽眼距,墨玉瞳,高鼻根,轻微偏右鼻梁,窄翼鼻头,成熟长唇,嘴角下垂,环状虹膜,鹅蛋偏心形（面中立体化），厚眉骨/深眼窝，冷感眼·眼尾下沉·宽眼距，高鼻根/轻微偏右鼻梁/窄翼鼻头，成熟长唇·嘴角下垂，明显下颌角
FD04074,宽鹅蛋脸,颊部饱满,平直额,外侧突出眉骨,眼下饱满,低颧骨,成熟收紧面颊,宽下颌,狭长眼,眼尾下压,窄眼距,碎裂虹膜,窄鼻根,高直鼻梁,骨感鼻头,厚唇,嘴角平直,双侧酒窝,宽鹅蛋脸（颊部饱满），外侧突出眉骨/眼下饱满，狭长眼·眼尾下压·窄眼距，窄鼻根/高直鼻梁/骨感鼻头，厚唇·嘴角平直，宽下颌
FD04075,梨形脸,骨点内敛,低额,高眉骨,眼下骨感,宽颧骨,成熟收紧面颊,收敛下颌,瑞凤眼,眼尾下沉,窄眼距,碎裂虹膜,高鼻根,微弧鼻梁,方圆鼻头,薄唇,嘴角紧收,双侧酒窝,梨形脸（骨点内敛），高眉骨/眼下骨感，瑞凤眼·眼尾下沉·窄眼距，高鼻根/微弧鼻梁/方圆鼻头，薄唇·嘴角紧收，收敛下颌
FD04076,骨感方脸,下颌线柔化,宽额,柔和眉骨,窄深眼窝,外扩颧骨,饱满面颊,明显下颌角,平凤眼,眼尾下沉,窄眼距,异色瞳,中鼻根,轻微偏左鼻梁,窄翼鼻头,上薄下厚,嘴角上扬,双侧酒窝,骨感方脸（下颌线柔化），柔和眉骨/窄深眼窝，平凤眼·眼尾下沉·窄眼距，中鼻根/轻微偏左鼻梁/窄翼鼻头，上薄下厚·嘴角上扬，明显下颌角
FD04077,成熟方脸,面中立体化,微凸额,高眉骨,浅眼窝,高颧骨,轻凹面颊,圆方下颌,蛇系眼,眼尾明显挑,标准眼距,碎裂虹膜,中鼻根,轻鹰钩鼻梁,小圆鼻头,上薄下厚,单侧上扬,右眼下浅泪痣,成熟方脸（面中立体化），高眉骨/浅眼窝，蛇系眼·眼尾明显挑·标准眼距，中鼻根/轻鹰钩鼻梁/小圆鼻头，上薄下厚·单侧上扬，圆方下颌
FD04078,鹅蛋偏心形,下庭收窄,窄额,外侧突出眉骨,深眼窝,高颧骨,轻凹面颊,明显下颌角,桃花眼,眼尾微挑,宽眼距,浅褐瞳,高鼻根,高直鼻梁,窄翼鼻头,厚唇,嘴角紧收,双侧酒窝,鹅蛋偏心形（下庭收窄），外侧突出眉骨/深眼窝，桃花眼·眼尾微挑·宽眼距，高鼻根/高直鼻梁/窄翼鼻头，厚唇·嘴角紧收，明显下颌角
FD04079,宽心形脸,中轴收紧,平直额,厚眉骨,浅眼窝,高颧骨,饱满面颊,明显下颌角,短圆杏眼,眼尾微挑,标准眼距,琥珀瞳,高鼻根,中直鼻梁,微钝鼻头,弓形唇,嘴角平直,无标志,宽心形脸（中轴收紧），厚眉骨/浅眼窝，短圆杏眼·眼尾微挑·标准眼距，高鼻根/中直鼻梁/微钝鼻头，弓形唇·嘴角平直，明显下颌角
FD04080,骨感窄脸,颊部饱满,微凸额,柔和眉骨,眼下骨感,柔和颧骨,轻凹面颊,收敛下颌,丹凤眼,眼尾明显挑,宽眼距,深色瞳,窄鼻根,微弧鼻梁,下压鼻头,小嘴,嘴角下垂,单侧酒窝,骨感窄脸（颊部饱满），柔和眉骨/眼下骨感，丹凤眼·眼尾明显挑·宽眼距，窄鼻根/微弧鼻梁/下压鼻头，小嘴·嘴角下垂，收敛下颌
FD04081,清瘦圆脸,中轴收紧,骨感额,柔和眉骨,中度眼窝,柔和颧骨,薄面颊,柔和下颌,窄杏眼,眼尾微挑,标准眼距,墨玉瞳,高鼻根,柔和鼻梁,微钝鼻头,宽嘴,嘴角下垂,眼角小痣,清瘦圆脸（中轴收紧），柔和眉骨/中度眼窝，窄杏眼·眼尾微挑·标准眼距，高鼻根/柔和鼻梁/微钝鼻头，宽嘴·嘴角下垂，柔和下颌
FD04082,颧部展开脸,上庭收窄,窄额,低眉骨,中度眼窝,低颧骨,薄面颊,宽下颌,鹰隼眼,眼尾明显挑,宽眼距,浅褐瞳,窄鼻根,柔和鼻梁,骨感鼻头,厚唇,单侧上扬,眉上小疤,颧部展开脸（上庭收窄），低眉骨/中度眼窝，鹰隼眼·眼尾明显挑·宽眼距，窄鼻根/柔和鼻梁/骨感鼻头，厚唇·单侧上扬，宽下颌
FD04083,窄方脸,偏锐收窄,微凸额,压迫感眉骨,中度眼窝,低颧骨,成熟收紧面颊,柔和下颌,狭长瑞凤眼,眼尾明显挑,标准眼距,环状虹膜,中鼻根,柔和鼻梁,小圆鼻头,平直唇,嘴角紧收,鼻梁旧伤,窄方脸（偏锐收窄），压迫感眉骨/中度眼窝，狭长瑞凤眼·眼尾明显挑·标准眼距，中鼻根/柔和鼻梁/小圆鼻头，平直唇·嘴角紧收，柔和下颌
FD04084,骨感菱形,骨点内敛,高额,压迫感眉骨,眼下骨感,柔和颧骨,幼态柔软面颊,柔和下颌,瑞凤眼,眼尾平直,宽眼距,灰蓝瞳,中高鼻根,中直鼻梁,小圆鼻头,小嘴,单侧上扬,左眼下浅泪痣,骨感菱形（骨点内敛），压迫感眉骨/眼下骨感，瑞凤眼·眼尾平直·宽眼距，中高鼻根/中直鼻梁/小圆鼻头，小嘴·单侧上扬，柔和下颌
FD04085,下颌突出脸,颈部线条延长,平直额,柔和眉骨,窄深眼窝,柔和颧骨,成熟收紧面颊,宽下颌,丹凤眼,眼尾明显挑,标准眼距,灰蓝瞳,中高鼻根,宽骨鼻梁,小圆鼻头,弓形唇,单侧上扬,无标志,下颌突出脸（颈部线条延长），柔和眉骨/窄深眼窝，丹凤眼·眼尾明显挑·标准眼距，中高鼻根/宽骨鼻梁/小圆鼻头，弓形唇·单侧上扬，宽下颌
FD04086,长菱形,下颌线清晰化,骨感额,高眉骨,深眼窝,高颧骨,薄面颊,方下颌,窄杏眼,眼尾下沉,标准眼距,碎裂虹膜,中鼻根,微弧鼻梁,肉感鼻头,上厚下薄,嘴角紧收,左眼下浅泪痣,长菱形（下颌线清晰化），高眉骨/深眼窝，窄杏眼·眼尾下沉·标准眼距，中鼻根/微弧鼻梁/肉感鼻头，上厚下薄·嘴角紧收，方下颌
FD04087,窄方脸,颧部微收,微凸额,薄眉骨,宽浅眼窝,柔和颧骨,薄面颊,窄下颌,宽杏眼,眼尾延展,标准眼距,异色瞳,低鼻根,柔和鼻梁,轻翘鼻头,厚唇,嘴角下垂,无标志,窄方脸（颧部微收），薄眉骨/宽浅眼窝，宽杏眼·眼尾延展·标准眼距，低鼻根/柔和鼻梁/轻翘鼻头，厚唇·嘴角下垂，窄下颌
FD04088,上窄下宽脸,下颌线清晰化,高额,内侧突出眉骨,窄深眼窝,低颧骨,薄面颊,明显下颌角,猫系眼,眼尾微挑,宽眼距,淡金瞳,高鼻根,柔和鼻梁,轻翘鼻头,薄唇,嘴角上扬,碎裂虹膜,上窄下宽脸（下颌线清晰化），内侧突出眉骨/窄深眼窝，猫系眼·眼尾微挑·宽眼距，高鼻根/柔和鼻梁/轻翘鼻头，薄唇·嘴角上扬，明显下颌角
FD04089,短圆脸,中庭拉长,窄额,低眉骨,眼下饱满,低颧骨,成熟收紧面颊,圆方下颌,柳叶眼,眼尾延展,标准眼距,淡金瞳,高鼻根,宽骨鼻梁,下压鼻头,上薄下厚,嘴角紧收,右眉轻断,短圆脸（中庭拉长），低眉骨/眼下饱满，柳叶眼·眼尾延展·标准眼距，高鼻根/宽骨鼻梁/下压鼻头，上薄下厚·嘴角紧收，圆方下颌
FD04090,倒三角脸,骨点外显,宽额,压迫感眉骨,深眼窝,高颧骨,成熟收紧面颊,圆方下颌,上扬凤眼,眼尾明显挑,标准眼距,深色瞳,高鼻根,轻微偏右鼻梁,小圆鼻头,薄唇,嘴角上扬,环状虹膜,倒三角脸（骨点外显），压迫感眉骨/深眼窝，上扬凤眼·眼尾明显挑·标准眼距，高鼻根/轻微偏右鼻梁/小圆鼻头，薄唇·嘴角上扬，圆方下颌
FD04091,短圆脸,颈部线条延长,高额,内侧突出眉骨,中度眼窝,窄颧骨,成熟收紧面颊,方下颌,下垂眼,眼尾明显挑,宽眼距,淡金瞳,宽鼻根,微弧鼻梁,轻翘鼻头,厚唇,嘴角下垂,左颊浅疤,短圆脸（颈部线条延长），内侧突出眉骨/中度眼窝，下垂眼·眼尾明显挑·宽眼距，宽鼻根/微弧鼻梁/轻翘鼻头，厚唇·嘴角下垂，方下颌
FD04092,短方脸,骨点内敛,微凸额,压迫感眉骨,宽浅眼窝,窄颧骨,成熟收紧面颊,方下颌,成熟长眼,眼尾明显挑,宽眼距,琥珀瞳,窄鼻根,轻微偏右鼻梁,肉感鼻头,宽嘴,嘴角下垂,鼻梁旧伤,短方脸（骨点内敛），压迫感眉骨/宽浅眼窝，成熟长眼·眼尾明显挑·宽眼距，窄鼻根/轻微偏右鼻梁/肉感鼻头，宽嘴·嘴角下垂，方下颌
FD04093,短方脸,偏锐收窄,微凸额,薄眉骨,浅眼窝,高颧骨,幼态柔软面颊,宽下颌,丹凤眼,眼尾下压,宽眼距,星点虹膜,中高鼻根,微弧鼻梁,肉感鼻头,宽嘴,嘴角下垂,眉心竖纹浅痕,短方脸（偏锐收窄），薄眉骨/浅眼窝，丹凤眼·眼尾下压·宽眼距，中高鼻根/微弧鼻梁/肉感鼻头，宽嘴·嘴角下垂，宽下颌
FD04094,鹅蛋偏方,中庭拉长,骨感额,厚眉骨,中度眼窝,柔和颧骨,轻凹面颊,柔和下颌,鹤系眼,眼尾明显挑,宽眼距,环状虹膜,高鼻根,宽骨鼻梁,骨感鼻头,小嘴,嘴角上扬,颈侧细疤,鹅蛋偏方（中庭拉长），厚眉骨/中度眼窝，鹤系眼·眼尾明显挑·宽眼距，高鼻根/宽骨鼻梁/骨感鼻头，小嘴·嘴角上扬，柔和下颌
FD04095,骨感方脸,下庭加重,高额,高眉骨,眼下骨感,低颧骨,轻凹面颊,明显下颌角,圆长眼,眼尾微挑,窄眼距,淡金瞳,高鼻根,宽骨鼻梁,小圆鼻头,薄唇,嘴角平直,无标志,骨感方脸（下庭加重），高眉骨/眼下骨感，圆长眼·眼尾微挑·窄眼距，高鼻根/宽骨鼻梁/小圆鼻头，薄唇·嘴角平直，明显下颌角
FD04096,柔和方脸,下颌线清晰化,宽额,外侧突出眉骨,窄深眼窝,低颧骨,成熟收紧面颊,柔和下颌,丹凤眼,眼尾下压,窄眼距,淡金瞳,中高鼻根,宽骨鼻梁,肉感鼻头,上薄下厚,嘴角平直,单侧虎牙,柔和方脸（下颌线清晰化），外侧突出眉骨/窄深眼窝，丹凤眼·眼尾下压·窄眼距，中高鼻根/宽骨鼻梁/肉感鼻头，上薄下厚·嘴角平直，柔和下颌
FD04097,骨感菱形,颌角弱化,窄额,高眉骨,窄深眼窝,宽颧骨,饱满面颊,窄下颌,上扬凤眼,眼尾下压,窄眼距,异色瞳,低鼻根,中直鼻梁,下压鼻头,厚唇,嘴角平直,鼻梁旧伤,骨感菱形（颌角弱化），高眉骨/窄深眼窝，上扬凤眼·眼尾下压·窄眼距，低鼻根/中直鼻梁/下压鼻头，厚唇·嘴角平直，窄下颌
FD04098,倒梯形脸,面中立体化,饱满额,厚眉骨,中度眼窝,外扩颧骨,饱满面颊,宽下颌,猫系眼,眼尾下沉,窄眼距,环状虹膜,高鼻根,中直鼻梁,肉感鼻头,上薄下厚,嘴角下垂,眉心竖纹浅痕,倒梯形脸（面中立体化），厚眉骨/中度眼窝，猫系眼·眼尾下沉·窄眼距，高鼻根/中直鼻梁/肉感鼻头，上薄下厚·嘴角下垂，宽下颌
FD04099,成熟方脸,下庭加重,微凸额,高眉骨,深眼窝,低颧骨,饱满面颊,方下颌,长杏眼,眼尾微挑,宽眼距,环状虹膜,宽鼻根,轻鹰钩鼻梁,轻翘鼻头,小嘴,嘴角紧收,眼睑褶皱不对称,成熟方脸（下庭加重），高眉骨/深眼窝，长杏眼·眼尾微挑·宽眼距，宽鼻根/轻鹰钩鼻梁/轻翘鼻头，小嘴·嘴角紧收，方下颌
FD04100,圆方脸,颊部饱满,平直额,内侧突出眉骨,深眼窝,宽颧骨,幼态柔软面颊,方下颌,狭长眼,眼尾微挑,窄眼距,淡金瞳,高鼻根,轻微偏左鼻梁,方圆鼻头,上厚下薄,嘴角上扬,双侧酒窝,圆方脸（颊部饱满），内侧突出眉骨/深眼窝，狭长眼·眼尾微挑·窄眼距，高鼻根/轻微偏左鼻梁/方圆鼻头，上厚下薄·嘴角上扬，方下颌
FD04101,宽方脸,中轴收紧,平直额,低眉骨,深眼窝,宽颧骨,幼态柔软面颊,圆方下颌,鹤系眼,眼尾延展,窄眼距,浅褐瞳,中鼻根,宽骨鼻梁,窄翼鼻头,成熟长唇,嘴角下垂,环状虹膜,宽方脸（中轴收紧），低眉骨/深眼窝，鹤系眼·眼尾延展·窄眼距，中鼻根/宽骨鼻梁/窄翼鼻头，成熟长唇·嘴角下垂，圆方下颌
FD04102,圆脸,上庭收窄,高额,高眉骨,深眼窝,高颧骨,轻凹面颊,明显下颌角,狐狸系眼,眼尾下沉,窄眼距,灰蓝瞳,窄鼻根,轻微偏右鼻梁,小圆鼻头,上薄下厚,嘴角下垂,环状虹膜,圆脸（上庭收窄），高眉骨/深眼窝，狐狸系眼·眼尾下沉·窄眼距，窄鼻根/轻微偏右鼻梁/小圆鼻头，上薄下厚·嘴角下垂，明显下颌角
FD04103,短鹅蛋脸,下庭收窄,高额,厚眉骨,眼下饱满,低颧骨,薄面颊,宽下颌,半睁懒眼,眼尾平直,宽眼距,碎裂虹膜,宽鼻根,轻微偏左鼻梁,小圆鼻头,薄唇,嘴角平直,眼角小痣,短鹅蛋脸（下庭收窄），厚眉骨/眼下饱满，半睁懒眼·眼尾平直·宽眼距，宽鼻根/轻微偏左鼻梁/小圆鼻头，薄唇·嘴角平直，宽下颌
FD04104,短方脸,颈部线条延长,窄额,柔和眉骨,宽浅眼窝,宽颧骨,饱满面颊,圆方下颌,短杏眼,眼尾延展,标准眼距,深色瞳,高鼻根,宽骨鼻梁,轻翘鼻头,平直唇,嘴角上扬,无标志,短方脸（颈部线条延长），柔和眉骨/宽浅眼窝，短杏眼·眼尾延展·标准眼距，高鼻根/宽骨鼻梁/轻翘鼻头，平直唇·嘴角上扬，圆方下颌
FD04105,骨感方脸,下颌线柔化,高额,低眉骨,中度眼窝,柔和颧骨,饱满面颊,宽下颌,下垂眼,眼尾延展,标准眼距,星点虹膜,中高鼻根,高直鼻梁,肉感鼻头,平直唇,嘴角下垂,环状虹膜,骨感方脸（下颌线柔化），低眉骨/中度眼窝，下垂眼·眼尾延展·标准眼距，中高鼻根/高直鼻梁/肉感鼻头，平直唇·嘴角下垂，宽下颌
FD04106,鹅蛋偏菱,颧部外扩,低额,压迫感眉骨,宽浅眼窝,柔和颧骨,成熟收紧面颊,圆方下颌,半睁懒眼,眼尾下沉,标准眼距,环状虹膜,宽鼻根,轻微偏右鼻梁,小圆鼻头,薄唇,嘴角平直,鼻梁旧伤,鹅蛋偏菱（颧部外扩），压迫感眉骨/宽浅眼窝，半睁懒眼·眼尾下沉·标准眼距，宽鼻根/轻微偏右鼻梁/小圆鼻头，薄唇·嘴角平直，圆方下颌
FD04107,清瘦圆脸,偏柔圆润,宽额,外侧突出眉骨,宽浅眼窝,外扩颧骨,饱满面颊,收敛下颌,成熟长眼,眼尾下沉,窄眼距,浅褐瞳,中高鼻根,柔和鼻梁,轻翘鼻头,上薄下厚,嘴角上扬,异色瞳,清瘦圆脸（偏柔圆润），外侧突出眉骨/宽浅眼窝，成熟长眼·眼尾下沉·窄眼距，中高鼻根/柔和鼻梁/轻翘鼻头，上薄下厚·嘴角上扬，收敛下颌
FD04108,短圆脸,中庭展宽,宽额,薄眉骨,深眼窝,低颧骨,薄面颊,方下颌,短圆杏眼,眼尾延展,标准眼距,环状虹膜,低鼻根,宽骨鼻梁,方圆鼻头,小嘴,嘴角紧收,左颊浅疤,短圆脸（中庭展宽），薄眉骨/深眼窝，短圆杏眼·眼尾延展·标准眼距，低鼻根/宽骨鼻梁/方圆鼻头，小嘴·嘴角紧收，方下颌
FD04109,上窄下宽脸,中庭拉长,平直额,薄眉骨,中度眼窝,窄颧骨,成熟收紧面颊,窄下颌,蛇系眼,眼尾下压,窄眼距,墨玉瞳,中鼻根,微弧鼻梁,小圆鼻头,薄唇,单侧上扬,左颊浅疤,上窄下宽脸（中庭拉长），薄眉骨/中度眼窝，蛇系眼·眼尾下压·窄眼距，中鼻根/微弧鼻梁/小圆鼻头，薄唇·单侧上扬，窄下颌
FD04110,清瘦圆脸,偏锐收窄,骨感额,内侧突出眉骨,宽浅眼窝,低颧骨,饱满面颊,骨感下颌,半睁懒眼,眼尾下沉,标准眼距,星点虹膜,低鼻根,微弧鼻梁,小圆鼻头,厚唇,嘴角下垂,碎裂虹膜,清瘦圆脸（偏锐收窄），内侧突出眉骨/宽浅眼窝，半睁懒眼·眼尾下沉·标准眼距，低鼻根/微弧鼻梁/小圆鼻头，厚唇·嘴角下垂，骨感下颌
FD04111,宽心形脸,颊部略凹,饱满额,高眉骨,宽浅眼窝,高颧骨,轻凹面颊,圆方下颌,窄杏眼,眼尾明显挑,窄眼距,异色瞳,宽鼻根,微弧鼻梁,微钝鼻头,小嘴,嘴角平直,右眉轻断,宽心形脸（颊部略凹），高眉骨/宽浅眼窝，窄杏眼·眼尾明显挑·窄眼距，宽鼻根/微弧鼻梁/微钝鼻头，小嘴·嘴角平直，圆方下颌
FD04112,成熟方脸,颈部线条收短,宽额,低眉骨,浅眼窝,外扩颧骨,幼态柔软面颊,窄下颌,丹凤眼,眼尾延展,窄眼距,深色瞳,窄鼻根,柔和鼻梁,轻翘鼻头,小嘴,嘴角上扬,眉心竖纹浅痕,成熟方脸（颈部线条收短），低眉骨/浅眼窝，丹凤眼·眼尾延展·窄眼距，窄鼻根/柔和鼻梁/轻翘鼻头，小嘴·嘴角上扬，窄下颌
FD04113,长圆脸,下庭收窄,平直额,压迫感眉骨,深眼窝,低颧骨,幼态柔软面颊,圆方下颌,窄杏眼,眼尾延展,宽眼距,星点虹膜,宽鼻根,轻微偏右鼻梁,方圆鼻头,成熟长唇,嘴角紧收,环状虹膜,长圆脸（下庭收窄），压迫感眉骨/深眼窝，窄杏眼·眼尾延展·宽眼距，宽鼻根/轻微偏右鼻梁/方圆鼻头，成熟长唇·嘴角紧收，圆方下颌
FD04114,圆脸,颊部饱满,低额,压迫感眉骨,宽浅眼窝,低颧骨,薄面颊,方下颌,柳叶眼,眼尾平直,窄眼距,浅褐瞳,中高鼻根,柔和鼻梁,骨感鼻头,平直唇,嘴角上扬,双侧酒窝,圆脸（颊部饱满），压迫感眉骨/宽浅眼窝，柳叶眼·眼尾平直·窄眼距，中高鼻根/柔和鼻梁/骨感鼻头，平直唇·嘴角上扬，方下颌
FD04115,骨感菱形,颊部饱满,骨感额,外侧突出眉骨,窄深眼窝,窄颧骨,薄面颊,方下颌,蛇系眼,眼尾延展,宽眼距,灰蓝瞳,高鼻根,轻微偏右鼻梁,下压鼻头,上厚下薄,嘴角上扬,环状虹膜,骨感菱形（颊部饱满），外侧突出眉骨/窄深眼窝，蛇系眼·眼尾延展·宽眼距，高鼻根/轻微偏右鼻梁/下压鼻头，上厚下薄·嘴角上扬，方下颌
FD04116,清瘦圆脸,中轴收紧,骨感额,厚眉骨,浅眼窝,低颧骨,轻凹面颊,柔和下颌,平直杏眼,眼尾延展,标准眼距,异色瞳,窄鼻根,轻微偏右鼻梁,微钝鼻头,厚唇,嘴角紧收,眼角小痣,清瘦圆脸（中轴收紧），厚眉骨/浅眼窝，平直杏眼·眼尾延展·标准眼距，窄鼻根/轻微偏右鼻梁/微钝鼻头，厚唇·嘴角紧收，柔和下颌
FD04117,上窄下宽脸,颊部略凹,饱满额,柔和眉骨,眼下饱满,窄颧骨,轻凹面颊,骨感下颌,长杏眼,眼尾下压,标准眼距,异色瞳,窄鼻根,轻鹰钩鼻梁,方圆鼻头,薄唇,嘴角下垂,左眼下浅泪痣,上窄下宽脸（颊部略凹），柔和眉骨/眼下饱满，长杏眼·眼尾下压·标准眼距，窄鼻根/轻鹰钩鼻梁/方圆鼻头，薄唇·嘴角下垂，骨感下颌
FD04118,上宽下窄脸,颌角弱化,低额,低眉骨,眼下饱满,高颧骨,轻凹面颊,骨感下颌,疲惫眼,眼尾明显挑,窄眼距,碎裂虹膜,低鼻根,轻鹰钩鼻梁,下压鼻头,上厚下薄,嘴角紧收,下颌浅疤,上宽下窄脸（颌角弱化），低眉骨/眼下饱满，疲惫眼·眼尾明显挑·窄眼距，低鼻根/轻鹰钩鼻梁/下压鼻头，上厚下薄·嘴角紧收，骨感下颌
FD04119,肉感短脸,下庭加重,饱满额,柔和眉骨,眼下骨感,宽颧骨,成熟收紧面颊,宽下颌,平直杏眼,眼尾明显挑,标准眼距,墨玉瞳,高鼻根,柔和鼻梁,肉感鼻头,薄唇,嘴角紧收,眉上小疤,肉感短脸（下庭加重），柔和眉骨/眼下骨感，平直杏眼·眼尾明显挑·标准眼距，高鼻根/柔和鼻梁/肉感鼻头，薄唇·嘴角紧收，宽下颌
FD04120,骨感窄脸,面中立体化,宽额,柔和眉骨,中度眼窝,宽颧骨,薄面颊,柔和下颌,狐狸系眼,眼尾下压,标准眼距,碎裂虹膜,中高鼻根,宽骨鼻梁,小圆鼻头,宽嘴,嘴角平直,环状虹膜,骨感窄脸（面中立体化），柔和眉骨/中度眼窝，狐狸系眼·眼尾下压·标准眼距，中高鼻根/宽骨鼻梁/小圆鼻头，宽嘴·嘴角平直，柔和下颌
FD04121,短鹅蛋脸,骨点内敛,平直额,薄眉骨,眼下饱满,外扩颧骨,轻凹面颊,方下颌,狼系眼,眼尾微挑,窄眼距,淡金瞳,中鼻根,柔和鼻梁,轻翘鼻头,薄唇,嘴角上扬,唇下小痣,短鹅蛋脸（骨点内敛），薄眉骨/眼下饱满，狼系眼·眼尾微挑·窄眼距，中鼻根/柔和鼻梁/轻翘鼻头，薄唇·嘴角上扬，方下颌
FD04122,长方脸,面中立体化,高额,薄眉骨,浅眼窝,高颧骨,幼态柔软面颊,窄下颌,狼系眼,眼尾明显挑,窄眼距,淡金瞳,窄鼻根,宽骨鼻梁,轻翘鼻头,薄唇,嘴角下垂,无标志,长方脸（面中立体化），薄眉骨/浅眼窝，狼系眼·眼尾明显挑·窄眼距，窄鼻根/宽骨鼻梁/轻翘鼻头，薄唇·嘴角下垂，窄下颌
FD04123,成熟方脸,颈部线条延长,窄额,高眉骨,窄深眼窝,宽颧骨,成熟收紧面颊,明显下颌角,疲惫眼,眼尾明显挑,标准眼距,灰蓝瞳,高鼻根,柔和鼻梁,肉感鼻头,平直唇,嘴角下垂,左颊浅疤,成熟方脸（颈部线条延长），高眉骨/窄深眼窝，疲惫眼·眼尾明显挑·标准眼距，高鼻根/柔和鼻梁/肉感鼻头，平直唇·嘴角下垂，明显下颌角
FD04124,成熟方脸,颧部微收,窄额,厚眉骨,浅眼窝,外扩颧骨,幼态柔软面颊,宽下颌,鹤系眼,眼尾下沉,窄眼距,淡金瞳,宽鼻根,柔和鼻梁,微钝鼻头,平直唇,嘴角紧收,鼻梁旧伤,成熟方脸（颧部微收），厚眉骨/浅眼窝，鹤系眼·眼尾下沉·窄眼距，宽鼻根/柔和鼻梁/微钝鼻头，平直唇·嘴角紧收，宽下颌
FD04125,圆脸,下庭加重,微凸额,低眉骨,浅眼窝,外扩颧骨,成熟收紧面颊,骨感下颌,短杏眼,眼尾延展,标准眼距,星点虹膜,窄鼻根,中直鼻梁,微钝鼻头,厚唇,嘴角上扬,眉尾旧疤,圆脸（下庭加重），低眉骨/浅眼窝，短杏眼·眼尾延展·标准眼距，窄鼻根/中直鼻梁/微钝鼻头，厚唇·嘴角上扬，骨感下颌
FD04126,短鹅蛋脸,中轴微长,高额,柔和眉骨,窄深眼窝,窄颧骨,轻凹面颊,窄下颌,上扬凤眼,眼尾平直,标准眼距,星点虹膜,高鼻根,柔和鼻梁,窄翼鼻头,厚唇,嘴角平直,左眼下浅泪痣,短鹅蛋脸（中轴微长），柔和眉骨/窄深眼窝，上扬凤眼·眼尾平直·标准眼距，高鼻根/柔和鼻梁/窄翼鼻头，厚唇·嘴角平直，窄下颌
FD04127,柔和菱形,中轴收紧,低额,柔和眉骨,窄深眼窝,柔和颧骨,成熟收紧面颊,宽下颌,鹰隼眼,眼尾平直,窄眼距,深色瞳,高鼻根,高直鼻梁,轻翘鼻头,宽嘴,嘴角平直,无标志,柔和菱形（中轴收紧），柔和眉骨/窄深眼窝，鹰隼眼·眼尾平直·窄眼距，高鼻根/高直鼻梁/轻翘鼻头，宽嘴·嘴角平直，宽下颌
FD04128,窄方脸,颧部外扩,平直额,厚眉骨,中度眼窝,外扩颧骨,幼态柔软面颊,宽下颌,狐狸系眼,眼尾下沉,窄眼距,深色瞳,窄鼻根,宽骨鼻梁,小圆鼻头,弓形唇,单侧上扬,鼻梁旧伤,窄方脸（颧部外扩），厚眉骨/中度眼窝，狐狸系眼·眼尾下沉·窄眼距，窄鼻根/宽骨鼻梁/小圆鼻头，弓形唇·单侧上扬，宽下颌
FD04129,宽心形脸,偏柔圆润,窄额,内侧突出眉骨,浅眼窝,柔和颧骨,成熟收紧面颊,窄下颌,柳叶眼,眼尾平直,标准眼距,淡金瞳,中高鼻根,高直鼻梁,轻翘鼻头,厚唇,单侧上扬,右眼下浅泪痣,宽心形脸（偏柔圆润），内侧突出眉骨/浅眼窝，柳叶眼·眼尾平直·标准眼距，中高鼻根/高直鼻梁/轻翘鼻头，厚唇·单侧上扬，窄下颌
FD04130,上窄下宽脸,下庭收窄,微凸额,内侧突出眉骨,浅眼窝,高颧骨,轻凹面颊,圆方下颌,下垂眼,眼尾下压,窄眼距,淡金瞳,低鼻根,轻微偏右鼻梁,肉感鼻头,成熟长唇,嘴角下垂,左颊浅疤,上窄下宽脸（下庭收窄），内侧突出眉骨/浅眼窝，下垂眼·眼尾下压·窄眼距，低鼻根/轻微偏右鼻梁/肉感鼻头，成熟长唇·嘴角下垂，圆方下颌
FD04131,长圆脸,面中平缓,骨感额,低眉骨,窄深眼窝,窄颧骨,饱满面颊,圆方下颌,鹿系眼,眼尾延展,宽眼距,灰蓝瞳,中鼻根,微弧鼻梁,方圆鼻头,宽嘴,嘴角平直,眉上小疤,长圆脸（面中平缓），低眉骨/窄深眼窝，鹿系眼·眼尾延展·宽眼距，中鼻根/微弧鼻梁/方圆鼻头，宽嘴·嘴角平直，圆方下颌
FD04132,短方脸,颌角强调,低额,高眉骨,眼下饱满,窄颧骨,薄面颊,宽下颌,平凤眼,眼尾微挑,标准眼距,星点虹膜,高鼻根,轻微偏右鼻梁,窄翼鼻头,弓形唇,嘴角下垂,耳后小痣,短方脸（颌角强调），高眉骨/眼下饱满，平凤眼·眼尾微挑·标准眼距，高鼻根/轻微偏右鼻梁/窄翼鼻头，弓形唇·嘴角下垂，宽下颌
FD04133,窄方脸,中庭展宽,低额,压迫感眉骨,眼下骨感,低颧骨,幼态柔软面颊,柔和下颌,桃花眼,眼尾明显挑,宽眼距,淡金瞳,高鼻根,微弧鼻梁,肉感鼻头,上薄下厚,嘴角平直,单侧酒窝,窄方脸（中庭展宽），压迫感眉骨/眼下骨感，桃花眼·眼尾明显挑·宽眼距，高鼻根/微弧鼻梁/肉感鼻头，上薄下厚·嘴角平直，柔和下颌
FD04134,幼态方脸,下颌线柔化,低额,内侧突出眉骨,窄深眼窝,窄颧骨,幼态柔软面颊,圆方下颌,狭长眼,眼尾下压,宽眼距,灰蓝瞳,中高鼻根,中直鼻梁,骨感鼻头,平直唇,嘴角平直,无标志,幼态方脸（下颌线柔化），内侧突出眉骨/窄深眼窝，狭长眼·眼尾下压·宽眼距，中高鼻根/中直鼻梁/骨感鼻头，平直唇·嘴角平直，圆方下颌
FD04135,宽心形脸,骨点外显,微凸额,外侧突出眉骨,眼下饱满,宽颧骨,轻凹面颊,收敛下颌,鹿系眼,眼尾微挑,窄眼距,深色瞳,中高鼻根,宽骨鼻梁,小圆鼻头,厚唇,嘴角紧收,右眼下浅泪痣,宽心形脸（骨点外显），外侧突出眉骨/眼下饱满，鹿系眼·眼尾微挑·窄眼距，中高鼻根/宽骨鼻梁/小圆鼻头，厚唇·嘴角紧收，收敛下颌
FD04136,颧部展开脸,颧部微收,饱满额,内侧突出眉骨,中度眼窝,窄颧骨,幼态柔软面颊,圆方下颌,瑞凤眼,眼尾延展,宽眼距,星点虹膜,高鼻根,高直鼻梁,骨感鼻头,成熟长唇,嘴角下垂,指节薄茧,颧部展开脸（颧部微收），内侧突出眉骨/中度眼窝，瑞凤眼·眼尾延展·宽眼距，高鼻根/高直鼻梁/骨感鼻头，成熟长唇·嘴角下垂，圆方下颌
FD04137,上宽下窄脸,下颌线清晰化,微凸额,压迫感眉骨,中度眼窝,柔和颧骨,轻凹面颊,圆方下颌,狭长瑞凤眼,眼尾下沉,窄眼距,墨玉瞳,中鼻根,轻微偏左鼻梁,方圆鼻头,成熟长唇,嘴角紧收,眼睑褶皱不对称,上宽下窄脸（下颌线清晰化），压迫感眉骨/中度眼窝，狭长瑞凤眼·眼尾下沉·窄眼距，中鼻根/轻微偏左鼻梁/方圆鼻头，成熟长唇·嘴角紧收，圆方下颌
FD04138,圆脸,骨点内敛,饱满额,柔和眉骨,眼下饱满,高颧骨,薄面颊,骨感下颌,桃花眼,眼尾下沉,窄眼距,淡金瞳,低鼻根,微弧鼻梁,骨感鼻头,上薄下厚,嘴角平直,左眼下浅泪痣,圆脸（骨点内敛），柔和眉骨/眼下饱满，桃花眼·眼尾下沉·窄眼距，低鼻根/微弧鼻梁/骨感鼻头，上薄下厚·嘴角平直，骨感下颌
FD04139,宽菱形,颌角弱化,微凸额,内侧突出眉骨,眼下骨感,低颧骨,饱满面颊,窄下颌,长杏眼,眼尾延展,标准眼距,墨玉瞳,窄鼻根,轻微偏右鼻梁,轻翘鼻头,弓形唇,嘴角紧收,无标志,宽菱形（颌角弱化），内侧突出眉骨/眼下骨感，长杏眼·眼尾延展·标准眼距，窄鼻根/轻微偏右鼻梁/轻翘鼻头，弓形唇·嘴角紧收，窄下颌
FD04140,倒梯形脸,颧部微收,低额,厚眉骨,浅眼窝,窄颧骨,轻凹面颊,明显下颌角,圆长眼,眼尾延展,宽眼距,异色瞳,窄鼻根,宽骨鼻梁,骨感鼻头,小嘴,嘴角下垂,环状虹膜,倒梯形脸（颧部微收），厚眉骨/浅眼窝，圆长眼·眼尾延展·宽眼距，窄鼻根/宽骨鼻梁/骨感鼻头，小嘴·嘴角下垂，明显下颌角
FD04141,宽鹅蛋脸,中庭展宽,平直额,低眉骨,宽浅眼窝,外扩颧骨,轻凹面颊,骨感下颌,丹凤眼,眼尾平直,标准眼距,淡金瞳,中鼻根,中直鼻梁,轻翘鼻头,厚唇,嘴角平直,颈侧细疤,宽鹅蛋脸（中庭展宽），低眉骨/宽浅眼窝，丹凤眼·眼尾平直·标准眼距，中鼻根/中直鼻梁/轻翘鼻头，厚唇·嘴角平直，骨感下颌
FD04142,长心形脸,上庭收窄,低额,外侧突出眉骨,深眼窝,窄颧骨,饱满面颊,方下颌,疲惫眼,眼尾微挑,标准眼距,深色瞳,高鼻根,轻微偏右鼻梁,方圆鼻头,平直唇,嘴角上扬,双侧酒窝,长心形脸（上庭收窄），外侧突出眉骨/深眼窝，疲惫眼·眼尾微挑·标准眼距，高鼻根/轻微偏右鼻梁/方圆鼻头，平直唇·嘴角上扬，方下颌
FD04143,倒梯形脸,颈部线条延长,宽额,外侧突出眉骨,宽浅眼窝,低颧骨,薄面颊,明显下颌角,窄杏眼,眼尾微挑,宽眼距,淡金瞳,窄鼻根,微弧鼻梁,下压鼻头,厚唇,嘴角平直,眉上小疤,倒梯形脸（颈部线条延长），外侧突出眉骨/宽浅眼窝，窄杏眼·眼尾微挑·宽眼距，窄鼻根/微弧鼻梁/下压鼻头，厚唇·嘴角平直，明显下颌角
FD04144,上宽下窄脸,中轴微长,高额,柔和眉骨,窄深眼窝,高颧骨,幼态柔软面颊,明显下颌角,鹿系眼,眼尾明显挑,宽眼距,环状虹膜,中鼻根,中直鼻梁,窄翼鼻头,平直唇,嘴角平直,眉心竖纹浅痕,上宽下窄脸（中轴微长），柔和眉骨/窄深眼窝，鹿系眼·眼尾明显挑·宽眼距，中鼻根/中直鼻梁/窄翼鼻头，平直唇·嘴角平直，明显下颌角
FD04145,长鹅蛋脸,骨点内敛,平直额,内侧突出眉骨,深眼窝,高颧骨,饱满面颊,窄下颌,窄杏眼,眼尾明显挑,宽眼距,星点虹膜,宽鼻根,微弧鼻梁,方圆鼻头,成熟长唇,嘴角紧收,右眉轻断,长鹅蛋脸（骨点内敛），内侧突出眉骨/深眼窝，窄杏眼·眼尾明显挑·宽眼距，宽鼻根/微弧鼻梁/方圆鼻头，成熟长唇·嘴角紧收，窄下颌
FD04146,幼态圆脸,下颌线柔化,骨感额,厚眉骨,浅眼窝,外扩颧骨,轻凹面颊,骨感下颌,下垂眼,眼尾下压,标准眼距,淡金瞳,窄鼻根,中直鼻梁,方圆鼻头,成熟长唇,嘴角下垂,碎裂虹膜,幼态圆脸（下颌线柔化），厚眉骨/浅眼窝，下垂眼·眼尾下压·标准眼距，窄鼻根/中直鼻梁/方圆鼻头，成熟长唇·嘴角下垂，骨感下颌
FD04147,宽鹅蛋脸,骨点外显,宽额,厚眉骨,中度眼窝,低颧骨,幼态柔软面颊,收敛下颌,少年圆眼,眼尾延展,宽眼距,灰蓝瞳,窄鼻根,中直鼻梁,轻翘鼻头,厚唇,嘴角下垂,下颌浅疤,宽鹅蛋脸（骨点外显），厚眉骨/中度眼窝，少年圆眼·眼尾延展·宽眼距，窄鼻根/中直鼻梁/轻翘鼻头，厚唇·嘴角下垂，收敛下颌
FD04148,上宽下窄脸,颊部略凹,平直额,压迫感眉骨,宽浅眼窝,低颧骨,薄面颊,柔和下颌,圆长眼,眼尾下压,窄眼距,环状虹膜,低鼻根,中直鼻梁,轻翘鼻头,小嘴,嘴角下垂,单侧虎牙,上宽下窄脸（颊部略凹），压迫感眉骨/宽浅眼窝，圆长眼·眼尾下压·窄眼距，低鼻根/中直鼻梁/轻翘鼻头，小嘴·嘴角下垂，柔和下颌
FD04149,骨感菱形,下庭加重,微凸额,压迫感眉骨,深眼窝,高颧骨,薄面颊,明显下颌角,长杏眼,眼尾微挑,宽眼距,灰蓝瞳,宽鼻根,宽骨鼻梁,肉感鼻头,小嘴,嘴角平直,无标志,骨感菱形（下庭加重），压迫感眉骨/深眼窝，长杏眼·眼尾微挑·宽眼距，宽鼻根/宽骨鼻梁/肉感鼻头，小嘴·嘴角平直，明显下颌角
FD04150,梨形脸,颊部饱满,低额,外侧突出眉骨,深眼窝,外扩颧骨,幼态柔软面颊,收敛下颌,鹤系眼,眼尾明显挑,窄眼距,墨玉瞳,中鼻根,轻微偏右鼻梁,下压鼻头,成熟长唇,嘴角紧收,双侧酒窝,梨形脸（颊部饱满），外侧突出眉骨/深眼窝，鹤系眼·眼尾明显挑·窄眼距，中鼻根/轻微偏右鼻梁/下压鼻头，成熟长唇·嘴角紧收，收敛下颌
FD04151,鹅蛋偏方,颊部饱满,饱满额,薄眉骨,眼下饱满,外扩颧骨,幼态柔软面颊,明显下颌角,鹰隼眼,眼尾平直,标准眼距,琥珀瞳,中高鼻根,柔和鼻梁,窄翼鼻头,厚唇,单侧上扬,眼睑褶皱不对称,鹅蛋偏方（颊部饱满），薄眉骨/眼下饱满，鹰隼眼·眼尾平直·标准眼距，中高鼻根/柔和鼻梁/窄翼鼻头，厚唇·单侧上扬，明显下颌角
FD04152,圆方脸,颈部线条收短,高额,内侧突出眉骨,中度眼窝,窄颧骨,轻凹面颊,圆方下颌,瑞凤眼,眼尾平直,窄眼距,灰蓝瞳,中高鼻根,宽骨鼻梁,骨感鼻头,弓形唇,嘴角紧收,眼角小痣,圆方脸（颈部线条收短），内侧突出眉骨/中度眼窝，瑞凤眼·眼尾平直·窄眼距，中高鼻根/宽骨鼻梁/骨感鼻头，弓形唇·嘴角紧收，圆方下颌
FD04153,短圆脸,下颌线柔化,饱满额,低眉骨,眼下骨感,外扩颧骨,成熟收紧面颊,收敛下颌,冷感眼,眼尾下沉,宽眼距,琥珀瞳,高鼻根,宽骨鼻梁,窄翼鼻头,成熟长唇,单侧上扬,异色瞳,短圆脸（下颌线柔化），低眉骨/眼下骨感，冷感眼·眼尾下沉·宽眼距，高鼻根/宽骨鼻梁/窄翼鼻头，成熟长唇·单侧上扬，收敛下颌
FD04154,圆方脸,下庭收窄,平直额,内侧突出眉骨,浅眼窝,柔和颧骨,薄面颊,收敛下颌,柳叶眼,眼尾明显挑,宽眼距,墨玉瞳,窄鼻根,宽骨鼻梁,小圆鼻头,上厚下薄,嘴角平直,单侧酒窝,圆方脸（下庭收窄），内侧突出眉骨/浅眼窝，柳叶眼·眼尾明显挑·宽眼距，窄鼻根/宽骨鼻梁/小圆鼻头，上厚下薄·嘴角平直，收敛下颌
FD04155,倒三角脸,面中立体化,骨感额,厚眉骨,深眼窝,窄颧骨,幼态柔软面颊,窄下颌,猫系眼,眼尾平直,窄眼距,墨玉瞳,低鼻根,高直鼻梁,下压鼻头,平直唇,嘴角上扬,瞳孔残缺,倒三角脸（面中立体化），厚眉骨/深眼窝，猫系眼·眼尾平直·窄眼距，低鼻根/高直鼻梁/下压鼻头，平直唇·嘴角上扬，窄下颌
FD04156,圆方脸,颧部微收,平直额,薄眉骨,中度眼窝,高颧骨,幼态柔软面颊,柔和下颌,疲惫眼,眼尾下沉,标准眼距,墨玉瞳,宽鼻根,宽骨鼻梁,骨感鼻头,薄唇,嘴角下垂,单侧虎牙,圆方脸（颧部微收），薄眉骨/中度眼窝，疲惫眼·眼尾下沉·标准眼距，宽鼻根/宽骨鼻梁/骨感鼻头，薄唇·嘴角下垂，柔和下颌
FD04157,正梯形脸,颌角强调,微凸额,柔和眉骨,窄深眼窝,宽颧骨,饱满面颊,窄下颌,短圆杏眼,眼尾延展,宽眼距,异色瞳,高鼻根,微弧鼻梁,微钝鼻头,上厚下薄,单侧上扬,右眼下浅泪痣,正梯形脸（颌角强调），柔和眉骨/窄深眼窝，短圆杏眼·眼尾延展·宽眼距，高鼻根/微弧鼻梁/微钝鼻头，上厚下薄·单侧上扬，窄下颌
FD04158,圆方脸,上庭展开,平直额,薄眉骨,深眼窝,高颧骨,幼态柔软面颊,收敛下颌,柳叶眼,眼尾明显挑,窄眼距,异色瞳,宽鼻根,轻鹰钩鼻梁,轻翘鼻头,上薄下厚,嘴角紧收,瞳孔残缺,圆方脸（上庭展开），薄眉骨/深眼窝，柳叶眼·眼尾明显挑·窄眼距，宽鼻根/轻鹰钩鼻梁/轻翘鼻头，上薄下厚·嘴角紧收，收敛下颌
FD04159,梨形脸,下颌线柔化,饱满额,低眉骨,宽浅眼窝,柔和颧骨,薄面颊,柔和下颌,狭长眼,眼尾微挑,窄眼距,浅褐瞳,宽鼻根,宽骨鼻梁,肉感鼻头,宽嘴,嘴角紧收,异色瞳,梨形脸（下颌线柔化），低眉骨/宽浅眼窝，狭长眼·眼尾微挑·窄眼距，宽鼻根/宽骨鼻梁/肉感鼻头，宽嘴·嘴角紧收，柔和下颌
FD04160,骨感菱形,颌角弱化,平直额,低眉骨,宽浅眼窝,外扩颧骨,幼态柔软面颊,窄下颌,半睁懒眼,眼尾延展,宽眼距,深色瞳,宽鼻根,轻微偏右鼻梁,下压鼻头,上厚下薄,嘴角平直,鼻梁旧伤,骨感菱形（颌角弱化），低眉骨/宽浅眼窝，半睁懒眼·眼尾延展·宽眼距，宽鼻根/轻微偏右鼻梁/下压鼻头，上厚下薄·嘴角平直，窄下颌
FD04161,正梯形脸,颧部微收,低额,低眉骨,窄深眼窝,高颧骨,成熟收紧面颊,柔和下颌,蛇系眼,眼尾下压,宽眼距,异色瞳,中鼻根,中直鼻梁,骨感鼻头,成熟长唇,单侧上扬,无标志,正梯形脸（颧部微收），低眉骨/窄深眼窝，蛇系眼·眼尾下压·宽眼距，中鼻根/中直鼻梁/骨感鼻头，成熟长唇·单侧上扬，柔和下颌
FD04162,上宽下窄脸,上庭收窄,饱满额,厚眉骨,眼下骨感,外扩颧骨,成熟收紧面颊,柔和下颌,桃花眼,眼尾延展,宽眼距,墨玉瞳,宽鼻根,高直鼻梁,轻翘鼻头,平直唇,嘴角下垂,指节薄茧,上宽下窄脸（上庭收窄），厚眉骨/眼下骨感，桃花眼·眼尾延展·宽眼距，宽鼻根/高直鼻梁/轻翘鼻头，平直唇·嘴角下垂，柔和下颌
FD04163,短鹅蛋脸,颈部线条延长,骨感额,低眉骨,窄深眼窝,窄颧骨,饱满面颊,方下颌,狭长眼,眼尾下压,宽眼距,墨玉瞳,窄鼻根,轻鹰钩鼻梁,骨感鼻头,宽嘴,单侧上扬,眉心竖纹浅痕,短鹅蛋脸（颈部线条延长），低眉骨/窄深眼窝，狭长眼·眼尾下压·宽眼距，窄鼻根/轻鹰钩鼻梁/骨感鼻头，宽嘴·单侧上扬，方下颌
FD04164,上宽下窄脸,颧部微收,平直额,低眉骨,窄深眼窝,低颧骨,幼态柔软面颊,明显下颌角,丹凤眼,眼尾微挑,窄眼距,琥珀瞳,窄鼻根,轻鹰钩鼻梁,轻翘鼻头,平直唇,单侧上扬,眼睑褶皱不对称,上宽下窄脸（颧部微收），低眉骨/窄深眼窝，丹凤眼·眼尾微挑·窄眼距，窄鼻根/轻鹰钩鼻梁/轻翘鼻头，平直唇·单侧上扬，明显下颌角
FD04165,梨形脸,颈部线条收短,宽额,薄眉骨,眼下饱满,宽颧骨,轻凹面颊,方下颌,鹰隼眼,眼尾微挑,窄眼距,琥珀瞳,低鼻根,轻鹰钩鼻梁,轻翘鼻头,宽嘴,嘴角下垂,异色瞳,梨形脸（颈部线条收短），薄眉骨/眼下饱满，鹰隼眼·眼尾微挑·窄眼距，低鼻根/轻鹰钩鼻梁/轻翘鼻头，宽嘴·嘴角下垂，方下颌
FD04166,圆脸,颈部线条延长,窄额,外侧突出眉骨,中度眼窝,高颧骨,饱满面颊,柔和下颌,蛇系眼,眼尾下压,标准眼距,墨玉瞳,宽鼻根,轻微偏左鼻梁,轻翘鼻头,上厚下薄,嘴角上扬,唇下小痣,圆脸（颈部线条延长），外侧突出眉骨/中度眼窝，蛇系眼·眼尾下压·标准眼距，宽鼻根/轻微偏左鼻梁/轻翘鼻头，上厚下薄·嘴角上扬，柔和下颌
FD04167,鹅蛋偏菱,面中立体化,低额,内侧突出眉骨,眼下骨感,宽颧骨,饱满面颊,柔和下颌,瑞凤眼,眼尾延展,标准眼距,深色瞳,宽鼻根,轻微偏左鼻梁,小圆鼻头,弓形唇,嘴角上扬,环状虹膜,鹅蛋偏菱（面中立体化），内侧突出眉骨/眼下骨感，瑞凤眼·眼尾延展·标准眼距，宽鼻根/轻微偏左鼻梁/小圆鼻头，弓形唇·嘴角上扬，柔和下颌
FD04168,宽菱形,偏锐收窄,骨感额,高眉骨,窄深眼窝,柔和颧骨,幼态柔软面颊,柔和下颌,狼系眼,眼尾明显挑,宽眼距,深色瞳,低鼻根,轻微偏左鼻梁,方圆鼻头,薄唇,嘴角紧收,左颊浅疤,宽菱形（偏锐收窄），高眉骨/窄深眼窝，狼系眼·眼尾明显挑·宽眼距，低鼻根/轻微偏左鼻梁/方圆鼻头，薄唇·嘴角紧收，柔和下颌
FD04169,上窄下宽脸,颈部线条延长,高额,低眉骨,眼下骨感,外扩颧骨,轻凹面颊,方下颌,狭长眼,眼尾明显挑,窄眼距,深色瞳,高鼻根,微弧鼻梁,微钝鼻头,厚唇,单侧上扬,唇下小痣,上窄下宽脸（颈部线条延长），低眉骨/眼下骨感，狭长眼·眼尾明显挑·窄眼距，高鼻根/微弧鼻梁/微钝鼻头，厚唇·单侧上扬，方下颌
FD04170,幼态方脸,颊部略凹,平直额,内侧突出眉骨,眼下骨感,宽颧骨,薄面颊,窄下颌,狼系眼,眼尾微挑,标准眼距,灰蓝瞳,低鼻根,轻微偏右鼻梁,骨感鼻头,小嘴,嘴角下垂,左眼下浅泪痣,幼态方脸（颊部略凹），内侧突出眉骨/眼下骨感，狼系眼·眼尾微挑·标准眼距，低鼻根/轻微偏右鼻梁/骨感鼻头，小嘴·嘴角下垂，窄下颌
FD04171,宽心形脸,颌角强调,微凸额,柔和眉骨,眼下饱满,柔和颧骨,薄面颊,方下颌,狐狸系眼,眼尾延展,标准眼距,异色瞳,低鼻根,轻鹰钩鼻梁,轻翘鼻头,上厚下薄,嘴角平直,耳后小痣,宽心形脸（颌角强调），柔和眉骨/眼下饱满，狐狸系眼·眼尾延展·标准眼距，低鼻根/轻鹰钩鼻梁/轻翘鼻头，上厚下薄·嘴角平直，方下颌
FD04172,倒梯形脸,中轴收紧,高额,柔和眉骨,中度眼窝,柔和颧骨,成熟收紧面颊,圆方下颌,短杏眼,眼尾下沉,标准眼距,碎裂虹膜,窄鼻根,柔和鼻梁,窄翼鼻头,弓形唇,嘴角下垂,鼻梁旧伤,倒梯形脸（中轴收紧），柔和眉骨/中度眼窝，短杏眼·眼尾下沉·标准眼距，窄鼻根/柔和鼻梁/窄翼鼻头，弓形唇·嘴角下垂，圆方下颌
FD04173,标准菱形,颧部外扩,骨感额,压迫感眉骨,眼下饱满,窄颧骨,轻凹面颊,窄下颌,长杏眼,眼尾下压,窄眼距,星点虹膜,高鼻根,轻微偏左鼻梁,小圆鼻头,小嘴,单侧上扬,左颊浅疤,标准菱形（颧部外扩），压迫感眉骨/眼下饱满，长杏眼·眼尾下压·窄眼距，高鼻根/轻微偏左鼻梁/小圆鼻头，小嘴·单侧上扬，窄下颌
FD04174,宽方脸,中庭拉长,低额,低眉骨,深眼窝,高颧骨,幼态柔软面颊,窄下颌,猫系眼,眼尾微挑,窄眼距,淡金瞳,低鼻根,轻鹰钩鼻梁,轻翘鼻头,薄唇,嘴角上扬,鼻梁旧伤,宽方脸（中庭拉长），低眉骨/深眼窝，猫系眼·眼尾微挑·窄眼距，低鼻根/轻鹰钩鼻梁/轻翘鼻头，薄唇·嘴角上扬，窄下颌
FD04175,长圆脸,颈部线条延长,平直额,内侧突出眉骨,浅眼窝,高颧骨,幼态柔软面颊,窄下颌,窄杏眼,眼尾延展,宽眼距,琥珀瞳,宽鼻根,宽骨鼻梁,小圆鼻头,上薄下厚,嘴角上扬,碎裂虹膜,长圆脸（颈部线条延长），内侧突出眉骨/浅眼窝，窄杏眼·眼尾延展·宽眼距，宽鼻根/宽骨鼻梁/小圆鼻头，上薄下厚·嘴角上扬，窄下颌
FD04176,正梯形脸,中轴收紧,微凸额,高眉骨,眼下骨感,低颧骨,饱满面颊,圆方下颌,平凤眼,眼尾平直,窄眼距,琥珀瞳,窄鼻根,柔和鼻梁,微钝鼻头,弓形唇,嘴角上扬,眉心竖纹浅痕,正梯形脸（中轴收紧），高眉骨/眼下骨感，平凤眼·眼尾平直·窄眼距，窄鼻根/柔和鼻梁/微钝鼻头，弓形唇·嘴角上扬，圆方下颌
FD04177,梨形脸,上庭收窄,饱满额,压迫感眉骨,窄深眼窝,低颧骨,成熟收紧面颊,宽下颌,少年圆眼,眼尾下压,宽眼距,墨玉瞳,中高鼻根,高直鼻梁,小圆鼻头,厚唇,嘴角下垂,左颊浅疤,梨形脸（上庭收窄），压迫感眉骨/窄深眼窝，少年圆眼·眼尾下压·宽眼距，中高鼻根/高直鼻梁/小圆鼻头，厚唇·嘴角下垂，宽下颌
FD04178,骨感菱形,偏柔圆润,宽额,薄眉骨,浅眼窝,柔和颧骨,轻凹面颊,窄下颌,短杏眼,眼尾微挑,宽眼距,异色瞳,中高鼻根,中直鼻梁,窄翼鼻头,弓形唇,单侧上扬,眼角小痣,骨感菱形（偏柔圆润），薄眉骨/浅眼窝，短杏眼·眼尾微挑·宽眼距，中高鼻根/中直鼻梁/窄翼鼻头，弓形唇·单侧上扬，窄下颌
FD04179,骨感菱形,颈部线条收短,饱满额,薄眉骨,宽浅眼窝,柔和颧骨,轻凹面颊,宽下颌,窄杏眼,眼尾平直,标准眼距,星点虹膜,中高鼻根,轻微偏右鼻梁,轻翘鼻头,小嘴,嘴角上扬,耳后小痣,骨感菱形（颈部线条收短），薄眉骨/宽浅眼窝，窄杏眼·眼尾平直·标准眼距，中高鼻根/轻微偏右鼻梁/轻翘鼻头，小嘴·嘴角上扬，宽下颌
FD04180,窄方脸,中轴微长,高额,薄眉骨,深眼窝,窄颧骨,轻凹面颊,骨感下颌,鹤系眼,眼尾延展,标准眼距,琥珀瞳,宽鼻根,中直鼻梁,轻翘鼻头,宽嘴,嘴角紧收,双侧酒窝,窄方脸（中轴微长），薄眉骨/深眼窝，鹤系眼·眼尾延展·标准眼距，宽鼻根/中直鼻梁/轻翘鼻头，宽嘴·嘴角紧收，骨感下颌
FD04181,宽鹅蛋脸,面中立体化,微凸额,内侧突出眉骨,浅眼窝,低颧骨,薄面颊,宽下颌,半睁懒眼,眼尾下压,宽眼距,星点虹膜,中高鼻根,轻微偏左鼻梁,轻翘鼻头,成熟长唇,嘴角上扬,眼角小痣,宽鹅蛋脸（面中立体化），内侧突出眉骨/浅眼窝，半睁懒眼·眼尾下压·宽眼距，中高鼻根/轻微偏左鼻梁/轻翘鼻头，成熟长唇·嘴角上扬，宽下颌
FD04182,长圆脸,上庭收窄,高额,厚眉骨,眼下骨感,宽颧骨,饱满面颊,窄下颌,猫系眼,眼尾平直,标准眼距,星点虹膜,中高鼻根,宽骨鼻梁,小圆鼻头,厚唇,嘴角平直,左眼下浅泪痣,长圆脸（上庭收窄），厚眉骨/眼下骨感，猫系眼·眼尾平直·标准眼距，中高鼻根/宽骨鼻梁/小圆鼻头，厚唇·嘴角平直，窄下颌
FD04183,宽菱形,中庭展宽,低额,薄眉骨,浅眼窝,宽颧骨,成熟收紧面颊,宽下颌,成熟长眼,眼尾延展,宽眼距,碎裂虹膜,宽鼻根,微弧鼻梁,窄翼鼻头,宽嘴,嘴角平直,眼睑褶皱不对称,宽菱形（中庭展宽），薄眉骨/浅眼窝，成熟长眼·眼尾延展·宽眼距，宽鼻根/微弧鼻梁/窄翼鼻头，宽嘴·嘴角平直，宽下颌
FD04184,圆方脸,上庭展开,饱满额,外侧突出眉骨,浅眼窝,低颧骨,成熟收紧面颊,圆方下颌,少年圆眼,眼尾微挑,标准眼距,墨玉瞳,窄鼻根,高直鼻梁,窄翼鼻头,弓形唇,嘴角上扬,环状虹膜,圆方脸（上庭展开），外侧突出眉骨/浅眼窝，少年圆眼·眼尾微挑·标准眼距，窄鼻根/高直鼻梁/窄翼鼻头，弓形唇·嘴角上扬，圆方下颌
FD04185,心形脸,中庭展宽,窄额,外侧突出眉骨,中度眼窝,高颧骨,饱满面颊,圆方下颌,圆长眼,眼尾下沉,标准眼距,星点虹膜,中高鼻根,轻微偏左鼻梁,小圆鼻头,平直唇,嘴角上扬,异色瞳,心形脸（中庭展宽），外侧突出眉骨/中度眼窝，圆长眼·眼尾下沉·标准眼距，中高鼻根/轻微偏左鼻梁/小圆鼻头，平直唇·嘴角上扬，圆方下颌
FD04186,圆方脸,中庭拉长,高额,厚眉骨,浅眼窝,窄颧骨,饱满面颊,收敛下颌,平直杏眼,眼尾微挑,标准眼距,淡金瞳,中鼻根,微弧鼻梁,下压鼻头,平直唇,嘴角上扬,环状虹膜,圆方脸（中庭拉长），厚眉骨/浅眼窝，平直杏眼·眼尾微挑·标准眼距，中鼻根/微弧鼻梁/下压鼻头，平直唇·嘴角上扬，收敛下颌
FD04187,鹅蛋偏心形,下颌线柔化,骨感额,低眉骨,眼下骨感,窄颧骨,薄面颊,骨感下颌,冷感眼,眼尾明显挑,宽眼距,琥珀瞳,中鼻根,轻微偏右鼻梁,小圆鼻头,薄唇,嘴角平直,无标志,鹅蛋偏心形（下颌线柔化），低眉骨/眼下骨感，冷感眼·眼尾明显挑·宽眼距，中鼻根/轻微偏右鼻梁/小圆鼻头，薄唇·嘴角平直，骨感下颌
FD04188,宽鹅蛋脸,面中立体化,骨感额,压迫感眉骨,深眼窝,外扩颧骨,幼态柔软面颊,收敛下颌,下垂眼,眼尾下压,窄眼距,深色瞳,窄鼻根,宽骨鼻梁,轻翘鼻头,平直唇,嘴角下垂,左眼下浅泪痣,宽鹅蛋脸（面中立体化），压迫感眉骨/深眼窝，下垂眼·眼尾下压·窄眼距，窄鼻根/宽骨鼻梁/轻翘鼻头，平直唇·嘴角下垂，收敛下颌
FD04189,骨感菱形,颈部线条收短,骨感额,厚眉骨,眼下骨感,柔和颧骨,成熟收紧面颊,方下颌,狼系眼,眼尾平直,标准眼距,碎裂虹膜,中鼻根,轻微偏左鼻梁,方圆鼻头,平直唇,嘴角紧收,无标志,骨感菱形（颈部线条收短），厚眉骨/眼下骨感，狼系眼·眼尾平直·标准眼距，中鼻根/轻微偏左鼻梁/方圆鼻头，平直唇·嘴角紧收，方下颌
FD04190,幼态圆脸,下颌线清晰化,高额,厚眉骨,眼下饱满,柔和颧骨,饱满面颊,圆方下颌,窄杏眼,眼尾下沉,窄眼距,深色瞳,中鼻根,轻微偏右鼻梁,骨感鼻头,弓形唇,嘴角下垂,无标志,幼态圆脸（下颌线清晰化），厚眉骨/眼下饱满，窄杏眼·眼尾下沉·窄眼距，中鼻根/轻微偏右鼻梁/骨感鼻头，弓形唇·嘴角下垂，圆方下颌
FD04191,宽心形脸,下庭收窄,骨感额,高眉骨,深眼窝,柔和颧骨,幼态柔软面颊,骨感下颌,柳叶眼,眼尾下压,标准眼距,淡金瞳,窄鼻根,高直鼻梁,轻翘鼻头,宽嘴,嘴角紧收,耳后小痣,宽心形脸（下庭收窄），高眉骨/深眼窝，柳叶眼·眼尾下压·标准眼距，窄鼻根/高直鼻梁/轻翘鼻头，宽嘴·嘴角紧收，骨感下颌
FD04192,长圆脸,中庭展宽,微凸额,外侧突出眉骨,宽浅眼窝,宽颧骨,幼态柔软面颊,方下颌,上扬凤眼,眼尾下沉,标准眼距,淡金瞳,中高鼻根,轻微偏左鼻梁,方圆鼻头,宽嘴,单侧上扬,下颌浅疤,长圆脸（中庭展宽），外侧突出眉骨/宽浅眼窝，上扬凤眼·眼尾下沉·标准眼距，中高鼻根/轻微偏左鼻梁/方圆鼻头，宽嘴·单侧上扬，方下颌
FD04193,成熟方脸,颧部外扩,窄额,压迫感眉骨,浅眼窝,高颧骨,轻凹面颊,圆方下颌,宽杏眼,眼尾微挑,标准眼距,淡金瞳,高鼻根,轻鹰钩鼻梁,微钝鼻头,宽嘴,嘴角平直,指节薄茧,成熟方脸（颧部外扩），压迫感眉骨/浅眼窝，宽杏眼·眼尾微挑·标准眼距，高鼻根/轻鹰钩鼻梁/微钝鼻头，宽嘴·嘴角平直，圆方下颌
FD04194,幼态圆脸,上庭展开,微凸额,压迫感眉骨,眼下骨感,高颧骨,轻凹面颊,骨感下颌,上扬凤眼,眼尾下压,窄眼距,星点虹膜,高鼻根,中直鼻梁,轻翘鼻头,厚唇,嘴角下垂,颈侧细疤,幼态圆脸（上庭展开），压迫感眉骨/眼下骨感，上扬凤眼·眼尾下压·窄眼距，高鼻根/中直鼻梁/轻翘鼻头，厚唇·嘴角下垂，骨感下颌
FD04195,短方脸,下颌线清晰化,微凸额,内侧突出眉骨,宽浅眼窝,高颧骨,饱满面颊,圆方下颌,丹凤眼,眼尾微挑,窄眼距,碎裂虹膜,低鼻根,轻微偏左鼻梁,肉感鼻头,成熟长唇,嘴角下垂,无标志,短方脸（下颌线清晰化），内侧突出眉骨/宽浅眼窝，丹凤眼·眼尾微挑·窄眼距，低鼻根/轻微偏左鼻梁/肉感鼻头，成熟长唇·嘴角下垂，圆方下颌
FD04196,成熟方脸,颊部饱满,高额,外侧突出眉骨,窄深眼窝,窄颧骨,幼态柔软面颊,明显下颌角,半睁懒眼,眼尾明显挑,标准眼距,碎裂虹膜,高鼻根,柔和鼻梁,下压鼻头,薄唇,嘴角下垂,无标志,成熟方脸（颊部饱满），外侧突出眉骨/窄深眼窝，半睁懒眼·眼尾明显挑·标准眼距，高鼻根/柔和鼻梁/下压鼻头，薄唇·嘴角下垂，明显下颌角
FD04197,短鹅蛋脸,颊部略凹,高额,压迫感眉骨,浅眼窝,宽颧骨,成熟收紧面颊,宽下颌,桃花眼,眼尾明显挑,宽眼距,灰蓝瞳,高鼻根,微弧鼻梁,方圆鼻头,宽嘴,嘴角紧收,无标志,短鹅蛋脸（颊部略凹），压迫感眉骨/浅眼窝，桃花眼·眼尾明显挑·宽眼距，高鼻根/微弧鼻梁/方圆鼻头，宽嘴·嘴角紧收，宽下颌
FD04198,宽鹅蛋脸,骨点内敛,宽额,内侧突出眉骨,浅眼窝,窄颧骨,薄面颊,收敛下颌,鹿系眼,眼尾延展,宽眼距,浅褐瞳,中高鼻根,高直鼻梁,微钝鼻头,厚唇,嘴角平直,碎裂虹膜,宽鹅蛋脸（骨点内敛），内侧突出眉骨/浅眼窝，鹿系眼·眼尾延展·宽眼距，中高鼻根/高直鼻梁/微钝鼻头，厚唇·嘴角平直，收敛下颌
FD04199,骨感方脸,中庭拉长,窄额,厚眉骨,中度眼窝,低颧骨,成熟收紧面颊,窄下颌,柳叶眼,眼尾微挑,宽眼距,淡金瞳,宽鼻根,柔和鼻梁,窄翼鼻头,弓形唇,嘴角紧收,额角旧痕,骨感方脸（中庭拉长），厚眉骨/中度眼窝，柳叶眼·眼尾微挑·宽眼距，宽鼻根/柔和鼻梁/窄翼鼻头，弓形唇·嘴角紧收，窄下颌
FD04200,双颌匀称脸,颈部线条收短,骨感额,内侧突出眉骨,眼下骨感,高颧骨,成熟收紧面颊,明显下颌角,鹤系眼,眼尾延展,窄眼距,灰蓝瞳,高鼻根,高直鼻梁,方圆鼻头,厚唇,嘴角紧收,眼角小痣,双颌匀称脸（颈部线条收短），内侧突出眉骨/眼下骨感，鹤系眼·眼尾延展·窄眼距，高鼻根/高直鼻梁/方圆鼻头，厚唇·嘴角紧收，明显下颌角
FD04201,成熟方脸,颊部略凹,饱满额,内侧突出眉骨,浅眼窝,高颧骨,轻凹面颊,方下颌,桃花眼,眼尾延展,标准眼距,墨玉瞳,中高鼻根,轻微偏右鼻梁,轻翘鼻头,平直唇,嘴角下垂,无标志,成熟方脸（颊部略凹），内侧突出眉骨/浅眼窝，桃花眼·眼尾延展·标准眼距，中高鼻根/轻微偏右鼻梁/轻翘鼻头，平直唇·嘴角下垂，方下颌
FD04202,上宽下窄脸,骨点内敛,饱满额,薄眉骨,眼下骨感,低颧骨,成熟收紧面颊,收敛下颌,瑞凤眼,眼尾延展,标准眼距,墨玉瞳,低鼻根,轻微偏右鼻梁,方圆鼻头,厚唇,单侧上扬,异色瞳,上宽下窄脸（骨点内敛），薄眉骨/眼下骨感，瑞凤眼·眼尾延展·标准眼距，低鼻根/轻微偏右鼻梁/方圆鼻头，厚唇·单侧上扬，收敛下颌
FD04203,宽菱形,上庭展开,微凸额,薄眉骨,深眼窝,窄颧骨,饱满面颊,圆方下颌,长杏眼,眼尾下沉,窄眼距,环状虹膜,高鼻根,轻微偏右鼻梁,微钝鼻头,厚唇,嘴角平直,无标志,宽菱形（上庭展开），薄眉骨/深眼窝，长杏眼·眼尾下沉·窄眼距，高鼻根/轻微偏右鼻梁/微钝鼻头，厚唇·嘴角平直，圆方下颌
FD04204,双颌匀称脸,面中立体化,饱满额,厚眉骨,深眼窝,外扩颧骨,薄面颊,收敛下颌,平凤眼,眼尾下沉,标准眼距,墨玉瞳,窄鼻根,轻微偏右鼻梁,方圆鼻头,薄唇,嘴角下垂,左颊浅疤,双颌匀称脸（面中立体化），厚眉骨/深眼窝，平凤眼·眼尾下沉·标准眼距，窄鼻根/轻微偏右鼻梁/方圆鼻头，薄唇·嘴角下垂，收敛下颌
FD04205,倒三角脸,中庭拉长,宽额,厚眉骨,宽浅眼窝,宽颧骨,饱满面颊,圆方下颌,平直杏眼,眼尾下压,宽眼距,碎裂虹膜,宽鼻根,轻微偏左鼻梁,骨感鼻头,上厚下薄,嘴角上扬,右眉轻断,倒三角脸（中庭拉长），厚眉骨/宽浅眼窝，平直杏眼·眼尾下压·宽眼距，宽鼻根/轻微偏左鼻梁/骨感鼻头，上厚下薄·嘴角上扬，圆方下颌
FD04206,颧部展开脸,颊部略凹,微凸额,高眉骨,宽浅眼窝,外扩颧骨,轻凹面颊,方下颌,鹿系眼,眼尾下压,宽眼距,环状虹膜,高鼻根,微弧鼻梁,窄翼鼻头,薄唇,单侧上扬,单侧虎牙,颧部展开脸（颊部略凹），高眉骨/宽浅眼窝，鹿系眼·眼尾下压·宽眼距，高鼻根/微弧鼻梁/窄翼鼻头，薄唇·单侧上扬，方下颌
FD04207,长鹅蛋脸,上庭收窄,高额,高眉骨,浅眼窝,高颧骨,幼态柔软面颊,柔和下颌,猫系眼,眼尾微挑,窄眼距,琥珀瞳,高鼻根,中直鼻梁,轻翘鼻头,上薄下厚,嘴角下垂,眉尾旧疤,长鹅蛋脸（上庭收窄），高眉骨/浅眼窝，猫系眼·眼尾微挑·窄眼距，高鼻根/中直鼻梁/轻翘鼻头，上薄下厚·嘴角下垂，柔和下颌
FD04208,上窄下宽脸,中轴收紧,高额,高眉骨,中度眼窝,外扩颧骨,饱满面颊,柔和下颌,狭长瑞凤眼,眼尾微挑,窄眼距,深色瞳,中高鼻根,轻鹰钩鼻梁,肉感鼻头,厚唇,嘴角下垂,瞳孔残缺,上窄下宽脸（中轴收紧），高眉骨/中度眼窝，狭长瑞凤眼·眼尾微挑·窄眼距，中高鼻根/轻鹰钩鼻梁/肉感鼻头，厚唇·嘴角下垂，柔和下颌
FD04209,梨形脸,下颌线清晰化,骨感额,外侧突出眉骨,浅眼窝,低颧骨,薄面颊,收敛下颌,鹤系眼,眼尾下沉,窄眼距,异色瞳,窄鼻根,微弧鼻梁,肉感鼻头,宽嘴,单侧上扬,眼睑褶皱不对称,梨形脸（下颌线清晰化），外侧突出眉骨/浅眼窝，鹤系眼·眼尾下沉·窄眼距，窄鼻根/微弧鼻梁/肉感鼻头，宽嘴·单侧上扬，收敛下颌
FD04210,倒三角脸,颌角强调,宽额,外侧突出眉骨,中度眼窝,高颧骨,成熟收紧面颊,宽下颌,柳叶眼,眼尾微挑,宽眼距,浅褐瞳,中高鼻根,高直鼻梁,轻翘鼻头,厚唇,嘴角下垂,无标志,倒三角脸（颌角强调），外侧突出眉骨/中度眼窝，柳叶眼·眼尾微挑·宽眼距，中高鼻根/高直鼻梁/轻翘鼻头，厚唇·嘴角下垂，宽下颌
FD04211,短圆脸,颈部线条延长,低额,薄眉骨,眼下骨感,柔和颧骨,饱满面颊,收敛下颌,疲惫眼,眼尾下压,标准眼距,异色瞳,中高鼻根,高直鼻梁,小圆鼻头,平直唇,嘴角平直,颈侧细疤,短圆脸（颈部线条延长），薄眉骨/眼下骨感，疲惫眼·眼尾下压·标准眼距，中高鼻根/高直鼻梁/小圆鼻头，平直唇·嘴角平直，收敛下颌
FD04212,上宽下窄脸,颌角弱化,骨感额,厚眉骨,宽浅眼窝,柔和颧骨,饱满面颊,方下颌,上扬凤眼,眼尾延展,宽眼距,淡金瞳,中鼻根,柔和鼻梁,肉感鼻头,宽嘴,嘴角下垂,单侧酒窝,上宽下窄脸（颌角弱化），厚眉骨/宽浅眼窝，上扬凤眼·眼尾延展·宽眼距，中鼻根/柔和鼻梁/肉感鼻头，宽嘴·嘴角下垂，方下颌
FD04213,梨形脸,中庭拉长,高额,薄眉骨,宽浅眼窝,柔和颧骨,成熟收紧面颊,窄下颌,半睁懒眼,眼尾下沉,标准眼距,琥珀瞳,中高鼻根,轻微偏右鼻梁,轻翘鼻头,厚唇,嘴角下垂,耳后小痣,梨形脸（中庭拉长），薄眉骨/宽浅眼窝，半睁懒眼·眼尾下沉·标准眼距，中高鼻根/轻微偏右鼻梁/轻翘鼻头，厚唇·嘴角下垂，窄下颌
FD04214,成熟方脸,颌角弱化,窄额,厚眉骨,眼下饱满,宽颧骨,薄面颊,骨感下颌,短杏眼,眼尾微挑,窄眼距,墨玉瞳,中高鼻根,柔和鼻梁,骨感鼻头,小嘴,嘴角下垂,眉上小疤,成熟方脸（颌角弱化），厚眉骨/眼下饱满，短杏眼·眼尾微挑·窄眼距，中高鼻根/柔和鼻梁/骨感鼻头，小嘴·嘴角下垂，骨感下颌
FD04215,宽心形脸,中庭拉长,低额,低眉骨,眼下饱满,外扩颧骨,轻凹面颊,骨感下颌,平凤眼,眼尾下压,标准眼距,浅褐瞳,高鼻根,轻微偏右鼻梁,轻翘鼻头,薄唇,嘴角紧收,双侧酒窝,宽心形脸（中庭拉长），低眉骨/眼下饱满，平凤眼·眼尾下压·标准眼距，高鼻根/轻微偏右鼻梁/轻翘鼻头，薄唇·嘴角紧收，骨感下颌
FD04216,幼态方脸,颈部线条收短,饱满额,高眉骨,窄深眼窝,柔和颧骨,幼态柔软面颊,明显下颌角,冷感眼,眼尾下沉,标准眼距,深色瞳,窄鼻根,轻微偏右鼻梁,骨感鼻头,薄唇,嘴角下垂,双侧酒窝,幼态方脸（颈部线条收短），高眉骨/窄深眼窝，冷感眼·眼尾下沉·标准眼距，窄鼻根/轻微偏右鼻梁/骨感鼻头，薄唇·嘴角下垂，明显下颌角
FD04217,方鹅蛋脸,骨点内敛,高额,柔和眉骨,眼下骨感,高颧骨,薄面颊,收敛下颌,宽杏眼,眼尾延展,标准眼距,琥珀瞳,高鼻根,中直鼻梁,小圆鼻头,成熟长唇,单侧上扬,下颌浅疤,方鹅蛋脸（骨点内敛），柔和眉骨/眼下骨感，宽杏眼·眼尾延展·标准眼距，高鼻根/中直鼻梁/小圆鼻头，成熟长唇·单侧上扬，收敛下颌
FD04218,圆方脸,上庭收窄,宽额,高眉骨,中度眼窝,宽颧骨,幼态柔软面颊,骨感下颌,平凤眼,眼尾下沉,窄眼距,墨玉瞳,中高鼻根,柔和鼻梁,小圆鼻头,小嘴,嘴角下垂,环状虹膜,圆方脸（上庭收窄），高眉骨/中度眼窝，平凤眼·眼尾下沉·窄眼距，中高鼻根/柔和鼻梁/小圆鼻头，小嘴·嘴角下垂，骨感下颌
FD04219,心形脸,中轴收紧,窄额,外侧突出眉骨,浅眼窝,高颧骨,幼态柔软面颊,窄下颌,宽杏眼,眼尾微挑,宽眼距,浅褐瞳,宽鼻根,轻鹰钩鼻梁,骨感鼻头,小嘴,单侧上扬,指节薄茧,心形脸（中轴收紧），外侧突出眉骨/浅眼窝，宽杏眼·眼尾微挑·宽眼距，宽鼻根/轻鹰钩鼻梁/骨感鼻头，小嘴·单侧上扬，窄下颌
FD04220,梨形脸,下庭加重,低额,压迫感眉骨,宽浅眼窝,外扩颧骨,轻凹面颊,圆方下颌,长杏眼,眼尾延展,窄眼距,异色瞳,中鼻根,高直鼻梁,轻翘鼻头,宽嘴,嘴角上扬,下颌浅疤,梨形脸（下庭加重），压迫感眉骨/宽浅眼窝，长杏眼·眼尾延展·窄眼距，中鼻根/高直鼻梁/轻翘鼻头，宽嘴·嘴角上扬，圆方下颌
FD04221,宽心形脸,上庭展开,平直额,低眉骨,中度眼窝,高颧骨,薄面颊,收敛下颌,短杏眼,眼尾平直,标准眼距,异色瞳,窄鼻根,中直鼻梁,微钝鼻头,宽嘴,嘴角紧收,无标志,宽心形脸（上庭展开），低眉骨/中度眼窝，短杏眼·眼尾平直·标准眼距，窄鼻根/中直鼻梁/微钝鼻头，宽嘴·嘴角紧收，收敛下颌
FD04222,肉感短脸,中轴微长,宽额,内侧突出眉骨,窄深眼窝,高颧骨,薄面颊,宽下颌,狭长瑞凤眼,眼尾下沉,标准眼距,琥珀瞳,低鼻根,宽骨鼻梁,方圆鼻头,宽嘴,嘴角平直,双侧酒窝,肉感短脸（中轴微长），内侧突出眉骨/窄深眼窝，狭长瑞凤眼·眼尾下沉·标准眼距，低鼻根/宽骨鼻梁/方圆鼻头，宽嘴·嘴角平直，宽下颌
FD04223,短鹅蛋脸,面中立体化,微凸额,内侧突出眉骨,眼下骨感,低颧骨,轻凹面颊,圆方下颌,短圆杏眼,眼尾延展,标准眼距,星点虹膜,低鼻根,微弧鼻梁,轻翘鼻头,平直唇,嘴角平直,眼角小痣,短鹅蛋脸（面中立体化），内侧突出眉骨/眼下骨感，短圆杏眼·眼尾延展·标准眼距，低鼻根/微弧鼻梁/轻翘鼻头，平直唇·嘴角平直，圆方下颌
FD04224,圆方脸,颌角强调,低额,柔和眉骨,窄深眼窝,低颧骨,薄面颊,柔和下颌,柳叶眼,眼尾延展,宽眼距,琥珀瞳,高鼻根,微弧鼻梁,骨感鼻头,平直唇,嘴角上扬,唇下小痣,圆方脸（颌角强调），柔和眉骨/窄深眼窝，柳叶眼·眼尾延展·宽眼距，高鼻根/微弧鼻梁/骨感鼻头，平直唇·嘴角上扬，柔和下颌
FD04225,幼态圆脸,面中平缓,宽额,厚眉骨,窄深眼窝,窄颧骨,薄面颊,圆方下颌,成熟长眼,眼尾下沉,窄眼距,碎裂虹膜,中鼻根,轻鹰钩鼻梁,下压鼻头,成熟长唇,嘴角紧收,眉上小疤,幼态圆脸（面中平缓），厚眉骨/窄深眼窝，成熟长眼·眼尾下沉·窄眼距，中鼻根/轻鹰钩鼻梁/下压鼻头，成熟长唇·嘴角紧收，圆方下颌
FD04226,幼态圆脸,颈部线条收短,骨感额,薄眉骨,中度眼窝,柔和颧骨,饱满面颊,方下颌,丹凤眼,眼尾微挑,标准眼距,深色瞳,中高鼻根,柔和鼻梁,微钝鼻头,宽嘴,单侧上扬,无标志,幼态圆脸（颈部线条收短），薄眉骨/中度眼窝，丹凤眼·眼尾微挑·标准眼距，中高鼻根/柔和鼻梁/微钝鼻头，宽嘴·单侧上扬，方下颌
FD04227,鹅蛋偏心形,中庭展宽,宽额,低眉骨,中度眼窝,高颧骨,薄面颊,柔和下颌,狭长瑞凤眼,眼尾平直,窄眼距,墨玉瞳,低鼻根,轻微偏右鼻梁,窄翼鼻头,厚唇,单侧上扬,额角旧痕,鹅蛋偏心形（中庭展宽），低眉骨/中度眼窝，狭长瑞凤眼·眼尾平直·窄眼距，低鼻根/轻微偏右鼻梁/窄翼鼻头，厚唇·单侧上扬，柔和下颌
FD04228,鹅蛋偏菱,下庭收窄,宽额,厚眉骨,眼下饱满,外扩颧骨,薄面颊,柔和下颌,鹤系眼,眼尾平直,标准眼距,碎裂虹膜,宽鼻根,轻鹰钩鼻梁,方圆鼻头,弓形唇,嘴角上扬,额角旧痕,鹅蛋偏菱（下庭收窄），厚眉骨/眼下饱满，鹤系眼·眼尾平直·标准眼距，宽鼻根/轻鹰钩鼻梁/方圆鼻头，弓形唇·嘴角上扬，柔和下颌
FD04229,骨感菱形,下颌线清晰化,骨感额,高眉骨,深眼窝,外扩颧骨,成熟收紧面颊,宽下颌,疲惫眼,眼尾下压,窄眼距,环状虹膜,低鼻根,柔和鼻梁,肉感鼻头,上厚下薄,嘴角下垂,无标志,骨感菱形（下颌线清晰化），高眉骨/深眼窝，疲惫眼·眼尾下压·窄眼距，低鼻根/柔和鼻梁/肉感鼻头，上厚下薄·嘴角下垂，宽下颌
FD04230,短圆脸,骨点内敛,骨感额,高眉骨,窄深眼窝,宽颧骨,薄面颊,明显下颌角,平凤眼,眼尾微挑,标准眼距,异色瞳,中鼻根,中直鼻梁,小圆鼻头,小嘴,嘴角下垂,眉上小疤,短圆脸（骨点内敛），高眉骨/窄深眼窝，平凤眼·眼尾微挑·标准眼距，中鼻根/中直鼻梁/小圆鼻头，小嘴·嘴角下垂，明显下颌角
FD04231,窄鹅蛋脸,下庭加重,饱满额,低眉骨,宽浅眼窝,窄颧骨,成熟收紧面颊,方下颌,瑞凤眼,眼尾微挑,标准眼距,墨玉瞳,低鼻根,柔和鼻梁,窄翼鼻头,小嘴,嘴角下垂,眼角小痣,窄鹅蛋脸（下庭加重），低眉骨/宽浅眼窝，瑞凤眼·眼尾微挑·标准眼距，低鼻根/柔和鼻梁/窄翼鼻头，小嘴·嘴角下垂，方下颌
FD04232,梨形脸,颧部微收,宽额,薄眉骨,浅眼窝,宽颧骨,饱满面颊,收敛下颌,平凤眼,眼尾明显挑,窄眼距,浅褐瞳,低鼻根,宽骨鼻梁,肉感鼻头,弓形唇,嘴角上扬,唇下小痣,梨形脸（颧部微收），薄眉骨/浅眼窝，平凤眼·眼尾明显挑·窄眼距，低鼻根/宽骨鼻梁/肉感鼻头，弓形唇·嘴角上扬，收敛下颌
FD04233,宽心形脸,面中平缓,宽额,高眉骨,浅眼窝,柔和颧骨,成熟收紧面颊,柔和下颌,冷感眼,眼尾下沉,窄眼距,异色瞳,宽鼻根,中直鼻梁,下压鼻头,小嘴,嘴角上扬,唇下小痣,宽心形脸（面中平缓），高眉骨/浅眼窝，冷感眼·眼尾下沉·窄眼距，宽鼻根/中直鼻梁/下压鼻头，小嘴·嘴角上扬，柔和下颌
FD04234,幼态方脸,中庭展宽,平直额,薄眉骨,浅眼窝,低颧骨,饱满面颊,收敛下颌,窄杏眼,眼尾微挑,窄眼距,深色瞳,中鼻根,微弧鼻梁,轻翘鼻头,上厚下薄,嘴角紧收,右眉轻断,幼态方脸（中庭展宽），薄眉骨/浅眼窝，窄杏眼·眼尾微挑·窄眼距，中鼻根/微弧鼻梁/轻翘鼻头，上厚下薄·嘴角紧收，收敛下颌
FD04235,短方脸,颊部略凹,饱满额,外侧突出眉骨,眼下骨感,柔和颧骨,薄面颊,方下颌,鹿系眼,眼尾下沉,标准眼距,淡金瞳,宽鼻根,中直鼻梁,下压鼻头,平直唇,嘴角下垂,额角旧痕,短方脸（颊部略凹），外侧突出眉骨/眼下骨感，鹿系眼·眼尾下沉·标准眼距，宽鼻根/中直鼻梁/下压鼻头，平直唇·嘴角下垂，方下颌
FD04236,正梯形脸,上庭收窄,微凸额,柔和眉骨,窄深眼窝,低颧骨,饱满面颊,圆方下颌,上扬凤眼,眼尾下压,宽眼距,星点虹膜,低鼻根,中直鼻梁,轻翘鼻头,平直唇,嘴角上扬,无标志,正梯形脸（上庭收窄），柔和眉骨/窄深眼窝，上扬凤眼·眼尾下压·宽眼距，低鼻根/中直鼻梁/轻翘鼻头，平直唇·嘴角上扬，圆方下颌
FD04237,宽方脸,颧部微收,微凸额,低眉骨,眼下饱满,宽颧骨,成熟收紧面颊,收敛下颌,鹰隼眼,眼尾下压,标准眼距,琥珀瞳,低鼻根,轻微偏右鼻梁,微钝鼻头,厚唇,单侧上扬,碎裂虹膜,宽方脸（颧部微收），低眉骨/眼下饱满，鹰隼眼·眼尾下压·标准眼距，低鼻根/轻微偏右鼻梁/微钝鼻头，厚唇·单侧上扬，收敛下颌
FD04238,长鹅蛋脸,偏锐收窄,饱满额,内侧突出眉骨,眼下骨感,低颧骨,幼态柔软面颊,宽下颌,成熟长眼,眼尾平直,宽眼距,深色瞳,高鼻根,高直鼻梁,微钝鼻头,薄唇,嘴角上扬,左眼下浅泪痣,长鹅蛋脸（偏锐收窄），内侧突出眉骨/眼下骨感，成熟长眼·眼尾平直·宽眼距，高鼻根/高直鼻梁/微钝鼻头，薄唇·嘴角上扬，宽下颌
FD04239,窄鹅蛋脸,面中平缓,高额,压迫感眉骨,深眼窝,窄颧骨,幼态柔软面颊,圆方下颌,丹凤眼,眼尾下压,窄眼距,深色瞳,中高鼻根,高直鼻梁,骨感鼻头,弓形唇,单侧上扬,唇下小痣,窄鹅蛋脸（面中平缓），压迫感眉骨/深眼窝，丹凤眼·眼尾下压·窄眼距，中高鼻根/高直鼻梁/骨感鼻头，弓形唇·单侧上扬，圆方下颌
FD04240,清瘦圆脸,颌角弱化,平直额,内侧突出眉骨,窄深眼窝,柔和颧骨,轻凹面颊,柔和下颌,瑞凤眼,眼尾延展,窄眼距,深色瞳,高鼻根,轻微偏左鼻梁,轻翘鼻头,小嘴,嘴角上扬,左眼下浅泪痣,清瘦圆脸（颌角弱化），内侧突出眉骨/窄深眼窝，瑞凤眼·眼尾延展·窄眼距，高鼻根/轻微偏左鼻梁/轻翘鼻头，小嘴·嘴角上扬，柔和下颌
FD04241,肉感短脸,上庭收窄,微凸额,外侧突出眉骨,浅眼窝,窄颧骨,轻凹面颊,明显下颌角,半睁懒眼,眼尾明显挑,宽眼距,异色瞳,高鼻根,轻微偏左鼻梁,下压鼻头,宽嘴,嘴角下垂,下颌浅疤,肉感短脸（上庭收窄），外侧突出眉骨/浅眼窝，半睁懒眼·眼尾明显挑·宽眼距，高鼻根/轻微偏左鼻梁/下压鼻头，宽嘴·嘴角下垂，明显下颌角
FD04242,标准菱形,颧部外扩,低额,低眉骨,浅眼窝,低颧骨,薄面颊,骨感下颌,鹤系眼,眼尾下压,标准眼距,灰蓝瞳,宽鼻根,高直鼻梁,方圆鼻头,薄唇,单侧上扬,指节薄茧,标准菱形（颧部外扩），低眉骨/浅眼窝，鹤系眼·眼尾下压·标准眼距，宽鼻根/高直鼻梁/方圆鼻头，薄唇·单侧上扬，骨感下颌
FD04243,方菱过渡脸,中庭拉长,高额,内侧突出眉骨,宽浅眼窝,高颧骨,成熟收紧面颊,柔和下颌,窄杏眼,眼尾明显挑,窄眼距,灰蓝瞳,高鼻根,轻鹰钩鼻梁,窄翼鼻头,宽嘴,嘴角上扬,眉上小疤,方菱过渡脸（中庭拉长），内侧突出眉骨/宽浅眼窝，窄杏眼·眼尾明显挑·窄眼距，高鼻根/轻鹰钩鼻梁/窄翼鼻头，宽嘴·嘴角上扬，柔和下颌
FD04244,标准菱形,中庭展宽,低额,内侧突出眉骨,深眼窝,高颧骨,饱满面颊,方下颌,狭长瑞凤眼,眼尾下沉,宽眼距,环状虹膜,低鼻根,轻微偏右鼻梁,下压鼻头,薄唇,嘴角上扬,左颊浅疤,标准菱形（中庭展宽），内侧突出眉骨/深眼窝，狭长瑞凤眼·眼尾下沉·宽眼距，低鼻根/轻微偏右鼻梁/下压鼻头，薄唇·嘴角上扬，方下颌
FD04245,圆脸,颧部外扩,窄额,压迫感眉骨,眼下饱满,高颧骨,饱满面颊,方下颌,猫系眼,眼尾延展,宽眼距,灰蓝瞳,宽鼻根,轻鹰钩鼻梁,骨感鼻头,弓形唇,嘴角紧收,单侧虎牙,圆脸（颧部外扩），压迫感眉骨/眼下饱满，猫系眼·眼尾延展·宽眼距，宽鼻根/轻鹰钩鼻梁/骨感鼻头，弓形唇·嘴角紧收，方下颌
FD04246,宽鹅蛋脸,偏锐收窄,微凸额,厚眉骨,中度眼窝,高颧骨,薄面颊,收敛下颌,窄杏眼,眼尾平直,标准眼距,浅褐瞳,高鼻根,轻微偏左鼻梁,肉感鼻头,弓形唇,嘴角平直,无标志,宽鹅蛋脸（偏锐收窄），厚眉骨/中度眼窝，窄杏眼·眼尾平直·标准眼距，高鼻根/轻微偏左鼻梁/肉感鼻头，弓形唇·嘴角平直，收敛下颌
FD04247,鹅蛋偏心形,中庭展宽,平直额,高眉骨,窄深眼窝,窄颧骨,轻凹面颊,方下颌,鹤系眼,眼尾下沉,宽眼距,灰蓝瞳,宽鼻根,高直鼻梁,窄翼鼻头,上厚下薄,嘴角平直,异色瞳,鹅蛋偏心形（中庭展宽），高眉骨/窄深眼窝，鹤系眼·眼尾下沉·宽眼距，宽鼻根/高直鼻梁/窄翼鼻头，上厚下薄·嘴角平直，方下颌
FD04248,鹅蛋偏菱,颊部略凹,饱满额,外侧突出眉骨,窄深眼窝,宽颧骨,轻凹面颊,柔和下颌,狼系眼,眼尾明显挑,宽眼距,淡金瞳,低鼻根,宽骨鼻梁,下压鼻头,平直唇,嘴角平直,右眼下浅泪痣,鹅蛋偏菱（颊部略凹），外侧突出眉骨/窄深眼窝，狼系眼·眼尾明显挑·宽眼距，低鼻根/宽骨鼻梁/下压鼻头，平直唇·嘴角平直，柔和下颌
FD04249,窄鹅蛋脸,下颌线柔化,宽额,压迫感眉骨,眼下骨感,高颧骨,饱满面颊,方下颌,蛇系眼,眼尾下沉,宽眼距,琥珀瞳,窄鼻根,宽骨鼻梁,轻翘鼻头,上薄下厚,嘴角下垂,单侧酒窝,窄鹅蛋脸（下颌线柔化），压迫感眉骨/眼下骨感，蛇系眼·眼尾下沉·宽眼距，窄鼻根/宽骨鼻梁/轻翘鼻头，上薄下厚·嘴角下垂，方下颌
FD04250,正梯形脸,颊部略凹,骨感额,厚眉骨,眼下饱满,低颧骨,薄面颊,骨感下颌,圆长眼,眼尾明显挑,标准眼距,碎裂虹膜,中鼻根,柔和鼻梁,方圆鼻头,宽嘴,嘴角平直,瞳孔残缺,正梯形脸（颊部略凹），厚眉骨/眼下饱满，圆长眼·眼尾明显挑·标准眼距，中鼻根/柔和鼻梁/方圆鼻头，宽嘴·嘴角平直，骨感下颌
FD04251,宽心形脸,骨点内敛,饱满额,柔和眉骨,眼下饱满,外扩颧骨,成熟收紧面颊,方下颌,蛇系眼,眼尾微挑,窄眼距,深色瞳,中鼻根,高直鼻梁,方圆鼻头,厚唇,嘴角紧收,鼻梁旧伤,宽心形脸（骨点内敛），柔和眉骨/眼下饱满，蛇系眼·眼尾微挑·窄眼距，中鼻根/高直鼻梁/方圆鼻头，厚唇·嘴角紧收，方下颌
FD04252,宽菱形,颊部略凹,饱满额,高眉骨,深眼窝,窄颧骨,轻凹面颊,骨感下颌,平直杏眼,眼尾明显挑,宽眼距,环状虹膜,宽鼻根,轻微偏右鼻梁,微钝鼻头,薄唇,嘴角紧收,左颊浅疤,宽菱形（颊部略凹），高眉骨/深眼窝，平直杏眼·眼尾明显挑·宽眼距，宽鼻根/轻微偏右鼻梁/微钝鼻头，薄唇·嘴角紧收，骨感下颌
FD04253,方菱过渡脸,偏锐收窄,窄额,压迫感眉骨,浅眼窝,高颧骨,幼态柔软面颊,宽下颌,瑞凤眼,眼尾延展,宽眼距,墨玉瞳,高鼻根,微弧鼻梁,微钝鼻头,薄唇,单侧上扬,眉心竖纹浅痕,方菱过渡脸（偏锐收窄），压迫感眉骨/浅眼窝，瑞凤眼·眼尾延展·宽眼距，高鼻根/微弧鼻梁/微钝鼻头，薄唇·单侧上扬，宽下颌
FD04254,梨形脸,中庭拉长,窄额,低眉骨,宽浅眼窝,柔和颧骨,轻凹面颊,收敛下颌,短圆杏眼,眼尾延展,宽眼距,深色瞳,低鼻根,微弧鼻梁,骨感鼻头,宽嘴,单侧上扬,单侧虎牙,梨形脸（中庭拉长），低眉骨/宽浅眼窝，短圆杏眼·眼尾延展·宽眼距，低鼻根/微弧鼻梁/骨感鼻头，宽嘴·单侧上扬，收敛下颌
FD04255,骨感窄脸,中轴微长,平直额,低眉骨,浅眼窝,高颧骨,幼态柔软面颊,圆方下颌,窄杏眼,眼尾延展,标准眼距,星点虹膜,中鼻根,轻鹰钩鼻梁,方圆鼻头,薄唇,单侧上扬,单侧酒窝,骨感窄脸（中轴微长），低眉骨/浅眼窝，窄杏眼·眼尾延展·标准眼距，中鼻根/轻鹰钩鼻梁/方圆鼻头，薄唇·单侧上扬，圆方下颌
FD04256,长圆脸,颊部略凹,宽额,外侧突出眉骨,眼下饱满,宽颧骨,幼态柔软面颊,窄下颌,半睁懒眼,眼尾明显挑,窄眼距,灰蓝瞳,中高鼻根,轻微偏左鼻梁,轻翘鼻头,平直唇,单侧上扬,双侧酒窝,长圆脸（颊部略凹），外侧突出眉骨/眼下饱满，半睁懒眼·眼尾明显挑·窄眼距，中高鼻根/轻微偏左鼻梁/轻翘鼻头，平直唇·单侧上扬，窄下颌
FD04257,标准菱形,下颌线柔化,低额,压迫感眉骨,深眼窝,窄颧骨,薄面颊,柔和下颌,上扬凤眼,眼尾明显挑,标准眼距,深色瞳,低鼻根,轻微偏右鼻梁,肉感鼻头,上厚下薄,单侧上扬,无标志,标准菱形（下颌线柔化），压迫感眉骨/深眼窝，上扬凤眼·眼尾明显挑·标准眼距，低鼻根/轻微偏右鼻梁/肉感鼻头，上厚下薄·单侧上扬，柔和下颌
FD04258,标准菱形,偏锐收窄,平直额,高眉骨,宽浅眼窝,外扩颧骨,轻凹面颊,宽下颌,柳叶眼,眼尾平直,宽眼距,星点虹膜,窄鼻根,轻微偏右鼻梁,方圆鼻头,平直唇,嘴角上扬,指节薄茧,标准菱形（偏锐收窄），高眉骨/宽浅眼窝，柳叶眼·眼尾平直·宽眼距，窄鼻根/轻微偏右鼻梁/方圆鼻头，平直唇·嘴角上扬，宽下颌
FD04259,成熟方脸,面中立体化,平直额,柔和眉骨,宽浅眼窝,柔和颧骨,薄面颊,圆方下颌,少年圆眼,眼尾明显挑,窄眼距,淡金瞳,窄鼻根,轻微偏右鼻梁,小圆鼻头,宽嘴,嘴角上扬,眉尾旧疤,成熟方脸（面中立体化），柔和眉骨/宽浅眼窝，少年圆眼·眼尾明显挑·窄眼距，窄鼻根/轻微偏右鼻梁/小圆鼻头，宽嘴·嘴角上扬，圆方下颌
FD04260,长圆脸,颈部线条收短,窄额,柔和眉骨,中度眼窝,低颧骨,幼态柔软面颊,窄下颌,狼系眼,眼尾平直,宽眼距,琥珀瞳,宽鼻根,柔和鼻梁,微钝鼻头,宽嘴,嘴角平直,无标志,长圆脸（颈部线条收短），柔和眉骨/中度眼窝，狼系眼·眼尾平直·宽眼距，宽鼻根/柔和鼻梁/微钝鼻头，宽嘴·嘴角平直，窄下颌
FD04261,长圆脸,中庭拉长,高额,薄眉骨,窄深眼窝,外扩颧骨,成熟收紧面颊,窄下颌,长杏眼,眼尾延展,宽眼距,浅褐瞳,中高鼻根,中直鼻梁,下压鼻头,小嘴,嘴角紧收,眉上小疤,长圆脸（中庭拉长），薄眉骨/窄深眼窝，长杏眼·眼尾延展·宽眼距，中高鼻根/中直鼻梁/下压鼻头，小嘴·嘴角紧收，窄下颌
FD04262,双颌匀称脸,面中立体化,高额,外侧突出眉骨,浅眼窝,高颧骨,成熟收紧面颊,柔和下颌,狼系眼,眼尾下沉,宽眼距,环状虹膜,中鼻根,微弧鼻梁,方圆鼻头,小嘴,嘴角紧收,眉心竖纹浅痕,双颌匀称脸（面中立体化），外侧突出眉骨/浅眼窝，狼系眼·眼尾下沉·宽眼距，中鼻根/微弧鼻梁/方圆鼻头，小嘴·嘴角紧收，柔和下颌
FD04263,圆方脸,上庭收窄,宽额,柔和眉骨,中度眼窝,外扩颧骨,成熟收紧面颊,明显下颌角,蛇系眼,眼尾明显挑,标准眼距,墨玉瞳,低鼻根,微弧鼻梁,下压鼻头,小嘴,单侧上扬,环状虹膜,圆方脸（上庭收窄），柔和眉骨/中度眼窝，蛇系眼·眼尾明显挑·标准眼距，低鼻根/微弧鼻梁/下压鼻头，小嘴·单侧上扬，明显下颌角
FD04264,成熟方脸,颊部略凹,平直额,外侧突出眉骨,眼下骨感,高颧骨,薄面颊,圆方下颌,狭长眼,眼尾微挑,标准眼距,灰蓝瞳,中鼻根,微弧鼻梁,轻翘鼻头,宽嘴,嘴角平直,环状虹膜,成熟方脸（颊部略凹），外侧突出眉骨/眼下骨感，狭长眼·眼尾微挑·标准眼距，中鼻根/微弧鼻梁/轻翘鼻头，宽嘴·嘴角平直，圆方下颌
FD04265,鹅蛋偏心形,颌角弱化,饱满额,低眉骨,窄深眼窝,外扩颧骨,饱满面颊,柔和下颌,少年圆眼,眼尾延展,标准眼距,浅褐瞳,宽鼻根,轻微偏左鼻梁,骨感鼻头,薄唇,嘴角紧收,唇下小痣,鹅蛋偏心形（颌角弱化），低眉骨/窄深眼窝，少年圆眼·眼尾延展·标准眼距，宽鼻根/轻微偏左鼻梁/骨感鼻头，薄唇·嘴角紧收，柔和下颌
FD04266,成熟方脸,颊部饱满,骨感额,压迫感眉骨,中度眼窝,宽颧骨,薄面颊,骨感下颌,圆长眼,眼尾下压,标准眼距,异色瞳,窄鼻根,宽骨鼻梁,下压鼻头,小嘴,嘴角上扬,眼睑褶皱不对称,成熟方脸（颊部饱满），压迫感眉骨/中度眼窝，圆长眼·眼尾下压·标准眼距，窄鼻根/宽骨鼻梁/下压鼻头，小嘴·嘴角上扬，骨感下颌
FD04267,上窄下宽脸,颈部线条延长,宽额,内侧突出眉骨,眼下饱满,窄颧骨,幼态柔软面颊,骨感下颌,桃花眼,眼尾平直,宽眼距,异色瞳,窄鼻根,轻微偏左鼻梁,小圆鼻头,薄唇,嘴角下垂,颈侧细疤,上窄下宽脸（颈部线条延长），内侧突出眉骨/眼下饱满，桃花眼·眼尾平直·宽眼距，窄鼻根/轻微偏左鼻梁/小圆鼻头，薄唇·嘴角下垂，骨感下颌
FD04268,宽鹅蛋脸,偏锐收窄,高额,压迫感眉骨,中度眼窝,柔和颧骨,幼态柔软面颊,宽下颌,狭长瑞凤眼,眼尾明显挑,窄眼距,灰蓝瞳,宽鼻根,宽骨鼻梁,下压鼻头,平直唇,嘴角上扬,单侧虎牙,宽鹅蛋脸（偏锐收窄），压迫感眉骨/中度眼窝，狭长瑞凤眼·眼尾明显挑·窄眼距，宽鼻根/宽骨鼻梁/下压鼻头，平直唇·嘴角上扬，宽下颌
FD04269,标准菱形,颧部微收,微凸额,压迫感眉骨,眼下骨感,窄颧骨,成熟收紧面颊,圆方下颌,狐狸系眼,眼尾延展,标准眼距,异色瞳,中鼻根,微弧鼻梁,窄翼鼻头,薄唇,单侧上扬,环状虹膜,标准菱形（颧部微收），压迫感眉骨/眼下骨感，狐狸系眼·眼尾延展·标准眼距，中鼻根/微弧鼻梁/窄翼鼻头，薄唇·单侧上扬，圆方下颌
FD04270,鹅蛋偏方,颌角弱化,平直额,低眉骨,眼下饱满,高颧骨,轻凹面颊,窄下颌,鹿系眼,眼尾平直,窄眼距,深色瞳,宽鼻根,中直鼻梁,小圆鼻头,平直唇,嘴角紧收,环状虹膜,鹅蛋偏方（颌角弱化），低眉骨/眼下饱满，鹿系眼·眼尾平直·窄眼距，宽鼻根/中直鼻梁/小圆鼻头，平直唇·嘴角紧收，窄下颌
FD04271,圆方脸,颊部饱满,平直额,外侧突出眉骨,眼下饱满,高颧骨,幼态柔软面颊,明显下颌角,平直杏眼,眼尾延展,标准眼距,灰蓝瞳,宽鼻根,柔和鼻梁,方圆鼻头,上薄下厚,嘴角紧收,无标志,圆方脸（颊部饱满），外侧突出眉骨/眼下饱满，平直杏眼·眼尾延展·标准眼距，宽鼻根/柔和鼻梁/方圆鼻头，上薄下厚·嘴角紧收，明显下颌角
FD04272,骨感方脸,颊部饱满,微凸额,薄眉骨,宽浅眼窝,低颧骨,成熟收紧面颊,明显下颌角,窄杏眼,眼尾平直,窄眼距,星点虹膜,中鼻根,轻微偏左鼻梁,轻翘鼻头,小嘴,嘴角上扬,右眼下浅泪痣,骨感方脸（颊部饱满），薄眉骨/宽浅眼窝，窄杏眼·眼尾平直·窄眼距，中鼻根/轻微偏左鼻梁/轻翘鼻头，小嘴·嘴角上扬，明显下颌角
FD04273,鹅蛋偏心形,颌角弱化,骨感额,外侧突出眉骨,浅眼窝,柔和颧骨,轻凹面颊,方下颌,少年圆眼,眼尾下沉,标准眼距,环状虹膜,低鼻根,轻鹰钩鼻梁,窄翼鼻头,上薄下厚,单侧上扬,左颊浅疤,鹅蛋偏心形（颌角弱化），外侧突出眉骨/浅眼窝，少年圆眼·眼尾下沉·标准眼距，低鼻根/轻鹰钩鼻梁/窄翼鼻头，上薄下厚·单侧上扬，方下颌
FD04274,上窄下宽脸,面中立体化,平直额,高眉骨,中度眼窝,高颧骨,成熟收紧面颊,宽下颌,鹤系眼,眼尾下沉,窄眼距,星点虹膜,高鼻根,微弧鼻梁,下压鼻头,成熟长唇,单侧上扬,眼睑褶皱不对称,上窄下宽脸（面中立体化），高眉骨/中度眼窝，鹤系眼·眼尾下沉·窄眼距，高鼻根/微弧鼻梁/下压鼻头，成熟长唇·单侧上扬，宽下颌
FD04275,骨感菱形,颌角强调,微凸额,薄眉骨,宽浅眼窝,宽颧骨,成熟收紧面颊,收敛下颌,鹰隼眼,眼尾下压,标准眼距,琥珀瞳,窄鼻根,中直鼻梁,微钝鼻头,厚唇,嘴角上扬,眉心竖纹浅痕,骨感菱形（颌角强调），薄眉骨/宽浅眼窝，鹰隼眼·眼尾下压·标准眼距，窄鼻根/中直鼻梁/微钝鼻头，厚唇·嘴角上扬，收敛下颌
FD04276,正梯形脸,下庭收窄,低额,柔和眉骨,浅眼窝,柔和颧骨,轻凹面颊,收敛下颌,蛇系眼,眼尾延展,标准眼距,墨玉瞳,中鼻根,高直鼻梁,窄翼鼻头,弓形唇,嘴角平直,唇下小痣,正梯形脸（下庭收窄），柔和眉骨/浅眼窝，蛇系眼·眼尾延展·标准眼距，中鼻根/高直鼻梁/窄翼鼻头，弓形唇·嘴角平直，收敛下颌
FD04277,清瘦圆脸,下颌线柔化,微凸额,低眉骨,眼下饱满,柔和颧骨,薄面颊,骨感下颌,丹凤眼,眼尾明显挑,宽眼距,浅褐瞳,中高鼻根,微弧鼻梁,方圆鼻头,上厚下薄,嘴角平直,无标志,清瘦圆脸（下颌线柔化），低眉骨/眼下饱满，丹凤眼·眼尾明显挑·宽眼距，中高鼻根/微弧鼻梁/方圆鼻头，上厚下薄·嘴角平直，骨感下颌
FD04278,上宽下窄脸,上庭展开,微凸额,厚眉骨,眼下饱满,高颧骨,幼态柔软面颊,方下颌,少年圆眼,眼尾明显挑,标准眼距,淡金瞳,中高鼻根,轻微偏右鼻梁,骨感鼻头,上薄下厚,嘴角平直,单侧虎牙,上宽下窄脸（上庭展开），厚眉骨/眼下饱满，少年圆眼·眼尾明显挑·标准眼距，中高鼻根/轻微偏右鼻梁/骨感鼻头，上薄下厚·嘴角平直，方下颌
FD04279,正梯形脸,颈部线条收短,低额,柔和眉骨,中度眼窝,外扩颧骨,幼态柔软面颊,骨感下颌,上扬凤眼,眼尾下沉,窄眼距,淡金瞳,高鼻根,轻鹰钩鼻梁,方圆鼻头,上厚下薄,嘴角上扬,眉尾旧疤,正梯形脸（颈部线条收短），柔和眉骨/中度眼窝，上扬凤眼·眼尾下沉·窄眼距，高鼻根/轻鹰钩鼻梁/方圆鼻头，上厚下薄·嘴角上扬，骨感下颌
FD04280,宽鹅蛋脸,中庭展宽,窄额,内侧突出眉骨,窄深眼窝,宽颧骨,轻凹面颊,骨感下颌,柳叶眼,眼尾下沉,窄眼距,异色瞳,宽鼻根,宽骨鼻梁,窄翼鼻头,薄唇,嘴角平直,无标志,宽鹅蛋脸（中庭展宽），内侧突出眉骨/窄深眼窝，柳叶眼·眼尾下沉·窄眼距，宽鼻根/宽骨鼻梁/窄翼鼻头，薄唇·嘴角平直，骨感下颌
FD04281,上宽下窄脸,下庭收窄,平直额,外侧突出眉骨,中度眼窝,宽颧骨,幼态柔软面颊,明显下颌角,瑞凤眼,眼尾下沉,窄眼距,深色瞳,低鼻根,宽骨鼻梁,骨感鼻头,小嘴,单侧上扬,瞳孔残缺,上宽下窄脸（下庭收窄），外侧突出眉骨/中度眼窝，瑞凤眼·眼尾下沉·窄眼距，低鼻根/宽骨鼻梁/骨感鼻头，小嘴·单侧上扬，明显下颌角
FD04282,鹅蛋偏方,偏柔圆润,骨感额,薄眉骨,深眼窝,窄颧骨,薄面颊,明显下颌角,狭长瑞凤眼,眼尾明显挑,窄眼距,深色瞳,窄鼻根,轻微偏右鼻梁,方圆鼻头,厚唇,单侧上扬,单侧虎牙,鹅蛋偏方（偏柔圆润），薄眉骨/深眼窝，狭长瑞凤眼·眼尾明显挑·窄眼距，窄鼻根/轻微偏右鼻梁/方圆鼻头，厚唇·单侧上扬，明显下颌角
FD04283,短圆脸,下颌线柔化,平直额,压迫感眉骨,中度眼窝,低颧骨,成熟收紧面颊,骨感下颌,长杏眼,眼尾下压,宽眼距,浅褐瞳,低鼻根,宽骨鼻梁,窄翼鼻头,上薄下厚,嘴角紧收,异色瞳,短圆脸（下颌线柔化），压迫感眉骨/中度眼窝，长杏眼·眼尾下压·宽眼距，低鼻根/宽骨鼻梁/窄翼鼻头，上薄下厚·嘴角紧收，骨感下颌
FD04284,短鹅蛋脸,面中平缓,高额,压迫感眉骨,眼下骨感,外扩颧骨,轻凹面颊,圆方下颌,狐狸系眼,眼尾下压,宽眼距,灰蓝瞳,低鼻根,柔和鼻梁,骨感鼻头,薄唇,嘴角平直,右眼下浅泪痣,短鹅蛋脸（面中平缓），压迫感眉骨/眼下骨感，狐狸系眼·眼尾下压·宽眼距，低鼻根/柔和鼻梁/骨感鼻头，薄唇·嘴角平直，圆方下颌
FD04285,骨感窄脸,颊部略凹,低额,压迫感眉骨,宽浅眼窝,柔和颧骨,饱满面颊,圆方下颌,鹿系眼,眼尾明显挑,宽眼距,深色瞳,高鼻根,微弧鼻梁,轻翘鼻头,宽嘴,嘴角下垂,瞳孔残缺,骨感窄脸（颊部略凹），压迫感眉骨/宽浅眼窝，鹿系眼·眼尾明显挑·宽眼距，高鼻根/微弧鼻梁/轻翘鼻头，宽嘴·嘴角下垂，圆方下颌
FD04286,宽菱形,中轴收紧,饱满额,压迫感眉骨,宽浅眼窝,高颧骨,幼态柔软面颊,柔和下颌,狭长瑞凤眼,眼尾下压,宽眼距,碎裂虹膜,宽鼻根,柔和鼻梁,微钝鼻头,弓形唇,单侧上扬,双侧酒窝,宽菱形（中轴收紧），压迫感眉骨/宽浅眼窝，狭长瑞凤眼·眼尾下压·宽眼距，宽鼻根/柔和鼻梁/微钝鼻头，弓形唇·单侧上扬，柔和下颌
FD04287,正梯形脸,偏柔圆润,平直额,内侧突出眉骨,宽浅眼窝,窄颧骨,薄面颊,宽下颌,成熟长眼,眼尾下压,宽眼距,墨玉瞳,高鼻根,高直鼻梁,微钝鼻头,成熟长唇,嘴角上扬,右眼下浅泪痣,正梯形脸（偏柔圆润），内侧突出眉骨/宽浅眼窝，成熟长眼·眼尾下压·宽眼距，高鼻根/高直鼻梁/微钝鼻头，成熟长唇·嘴角上扬，宽下颌
FD04288,上窄下宽脸,骨点外显,饱满额,厚眉骨,窄深眼窝,柔和颧骨,薄面颊,明显下颌角,冷感眼,眼尾下沉,窄眼距,深色瞳,中鼻根,微弧鼻梁,轻翘鼻头,厚唇,嘴角平直,单侧酒窝,上窄下宽脸（骨点外显），厚眉骨/窄深眼窝，冷感眼·眼尾下沉·窄眼距，中鼻根/微弧鼻梁/轻翘鼻头，厚唇·嘴角平直，明显下颌角
FD04289,骨感窄脸,中庭拉长,窄额,柔和眉骨,浅眼窝,外扩颧骨,薄面颊,明显下颌角,狐狸系眼,眼尾明显挑,宽眼距,灰蓝瞳,低鼻根,轻鹰钩鼻梁,小圆鼻头,上薄下厚,嘴角紧收,异色瞳,骨感窄脸（中庭拉长），柔和眉骨/浅眼窝，狐狸系眼·眼尾明显挑·宽眼距，低鼻根/轻鹰钩鼻梁/小圆鼻头，上薄下厚·嘴角紧收，明显下颌角
FD04290,正梯形脸,面中平缓,微凸额,厚眉骨,眼下饱满,柔和颧骨,饱满面颊,圆方下颌,蛇系眼,眼尾明显挑,窄眼距,星点虹膜,低鼻根,柔和鼻梁,下压鼻头,上厚下薄,嘴角平直,左眼下浅泪痣,正梯形脸（面中平缓），厚眉骨/眼下饱满，蛇系眼·眼尾明显挑·窄眼距，低鼻根/柔和鼻梁/下压鼻头，上厚下薄·嘴角平直，圆方下颌
FD04291,长鹅蛋脸,偏锐收窄,微凸额,柔和眉骨,眼下饱满,柔和颧骨,饱满面颊,骨感下颌,鹰隼眼,眼尾平直,窄眼距,墨玉瞳,宽鼻根,轻鹰钩鼻梁,微钝鼻头,上厚下薄,嘴角紧收,单侧虎牙,长鹅蛋脸（偏锐收窄），柔和眉骨/眼下饱满，鹰隼眼·眼尾平直·窄眼距，宽鼻根/轻鹰钩鼻梁/微钝鼻头，上厚下薄·嘴角紧收，骨感下颌
FD04292,鹅蛋偏菱,中轴微长,骨感额,压迫感眉骨,眼下骨感,外扩颧骨,成熟收紧面颊,圆方下颌,鹰隼眼,眼尾延展,标准眼距,环状虹膜,窄鼻根,中直鼻梁,微钝鼻头,厚唇,嘴角平直,眼睑褶皱不对称,鹅蛋偏菱（中轴微长），压迫感眉骨/眼下骨感，鹰隼眼·眼尾延展·标准眼距，窄鼻根/中直鼻梁/微钝鼻头，厚唇·嘴角平直，圆方下颌
FD04293,方鹅蛋脸,偏锐收窄,微凸额,柔和眉骨,窄深眼窝,低颧骨,幼态柔软面颊,方下颌,冷感眼,眼尾下压,宽眼距,深色瞳,低鼻根,高直鼻梁,肉感鼻头,厚唇,嘴角紧收,右眉轻断,方鹅蛋脸（偏锐收窄），柔和眉骨/窄深眼窝，冷感眼·眼尾下压·宽眼距，低鼻根/高直鼻梁/肉感鼻头，厚唇·嘴角紧收，方下颌
FD04294,骨感菱形,中庭展宽,窄额,厚眉骨,眼下骨感,高颧骨,幼态柔软面颊,窄下颌,长杏眼,眼尾微挑,宽眼距,琥珀瞳,高鼻根,轻微偏左鼻梁,小圆鼻头,宽嘴,单侧上扬,颈侧细疤,骨感菱形（中庭展宽），厚眉骨/眼下骨感，长杏眼·眼尾微挑·宽眼距，高鼻根/轻微偏左鼻梁/小圆鼻头，宽嘴·单侧上扬，窄下颌
FD04295,长方脸,上庭展开,微凸额,内侧突出眉骨,浅眼窝,柔和颧骨,薄面颊,柔和下颌,猫系眼,眼尾延展,窄眼距,淡金瞳,低鼻根,高直鼻梁,下压鼻头,宽嘴,嘴角下垂,异色瞳,长方脸（上庭展开），内侧突出眉骨/浅眼窝，猫系眼·眼尾延展·窄眼距，低鼻根/高直鼻梁/下压鼻头，宽嘴·嘴角下垂，柔和下颌
FD04296,宽菱形,骨点内敛,饱满额,低眉骨,深眼窝,柔和颧骨,幼态柔软面颊,窄下颌,成熟长眼,眼尾延展,标准眼距,灰蓝瞳,低鼻根,高直鼻梁,小圆鼻头,成熟长唇,嘴角下垂,颈侧细疤,宽菱形（骨点内敛），低眉骨/深眼窝，成熟长眼·眼尾延展·标准眼距，低鼻根/高直鼻梁/小圆鼻头，成熟长唇·嘴角下垂，窄下颌
FD04297,短方脸,面中平缓,平直额,薄眉骨,宽浅眼窝,窄颧骨,幼态柔软面颊,圆方下颌,长杏眼,眼尾下压,窄眼距,墨玉瞳,高鼻根,宽骨鼻梁,微钝鼻头,薄唇,嘴角平直,眉尾旧疤,短方脸（面中平缓），薄眉骨/宽浅眼窝，长杏眼·眼尾下压·窄眼距，高鼻根/宽骨鼻梁/微钝鼻头，薄唇·嘴角平直，圆方下颌
FD04298,梨形脸,颈部线条收短,宽额,高眉骨,深眼窝,高颧骨,幼态柔软面颊,明显下颌角,疲惫眼,眼尾下沉,宽眼距,琥珀瞳,窄鼻根,轻鹰钩鼻梁,窄翼鼻头,成熟长唇,嘴角平直,无标志,梨形脸（颈部线条收短），高眉骨/深眼窝，疲惫眼·眼尾下沉·宽眼距，窄鼻根/轻鹰钩鼻梁/窄翼鼻头，成熟长唇·嘴角平直，明显下颌角
FD04299,宽鹅蛋脸,颈部线条收短,高额,压迫感眉骨,窄深眼窝,外扩颧骨,薄面颊,圆方下颌,宽杏眼,眼尾微挑,宽眼距,星点虹膜,中高鼻根,轻微偏右鼻梁,轻翘鼻头,宽嘴,嘴角下垂,瞳孔残缺,宽鹅蛋脸（颈部线条收短），压迫感眉骨/窄深眼窝，宽杏眼·眼尾微挑·宽眼距，中高鼻根/轻微偏右鼻梁/轻翘鼻头，宽嘴·嘴角下垂，圆方下颌
FD04300,幼态方脸,颌角强调,骨感额,薄眉骨,眼下骨感,低颧骨,薄面颊,宽下颌,平凤眼,眼尾明显挑,宽眼距,星点虹膜,宽鼻根,微弧鼻梁,骨感鼻头,弓形唇,嘴角紧收,眼睑褶皱不对称,幼态方脸（颌角强调），薄眉骨/眼下骨感，平凤眼·眼尾明显挑·宽眼距，宽鼻根/微弧鼻梁/骨感鼻头，弓形唇·嘴角紧收，宽下颌
FD04301,窄方脸,下庭加重,微凸额,压迫感眉骨,深眼窝,低颧骨,幼态柔软面颊,宽下颌,蛇系眼,眼尾下压,宽眼距,碎裂虹膜,中高鼻根,轻鹰钩鼻梁,方圆鼻头,宽嘴,单侧上扬,眼角小痣,窄方脸（下庭加重），压迫感眉骨/深眼窝，蛇系眼·眼尾下压·宽眼距，中高鼻根/轻鹰钩鼻梁/方圆鼻头，宽嘴·单侧上扬，宽下颌
FD04302,长圆脸,颌角强调,饱满额,厚眉骨,浅眼窝,低颧骨,饱满面颊,骨感下颌,平直杏眼,眼尾明显挑,窄眼距,琥珀瞳,高鼻根,宽骨鼻梁,方圆鼻头,小嘴,嘴角下垂,颈侧细疤,长圆脸（颌角强调），厚眉骨/浅眼窝，平直杏眼·眼尾明显挑·窄眼距，高鼻根/宽骨鼻梁/方圆鼻头，小嘴·嘴角下垂，骨感下颌
FD04303,圆脸,颧部外扩,宽额,内侧突出眉骨,深眼窝,窄颧骨,薄面颊,宽下颌,蛇系眼,眼尾下压,宽眼距,星点虹膜,宽鼻根,微弧鼻梁,方圆鼻头,上薄下厚,嘴角上扬,鼻梁旧伤,圆脸（颧部外扩），内侧突出眉骨/深眼窝，蛇系眼·眼尾下压·宽眼距，宽鼻根/微弧鼻梁/方圆鼻头，上薄下厚·嘴角上扬，宽下颌
FD04304,心形脸,下颌线清晰化,微凸额,柔和眉骨,眼下饱满,外扩颧骨,饱满面颊,宽下颌,窄杏眼,眼尾平直,窄眼距,琥珀瞳,中鼻根,高直鼻梁,窄翼鼻头,上薄下厚,嘴角平直,环状虹膜,心形脸（下颌线清晰化），柔和眉骨/眼下饱满，窄杏眼·眼尾平直·窄眼距，中鼻根/高直鼻梁/窄翼鼻头，上薄下厚·嘴角平直，宽下颌
FD04305,宽鹅蛋脸,中庭展宽,微凸额,压迫感眉骨,眼下饱满,高颧骨,成熟收紧面颊,窄下颌,下垂眼,眼尾平直,宽眼距,深色瞳,中鼻根,轻鹰钩鼻梁,下压鼻头,小嘴,嘴角上扬,左眼下浅泪痣,宽鹅蛋脸（中庭展宽），压迫感眉骨/眼下饱满，下垂眼·眼尾平直·宽眼距，中鼻根/轻鹰钩鼻梁/下压鼻头，小嘴·嘴角上扬，窄下颌
FD04306,长菱形,颌角强调,低额,高眉骨,窄深眼窝,窄颧骨,轻凹面颊,宽下颌,窄杏眼,眼尾下压,窄眼距,淡金瞳,中高鼻根,柔和鼻梁,骨感鼻头,小嘴,嘴角下垂,无标志,长菱形（颌角强调），高眉骨/窄深眼窝，窄杏眼·眼尾下压·窄眼距，中高鼻根/柔和鼻梁/骨感鼻头，小嘴·嘴角下垂，宽下颌
FD04307,宽心形脸,上庭收窄,窄额,厚眉骨,眼下骨感,柔和颧骨,幼态柔软面颊,窄下颌,鹰隼眼,眼尾下压,窄眼距,星点虹膜,高鼻根,宽骨鼻梁,微钝鼻头,成熟长唇,嘴角平直,无标志,宽心形脸（上庭收窄），厚眉骨/眼下骨感，鹰隼眼·眼尾下压·窄眼距，高鼻根/宽骨鼻梁/微钝鼻头，成熟长唇·嘴角平直，窄下颌
FD04308,上宽下窄脸,颧部外扩,平直额,柔和眉骨,眼下骨感,窄颧骨,幼态柔软面颊,收敛下颌,下垂眼,眼尾平直,窄眼距,灰蓝瞳,宽鼻根,微弧鼻梁,骨感鼻头,成熟长唇,嘴角上扬,眼角小痣,上宽下窄脸（颧部外扩），柔和眉骨/眼下骨感，下垂眼·眼尾平直·窄眼距，宽鼻根/微弧鼻梁/骨感鼻头，成熟长唇·嘴角上扬，收敛下颌
FD04309,圆方脸,面中立体化,宽额,外侧突出眉骨,中度眼窝,外扩颧骨,成熟收紧面颊,柔和下颌,长杏眼,眼尾延展,标准眼距,浅褐瞳,宽鼻根,轻微偏右鼻梁,方圆鼻头,弓形唇,嘴角平直,眼角小痣,圆方脸（面中立体化），外侧突出眉骨/中度眼窝，长杏眼·眼尾延展·标准眼距，宽鼻根/轻微偏右鼻梁/方圆鼻头，弓形唇·嘴角平直，柔和下颌
FD04310,宽菱形,上庭展开,平直额,薄眉骨,深眼窝,低颧骨,幼态柔软面颊,明显下颌角,鹰隼眼,眼尾明显挑,窄眼距,碎裂虹膜,宽鼻根,高直鼻梁,窄翼鼻头,宽嘴,嘴角平直,下颌浅疤,宽菱形（上庭展开），薄眉骨/深眼窝，鹰隼眼·眼尾明显挑·窄眼距，宽鼻根/高直鼻梁/窄翼鼻头，宽嘴·嘴角平直，明显下颌角
FD04311,柔和菱形,上庭展开,骨感额,压迫感眉骨,眼下饱满,宽颧骨,饱满面颊,柔和下颌,狭长眼,眼尾明显挑,窄眼距,灰蓝瞳,中鼻根,中直鼻梁,方圆鼻头,上厚下薄,嘴角紧收,左颊浅疤,柔和菱形（上庭展开），压迫感眉骨/眼下饱满，狭长眼·眼尾明显挑·窄眼距，中鼻根/中直鼻梁/方圆鼻头，上厚下薄·嘴角紧收，柔和下颌
FD04312,正梯形脸,下庭收窄,微凸额,厚眉骨,浅眼窝,柔和颧骨,薄面颊,方下颌,平凤眼,眼尾明显挑,标准眼距,星点虹膜,宽鼻根,微弧鼻梁,下压鼻头,宽嘴,嘴角下垂,眼睑褶皱不对称,正梯形脸（下庭收窄），厚眉骨/浅眼窝，平凤眼·眼尾明显挑·标准眼距，宽鼻根/微弧鼻梁/下压鼻头，宽嘴·嘴角下垂，方下颌
FD04313,倒梯形脸,上庭展开,平直额,外侧突出眉骨,中度眼窝,外扩颧骨,轻凹面颊,窄下颌,丹凤眼,眼尾延展,宽眼距,灰蓝瞳,高鼻根,柔和鼻梁,微钝鼻头,上厚下薄,嘴角平直,眼角小痣,倒梯形脸（上庭展开），外侧突出眉骨/中度眼窝，丹凤眼·眼尾延展·宽眼距，高鼻根/柔和鼻梁/微钝鼻头，上厚下薄·嘴角平直，窄下颌
FD04314,长菱形,下颌线柔化,宽额,高眉骨,中度眼窝,宽颧骨,幼态柔软面颊,骨感下颌,桃花眼,眼尾下压,宽眼距,碎裂虹膜,高鼻根,微弧鼻梁,方圆鼻头,宽嘴,嘴角上扬,颈侧细疤,长菱形（下颌线柔化），高眉骨/中度眼窝，桃花眼·眼尾下压·宽眼距，高鼻根/微弧鼻梁/方圆鼻头，宽嘴·嘴角上扬，骨感下颌
FD04315,短鹅蛋脸,下颌线清晰化,平直额,柔和眉骨,深眼窝,外扩颧骨,幼态柔软面颊,明显下颌角,短圆杏眼,眼尾下沉,窄眼距,淡金瞳,高鼻根,柔和鼻梁,微钝鼻头,宽嘴,嘴角平直,眼角小痣,短鹅蛋脸（下颌线清晰化），柔和眉骨/深眼窝，短圆杏眼·眼尾下沉·窄眼距，高鼻根/柔和鼻梁/微钝鼻头，宽嘴·嘴角平直，明显下颌角
FD04316,上宽下窄脸,下庭收窄,窄额,厚眉骨,宽浅眼窝,宽颧骨,幼态柔软面颊,窄下颌,鹰隼眼,眼尾下沉,窄眼距,浅褐瞳,中鼻根,宽骨鼻梁,下压鼻头,上薄下厚,嘴角紧收,右眉轻断,上宽下窄脸（下庭收窄），厚眉骨/宽浅眼窝，鹰隼眼·眼尾下沉·窄眼距，中鼻根/宽骨鼻梁/下压鼻头，上薄下厚·嘴角紧收，窄下颌
FD04317,标准菱形,面中立体化,宽额,厚眉骨,眼下饱满,宽颧骨,薄面颊,圆方下颌,狭长眼,眼尾下沉,标准眼距,环状虹膜,中高鼻根,中直鼻梁,小圆鼻头,宽嘴,嘴角紧收,无标志,标准菱形（面中立体化），厚眉骨/眼下饱满，狭长眼·眼尾下沉·标准眼距，中高鼻根/中直鼻梁/小圆鼻头，宽嘴·嘴角紧收，圆方下颌
FD04318,清瘦圆脸,颊部略凹,微凸额,薄眉骨,宽浅眼窝,高颧骨,成熟收紧面颊,圆方下颌,蛇系眼,眼尾平直,宽眼距,灰蓝瞳,窄鼻根,高直鼻梁,窄翼鼻头,小嘴,嘴角上扬,额角旧痕,清瘦圆脸（颊部略凹），薄眉骨/宽浅眼窝，蛇系眼·眼尾平直·宽眼距，窄鼻根/高直鼻梁/窄翼鼻头，小嘴·嘴角上扬，圆方下颌
FD04319,成熟方脸,颈部线条收短,宽额,外侧突出眉骨,眼下骨感,外扩颧骨,轻凹面颊,方下颌,宽杏眼,眼尾下压,宽眼距,星点虹膜,宽鼻根,柔和鼻梁,窄翼鼻头,弓形唇,嘴角上扬,碎裂虹膜,成熟方脸（颈部线条收短），外侧突出眉骨/眼下骨感，宽杏眼·眼尾下压·宽眼距，宽鼻根/柔和鼻梁/窄翼鼻头，弓形唇·嘴角上扬，方下颌
FD04320,窄鹅蛋脸,下颌线清晰化,平直额,柔和眉骨,宽浅眼窝,低颧骨,轻凹面颊,圆方下颌,下垂眼,眼尾微挑,宽眼距,碎裂虹膜,中高鼻根,中直鼻梁,微钝鼻头,厚唇,嘴角下垂,无标志,窄鹅蛋脸（下颌线清晰化），柔和眉骨/宽浅眼窝，下垂眼·眼尾微挑·宽眼距，中高鼻根/中直鼻梁/微钝鼻头，厚唇·嘴角下垂，圆方下颌
FD04321,肉感短脸,面中平缓,窄额,薄眉骨,眼下骨感,低颧骨,饱满面颊,收敛下颌,窄杏眼,眼尾明显挑,窄眼距,灰蓝瞳,低鼻根,轻鹰钩鼻梁,小圆鼻头,薄唇,单侧上扬,左颊浅疤,肉感短脸（面中平缓），薄眉骨/眼下骨感，窄杏眼·眼尾明显挑·窄眼距，低鼻根/轻鹰钩鼻梁/小圆鼻头，薄唇·单侧上扬，收敛下颌
FD04322,短方脸,中庭展宽,饱满额,薄眉骨,浅眼窝,高颧骨,轻凹面颊,圆方下颌,鹿系眼,眼尾下沉,标准眼距,星点虹膜,中高鼻根,微弧鼻梁,微钝鼻头,小嘴,嘴角上扬,碎裂虹膜,短方脸（中庭展宽），薄眉骨/浅眼窝，鹿系眼·眼尾下沉·标准眼距，中高鼻根/微弧鼻梁/微钝鼻头，小嘴·嘴角上扬，圆方下颌
FD04323,骨感窄脸,颈部线条延长,骨感额,薄眉骨,窄深眼窝,低颧骨,成熟收紧面颊,收敛下颌,窄杏眼,眼尾下压,窄眼距,碎裂虹膜,低鼻根,轻微偏右鼻梁,小圆鼻头,弓形唇,嘴角下垂,下颌浅疤,骨感窄脸（颈部线条延长），薄眉骨/窄深眼窝，窄杏眼·眼尾下压·窄眼距，低鼻根/轻微偏右鼻梁/小圆鼻头，弓形唇·嘴角下垂，收敛下颌
FD04324,双颌匀称脸,下庭加重,窄额,外侧突出眉骨,浅眼窝,柔和颧骨,饱满面颊,柔和下颌,半睁懒眼,眼尾下压,窄眼距,异色瞳,低鼻根,轻微偏左鼻梁,方圆鼻头,成熟长唇,嘴角平直,左颊浅疤,双颌匀称脸（下庭加重），外侧突出眉骨/浅眼窝，半睁懒眼·眼尾下压·窄眼距，低鼻根/轻微偏左鼻梁/方圆鼻头，成熟长唇·嘴角平直，柔和下颌
FD04325,倒三角脸,偏柔圆润,低额,内侧突出眉骨,浅眼窝,窄颧骨,薄面颊,圆方下颌,长杏眼,眼尾微挑,窄眼距,浅褐瞳,宽鼻根,柔和鼻梁,微钝鼻头,上薄下厚,单侧上扬,无标志,倒三角脸（偏柔圆润），内侧突出眉骨/浅眼窝，长杏眼·眼尾微挑·窄眼距，宽鼻根/柔和鼻梁/微钝鼻头，上薄下厚·单侧上扬，圆方下颌
FD04326,鹅蛋偏菱,上庭收窄,骨感额,柔和眉骨,眼下饱满,高颧骨,薄面颊,宽下颌,下垂眼,眼尾延展,标准眼距,淡金瞳,低鼻根,轻微偏右鼻梁,方圆鼻头,宽嘴,嘴角平直,耳后小痣,鹅蛋偏菱（上庭收窄），柔和眉骨/眼下饱满，下垂眼·眼尾延展·标准眼距，低鼻根/轻微偏右鼻梁/方圆鼻头，宽嘴·嘴角平直，宽下颌
FD04327,柔和菱形,颊部饱满,窄额,内侧突出眉骨,浅眼窝,柔和颧骨,幼态柔软面颊,收敛下颌,桃花眼,眼尾下压,宽眼距,淡金瞳,中鼻根,柔和鼻梁,轻翘鼻头,上厚下薄,嘴角下垂,碎裂虹膜,柔和菱形（颊部饱满），内侧突出眉骨/浅眼窝，桃花眼·眼尾下压·宽眼距，中鼻根/柔和鼻梁/轻翘鼻头，上厚下薄·嘴角下垂，收敛下颌
FD04328,上窄下宽脸,下庭加重,微凸额,高眉骨,眼下骨感,柔和颧骨,成熟收紧面颊,宽下颌,丹凤眼,眼尾平直,窄眼距,灰蓝瞳,高鼻根,高直鼻梁,窄翼鼻头,上厚下薄,单侧上扬,眉心竖纹浅痕,上窄下宽脸（下庭加重），高眉骨/眼下骨感，丹凤眼·眼尾平直·窄眼距，高鼻根/高直鼻梁/窄翼鼻头，上厚下薄·单侧上扬，宽下颌
FD04329,短方脸,偏锐收窄,微凸额,压迫感眉骨,深眼窝,窄颧骨,饱满面颊,方下颌,宽杏眼,眼尾下沉,窄眼距,淡金瞳,中鼻根,轻微偏左鼻梁,骨感鼻头,宽嘴,单侧上扬,耳后小痣,短方脸（偏锐收窄），压迫感眉骨/深眼窝，宽杏眼·眼尾下沉·窄眼距，中鼻根/轻微偏左鼻梁/骨感鼻头，宽嘴·单侧上扬，方下颌
FD04330,鹅蛋偏菱,中轴微长,骨感额,薄眉骨,中度眼窝,高颧骨,幼态柔软面颊,骨感下颌,半睁懒眼,眼尾延展,宽眼距,琥珀瞳,高鼻根,轻鹰钩鼻梁,骨感鼻头,上薄下厚,嘴角紧收,无标志,鹅蛋偏菱（中轴微长），薄眉骨/中度眼窝，半睁懒眼·眼尾延展·宽眼距，高鼻根/轻鹰钩鼻梁/骨感鼻头，上薄下厚·嘴角紧收，骨感下颌
FD04331,骨感菱形,颈部线条收短,平直额,压迫感眉骨,浅眼窝,宽颧骨,饱满面颊,明显下颌角,长杏眼,眼尾下压,窄眼距,星点虹膜,低鼻根,轻微偏右鼻梁,肉感鼻头,厚唇,嘴角紧收,单侧酒窝,骨感菱形（颈部线条收短），压迫感眉骨/浅眼窝，长杏眼·眼尾下压·窄眼距，低鼻根/轻微偏右鼻梁/肉感鼻头，厚唇·嘴角紧收，明显下颌角
FD04332,窄鹅蛋脸,面中平缓,窄额,内侧突出眉骨,中度眼窝,高颧骨,饱满面颊,窄下颌,半睁懒眼,眼尾明显挑,宽眼距,碎裂虹膜,高鼻根,轻微偏左鼻梁,微钝鼻头,薄唇,单侧上扬,额角旧痕,窄鹅蛋脸（面中平缓），内侧突出眉骨/中度眼窝，半睁懒眼·眼尾明显挑·宽眼距，高鼻根/轻微偏左鼻梁/微钝鼻头，薄唇·单侧上扬，窄下颌
FD04333,窄鹅蛋脸,中庭拉长,窄额,低眉骨,中度眼窝,高颧骨,饱满面颊,明显下颌角,鹿系眼,眼尾下压,标准眼距,环状虹膜,窄鼻根,轻微偏左鼻梁,微钝鼻头,上厚下薄,嘴角平直,右眉轻断,窄鹅蛋脸（中庭拉长），低眉骨/中度眼窝，鹿系眼·眼尾下压·标准眼距，窄鼻根/轻微偏左鼻梁/微钝鼻头，上厚下薄·嘴角平直，明显下颌角
FD04334,成熟方脸,偏锐收窄,微凸额,低眉骨,窄深眼窝,窄颧骨,幼态柔软面颊,方下颌,少年圆眼,眼尾微挑,宽眼距,淡金瞳,中高鼻根,中直鼻梁,骨感鼻头,小嘴,嘴角下垂,单侧虎牙,成熟方脸（偏锐收窄），低眉骨/窄深眼窝，少年圆眼·眼尾微挑·宽眼距，中高鼻根/中直鼻梁/骨感鼻头，小嘴·嘴角下垂，方下颌
FD04335,宽方脸,下庭收窄,低额,内侧突出眉骨,眼下饱满,高颧骨,幼态柔软面颊,宽下颌,蛇系眼,眼尾下压,窄眼距,灰蓝瞳,中高鼻根,轻微偏右鼻梁,微钝鼻头,厚唇,单侧上扬,异色瞳,宽方脸（下庭收窄），内侧突出眉骨/眼下饱满，蛇系眼·眼尾下压·窄眼距，中高鼻根/轻微偏右鼻梁/微钝鼻头，厚唇·单侧上扬，宽下颌
FD04336,上宽下窄脸,上庭收窄,窄额,高眉骨,窄深眼窝,外扩颧骨,饱满面颊,收敛下颌,少年圆眼,眼尾下压,宽眼距,灰蓝瞳,中高鼻根,柔和鼻梁,下压鼻头,薄唇,嘴角平直,眉尾旧疤,上宽下窄脸（上庭收窄），高眉骨/窄深眼窝，少年圆眼·眼尾下压·宽眼距，中高鼻根/柔和鼻梁/下压鼻头，薄唇·嘴角平直，收敛下颌
FD04337,宽菱形,颧部外扩,高额,内侧突出眉骨,深眼窝,宽颧骨,轻凹面颊,骨感下颌,成熟长眼,眼尾平直,窄眼距,深色瞳,低鼻根,宽骨鼻梁,骨感鼻头,上薄下厚,嘴角平直,唇下小痣,宽菱形（颧部外扩），内侧突出眉骨/深眼窝，成熟长眼·眼尾平直·窄眼距，低鼻根/宽骨鼻梁/骨感鼻头，上薄下厚·嘴角平直，骨感下颌
FD04338,上窄下宽脸,偏柔圆润,宽额,高眉骨,眼下骨感,低颧骨,饱满面颊,收敛下颌,猫系眼,眼尾延展,窄眼距,淡金瞳,窄鼻根,轻微偏右鼻梁,下压鼻头,薄唇,嘴角上扬,眉尾旧疤,上窄下宽脸（偏柔圆润），高眉骨/眼下骨感，猫系眼·眼尾延展·窄眼距，窄鼻根/轻微偏右鼻梁/下压鼻头，薄唇·嘴角上扬，收敛下颌
FD04339,标准菱形,下颌线清晰化,平直额,内侧突出眉骨,深眼窝,高颧骨,幼态柔软面颊,方下颌,少年圆眼,眼尾下沉,窄眼距,浅褐瞳,宽鼻根,宽骨鼻梁,微钝鼻头,厚唇,嘴角上扬,眉心竖纹浅痕,标准菱形（下颌线清晰化），内侧突出眉骨/深眼窝，少年圆眼·眼尾下沉·窄眼距，宽鼻根/宽骨鼻梁/微钝鼻头，厚唇·嘴角上扬，方下颌
FD04340,上宽下窄脸,中轴微长,饱满额,高眉骨,深眼窝,窄颧骨,饱满面颊,收敛下颌,短圆杏眼,眼尾明显挑,窄眼距,碎裂虹膜,低鼻根,轻微偏左鼻梁,窄翼鼻头,厚唇,单侧上扬,额角旧痕,上宽下窄脸（中轴微长），高眉骨/深眼窝，短圆杏眼·眼尾明显挑·窄眼距，低鼻根/轻微偏左鼻梁/窄翼鼻头，厚唇·单侧上扬，收敛下颌
FD04341,窄方脸,上庭展开,骨感额,厚眉骨,宽浅眼窝,柔和颧骨,幼态柔软面颊,收敛下颌,少年圆眼,眼尾延展,宽眼距,墨玉瞳,窄鼻根,高直鼻梁,骨感鼻头,薄唇,单侧上扬,无标志,窄方脸（上庭展开），厚眉骨/宽浅眼窝，少年圆眼·眼尾延展·宽眼距，窄鼻根/高直鼻梁/骨感鼻头，薄唇·单侧上扬，收敛下颌
FD04342,长鹅蛋脸,颊部饱满,骨感额,薄眉骨,中度眼窝,低颧骨,幼态柔软面颊,骨感下颌,成熟长眼,眼尾微挑,窄眼距,墨玉瞳,宽鼻根,微弧鼻梁,肉感鼻头,弓形唇,嘴角下垂,无标志,长鹅蛋脸（颊部饱满），薄眉骨/中度眼窝，成熟长眼·眼尾微挑·窄眼距，宽鼻根/微弧鼻梁/肉感鼻头，弓形唇·嘴角下垂，骨感下颌
FD04343,骨感菱形,颧部外扩,饱满额,薄眉骨,眼下骨感,高颧骨,薄面颊,方下颌,上扬凤眼,眼尾下压,窄眼距,环状虹膜,低鼻根,轻微偏右鼻梁,方圆鼻头,成熟长唇,嘴角平直,下颌浅疤,骨感菱形（颧部外扩），薄眉骨/眼下骨感，上扬凤眼·眼尾下压·窄眼距，低鼻根/轻微偏右鼻梁/方圆鼻头，成熟长唇·嘴角平直，方下颌
FD04344,窄方脸,上庭收窄,饱满额,薄眉骨,中度眼窝,高颧骨,幼态柔软面颊,方下颌,平凤眼,眼尾下沉,宽眼距,异色瞳,高鼻根,宽骨鼻梁,肉感鼻头,薄唇,单侧上扬,双侧酒窝,窄方脸（上庭收窄），薄眉骨/中度眼窝，平凤眼·眼尾下沉·宽眼距，高鼻根/宽骨鼻梁/肉感鼻头，薄唇·单侧上扬，方下颌
FD04345,双颌匀称脸,骨点内敛,饱满额,低眉骨,宽浅眼窝,窄颧骨,轻凹面颊,窄下颌,短圆杏眼,眼尾下沉,窄眼距,深色瞳,低鼻根,宽骨鼻梁,下压鼻头,小嘴,单侧上扬,右眉轻断,双颌匀称脸（骨点内敛），低眉骨/宽浅眼窝，短圆杏眼·眼尾下沉·窄眼距，低鼻根/宽骨鼻梁/下压鼻头，小嘴·单侧上扬，窄下颌
FD04346,窄方脸,面中平缓,微凸额,高眉骨,浅眼窝,柔和颧骨,饱满面颊,窄下颌,猫系眼,眼尾下压,宽眼距,灰蓝瞳,窄鼻根,微弧鼻梁,窄翼鼻头,平直唇,嘴角下垂,鼻梁旧伤,窄方脸（面中平缓），高眉骨/浅眼窝，猫系眼·眼尾下压·宽眼距，窄鼻根/微弧鼻梁/窄翼鼻头，平直唇·嘴角下垂，窄下颌
FD04347,长心形脸,颌角弱化,高额,厚眉骨,浅眼窝,高颧骨,幼态柔软面颊,明显下颌角,短杏眼,眼尾下沉,标准眼距,环状虹膜,窄鼻根,高直鼻梁,小圆鼻头,成熟长唇,嘴角平直,眼睑褶皱不对称,长心形脸（颌角弱化），厚眉骨/浅眼窝，短杏眼·眼尾下沉·标准眼距，窄鼻根/高直鼻梁/小圆鼻头，成熟长唇·嘴角平直，明显下颌角
FD04348,长鹅蛋脸,下庭收窄,宽额,薄眉骨,宽浅眼窝,窄颧骨,饱满面颊,窄下颌,长杏眼,眼尾微挑,标准眼距,环状虹膜,高鼻根,宽骨鼻梁,微钝鼻头,弓形唇,嘴角平直,颈侧细疤,长鹅蛋脸（下庭收窄），薄眉骨/宽浅眼窝，长杏眼·眼尾微挑·标准眼距，高鼻根/宽骨鼻梁/微钝鼻头，弓形唇·嘴角平直，窄下颌
FD04349,倒梯形脸,面中立体化,宽额,柔和眉骨,窄深眼窝,外扩颧骨,成熟收紧面颊,圆方下颌,丹凤眼,眼尾下沉,标准眼距,淡金瞳,低鼻根,宽骨鼻梁,下压鼻头,厚唇,嘴角平直,眉心竖纹浅痕,倒梯形脸（面中立体化），柔和眉骨/窄深眼窝，丹凤眼·眼尾下沉·标准眼距，低鼻根/宽骨鼻梁/下压鼻头，厚唇·嘴角平直，圆方下颌
FD04350,宽方脸,下庭收窄,高额,外侧突出眉骨,眼下骨感,高颧骨,饱满面颊,宽下颌,半睁懒眼,眼尾明显挑,宽眼距,浅褐瞳,中鼻根,微弧鼻梁,窄翼鼻头,上薄下厚,单侧上扬,下颌浅疤,宽方脸（下庭收窄），外侧突出眉骨/眼下骨感，半睁懒眼·眼尾明显挑·宽眼距，中鼻根/微弧鼻梁/窄翼鼻头，上薄下厚·单侧上扬，宽下颌
FD04351,长鹅蛋脸,下颌线清晰化,平直额,柔和眉骨,浅眼窝,外扩颧骨,幼态柔软面颊,方下颌,半睁懒眼,眼尾延展,窄眼距,灰蓝瞳,低鼻根,轻鹰钩鼻梁,下压鼻头,小嘴,嘴角紧收,异色瞳,长鹅蛋脸（下颌线清晰化），柔和眉骨/浅眼窝，半睁懒眼·眼尾延展·窄眼距，低鼻根/轻鹰钩鼻梁/下压鼻头，小嘴·嘴角紧收，方下颌
FD04352,鹅蛋偏方,颌角弱化,平直额,薄眉骨,浅眼窝,宽颧骨,薄面颊,骨感下颌,疲惫眼,眼尾平直,宽眼距,灰蓝瞳,中高鼻根,中直鼻梁,窄翼鼻头,薄唇,嘴角紧收,眼睑褶皱不对称,鹅蛋偏方（颌角弱化），薄眉骨/浅眼窝，疲惫眼·眼尾平直·宽眼距，中高鼻根/中直鼻梁/窄翼鼻头，薄唇·嘴角紧收，骨感下颌
FD04353,长心形脸,中庭展宽,宽额,外侧突出眉骨,窄深眼窝,窄颧骨,薄面颊,宽下颌,蛇系眼,眼尾延展,标准眼距,墨玉瞳,宽鼻根,轻微偏右鼻梁,窄翼鼻头,厚唇,单侧上扬,眉尾旧疤,长心形脸（中庭展宽），外侧突出眉骨/窄深眼窝，蛇系眼·眼尾延展·标准眼距，宽鼻根/轻微偏右鼻梁/窄翼鼻头，厚唇·单侧上扬，宽下颌
FD04354,短圆脸,中轴微长,低额,内侧突出眉骨,窄深眼窝,宽颧骨,成熟收紧面颊,收敛下颌,桃花眼,眼尾下压,宽眼距,浅褐瞳,高鼻根,柔和鼻梁,窄翼鼻头,弓形唇,嘴角紧收,单侧酒窝,短圆脸（中轴微长），内侧突出眉骨/窄深眼窝，桃花眼·眼尾下压·宽眼距，高鼻根/柔和鼻梁/窄翼鼻头，弓形唇·嘴角紧收，收敛下颌
FD04355,短圆脸,颧部微收,低额,高眉骨,眼下饱满,柔和颧骨,成熟收紧面颊,收敛下颌,狼系眼,眼尾延展,宽眼距,深色瞳,窄鼻根,轻微偏左鼻梁,小圆鼻头,平直唇,单侧上扬,双侧酒窝,短圆脸（颧部微收），高眉骨/眼下饱满，狼系眼·眼尾延展·宽眼距，窄鼻根/轻微偏左鼻梁/小圆鼻头，平直唇·单侧上扬，收敛下颌
FD04356,倒三角脸,颈部线条延长,微凸额,低眉骨,浅眼窝,柔和颧骨,成熟收紧面颊,方下颌,鹰隼眼,眼尾平直,宽眼距,琥珀瞳,中高鼻根,轻鹰钩鼻梁,下压鼻头,上厚下薄,嘴角紧收,眼睑褶皱不对称,倒三角脸（颈部线条延长），低眉骨/浅眼窝，鹰隼眼·眼尾平直·宽眼距，中高鼻根/轻鹰钩鼻梁/下压鼻头，上厚下薄·嘴角紧收，方下颌
FD04357,宽鹅蛋脸,颊部略凹,宽额,高眉骨,窄深眼窝,柔和颧骨,薄面颊,柔和下颌,平凤眼,眼尾延展,宽眼距,淡金瞳,中高鼻根,微弧鼻梁,方圆鼻头,厚唇,嘴角下垂,右眉轻断,宽鹅蛋脸（颊部略凹），高眉骨/窄深眼窝，平凤眼·眼尾延展·宽眼距，中高鼻根/微弧鼻梁/方圆鼻头，厚唇·嘴角下垂，柔和下颌
FD04358,倒梯形脸,颊部略凹,平直额,厚眉骨,宽浅眼窝,窄颧骨,饱满面颊,骨感下颌,丹凤眼,眼尾延展,标准眼距,星点虹膜,中高鼻根,高直鼻梁,轻翘鼻头,薄唇,嘴角紧收,指节薄茧,倒梯形脸（颊部略凹），厚眉骨/宽浅眼窝，丹凤眼·眼尾延展·标准眼距，中高鼻根/高直鼻梁/轻翘鼻头，薄唇·嘴角紧收，骨感下颌
FD04359,倒三角脸,中轴微长,高额,高眉骨,深眼窝,高颧骨,成熟收紧面颊,方下颌,蛇系眼,眼尾下沉,标准眼距,深色瞳,窄鼻根,微弧鼻梁,下压鼻头,上薄下厚,嘴角上扬,下颌浅疤,倒三角脸（中轴微长），高眉骨/深眼窝，蛇系眼·眼尾下沉·标准眼距，窄鼻根/微弧鼻梁/下压鼻头，上薄下厚·嘴角上扬，方下颌
FD04360,幼态方脸,中轴收紧,宽额,厚眉骨,深眼窝,低颧骨,成熟收紧面颊,方下颌,下垂眼,眼尾下沉,宽眼距,浅褐瞳,窄鼻根,轻微偏右鼻梁,骨感鼻头,宽嘴,嘴角上扬,指节薄茧,幼态方脸（中轴收紧），厚眉骨/深眼窝，下垂眼·眼尾下沉·宽眼距，窄鼻根/轻微偏右鼻梁/骨感鼻头，宽嘴·嘴角上扬，方下颌
FD04361,倒三角脸,偏柔圆润,低额,低眉骨,窄深眼窝,低颧骨,薄面颊,明显下颌角,宽杏眼,眼尾下沉,标准眼距,环状虹膜,宽鼻根,宽骨鼻梁,微钝鼻头,上厚下薄,单侧上扬,无标志,倒三角脸（偏柔圆润），低眉骨/窄深眼窝，宽杏眼·眼尾下沉·标准眼距，宽鼻根/宽骨鼻梁/微钝鼻头，上厚下薄·单侧上扬，明显下颌角
FD04362,骨感窄脸,骨点外显,窄额,高眉骨,深眼窝,外扩颧骨,轻凹面颊,收敛下颌,柳叶眼,眼尾下压,宽眼距,星点虹膜,中鼻根,宽骨鼻梁,窄翼鼻头,小嘴,嘴角下垂,眼睑褶皱不对称,骨感窄脸（骨点外显），高眉骨/深眼窝，柳叶眼·眼尾下压·宽眼距，中鼻根/宽骨鼻梁/窄翼鼻头，小嘴·嘴角下垂，收敛下颌
FD04363,柔和方脸,偏锐收窄,宽额,压迫感眉骨,眼下骨感,低颧骨,轻凹面颊,柔和下颌,蛇系眼,眼尾微挑,标准眼距,淡金瞳,高鼻根,宽骨鼻梁,肉感鼻头,成熟长唇,嘴角上扬,环状虹膜,柔和方脸（偏锐收窄），压迫感眉骨/眼下骨感，蛇系眼·眼尾微挑·标准眼距，高鼻根/宽骨鼻梁/肉感鼻头，成熟长唇·嘴角上扬，柔和下颌
FD04364,上窄下宽脸,偏柔圆润,饱满额,高眉骨,浅眼窝,高颧骨,薄面颊,窄下颌,鹤系眼,眼尾下沉,标准眼距,琥珀瞳,宽鼻根,轻鹰钩鼻梁,微钝鼻头,厚唇,嘴角紧收,鼻梁旧伤,上窄下宽脸（偏柔圆润），高眉骨/浅眼窝，鹤系眼·眼尾下沉·标准眼距，宽鼻根/轻鹰钩鼻梁/微钝鼻头，厚唇·嘴角紧收，窄下颌
FD04365,宽心形脸,颈部线条收短,平直额,薄眉骨,深眼窝,柔和颧骨,幼态柔软面颊,明显下颌角,半睁懒眼,眼尾明显挑,宽眼距,异色瞳,窄鼻根,轻微偏左鼻梁,骨感鼻头,弓形唇,嘴角紧收,异色瞳,宽心形脸（颈部线条收短），薄眉骨/深眼窝，半睁懒眼·眼尾明显挑·宽眼距，窄鼻根/轻微偏左鼻梁/骨感鼻头，弓形唇·嘴角紧收，明显下颌角
FD04366,柔和菱形,面中平缓,高额,压迫感眉骨,眼下饱满,柔和颧骨,薄面颊,方下颌,疲惫眼,眼尾平直,宽眼距,浅褐瞳,中高鼻根,微弧鼻梁,骨感鼻头,薄唇,嘴角平直,眉心竖纹浅痕,柔和菱形（面中平缓），压迫感眉骨/眼下饱满，疲惫眼·眼尾平直·宽眼距，中高鼻根/微弧鼻梁/骨感鼻头，薄唇·嘴角平直，方下颌
FD04367,鹅蛋偏菱,颊部略凹,饱满额,低眉骨,浅眼窝,低颧骨,轻凹面颊,窄下颌,长杏眼,眼尾平直,标准眼距,碎裂虹膜,宽鼻根,柔和鼻梁,下压鼻头,厚唇,嘴角下垂,左眼下浅泪痣,鹅蛋偏菱（颊部略凹），低眉骨/浅眼窝，长杏眼·眼尾平直·标准眼距，宽鼻根/柔和鼻梁/下压鼻头，厚唇·嘴角下垂，窄下颌
FD04368,标准菱形,下庭加重,骨感额,压迫感眉骨,浅眼窝,高颧骨,幼态柔软面颊,明显下颌角,宽杏眼,眼尾下沉,窄眼距,星点虹膜,宽鼻根,中直鼻梁,窄翼鼻头,成熟长唇,嘴角上扬,无标志,标准菱形（下庭加重），压迫感眉骨/浅眼窝，宽杏眼·眼尾下沉·窄眼距，宽鼻根/中直鼻梁/窄翼鼻头，成熟长唇·嘴角上扬，明显下颌角
FD04369,柔和方脸,骨点内敛,低额,外侧突出眉骨,宽浅眼窝,低颧骨,轻凹面颊,方下颌,狭长瑞凤眼,眼尾明显挑,宽眼距,碎裂虹膜,低鼻根,宽骨鼻梁,肉感鼻头,弓形唇,嘴角紧收,碎裂虹膜,柔和方脸（骨点内敛），外侧突出眉骨/宽浅眼窝，狭长瑞凤眼·眼尾明显挑·宽眼距，低鼻根/宽骨鼻梁/肉感鼻头，弓形唇·嘴角紧收，方下颌
FD04370,长心形脸,中庭拉长,窄额,外侧突出眉骨,深眼窝,柔和颧骨,幼态柔软面颊,柔和下颌,平凤眼,眼尾下压,宽眼距,星点虹膜,宽鼻根,高直鼻梁,微钝鼻头,薄唇,嘴角上扬,眉尾旧疤,长心形脸（中庭拉长），外侧突出眉骨/深眼窝，平凤眼·眼尾下压·宽眼距，宽鼻根/高直鼻梁/微钝鼻头，薄唇·嘴角上扬，柔和下颌
FD04371,长鹅蛋脸,骨点内敛,微凸额,外侧突出眉骨,宽浅眼窝,低颧骨,轻凹面颊,骨感下颌,疲惫眼,眼尾微挑,宽眼距,琥珀瞳,中高鼻根,轻微偏右鼻梁,小圆鼻头,厚唇,嘴角下垂,唇下小痣,长鹅蛋脸（骨点内敛），外侧突出眉骨/宽浅眼窝，疲惫眼·眼尾微挑·宽眼距，中高鼻根/轻微偏右鼻梁/小圆鼻头，厚唇·嘴角下垂，骨感下颌
FD04372,圆脸,偏锐收窄,饱满额,柔和眉骨,宽浅眼窝,宽颧骨,幼态柔软面颊,窄下颌,猫系眼,眼尾延展,标准眼距,碎裂虹膜,窄鼻根,宽骨鼻梁,下压鼻头,弓形唇,嘴角平直,碎裂虹膜,圆脸（偏锐收窄），柔和眉骨/宽浅眼窝，猫系眼·眼尾延展·标准眼距，窄鼻根/宽骨鼻梁/下压鼻头，弓形唇·嘴角平直，窄下颌
FD04373,窄鹅蛋脸,颊部饱满,骨感额,内侧突出眉骨,眼下饱满,柔和颧骨,幼态柔软面颊,方下颌,平凤眼,眼尾下压,标准眼距,浅褐瞳,宽鼻根,轻微偏右鼻梁,肉感鼻头,小嘴,嘴角平直,环状虹膜,窄鹅蛋脸（颊部饱满），内侧突出眉骨/眼下饱满，平凤眼·眼尾下压·标准眼距，宽鼻根/轻微偏右鼻梁/肉感鼻头，小嘴·嘴角平直，方下颌
FD04374,上窄下宽脸,偏柔圆润,平直额,高眉骨,浅眼窝,外扩颧骨,饱满面颊,窄下颌,鹤系眼,眼尾明显挑,宽眼距,异色瞳,中鼻根,柔和鼻梁,轻翘鼻头,宽嘴,嘴角下垂,颈侧细疤,上窄下宽脸（偏柔圆润），高眉骨/浅眼窝，鹤系眼·眼尾明显挑·宽眼距，中鼻根/柔和鼻梁/轻翘鼻头，宽嘴·嘴角下垂，窄下颌
FD04375,幼态方脸,中轴微长,高额,压迫感眉骨,中度眼窝,高颧骨,薄面颊,柔和下颌,窄杏眼,眼尾平直,窄眼距,碎裂虹膜,宽鼻根,高直鼻梁,窄翼鼻头,宽嘴,嘴角下垂,额角旧痕,幼态方脸（中轴微长），压迫感眉骨/中度眼窝，窄杏眼·眼尾平直·窄眼距，宽鼻根/高直鼻梁/窄翼鼻头，宽嘴·嘴角下垂，柔和下颌
FD04376,圆方脸,骨点外显,窄额,柔和眉骨,宽浅眼窝,柔和颧骨,成熟收紧面颊,宽下颌,狼系眼,眼尾明显挑,宽眼距,灰蓝瞳,低鼻根,宽骨鼻梁,下压鼻头,弓形唇,嘴角上扬,异色瞳,圆方脸（骨点外显），柔和眉骨/宽浅眼窝，狼系眼·眼尾明显挑·宽眼距，低鼻根/宽骨鼻梁/下压鼻头，弓形唇·嘴角上扬，宽下颌
FD04377,梨形脸,中轴微长,窄额,柔和眉骨,深眼窝,柔和颧骨,薄面颊,明显下颌角,宽杏眼,眼尾延展,宽眼距,碎裂虹膜,低鼻根,柔和鼻梁,下压鼻头,宽嘴,嘴角紧收,下颌浅疤,梨形脸（中轴微长），柔和眉骨/深眼窝，宽杏眼·眼尾延展·宽眼距，低鼻根/柔和鼻梁/下压鼻头，宽嘴·嘴角紧收，明显下颌角
FD04378,长鹅蛋脸,颌角强调,宽额,外侧突出眉骨,浅眼窝,宽颧骨,幼态柔软面颊,收敛下颌,平直杏眼,眼尾微挑,窄眼距,墨玉瞳,中高鼻根,中直鼻梁,小圆鼻头,宽嘴,单侧上扬,双侧酒窝,长鹅蛋脸（颌角强调），外侧突出眉骨/浅眼窝，平直杏眼·眼尾微挑·窄眼距，中高鼻根/中直鼻梁/小圆鼻头，宽嘴·单侧上扬，收敛下颌
FD04379,宽心形脸,颧部外扩,窄额,厚眉骨,窄深眼窝,低颧骨,饱满面颊,柔和下颌,长杏眼,眼尾平直,窄眼距,异色瞳,高鼻根,轻鹰钩鼻梁,小圆鼻头,成熟长唇,单侧上扬,双侧酒窝,宽心形脸（颧部外扩），厚眉骨/窄深眼窝，长杏眼·眼尾平直·窄眼距，高鼻根/轻鹰钩鼻梁/小圆鼻头，成熟长唇·单侧上扬，柔和下颌
FD04380,长菱形,骨点内敛,饱满额,低眉骨,眼下饱满,宽颧骨,成熟收紧面颊,骨感下颌,疲惫眼,眼尾明显挑,宽眼距,浅褐瞳,中鼻根,高直鼻梁,方圆鼻头,弓形唇,单侧上扬,眉尾旧疤,长菱形（骨点内敛），低眉骨/眼下饱满，疲惫眼·眼尾明显挑·宽眼距，中鼻根/高直鼻梁/方圆鼻头，弓形唇·单侧上扬，骨感下颌
FD04381,鹅蛋偏方,下庭收窄,饱满额,压迫感眉骨,浅眼窝,低颧骨,饱满面颊,方下颌,下垂眼,眼尾明显挑,标准眼距,星点虹膜,宽鼻根,轻微偏左鼻梁,小圆鼻头,宽嘴,嘴角下垂,眉上小疤,鹅蛋偏方（下庭收窄），压迫感眉骨/浅眼窝，下垂眼·眼尾明显挑·标准眼距，宽鼻根/轻微偏左鼻梁/小圆鼻头，宽嘴·嘴角下垂，方下颌
FD04382,柔和菱形,上庭收窄,骨感额,外侧突出眉骨,眼下骨感,柔和颧骨,轻凹面颊,宽下颌,柳叶眼,眼尾平直,窄眼距,碎裂虹膜,窄鼻根,轻微偏右鼻梁,下压鼻头,薄唇,单侧上扬,下颌浅疤,柔和菱形（上庭收窄），外侧突出眉骨/眼下骨感，柳叶眼·眼尾平直·窄眼距，窄鼻根/轻微偏右鼻梁/下压鼻头，薄唇·单侧上扬，宽下颌
FD04383,倒三角脸,骨点内敛,平直额,高眉骨,深眼窝,低颧骨,幼态柔软面颊,明显下颌角,蛇系眼,眼尾延展,标准眼距,碎裂虹膜,高鼻根,微弧鼻梁,肉感鼻头,小嘴,嘴角下垂,颈侧细疤,倒三角脸（骨点内敛），高眉骨/深眼窝，蛇系眼·眼尾延展·标准眼距，高鼻根/微弧鼻梁/肉感鼻头，小嘴·嘴角下垂，明显下颌角
FD04384,宽鹅蛋脸,下颌线柔化,骨感额,外侧突出眉骨,中度眼窝,宽颧骨,轻凹面颊,圆方下颌,蛇系眼,眼尾平直,标准眼距,琥珀瞳,高鼻根,宽骨鼻梁,小圆鼻头,厚唇,嘴角紧收,瞳孔残缺,宽鹅蛋脸（下颌线柔化），外侧突出眉骨/中度眼窝，蛇系眼·眼尾平直·标准眼距，高鼻根/宽骨鼻梁/小圆鼻头，厚唇·嘴角紧收，圆方下颌
FD04385,鹅蛋偏菱,上庭收窄,平直额,柔和眉骨,宽浅眼窝,低颧骨,饱满面颊,宽下颌,成熟长眼,眼尾延展,窄眼距,灰蓝瞳,高鼻根,柔和鼻梁,窄翼鼻头,上薄下厚,单侧上扬,眼角小痣,鹅蛋偏菱（上庭收窄），柔和眉骨/宽浅眼窝，成熟长眼·眼尾延展·窄眼距，高鼻根/柔和鼻梁/窄翼鼻头，上薄下厚·单侧上扬，宽下颌
FD04386,骨感菱形,面中立体化,微凸额,低眉骨,中度眼窝,低颧骨,成熟收紧面颊,明显下颌角,狐狸系眼,眼尾平直,宽眼距,墨玉瞳,低鼻根,微弧鼻梁,下压鼻头,弓形唇,嘴角下垂,异色瞳,骨感菱形（面中立体化），低眉骨/中度眼窝，狐狸系眼·眼尾平直·宽眼距，低鼻根/微弧鼻梁/下压鼻头，弓形唇·嘴角下垂，明显下颌角
FD04387,骨感窄脸,骨点外显,低额,内侧突出眉骨,宽浅眼窝,低颧骨,饱满面颊,明显下颌角,瑞凤眼,眼尾下沉,宽眼距,环状虹膜,高鼻根,宽骨鼻梁,微钝鼻头,薄唇,嘴角紧收,指节薄茧,骨感窄脸（骨点外显），内侧突出眉骨/宽浅眼窝，瑞凤眼·眼尾下沉·宽眼距，高鼻根/宽骨鼻梁/微钝鼻头，薄唇·嘴角紧收，明显下颌角
FD04388,骨感窄脸,颈部线条延长,窄额,外侧突出眉骨,眼下骨感,宽颧骨,饱满面颊,窄下颌,长杏眼,眼尾延展,窄眼距,淡金瞳,高鼻根,微弧鼻梁,方圆鼻头,上薄下厚,嘴角下垂,双侧酒窝,骨感窄脸（颈部线条延长），外侧突出眉骨/眼下骨感，长杏眼·眼尾延展·窄眼距，高鼻根/微弧鼻梁/方圆鼻头，上薄下厚·嘴角下垂，窄下颌
FD04389,骨感窄脸,颧部微收,高额,压迫感眉骨,窄深眼窝,柔和颧骨,饱满面颊,收敛下颌,丹凤眼,眼尾微挑,宽眼距,淡金瞳,宽鼻根,微弧鼻梁,轻翘鼻头,小嘴,单侧上扬,单侧酒窝,骨感窄脸（颧部微收），压迫感眉骨/窄深眼窝，丹凤眼·眼尾微挑·宽眼距，宽鼻根/微弧鼻梁/轻翘鼻头，小嘴·单侧上扬，收敛下颌
FD04390,宽心形脸,颧部外扩,低额,低眉骨,中度眼窝,外扩颧骨,幼态柔软面颊,宽下颌,短圆杏眼,眼尾平直,宽眼距,墨玉瞳,低鼻根,轻微偏左鼻梁,小圆鼻头,薄唇,单侧上扬,异色瞳,宽心形脸（颧部外扩），低眉骨/中度眼窝，短圆杏眼·眼尾平直·宽眼距，低鼻根/轻微偏左鼻梁/小圆鼻头，薄唇·单侧上扬，宽下颌
FD04391,清瘦圆脸,中轴收紧,窄额,高眉骨,宽浅眼窝,外扩颧骨,饱满面颊,宽下颌,平凤眼,眼尾下压,窄眼距,浅褐瞳,窄鼻根,轻微偏右鼻梁,下压鼻头,厚唇,单侧上扬,鼻梁旧伤,清瘦圆脸（中轴收紧），高眉骨/宽浅眼窝，平凤眼·眼尾下压·窄眼距，窄鼻根/轻微偏右鼻梁/下压鼻头，厚唇·单侧上扬，宽下颌
FD04392,短圆脸,颊部略凹,低额,高眉骨,眼下饱满,宽颧骨,成熟收紧面颊,窄下颌,丹凤眼,眼尾明显挑,标准眼距,琥珀瞳,高鼻根,宽骨鼻梁,肉感鼻头,弓形唇,嘴角下垂,无标志,短圆脸（颊部略凹），高眉骨/眼下饱满，丹凤眼·眼尾明显挑·标准眼距，高鼻根/宽骨鼻梁/肉感鼻头，弓形唇·嘴角下垂，窄下颌
FD04393,鹅蛋偏方,颧部微收,高额,厚眉骨,宽浅眼窝,窄颧骨,成熟收紧面颊,骨感下颌,狐狸系眼,眼尾下沉,宽眼距,星点虹膜,高鼻根,高直鼻梁,微钝鼻头,小嘴,嘴角上扬,颈侧细疤,鹅蛋偏方（颧部微收），厚眉骨/宽浅眼窝，狐狸系眼·眼尾下沉·宽眼距，高鼻根/高直鼻梁/微钝鼻头，小嘴·嘴角上扬，骨感下颌
FD04394,幼态方脸,中轴收紧,微凸额,外侧突出眉骨,深眼窝,外扩颧骨,薄面颊,收敛下颌,短圆杏眼,眼尾下压,窄眼距,墨玉瞳,低鼻根,中直鼻梁,微钝鼻头,成熟长唇,嘴角紧收,单侧酒窝,幼态方脸（中轴收紧），外侧突出眉骨/深眼窝，短圆杏眼·眼尾下压·窄眼距，低鼻根/中直鼻梁/微钝鼻头，成熟长唇·嘴角紧收，收敛下颌
FD04395,正梯形脸,下颌线清晰化,平直额,内侧突出眉骨,眼下骨感,外扩颧骨,饱满面颊,骨感下颌,平凤眼,眼尾平直,窄眼距,异色瞳,低鼻根,中直鼻梁,方圆鼻头,弓形唇,嘴角上扬,耳后小痣,正梯形脸（下颌线清晰化），内侧突出眉骨/眼下骨感，平凤眼·眼尾平直·窄眼距，低鼻根/中直鼻梁/方圆鼻头，弓形唇·嘴角上扬，骨感下颌
FD04396,上窄下宽脸,下颌线柔化,低额,厚眉骨,浅眼窝,高颧骨,轻凹面颊,方下颌,狐狸系眼,眼尾微挑,窄眼距,墨玉瞳,中高鼻根,宽骨鼻梁,方圆鼻头,厚唇,嘴角上扬,耳后小痣,上窄下宽脸（下颌线柔化），厚眉骨/浅眼窝，狐狸系眼·眼尾微挑·窄眼距，中高鼻根/宽骨鼻梁/方圆鼻头，厚唇·嘴角上扬，方下颌
FD04397,圆方脸,偏锐收窄,低额,柔和眉骨,宽浅眼窝,窄颧骨,幼态柔软面颊,柔和下颌,狐狸系眼,眼尾延展,窄眼距,浅褐瞳,低鼻根,中直鼻梁,窄翼鼻头,宽嘴,嘴角紧收,右眉轻断,圆方脸（偏锐收窄），柔和眉骨/宽浅眼窝，狐狸系眼·眼尾延展·窄眼距，低鼻根/中直鼻梁/窄翼鼻头，宽嘴·嘴角紧收，柔和下颌
FD04398,骨感窄脸,中轴微长,饱满额,内侧突出眉骨,中度眼窝,高颧骨,轻凹面颊,明显下颌角,下垂眼,眼尾下沉,宽眼距,环状虹膜,高鼻根,轻微偏右鼻梁,小圆鼻头,厚唇,嘴角紧收,环状虹膜,骨感窄脸（中轴微长），内侧突出眉骨/中度眼窝，下垂眼·眼尾下沉·宽眼距，高鼻根/轻微偏右鼻梁/小圆鼻头，厚唇·嘴角紧收，明显下颌角
FD04399,短方脸,颊部略凹,窄额,厚眉骨,宽浅眼窝,宽颧骨,成熟收紧面颊,圆方下颌,瑞凤眼,眼尾延展,标准眼距,异色瞳,低鼻根,轻鹰钩鼻梁,方圆鼻头,厚唇,嘴角紧收,单侧酒窝,短方脸（颊部略凹），厚眉骨/宽浅眼窝，瑞凤眼·眼尾延展·标准眼距，低鼻根/轻鹰钩鼻梁/方圆鼻头，厚唇·嘴角紧收，圆方下颌
FD04400,柔和方脸,颈部线条收短,微凸额,薄眉骨,眼下骨感,柔和颧骨,饱满面颊,方下颌,半睁懒眼,眼尾下压,窄眼距,墨玉瞳,中鼻根,高直鼻梁,方圆鼻头,薄唇,嘴角紧收,异色瞳,柔和方脸（颈部线条收短），薄眉骨/眼下骨感，半睁懒眼·眼尾下压·窄眼距，中鼻根/高直鼻梁/方圆鼻头，薄唇·嘴角紧收，方下颌
FD04401,下颌突出脸,中庭拉长,微凸额,内侧突出眉骨,眼下饱满,外扩颧骨,幼态柔软面颊,方下颌,狭长瑞凤眼,眼尾延展,标准眼距,浅褐瞳,中鼻根,轻微偏左鼻梁,轻翘鼻头,厚唇,嘴角下垂,单侧酒窝,下颌突出脸（中庭拉长），内侧突出眉骨/眼下饱满，狭长瑞凤眼·眼尾延展·标准眼距，中鼻根/轻微偏左鼻梁/轻翘鼻头，厚唇·嘴角下垂，方下颌
FD04402,短鹅蛋脸,颧部微收,窄额,厚眉骨,眼下骨感,低颧骨,薄面颊,明显下颌角,蛇系眼,眼尾延展,窄眼距,碎裂虹膜,窄鼻根,轻微偏左鼻梁,小圆鼻头,上薄下厚,单侧上扬,眉上小疤,短鹅蛋脸（颧部微收），厚眉骨/眼下骨感，蛇系眼·眼尾延展·窄眼距，窄鼻根/轻微偏左鼻梁/小圆鼻头，上薄下厚·单侧上扬，明显下颌角
FD04403,短鹅蛋脸,中轴收紧,饱满额,外侧突出眉骨,深眼窝,高颧骨,成熟收紧面颊,圆方下颌,狐狸系眼,眼尾延展,宽眼距,灰蓝瞳,宽鼻根,微弧鼻梁,小圆鼻头,薄唇,嘴角平直,异色瞳,短鹅蛋脸（中轴收紧），外侧突出眉骨/深眼窝，狐狸系眼·眼尾延展·宽眼距，宽鼻根/微弧鼻梁/小圆鼻头，薄唇·嘴角平直，圆方下颌
FD04404,圆脸,中庭拉长,骨感额,柔和眉骨,眼下饱满,低颧骨,薄面颊,宽下颌,半睁懒眼,眼尾微挑,窄眼距,淡金瞳,高鼻根,宽骨鼻梁,骨感鼻头,上薄下厚,嘴角上扬,眼角小痣,圆脸（中庭拉长），柔和眉骨/眼下饱满，半睁懒眼·眼尾微挑·窄眼距，高鼻根/宽骨鼻梁/骨感鼻头，上薄下厚·嘴角上扬，宽下颌
FD04405,正梯形脸,中轴微长,窄额,高眉骨,中度眼窝,外扩颧骨,成熟收紧面颊,收敛下颌,圆长眼,眼尾延展,宽眼距,异色瞳,中鼻根,轻微偏左鼻梁,小圆鼻头,宽嘴,嘴角平直,下颌浅疤,正梯形脸（中轴微长），高眉骨/中度眼窝，圆长眼·眼尾延展·宽眼距，中鼻根/轻微偏左鼻梁/小圆鼻头，宽嘴·嘴角平直，收敛下颌
FD04406,上宽下窄脸,骨点外显,骨感额,内侧突出眉骨,眼下饱满,低颧骨,饱满面颊,圆方下颌,鹰隼眼,眼尾平直,窄眼距,灰蓝瞳,窄鼻根,中直鼻梁,小圆鼻头,平直唇,嘴角平直,耳后小痣,上宽下窄脸（骨点外显），内侧突出眉骨/眼下饱满，鹰隼眼·眼尾平直·窄眼距，窄鼻根/中直鼻梁/小圆鼻头，平直唇·嘴角平直，圆方下颌
FD04407,倒梯形脸,颌角弱化,平直额,压迫感眉骨,眼下饱满,窄颧骨,幼态柔软面颊,柔和下颌,平凤眼,眼尾下压,标准眼距,灰蓝瞳,中鼻根,轻鹰钩鼻梁,轻翘鼻头,弓形唇,嘴角下垂,眉心竖纹浅痕,倒梯形脸（颌角弱化），压迫感眉骨/眼下饱满，平凤眼·眼尾下压·标准眼距，中鼻根/轻鹰钩鼻梁/轻翘鼻头，弓形唇·嘴角下垂，柔和下颌
FD04408,宽菱形,中庭拉长,窄额,低眉骨,眼下骨感,低颧骨,轻凹面颊,收敛下颌,猫系眼,眼尾明显挑,宽眼距,琥珀瞳,窄鼻根,微弧鼻梁,窄翼鼻头,弓形唇,嘴角平直,右眼下浅泪痣,宽菱形（中庭拉长），低眉骨/眼下骨感，猫系眼·眼尾明显挑·宽眼距，窄鼻根/微弧鼻梁/窄翼鼻头，弓形唇·嘴角平直，收敛下颌
FD04409,长心形脸,中庭展宽,窄额,低眉骨,浅眼窝,低颧骨,轻凹面颊,方下颌,宽杏眼,眼尾明显挑,窄眼距,灰蓝瞳,中鼻根,轻微偏右鼻梁,方圆鼻头,宽嘴,单侧上扬,无标志,长心形脸（中庭展宽），低眉骨/浅眼窝，宽杏眼·眼尾明显挑·窄眼距，中鼻根/轻微偏右鼻梁/方圆鼻头，宽嘴·单侧上扬，方下颌
FD04410,方鹅蛋脸,中庭展宽,宽额,低眉骨,窄深眼窝,低颧骨,成熟收紧面颊,圆方下颌,圆长眼,眼尾平直,标准眼距,碎裂虹膜,中高鼻根,高直鼻梁,窄翼鼻头,上厚下薄,嘴角下垂,眼睑褶皱不对称,方鹅蛋脸（中庭展宽），低眉骨/窄深眼窝，圆长眼·眼尾平直·标准眼距，中高鼻根/高直鼻梁/窄翼鼻头，上厚下薄·嘴角下垂，圆方下颌
FD04411,宽方脸,中庭展宽,骨感额,柔和眉骨,眼下饱满,窄颧骨,薄面颊,圆方下颌,狭长瑞凤眼,眼尾延展,窄眼距,浅褐瞳,窄鼻根,高直鼻梁,方圆鼻头,上薄下厚,嘴角上扬,眼睑褶皱不对称,宽方脸（中庭展宽），柔和眉骨/眼下饱满，狭长瑞凤眼·眼尾延展·窄眼距，窄鼻根/高直鼻梁/方圆鼻头，上薄下厚·嘴角上扬，圆方下颌
FD04412,长菱形,面中立体化,平直额,厚眉骨,宽浅眼窝,窄颧骨,轻凹面颊,窄下颌,半睁懒眼,眼尾平直,标准眼距,深色瞳,中鼻根,中直鼻梁,方圆鼻头,小嘴,嘴角平直,单侧酒窝,长菱形（面中立体化），厚眉骨/宽浅眼窝，半睁懒眼·眼尾平直·标准眼距，中鼻根/中直鼻梁/方圆鼻头，小嘴·嘴角平直，窄下颌
FD04413,方菱过渡脸,颊部略凹,宽额,低眉骨,中度眼窝,外扩颧骨,幼态柔软面颊,方下颌,猫系眼,眼尾延展,宽眼距,琥珀瞳,中高鼻根,宽骨鼻梁,下压鼻头,平直唇,嘴角下垂,眼睑褶皱不对称,方菱过渡脸（颊部略凹），低眉骨/中度眼窝，猫系眼·眼尾延展·宽眼距，中高鼻根/宽骨鼻梁/下压鼻头，平直唇·嘴角下垂，方下颌
FD04414,梨形脸,中庭拉长,饱满额,高眉骨,窄深眼窝,高颧骨,幼态柔软面颊,骨感下颌,窄杏眼,眼尾微挑,标准眼距,淡金瞳,宽鼻根,轻鹰钩鼻梁,下压鼻头,上薄下厚,嘴角上扬,环状虹膜,梨形脸（中庭拉长），高眉骨/窄深眼窝，窄杏眼·眼尾微挑·标准眼距，宽鼻根/轻鹰钩鼻梁/下压鼻头，上薄下厚·嘴角上扬，骨感下颌
FD04415,鹅蛋偏心形,偏锐收窄,微凸额,柔和眉骨,深眼窝,低颧骨,轻凹面颊,明显下颌角,鹿系眼,眼尾明显挑,窄眼距,琥珀瞳,宽鼻根,中直鼻梁,微钝鼻头,薄唇,嘴角上扬,颈侧细疤,鹅蛋偏心形（偏锐收窄），柔和眉骨/深眼窝，鹿系眼·眼尾明显挑·窄眼距，宽鼻根/中直鼻梁/微钝鼻头，薄唇·嘴角上扬，明显下颌角
FD04416,圆脸,骨点内敛,饱满额,内侧突出眉骨,宽浅眼窝,窄颧骨,轻凹面颊,骨感下颌,长杏眼,眼尾明显挑,窄眼距,墨玉瞳,中高鼻根,宽骨鼻梁,微钝鼻头,厚唇,单侧上扬,眉心竖纹浅痕,圆脸（骨点内敛），内侧突出眉骨/宽浅眼窝，长杏眼·眼尾明显挑·窄眼距，中高鼻根/宽骨鼻梁/微钝鼻头，厚唇·单侧上扬，骨感下颌
FD04417,上宽下窄脸,下颌线柔化,低额,低眉骨,中度眼窝,宽颧骨,薄面颊,方下颌,瑞凤眼,眼尾下沉,窄眼距,异色瞳,低鼻根,微弧鼻梁,下压鼻头,小嘴,嘴角下垂,双侧酒窝,上宽下窄脸（下颌线柔化），低眉骨/中度眼窝，瑞凤眼·眼尾下沉·窄眼距，低鼻根/微弧鼻梁/下压鼻头，小嘴·嘴角下垂，方下颌
FD04418,窄方脸,颧部微收,骨感额,外侧突出眉骨,窄深眼窝,宽颧骨,幼态柔软面颊,窄下颌,半睁懒眼,眼尾下沉,标准眼距,星点虹膜,低鼻根,轻鹰钩鼻梁,方圆鼻头,弓形唇,嘴角平直,无标志,窄方脸（颧部微收），外侧突出眉骨/窄深眼窝，半睁懒眼·眼尾下沉·标准眼距，低鼻根/轻鹰钩鼻梁/方圆鼻头，弓形唇·嘴角平直，窄下颌
FD04419,幼态方脸,骨点外显,骨感额,低眉骨,浅眼窝,外扩颧骨,成熟收紧面颊,骨感下颌,狭长瑞凤眼,眼尾延展,宽眼距,星点虹膜,中鼻根,高直鼻梁,下压鼻头,小嘴,嘴角上扬,无标志,幼态方脸（骨点外显），低眉骨/浅眼窝，狭长瑞凤眼·眼尾延展·宽眼距，中鼻根/高直鼻梁/下压鼻头，小嘴·嘴角上扬，骨感下颌
FD04420,长圆脸,下庭加重,骨感额,低眉骨,宽浅眼窝,高颧骨,轻凹面颊,窄下颌,柳叶眼,眼尾平直,标准眼距,深色瞳,中高鼻根,宽骨鼻梁,骨感鼻头,小嘴,嘴角紧收,右眉轻断,长圆脸（下庭加重），低眉骨/宽浅眼窝，柳叶眼·眼尾平直·标准眼距，中高鼻根/宽骨鼻梁/骨感鼻头，小嘴·嘴角紧收，窄下颌
FD04421,长圆脸,上庭展开,低额,压迫感眉骨,深眼窝,柔和颧骨,饱满面颊,骨感下颌,上扬凤眼,眼尾平直,宽眼距,淡金瞳,低鼻根,轻鹰钩鼻梁,小圆鼻头,平直唇,单侧上扬,无标志,长圆脸（上庭展开），压迫感眉骨/深眼窝，上扬凤眼·眼尾平直·宽眼距，低鼻根/轻鹰钩鼻梁/小圆鼻头，平直唇·单侧上扬，骨感下颌
FD04422,宽心形脸,上庭收窄,高额,外侧突出眉骨,宽浅眼窝,外扩颧骨,薄面颊,圆方下颌,狐狸系眼,眼尾下沉,宽眼距,墨玉瞳,窄鼻根,轻微偏右鼻梁,骨感鼻头,宽嘴,单侧上扬,单侧虎牙,宽心形脸（上庭收窄），外侧突出眉骨/宽浅眼窝，狐狸系眼·眼尾下沉·宽眼距，窄鼻根/轻微偏右鼻梁/骨感鼻头，宽嘴·单侧上扬，圆方下颌
FD04423,幼态圆脸,上庭收窄,窄额,低眉骨,深眼窝,高颧骨,成熟收紧面颊,圆方下颌,瑞凤眼,眼尾明显挑,宽眼距,浅褐瞳,窄鼻根,轻微偏左鼻梁,肉感鼻头,上厚下薄,嘴角下垂,无标志,幼态圆脸（上庭收窄），低眉骨/深眼窝，瑞凤眼·眼尾明显挑·宽眼距，窄鼻根/轻微偏左鼻梁/肉感鼻头，上厚下薄·嘴角下垂，圆方下颌
FD04424,宽菱形,面中立体化,低额,柔和眉骨,眼下饱满,柔和颧骨,成熟收紧面颊,骨感下颌,鹤系眼,眼尾明显挑,宽眼距,浅褐瞳,宽鼻根,轻鹰钩鼻梁,肉感鼻头,平直唇,嘴角平直,下颌浅疤,宽菱形（面中立体化），柔和眉骨/眼下饱满，鹤系眼·眼尾明显挑·宽眼距，宽鼻根/轻鹰钩鼻梁/肉感鼻头，平直唇·嘴角平直，骨感下颌
FD04425,清瘦圆脸,颊部略凹,骨感额,柔和眉骨,深眼窝,外扩颧骨,轻凹面颊,柔和下颌,窄杏眼,眼尾延展,宽眼距,星点虹膜,中鼻根,中直鼻梁,微钝鼻头,平直唇,嘴角紧收,右眼下浅泪痣,清瘦圆脸（颊部略凹），柔和眉骨/深眼窝，窄杏眼·眼尾延展·宽眼距，中鼻根/中直鼻梁/微钝鼻头，平直唇·嘴角紧收，柔和下颌
FD04426,柔和菱形,中庭拉长,高额,内侧突出眉骨,浅眼窝,高颧骨,轻凹面颊,宽下颌,窄杏眼,眼尾下沉,标准眼距,淡金瞳,中鼻根,轻鹰钩鼻梁,肉感鼻头,上厚下薄,嘴角上扬,单侧酒窝,柔和菱形（中庭拉长），内侧突出眉骨/浅眼窝，窄杏眼·眼尾下沉·标准眼距，中鼻根/轻鹰钩鼻梁/肉感鼻头，上厚下薄·嘴角上扬，宽下颌
FD04427,幼态圆脸,上庭展开,窄额,低眉骨,眼下骨感,外扩颧骨,薄面颊,收敛下颌,疲惫眼,眼尾平直,宽眼距,异色瞳,窄鼻根,轻微偏左鼻梁,微钝鼻头,厚唇,嘴角平直,无标志,幼态圆脸（上庭展开），低眉骨/眼下骨感，疲惫眼·眼尾平直·宽眼距，窄鼻根/轻微偏左鼻梁/微钝鼻头，厚唇·嘴角平直，收敛下颌
FD04428,倒梯形脸,下庭收窄,低额,内侧突出眉骨,中度眼窝,低颧骨,薄面颊,窄下颌,鹿系眼,眼尾明显挑,窄眼距,灰蓝瞳,高鼻根,微弧鼻梁,方圆鼻头,小嘴,嘴角紧收,下颌浅疤,倒梯形脸（下庭收窄），内侧突出眉骨/中度眼窝，鹿系眼·眼尾明显挑·窄眼距，高鼻根/微弧鼻梁/方圆鼻头，小嘴·嘴角紧收，窄下颌
FD04429,正梯形脸,下庭收窄,微凸额,内侧突出眉骨,深眼窝,高颧骨,饱满面颊,方下颌,成熟长眼,眼尾延展,窄眼距,淡金瞳,高鼻根,轻微偏右鼻梁,下压鼻头,宽嘴,嘴角平直,瞳孔残缺,正梯形脸（下庭收窄），内侧突出眉骨/深眼窝，成熟长眼·眼尾延展·窄眼距，高鼻根/轻微偏右鼻梁/下压鼻头，宽嘴·嘴角平直，方下颌
FD04430,倒三角脸,颈部线条收短,窄额,薄眉骨,眼下饱满,宽颧骨,饱满面颊,窄下颌,柳叶眼,眼尾延展,标准眼距,墨玉瞳,中高鼻根,轻鹰钩鼻梁,肉感鼻头,平直唇,嘴角紧收,颈侧细疤,倒三角脸（颈部线条收短），薄眉骨/眼下饱满，柳叶眼·眼尾延展·标准眼距，中高鼻根/轻鹰钩鼻梁/肉感鼻头，平直唇·嘴角紧收，窄下颌
FD04431,长心形脸,上庭展开,高额,压迫感眉骨,深眼窝,高颧骨,薄面颊,柔和下颌,冷感眼,眼尾延展,标准眼距,深色瞳,中高鼻根,柔和鼻梁,小圆鼻头,上厚下薄,嘴角紧收,碎裂虹膜,长心形脸（上庭展开），压迫感眉骨/深眼窝，冷感眼·眼尾延展·标准眼距，中高鼻根/柔和鼻梁/小圆鼻头，上厚下薄·嘴角紧收，柔和下颌
FD04432,柔和方脸,下庭加重,高额,外侧突出眉骨,窄深眼窝,窄颧骨,幼态柔软面颊,柔和下颌,鹿系眼,眼尾下压,标准眼距,灰蓝瞳,中高鼻根,中直鼻梁,轻翘鼻头,弓形唇,单侧上扬,右眉轻断,柔和方脸（下庭加重），外侧突出眉骨/窄深眼窝，鹿系眼·眼尾下压·标准眼距，中高鼻根/中直鼻梁/轻翘鼻头，弓形唇·单侧上扬，柔和下颌
FD04433,鹅蛋偏菱,颧部外扩,高额,外侧突出眉骨,浅眼窝,窄颧骨,成熟收紧面颊,收敛下颌,上扬凤眼,眼尾下压,宽眼距,淡金瞳,中鼻根,高直鼻梁,骨感鼻头,薄唇,嘴角下垂,左颊浅疤,鹅蛋偏菱（颧部外扩），外侧突出眉骨/浅眼窝，上扬凤眼·眼尾下压·宽眼距，中鼻根/高直鼻梁/骨感鼻头，薄唇·嘴角下垂，收敛下颌
FD04434,方鹅蛋脸,颧部微收,窄额,柔和眉骨,窄深眼窝,窄颧骨,轻凹面颊,窄下颌,长杏眼,眼尾平直,标准眼距,深色瞳,中高鼻根,轻微偏右鼻梁,方圆鼻头,平直唇,嘴角上扬,眉心竖纹浅痕,方鹅蛋脸（颧部微收），柔和眉骨/窄深眼窝，长杏眼·眼尾平直·标准眼距，中高鼻根/轻微偏右鼻梁/方圆鼻头，平直唇·嘴角上扬，窄下颌
FD04435,清瘦圆脸,面中平缓,微凸额,低眉骨,中度眼窝,窄颧骨,饱满面颊,圆方下颌,短圆杏眼,眼尾下沉,标准眼距,异色瞳,中鼻根,中直鼻梁,小圆鼻头,平直唇,嘴角平直,右眼下浅泪痣,清瘦圆脸（面中平缓），低眉骨/中度眼窝，短圆杏眼·眼尾下沉·标准眼距，中鼻根/中直鼻梁/小圆鼻头，平直唇·嘴角平直，圆方下颌
FD04436,柔和方脸,颧部外扩,饱满额,薄眉骨,眼下骨感,低颧骨,成熟收紧面颊,窄下颌,狼系眼,眼尾微挑,宽眼距,灰蓝瞳,低鼻根,轻鹰钩鼻梁,下压鼻头,弓形唇,嘴角下垂,眉尾旧疤,柔和方脸（颧部外扩），薄眉骨/眼下骨感，狼系眼·眼尾微挑·宽眼距，低鼻根/轻鹰钩鼻梁/下压鼻头，弓形唇·嘴角下垂，窄下颌
FD04437,圆脸,偏锐收窄,微凸额,厚眉骨,宽浅眼窝,宽颧骨,幼态柔软面颊,明显下颌角,猫系眼,眼尾下压,窄眼距,异色瞳,低鼻根,宽骨鼻梁,窄翼鼻头,宽嘴,嘴角紧收,右眼下浅泪痣,圆脸（偏锐收窄），厚眉骨/宽浅眼窝，猫系眼·眼尾下压·窄眼距，低鼻根/宽骨鼻梁/窄翼鼻头，宽嘴·嘴角紧收，明显下颌角
FD04438,圆方脸,中轴收紧,饱满额,压迫感眉骨,窄深眼窝,低颧骨,饱满面颊,方下颌,长杏眼,眼尾平直,窄眼距,异色瞳,宽鼻根,柔和鼻梁,微钝鼻头,上厚下薄,嘴角上扬,无标志,圆方脸（中轴收紧），压迫感眉骨/窄深眼窝，长杏眼·眼尾平直·窄眼距，宽鼻根/柔和鼻梁/微钝鼻头，上厚下薄·嘴角上扬，方下颌
FD04439,正梯形脸,下颌线清晰化,饱满额,柔和眉骨,浅眼窝,柔和颧骨,幼态柔软面颊,宽下颌,鹰隼眼,眼尾平直,窄眼距,灰蓝瞳,低鼻根,微弧鼻梁,轻翘鼻头,厚唇,嘴角平直,眉心竖纹浅痕,正梯形脸（下颌线清晰化），柔和眉骨/浅眼窝，鹰隼眼·眼尾平直·窄眼距，低鼻根/微弧鼻梁/轻翘鼻头，厚唇·嘴角平直，宽下颌
FD04440,圆脸,偏锐收窄,窄额,低眉骨,眼下饱满,宽颧骨,成熟收紧面颊,收敛下颌,桃花眼,眼尾明显挑,窄眼距,灰蓝瞳,宽鼻根,宽骨鼻梁,窄翼鼻头,小嘴,嘴角下垂,双侧酒窝,圆脸（偏锐收窄），低眉骨/眼下饱满，桃花眼·眼尾明显挑·窄眼距，宽鼻根/宽骨鼻梁/窄翼鼻头，小嘴·嘴角下垂，收敛下颌
FD04441,下颌突出脸,颌角强调,骨感额,低眉骨,眼下骨感,宽颧骨,饱满面颊,窄下颌,窄杏眼,眼尾延展,窄眼距,碎裂虹膜,窄鼻根,轻微偏左鼻梁,肉感鼻头,弓形唇,嘴角下垂,双侧酒窝,下颌突出脸（颌角强调），低眉骨/眼下骨感，窄杏眼·眼尾延展·窄眼距，窄鼻根/轻微偏左鼻梁/肉感鼻头，弓形唇·嘴角下垂，窄下颌
FD04442,长方脸,骨点内敛,微凸额,高眉骨,宽浅眼窝,窄颧骨,薄面颊,方下颌,长杏眼,眼尾下沉,窄眼距,异色瞳,窄鼻根,轻微偏右鼻梁,小圆鼻头,小嘴,嘴角紧收,额角旧痕,长方脸（骨点内敛），高眉骨/宽浅眼窝，长杏眼·眼尾下沉·窄眼距，窄鼻根/轻微偏右鼻梁/小圆鼻头，小嘴·嘴角紧收，方下颌
FD04443,骨感菱形,下庭收窄,高额,薄眉骨,眼下饱满,高颧骨,饱满面颊,收敛下颌,狭长眼,眼尾延展,标准眼距,星点虹膜,中高鼻根,轻微偏左鼻梁,骨感鼻头,宽嘴,嘴角紧收,额角旧痕,骨感菱形（下庭收窄），薄眉骨/眼下饱满，狭长眼·眼尾延展·标准眼距，中高鼻根/轻微偏左鼻梁/骨感鼻头，宽嘴·嘴角紧收，收敛下颌
FD04444,鹅蛋偏菱,中庭拉长,平直额,压迫感眉骨,眼下饱满,低颧骨,饱满面颊,明显下颌角,圆长眼,眼尾下压,窄眼距,灰蓝瞳,窄鼻根,高直鼻梁,轻翘鼻头,厚唇,嘴角下垂,眉上小疤,鹅蛋偏菱（中庭拉长），压迫感眉骨/眼下饱满，圆长眼·眼尾下压·窄眼距，窄鼻根/高直鼻梁/轻翘鼻头，厚唇·嘴角下垂，明显下颌角
FD04445,宽菱形,面中立体化,低额,内侧突出眉骨,深眼窝,外扩颧骨,成熟收紧面颊,圆方下颌,狼系眼,眼尾明显挑,宽眼距,深色瞳,低鼻根,柔和鼻梁,微钝鼻头,厚唇,单侧上扬,碎裂虹膜,宽菱形（面中立体化），内侧突出眉骨/深眼窝，狼系眼·眼尾明显挑·宽眼距，低鼻根/柔和鼻梁/微钝鼻头，厚唇·单侧上扬，圆方下颌
FD04446,圆脸,上庭展开,低额,柔和眉骨,浅眼窝,柔和颧骨,幼态柔软面颊,骨感下颌,狭长瑞凤眼,眼尾微挑,宽眼距,碎裂虹膜,宽鼻根,中直鼻梁,微钝鼻头,厚唇,嘴角下垂,颈侧细疤,圆脸（上庭展开），柔和眉骨/浅眼窝，狭长瑞凤眼·眼尾微挑·宽眼距，宽鼻根/中直鼻梁/微钝鼻头，厚唇·嘴角下垂，骨感下颌
FD04447,上窄下宽脸,下颌线柔化,微凸额,高眉骨,深眼窝,窄颧骨,轻凹面颊,柔和下颌,少年圆眼,眼尾下压,标准眼距,环状虹膜,窄鼻根,中直鼻梁,窄翼鼻头,宽嘴,嘴角平直,眉上小疤,上窄下宽脸（下颌线柔化），高眉骨/深眼窝，少年圆眼·眼尾下压·标准眼距，窄鼻根/中直鼻梁/窄翼鼻头，宽嘴·嘴角平直，柔和下颌
FD04448,柔和菱形,颊部饱满,宽额,压迫感眉骨,眼下骨感,低颧骨,成熟收紧面颊,窄下颌,长杏眼,眼尾微挑,标准眼距,淡金瞳,窄鼻根,轻微偏右鼻梁,下压鼻头,小嘴,嘴角下垂,无标志,柔和菱形（颊部饱满），压迫感眉骨/眼下骨感，长杏眼·眼尾微挑·标准眼距，窄鼻根/轻微偏右鼻梁/下压鼻头，小嘴·嘴角下垂，窄下颌
FD04449,倒梯形脸,颊部饱满,高额,高眉骨,宽浅眼窝,低颧骨,幼态柔软面颊,收敛下颌,少年圆眼,眼尾明显挑,标准眼距,碎裂虹膜,宽鼻根,微弧鼻梁,轻翘鼻头,上厚下薄,嘴角下垂,唇下小痣,倒梯形脸（颊部饱满），高眉骨/宽浅眼窝，少年圆眼·眼尾明显挑·标准眼距，宽鼻根/微弧鼻梁/轻翘鼻头，上厚下薄·嘴角下垂，收敛下颌
FD04450,圆方脸,上庭展开,宽额,柔和眉骨,浅眼窝,柔和颧骨,成熟收紧面颊,圆方下颌,桃花眼,眼尾延展,宽眼距,淡金瞳,高鼻根,高直鼻梁,微钝鼻头,成熟长唇,嘴角下垂,瞳孔残缺,圆方脸（上庭展开），柔和眉骨/浅眼窝，桃花眼·眼尾延展·宽眼距，高鼻根/高直鼻梁/微钝鼻头，成熟长唇·嘴角下垂，圆方下颌
FD04451,圆方脸,颈部线条延长,窄额,压迫感眉骨,中度眼窝,外扩颧骨,轻凹面颊,明显下颌角,狐狸系眼,眼尾延展,宽眼距,浅褐瞳,中高鼻根,高直鼻梁,肉感鼻头,小嘴,嘴角紧收,耳后小痣,圆方脸（颈部线条延长），压迫感眉骨/中度眼窝，狐狸系眼·眼尾延展·宽眼距，中高鼻根/高直鼻梁/肉感鼻头，小嘴·嘴角紧收，明显下颌角
FD04452,宽方脸,面中平缓,低额,高眉骨,宽浅眼窝,低颧骨,轻凹面颊,骨感下颌,猫系眼,眼尾下压,窄眼距,碎裂虹膜,中鼻根,柔和鼻梁,下压鼻头,弓形唇,嘴角下垂,下颌浅疤,宽方脸（面中平缓），高眉骨/宽浅眼窝，猫系眼·眼尾下压·窄眼距，中鼻根/柔和鼻梁/下压鼻头，弓形唇·嘴角下垂，骨感下颌
FD04453,双颌匀称脸,颊部略凹,微凸额,柔和眉骨,深眼窝,外扩颧骨,成熟收紧面颊,收敛下颌,窄杏眼,眼尾平直,窄眼距,环状虹膜,高鼻根,柔和鼻梁,微钝鼻头,上厚下薄,嘴角紧收,耳后小痣,双颌匀称脸（颊部略凹），柔和眉骨/深眼窝，窄杏眼·眼尾平直·窄眼距，高鼻根/柔和鼻梁/微钝鼻头，上厚下薄·嘴角紧收，收敛下颌
FD04454,长圆脸,上庭展开,高额,外侧突出眉骨,眼下骨感,高颧骨,幼态柔软面颊,方下颌,瑞凤眼,眼尾明显挑,宽眼距,琥珀瞳,窄鼻根,轻微偏左鼻梁,肉感鼻头,宽嘴,嘴角上扬,眼睑褶皱不对称,长圆脸（上庭展开），外侧突出眉骨/眼下骨感，瑞凤眼·眼尾明显挑·宽眼距，窄鼻根/轻微偏左鼻梁/肉感鼻头，宽嘴·嘴角上扬，方下颌
FD04455,长鹅蛋脸,上庭收窄,微凸额,外侧突出眉骨,宽浅眼窝,外扩颧骨,幼态柔软面颊,圆方下颌,猫系眼,眼尾延展,宽眼距,深色瞳,宽鼻根,轻微偏右鼻梁,肉感鼻头,上厚下薄,嘴角平直,左颊浅疤,长鹅蛋脸（上庭收窄），外侧突出眉骨/宽浅眼窝，猫系眼·眼尾延展·宽眼距，宽鼻根/轻微偏右鼻梁/肉感鼻头，上厚下薄·嘴角平直，圆方下颌
FD04456,宽鹅蛋脸,面中平缓,窄额,高眉骨,深眼窝,外扩颧骨,轻凹面颊,宽下颌,平直杏眼,眼尾下压,窄眼距,星点虹膜,高鼻根,柔和鼻梁,小圆鼻头,成熟长唇,嘴角紧收,左眼下浅泪痣,宽鹅蛋脸（面中平缓），高眉骨/深眼窝，平直杏眼·眼尾下压·窄眼距，高鼻根/柔和鼻梁/小圆鼻头，成熟长唇·嘴角紧收，宽下颌
FD04457,窄鹅蛋脸,下庭加重,微凸额,内侧突出眉骨,宽浅眼窝,柔和颧骨,成熟收紧面颊,宽下颌,下垂眼,眼尾明显挑,宽眼距,淡金瞳,窄鼻根,轻微偏右鼻梁,窄翼鼻头,平直唇,嘴角下垂,右眼下浅泪痣,窄鹅蛋脸（下庭加重），内侧突出眉骨/宽浅眼窝，下垂眼·眼尾明显挑·宽眼距，窄鼻根/轻微偏右鼻梁/窄翼鼻头，平直唇·嘴角下垂，宽下颌
FD04458,清瘦圆脸,下颌线柔化,平直额,压迫感眉骨,眼下骨感,柔和颧骨,饱满面颊,方下颌,平凤眼,眼尾下沉,宽眼距,环状虹膜,中高鼻根,柔和鼻梁,肉感鼻头,小嘴,嘴角紧收,颈侧细疤,清瘦圆脸（下颌线柔化），压迫感眉骨/眼下骨感，平凤眼·眼尾下沉·宽眼距，中高鼻根/柔和鼻梁/肉感鼻头，小嘴·嘴角紧收，方下颌
FD04459,柔和菱形,颈部线条延长,骨感额,低眉骨,眼下饱满,低颧骨,饱满面颊,宽下颌,猫系眼,眼尾下压,宽眼距,琥珀瞳,高鼻根,中直鼻梁,方圆鼻头,上厚下薄,嘴角下垂,单侧虎牙,柔和菱形（颈部线条延长），低眉骨/眼下饱满，猫系眼·眼尾下压·宽眼距，高鼻根/中直鼻梁/方圆鼻头，上厚下薄·嘴角下垂，宽下颌
FD04460,清瘦圆脸,颌角强调,饱满额,内侧突出眉骨,深眼窝,柔和颧骨,轻凹面颊,收敛下颌,狐狸系眼,眼尾平直,窄眼距,星点虹膜,中高鼻根,轻微偏右鼻梁,下压鼻头,宽嘴,嘴角下垂,单侧虎牙,清瘦圆脸（颌角强调），内侧突出眉骨/深眼窝，狐狸系眼·眼尾平直·窄眼距，中高鼻根/轻微偏右鼻梁/下压鼻头，宽嘴·嘴角下垂，收敛下颌
FD04461,圆方脸,颌角强调,骨感额,厚眉骨,浅眼窝,高颧骨,饱满面颊,明显下颌角,猫系眼,眼尾下沉,窄眼距,深色瞳,中高鼻根,轻微偏左鼻梁,下压鼻头,弓形唇,嘴角下垂,右眉轻断,圆方脸（颌角强调），厚眉骨/浅眼窝，猫系眼·眼尾下沉·窄眼距，中高鼻根/轻微偏左鼻梁/下压鼻头，弓形唇·嘴角下垂，明显下颌角
FD04462,宽心形脸,偏锐收窄,低额,压迫感眉骨,浅眼窝,低颧骨,成熟收紧面颊,窄下颌,瑞凤眼,眼尾微挑,宽眼距,深色瞳,中鼻根,柔和鼻梁,骨感鼻头,小嘴,嘴角平直,碎裂虹膜,宽心形脸（偏锐收窄），压迫感眉骨/浅眼窝，瑞凤眼·眼尾微挑·宽眼距，中鼻根/柔和鼻梁/骨感鼻头，小嘴·嘴角平直，窄下颌
FD04463,短鹅蛋脸,颈部线条收短,窄额,厚眉骨,深眼窝,窄颧骨,饱满面颊,宽下颌,疲惫眼,眼尾微挑,宽眼距,异色瞳,中高鼻根,中直鼻梁,肉感鼻头,小嘴,嘴角平直,眼角小痣,短鹅蛋脸（颈部线条收短），厚眉骨/深眼窝，疲惫眼·眼尾微挑·宽眼距，中高鼻根/中直鼻梁/肉感鼻头，小嘴·嘴角平直，宽下颌
FD04464,双颌匀称脸,中庭拉长,骨感额,外侧突出眉骨,眼下骨感,宽颧骨,成熟收紧面颊,窄下颌,猫系眼,眼尾微挑,标准眼距,淡金瞳,中高鼻根,高直鼻梁,微钝鼻头,厚唇,嘴角下垂,颈侧细疤,双颌匀称脸（中庭拉长），外侧突出眉骨/眼下骨感，猫系眼·眼尾微挑·标准眼距，中高鼻根/高直鼻梁/微钝鼻头，厚唇·嘴角下垂，窄下颌
FD04465,倒梯形脸,偏柔圆润,饱满额,柔和眉骨,浅眼窝,柔和颧骨,幼态柔软面颊,收敛下颌,柳叶眼,眼尾下沉,窄眼距,星点虹膜,高鼻根,柔和鼻梁,骨感鼻头,上薄下厚,单侧上扬,下颌浅疤,倒梯形脸（偏柔圆润），柔和眉骨/浅眼窝，柳叶眼·眼尾下沉·窄眼距，高鼻根/柔和鼻梁/骨感鼻头，上薄下厚·单侧上扬，收敛下颌
FD04466,清瘦圆脸,中轴微长,低额,低眉骨,深眼窝,柔和颧骨,幼态柔软面颊,窄下颌,桃花眼,眼尾下沉,宽眼距,碎裂虹膜,高鼻根,柔和鼻梁,窄翼鼻头,上厚下薄,嘴角下垂,环状虹膜,清瘦圆脸（中轴微长），低眉骨/深眼窝，桃花眼·眼尾下沉·宽眼距，高鼻根/柔和鼻梁/窄翼鼻头，上厚下薄·嘴角下垂，窄下颌
FD04467,幼态圆脸,偏柔圆润,宽额,压迫感眉骨,浅眼窝,高颧骨,饱满面颊,柔和下颌,瑞凤眼,眼尾延展,标准眼距,碎裂虹膜,中高鼻根,轻鹰钩鼻梁,肉感鼻头,薄唇,嘴角下垂,无标志,幼态圆脸（偏柔圆润），压迫感眉骨/浅眼窝，瑞凤眼·眼尾延展·标准眼距，中高鼻根/轻鹰钩鼻梁/肉感鼻头，薄唇·嘴角下垂，柔和下颌
FD04468,窄鹅蛋脸,骨点外显,宽额,薄眉骨,窄深眼窝,高颧骨,薄面颊,宽下颌,鹤系眼,眼尾延展,标准眼距,碎裂虹膜,中高鼻根,中直鼻梁,下压鼻头,厚唇,嘴角紧收,下颌浅疤,窄鹅蛋脸（骨点外显），薄眉骨/窄深眼窝，鹤系眼·眼尾延展·标准眼距，中高鼻根/中直鼻梁/下压鼻头，厚唇·嘴角紧收，宽下颌
FD04469,宽鹅蛋脸,上庭收窄,宽额,高眉骨,宽浅眼窝,柔和颧骨,饱满面颊,方下颌,丹凤眼,眼尾延展,标准眼距,碎裂虹膜,宽鼻根,高直鼻梁,小圆鼻头,厚唇,嘴角平直,右眉轻断,宽鹅蛋脸（上庭收窄），高眉骨/宽浅眼窝，丹凤眼·眼尾延展·标准眼距，宽鼻根/高直鼻梁/小圆鼻头，厚唇·嘴角平直，方下颌
FD04470,倒梯形脸,上庭展开,宽额,高眉骨,窄深眼窝,高颧骨,成熟收紧面颊,圆方下颌,短杏眼,眼尾延展,窄眼距,琥珀瞳,窄鼻根,轻微偏右鼻梁,窄翼鼻头,上厚下薄,单侧上扬,耳后小痣,倒梯形脸（上庭展开），高眉骨/窄深眼窝，短杏眼·眼尾延展·窄眼距，窄鼻根/轻微偏右鼻梁/窄翼鼻头，上厚下薄·单侧上扬，圆方下颌
FD04471,方菱过渡脸,颧部外扩,平直额,薄眉骨,眼下骨感,柔和颧骨,饱满面颊,骨感下颌,瑞凤眼,眼尾延展,窄眼距,浅褐瞳,高鼻根,中直鼻梁,轻翘鼻头,弓形唇,嘴角紧收,右眉轻断,方菱过渡脸（颧部外扩），薄眉骨/眼下骨感，瑞凤眼·眼尾延展·窄眼距，高鼻根/中直鼻梁/轻翘鼻头，弓形唇·嘴角紧收，骨感下颌
FD04472,短圆脸,颊部饱满,宽额,压迫感眉骨,深眼窝,高颧骨,轻凹面颊,宽下颌,成熟长眼,眼尾下沉,标准眼距,环状虹膜,宽鼻根,柔和鼻梁,下压鼻头,成熟长唇,嘴角紧收,指节薄茧,短圆脸（颊部饱满），压迫感眉骨/深眼窝，成熟长眼·眼尾下沉·标准眼距，宽鼻根/柔和鼻梁/下压鼻头，成熟长唇·嘴角紧收，宽下颌
FD04473,鹅蛋偏方,下庭收窄,饱满额,内侧突出眉骨,浅眼窝,宽颧骨,饱满面颊,明显下颌角,窄杏眼,眼尾微挑,标准眼距,淡金瞳,窄鼻根,微弧鼻梁,轻翘鼻头,平直唇,单侧上扬,碎裂虹膜,鹅蛋偏方（下庭收窄），内侧突出眉骨/浅眼窝，窄杏眼·眼尾微挑·标准眼距，窄鼻根/微弧鼻梁/轻翘鼻头，平直唇·单侧上扬，明显下颌角
FD04474,长心形脸,面中立体化,饱满额,高眉骨,宽浅眼窝,宽颧骨,成熟收紧面颊,明显下颌角,狭长瑞凤眼,眼尾明显挑,宽眼距,碎裂虹膜,中高鼻根,高直鼻梁,肉感鼻头,成熟长唇,嘴角下垂,环状虹膜,长心形脸（面中立体化），高眉骨/宽浅眼窝，狭长瑞凤眼·眼尾明显挑·宽眼距，中高鼻根/高直鼻梁/肉感鼻头，成熟长唇·嘴角下垂，明显下颌角
FD04475,上宽下窄脸,中庭展宽,窄额,内侧突出眉骨,深眼窝,低颧骨,轻凹面颊,窄下颌,蛇系眼,眼尾微挑,窄眼距,灰蓝瞳,中高鼻根,微弧鼻梁,方圆鼻头,平直唇,嘴角下垂,颈侧细疤,上宽下窄脸（中庭展宽），内侧突出眉骨/深眼窝，蛇系眼·眼尾微挑·窄眼距，中高鼻根/微弧鼻梁/方圆鼻头，平直唇·嘴角下垂，窄下颌
FD04476,鹅蛋偏心形,中轴收紧,平直额,柔和眉骨,眼下饱满,窄颧骨,成熟收紧面颊,窄下颌,猫系眼,眼尾明显挑,窄眼距,环状虹膜,窄鼻根,轻鹰钩鼻梁,小圆鼻头,厚唇,嘴角上扬,颈侧细疤,鹅蛋偏心形（中轴收紧），柔和眉骨/眼下饱满，猫系眼·眼尾明显挑·窄眼距，窄鼻根/轻鹰钩鼻梁/小圆鼻头，厚唇·嘴角上扬，窄下颌
FD04477,柔和方脸,下颌线柔化,高额,厚眉骨,眼下骨感,窄颧骨,轻凹面颊,方下颌,瑞凤眼,眼尾下压,宽眼距,灰蓝瞳,中鼻根,宽骨鼻梁,肉感鼻头,上薄下厚,单侧上扬,右眼下浅泪痣,柔和方脸（下颌线柔化），厚眉骨/眼下骨感，瑞凤眼·眼尾下压·宽眼距，中鼻根/宽骨鼻梁/肉感鼻头，上薄下厚·单侧上扬，方下颌
FD04478,梨形脸,面中立体化,宽额,内侧突出眉骨,窄深眼窝,高颧骨,饱满面颊,骨感下颌,鹰隼眼,眼尾平直,标准眼距,墨玉瞳,中高鼻根,中直鼻梁,轻翘鼻头,宽嘴,单侧上扬,眉尾旧疤,梨形脸（面中立体化），内侧突出眉骨/窄深眼窝，鹰隼眼·眼尾平直·标准眼距，中高鼻根/中直鼻梁/轻翘鼻头，宽嘴·单侧上扬，骨感下颌
FD04479,清瘦圆脸,偏柔圆润,宽额,内侧突出眉骨,宽浅眼窝,窄颧骨,成熟收紧面颊,柔和下颌,宽杏眼,眼尾延展,标准眼距,深色瞳,低鼻根,柔和鼻梁,窄翼鼻头,厚唇,嘴角平直,下颌浅疤,清瘦圆脸（偏柔圆润），内侧突出眉骨/宽浅眼窝，宽杏眼·眼尾延展·标准眼距，低鼻根/柔和鼻梁/窄翼鼻头，厚唇·嘴角平直，柔和下颌
FD04480,长心形脸,中轴收紧,饱满额,高眉骨,浅眼窝,柔和颧骨,幼态柔软面颊,骨感下颌,圆长眼,眼尾下沉,窄眼距,墨玉瞳,窄鼻根,轻鹰钩鼻梁,轻翘鼻头,上厚下薄,单侧上扬,下颌浅疤,长心形脸（中轴收紧），高眉骨/浅眼窝，圆长眼·眼尾下沉·窄眼距，窄鼻根/轻鹰钩鼻梁/轻翘鼻头，上厚下薄·单侧上扬，骨感下颌
FD04481,窄鹅蛋脸,中庭拉长,饱满额,内侧突出眉骨,深眼窝,低颧骨,饱满面颊,明显下颌角,成熟长眼,眼尾下压,标准眼距,浅褐瞳,窄鼻根,宽骨鼻梁,小圆鼻头,平直唇,嘴角上扬,眉尾旧疤,窄鹅蛋脸（中庭拉长），内侧突出眉骨/深眼窝，成熟长眼·眼尾下压·标准眼距，窄鼻根/宽骨鼻梁/小圆鼻头，平直唇·嘴角上扬，明显下颌角
FD04482,圆脸,面中平缓,平直额,压迫感眉骨,眼下饱满,外扩颧骨,幼态柔软面颊,圆方下颌,狐狸系眼,眼尾下沉,标准眼距,墨玉瞳,低鼻根,柔和鼻梁,下压鼻头,小嘴,嘴角平直,碎裂虹膜,圆脸（面中平缓），压迫感眉骨/眼下饱满，狐狸系眼·眼尾下沉·标准眼距，低鼻根/柔和鼻梁/下压鼻头，小嘴·嘴角平直，圆方下颌
FD04483,肉感短脸,中轴收紧,宽额,压迫感眉骨,深眼窝,柔和颧骨,轻凹面颊,窄下颌,桃花眼,眼尾下沉,窄眼距,碎裂虹膜,低鼻根,轻微偏左鼻梁,肉感鼻头,厚唇,嘴角平直,左颊浅疤,肉感短脸（中轴收紧），压迫感眉骨/深眼窝，桃花眼·眼尾下沉·窄眼距，低鼻根/轻微偏左鼻梁/肉感鼻头，厚唇·嘴角平直，窄下颌
FD04484,鹅蛋偏菱,下庭加重,微凸额,外侧突出眉骨,浅眼窝,外扩颧骨,薄面颊,方下颌,平直杏眼,眼尾延展,标准眼距,淡金瞳,中鼻根,轻微偏右鼻梁,小圆鼻头,小嘴,嘴角平直,额角旧痕,鹅蛋偏菱（下庭加重），外侧突出眉骨/浅眼窝，平直杏眼·眼尾延展·标准眼距，中鼻根/轻微偏右鼻梁/小圆鼻头，小嘴·嘴角平直，方下颌
FD04485,长菱形,颌角强调,高额,外侧突出眉骨,眼下骨感,外扩颧骨,幼态柔软面颊,柔和下颌,半睁懒眼,眼尾明显挑,宽眼距,墨玉瞳,高鼻根,微弧鼻梁,轻翘鼻头,宽嘴,嘴角平直,耳后小痣,长菱形（颌角强调），外侧突出眉骨/眼下骨感，半睁懒眼·眼尾明显挑·宽眼距，高鼻根/微弧鼻梁/轻翘鼻头，宽嘴·嘴角平直，柔和下颌
FD04486,宽方脸,颈部线条延长,饱满额,薄眉骨,中度眼窝,宽颧骨,薄面颊,收敛下颌,窄杏眼,眼尾平直,标准眼距,琥珀瞳,中高鼻根,宽骨鼻梁,肉感鼻头,宽嘴,嘴角上扬,左眼下浅泪痣,宽方脸（颈部线条延长），薄眉骨/中度眼窝，窄杏眼·眼尾平直·标准眼距，中高鼻根/宽骨鼻梁/肉感鼻头，宽嘴·嘴角上扬，收敛下颌
FD04487,清瘦圆脸,颊部饱满,高额,高眉骨,窄深眼窝,窄颧骨,饱满面颊,收敛下颌,鹤系眼,眼尾延展,标准眼距,异色瞳,中高鼻根,宽骨鼻梁,微钝鼻头,平直唇,单侧上扬,右眼下浅泪痣,清瘦圆脸（颊部饱满），高眉骨/窄深眼窝，鹤系眼·眼尾延展·标准眼距，中高鼻根/宽骨鼻梁/微钝鼻头，平直唇·单侧上扬，收敛下颌
FD04488,窄方脸,颈部线条收短,低额,低眉骨,宽浅眼窝,宽颧骨,轻凹面颊,骨感下颌,疲惫眼,眼尾下压,标准眼距,灰蓝瞳,宽鼻根,轻微偏右鼻梁,小圆鼻头,平直唇,嘴角平直,下颌浅疤,窄方脸（颈部线条收短），低眉骨/宽浅眼窝，疲惫眼·眼尾下压·标准眼距，宽鼻根/轻微偏右鼻梁/小圆鼻头，平直唇·嘴角平直，骨感下颌
FD04489,上窄下宽脸,骨点外显,微凸额,高眉骨,眼下饱满,低颧骨,成熟收紧面颊,收敛下颌,少年圆眼,眼尾明显挑,宽眼距,星点虹膜,低鼻根,微弧鼻梁,骨感鼻头,厚唇,嘴角上扬,鼻梁旧伤,上窄下宽脸（骨点外显），高眉骨/眼下饱满，少年圆眼·眼尾明显挑·宽眼距，低鼻根/微弧鼻梁/骨感鼻头，厚唇·嘴角上扬，收敛下颌
FD04490,清瘦圆脸,下颌线柔化,高额,薄眉骨,深眼窝,柔和颧骨,幼态柔软面颊,方下颌,平直杏眼,眼尾下沉,标准眼距,环状虹膜,中鼻根,轻鹰钩鼻梁,小圆鼻头,上薄下厚,嘴角上扬,异色瞳,清瘦圆脸（下颌线柔化），薄眉骨/深眼窝，平直杏眼·眼尾下沉·标准眼距，中鼻根/轻鹰钩鼻梁/小圆鼻头，上薄下厚·嘴角上扬，方下颌
FD04491,短方脸,中轴收紧,低额,厚眉骨,眼下骨感,柔和颧骨,饱满面颊,圆方下颌,狼系眼,眼尾明显挑,标准眼距,异色瞳,中高鼻根,宽骨鼻梁,窄翼鼻头,薄唇,单侧上扬,颈侧细疤,短方脸（中轴收紧），厚眉骨/眼下骨感，狼系眼·眼尾明显挑·标准眼距，中高鼻根/宽骨鼻梁/窄翼鼻头，薄唇·单侧上扬，圆方下颌
FD04492,窄方脸,中庭拉长,微凸额,高眉骨,深眼窝,窄颧骨,幼态柔软面颊,明显下颌角,冷感眼,眼尾下压,宽眼距,淡金瞳,低鼻根,宽骨鼻梁,骨感鼻头,厚唇,嘴角上扬,眼角小痣,窄方脸（中庭拉长），高眉骨/深眼窝，冷感眼·眼尾下压·宽眼距，低鼻根/宽骨鼻梁/骨感鼻头，厚唇·嘴角上扬，明显下颌角
FD04493,鹅蛋偏方,颌角强调,低额,外侧突出眉骨,中度眼窝,低颧骨,轻凹面颊,骨感下颌,平凤眼,眼尾平直,标准眼距,浅褐瞳,宽鼻根,轻微偏左鼻梁,轻翘鼻头,宽嘴,嘴角上扬,颈侧细疤,鹅蛋偏方（颌角强调），外侧突出眉骨/中度眼窝，平凤眼·眼尾平直·标准眼距，宽鼻根/轻微偏左鼻梁/轻翘鼻头，宽嘴·嘴角上扬，骨感下颌
FD04494,骨感窄脸,中轴微长,高额,外侧突出眉骨,窄深眼窝,柔和颧骨,轻凹面颊,窄下颌,半睁懒眼,眼尾延展,宽眼距,灰蓝瞳,低鼻根,轻鹰钩鼻梁,骨感鼻头,小嘴,嘴角紧收,左眼下浅泪痣,骨感窄脸（中轴微长），外侧突出眉骨/窄深眼窝，半睁懒眼·眼尾延展·宽眼距，低鼻根/轻鹰钩鼻梁/骨感鼻头，小嘴·嘴角紧收，窄下颌
FD04495,鹅蛋偏菱,偏锐收窄,微凸额,低眉骨,眼下饱满,窄颧骨,幼态柔软面颊,骨感下颌,圆长眼,眼尾平直,宽眼距,淡金瞳,窄鼻根,微弧鼻梁,轻翘鼻头,薄唇,嘴角平直,碎裂虹膜,鹅蛋偏菱（偏锐收窄），低眉骨/眼下饱满，圆长眼·眼尾平直·宽眼距，窄鼻根/微弧鼻梁/轻翘鼻头，薄唇·嘴角平直，骨感下颌
FD04496,倒梯形脸,面中立体化,微凸额,压迫感眉骨,眼下骨感,柔和颧骨,饱满面颊,方下颌,蛇系眼,眼尾明显挑,标准眼距,浅褐瞳,高鼻根,微弧鼻梁,方圆鼻头,小嘴,单侧上扬,颈侧细疤,倒梯形脸（面中立体化），压迫感眉骨/眼下骨感，蛇系眼·眼尾明显挑·标准眼距，高鼻根/微弧鼻梁/方圆鼻头，小嘴·单侧上扬，方下颌
FD04497,短鹅蛋脸,面中立体化,窄额,外侧突出眉骨,宽浅眼窝,高颧骨,轻凹面颊,柔和下颌,狐狸系眼,眼尾明显挑,宽眼距,深色瞳,中鼻根,轻鹰钩鼻梁,窄翼鼻头,薄唇,嘴角紧收,无标志,短鹅蛋脸（面中立体化），外侧突出眉骨/宽浅眼窝，狐狸系眼·眼尾明显挑·宽眼距，中鼻根/轻鹰钩鼻梁/窄翼鼻头，薄唇·嘴角紧收，柔和下颌
FD04498,方菱过渡脸,颌角弱化,微凸额,柔和眉骨,宽浅眼窝,宽颧骨,成熟收紧面颊,明显下颌角,狭长眼,眼尾平直,窄眼距,墨玉瞳,高鼻根,轻微偏右鼻梁,骨感鼻头,宽嘴,嘴角平直,唇下小痣,方菱过渡脸（颌角弱化），柔和眉骨/宽浅眼窝，狭长眼·眼尾平直·窄眼距，高鼻根/轻微偏右鼻梁/骨感鼻头，宽嘴·嘴角平直，明显下颌角
FD04499,方鹅蛋脸,中庭展宽,低额,薄眉骨,窄深眼窝,外扩颧骨,幼态柔软面颊,骨感下颌,柳叶眼,眼尾延展,标准眼距,浅褐瞳,低鼻根,柔和鼻梁,轻翘鼻头,上薄下厚,单侧上扬,环状虹膜,方鹅蛋脸（中庭展宽），薄眉骨/窄深眼窝，柳叶眼·眼尾延展·标准眼距，低鼻根/柔和鼻梁/轻翘鼻头，上薄下厚·单侧上扬，骨感下颌
FD04500,长圆脸,颊部略凹,骨感额,高眉骨,眼下骨感,外扩颧骨,薄面颊,窄下颌,丹凤眼,眼尾明显挑,宽眼距,碎裂虹膜,低鼻根,轻鹰钩鼻梁,微钝鼻头,上薄下厚,嘴角紧收,眼角小痣,长圆脸（颊部略凹），高眉骨/眼下骨感，丹凤眼·眼尾明显挑·宽眼距，低鼻根/轻鹰钩鼻梁/微钝鼻头，上薄下厚·嘴角紧收，窄下颌
FD04501,正梯形脸,颧部外扩,窄额,内侧突出眉骨,浅眼窝,高颧骨,轻凹面颊,明显下颌角,鹰隼眼,眼尾明显挑,窄眼距,环状虹膜,高鼻根,中直鼻梁,下压鼻头,上厚下薄,嘴角紧收,异色瞳,正梯形脸（颧部外扩），内侧突出眉骨/浅眼窝，鹰隼眼·眼尾明显挑·窄眼距，高鼻根/中直鼻梁/下压鼻头，上厚下薄·嘴角紧收，明显下颌角
FD04502,肉感短脸,上庭展开,高额,高眉骨,深眼窝,外扩颧骨,成熟收紧面颊,收敛下颌,鹤系眼,眼尾延展,宽眼距,淡金瞳,中鼻根,轻微偏右鼻梁,小圆鼻头,平直唇,嘴角平直,碎裂虹膜,肉感短脸（上庭展开），高眉骨/深眼窝，鹤系眼·眼尾延展·宽眼距，中鼻根/轻微偏右鼻梁/小圆鼻头，平直唇·嘴角平直，收敛下颌
FD04503,正梯形脸,中庭展宽,窄额,薄眉骨,浅眼窝,低颧骨,薄面颊,圆方下颌,半睁懒眼,眼尾微挑,标准眼距,浅褐瞳,低鼻根,轻鹰钩鼻梁,轻翘鼻头,小嘴,嘴角下垂,耳后小痣,正梯形脸（中庭展宽），薄眉骨/浅眼窝，半睁懒眼·眼尾微挑·标准眼距，低鼻根/轻鹰钩鼻梁/轻翘鼻头，小嘴·嘴角下垂，圆方下颌
FD04504,心形脸,面中立体化,微凸额,厚眉骨,眼下饱满,宽颧骨,成熟收紧面颊,柔和下颌,冷感眼,眼尾微挑,窄眼距,异色瞳,中高鼻根,柔和鼻梁,微钝鼻头,宽嘴,嘴角平直,指节薄茧,心形脸（面中立体化），厚眉骨/眼下饱满，冷感眼·眼尾微挑·窄眼距，中高鼻根/柔和鼻梁/微钝鼻头，宽嘴·嘴角平直，柔和下颌
FD04505,长方脸,上庭收窄,骨感额,薄眉骨,眼下骨感,柔和颧骨,薄面颊,明显下颌角,平凤眼,眼尾明显挑,标准眼距,异色瞳,高鼻根,宽骨鼻梁,下压鼻头,上厚下薄,单侧上扬,颈侧细疤,长方脸（上庭收窄），薄眉骨/眼下骨感，平凤眼·眼尾明显挑·标准眼距，高鼻根/宽骨鼻梁/下压鼻头，上厚下薄·单侧上扬，明显下颌角
FD04506,上宽下窄脸,颈部线条延长,微凸额,厚眉骨,深眼窝,外扩颧骨,成熟收紧面颊,柔和下颌,狼系眼,眼尾明显挑,标准眼距,深色瞳,中鼻根,宽骨鼻梁,小圆鼻头,平直唇,单侧上扬,双侧酒窝,上宽下窄脸（颈部线条延长），厚眉骨/深眼窝，狼系眼·眼尾明显挑·标准眼距，中鼻根/宽骨鼻梁/小圆鼻头，平直唇·单侧上扬，柔和下颌
FD04507,骨感窄脸,中庭拉长,骨感额,高眉骨,窄深眼窝,宽颧骨,饱满面颊,柔和下颌,鹰隼眼,眼尾延展,标准眼距,环状虹膜,宽鼻根,轻鹰钩鼻梁,骨感鼻头,厚唇,嘴角上扬,指节薄茧,骨感窄脸（中庭拉长），高眉骨/窄深眼窝，鹰隼眼·眼尾延展·标准眼距，宽鼻根/轻鹰钩鼻梁/骨感鼻头，厚唇·嘴角上扬，柔和下颌
FD04508,幼态圆脸,下庭加重,饱满额,低眉骨,浅眼窝,柔和颧骨,轻凹面颊,收敛下颌,冷感眼,眼尾微挑,窄眼距,深色瞳,中鼻根,微弧鼻梁,微钝鼻头,上薄下厚,嘴角紧收,环状虹膜,幼态圆脸（下庭加重），低眉骨/浅眼窝，冷感眼·眼尾微挑·窄眼距，中鼻根/微弧鼻梁/微钝鼻头，上薄下厚·嘴角紧收，收敛下颌
FD04509,短圆脸,中轴微长,高额,柔和眉骨,眼下饱满,柔和颧骨,饱满面颊,圆方下颌,短杏眼,眼尾下沉,窄眼距,星点虹膜,中高鼻根,柔和鼻梁,方圆鼻头,上厚下薄,嘴角紧收,眉上小疤,短圆脸（中轴微长），柔和眉骨/眼下饱满，短杏眼·眼尾下沉·窄眼距，中高鼻根/柔和鼻梁/方圆鼻头，上厚下薄·嘴角紧收，圆方下颌
FD04510,宽方脸,骨点内敛,骨感额,外侧突出眉骨,浅眼窝,高颧骨,饱满面颊,宽下颌,狭长眼,眼尾下沉,标准眼距,墨玉瞳,低鼻根,柔和鼻梁,肉感鼻头,平直唇,嘴角下垂,眼睑褶皱不对称,宽方脸（骨点内敛），外侧突出眉骨/浅眼窝，狭长眼·眼尾下沉·标准眼距，低鼻根/柔和鼻梁/肉感鼻头，平直唇·嘴角下垂，宽下颌
FD04511,鹅蛋偏方,下颌线柔化,窄额,压迫感眉骨,眼下饱满,柔和颧骨,饱满面颊,圆方下颌,鹤系眼,眼尾微挑,标准眼距,深色瞳,高鼻根,宽骨鼻梁,肉感鼻头,成熟长唇,嘴角下垂,眉尾旧疤,鹅蛋偏方（下颌线柔化），压迫感眉骨/眼下饱满，鹤系眼·眼尾微挑·标准眼距，高鼻根/宽骨鼻梁/肉感鼻头，成熟长唇·嘴角下垂，圆方下颌
FD04512,幼态方脸,偏锐收窄,骨感额,低眉骨,浅眼窝,宽颧骨,成熟收紧面颊,柔和下颌,下垂眼,眼尾下压,标准眼距,灰蓝瞳,低鼻根,柔和鼻梁,窄翼鼻头,上厚下薄,嘴角紧收,双侧酒窝,幼态方脸（偏锐收窄），低眉骨/浅眼窝，下垂眼·眼尾下压·标准眼距，低鼻根/柔和鼻梁/窄翼鼻头，上厚下薄·嘴角紧收，柔和下颌
FD04513,梨形脸,颌角弱化,饱满额,高眉骨,眼下骨感,窄颧骨,成熟收紧面颊,骨感下颌,成熟长眼,眼尾平直,标准眼距,环状虹膜,高鼻根,宽骨鼻梁,微钝鼻头,平直唇,嘴角紧收,瞳孔残缺,梨形脸（颌角弱化），高眉骨/眼下骨感，成熟长眼·眼尾平直·标准眼距，高鼻根/宽骨鼻梁/微钝鼻头，平直唇·嘴角紧收，骨感下颌
FD04514,长方脸,颌角弱化,微凸额,内侧突出眉骨,眼下饱满,柔和颧骨,薄面颊,圆方下颌,少年圆眼,眼尾延展,窄眼距,墨玉瞳,宽鼻根,轻微偏左鼻梁,微钝鼻头,厚唇,嘴角紧收,颈侧细疤,长方脸（颌角弱化），内侧突出眉骨/眼下饱满，少年圆眼·眼尾延展·窄眼距，宽鼻根/轻微偏左鼻梁/微钝鼻头，厚唇·嘴角紧收，圆方下颌
FD04515,双颌匀称脸,颧部外扩,饱满额,外侧突出眉骨,窄深眼窝,外扩颧骨,幼态柔软面颊,收敛下颌,狐狸系眼,眼尾微挑,宽眼距,碎裂虹膜,低鼻根,轻鹰钩鼻梁,轻翘鼻头,小嘴,嘴角上扬,眉上小疤,双颌匀称脸（颧部外扩），外侧突出眉骨/窄深眼窝，狐狸系眼·眼尾微挑·宽眼距，低鼻根/轻鹰钩鼻梁/轻翘鼻头，小嘴·嘴角上扬，收敛下颌
FD04516,清瘦圆脸,颌角弱化,平直额,厚眉骨,宽浅眼窝,窄颧骨,轻凹面颊,圆方下颌,疲惫眼,眼尾明显挑,宽眼距,淡金瞳,窄鼻根,轻微偏左鼻梁,骨感鼻头,弓形唇,嘴角平直,左颊浅疤,清瘦圆脸（颌角弱化），厚眉骨/宽浅眼窝，疲惫眼·眼尾明显挑·宽眼距，窄鼻根/轻微偏左鼻梁/骨感鼻头，弓形唇·嘴角平直，圆方下颌
FD04517,梨形脸,颌角弱化,平直额,内侧突出眉骨,浅眼窝,外扩颧骨,饱满面颊,明显下颌角,狼系眼,眼尾微挑,窄眼距,浅褐瞳,中鼻根,轻鹰钩鼻梁,下压鼻头,宽嘴,嘴角平直,无标志,梨形脸（颌角弱化），内侧突出眉骨/浅眼窝，狼系眼·眼尾微挑·窄眼距，中鼻根/轻鹰钩鼻梁/下压鼻头，宽嘴·嘴角平直，明显下颌角
FD04518,圆脸,中庭展宽,平直额,低眉骨,窄深眼窝,低颧骨,幼态柔软面颊,宽下颌,瑞凤眼,眼尾下压,标准眼距,淡金瞳,高鼻根,柔和鼻梁,骨感鼻头,薄唇,单侧上扬,眼睑褶皱不对称,圆脸（中庭展宽），低眉骨/窄深眼窝，瑞凤眼·眼尾下压·标准眼距，高鼻根/柔和鼻梁/骨感鼻头，薄唇·单侧上扬，宽下颌
FD04519,长心形脸,下庭加重,骨感额,内侧突出眉骨,眼下骨感,窄颧骨,轻凹面颊,圆方下颌,鹤系眼,眼尾下压,标准眼距,琥珀瞳,窄鼻根,宽骨鼻梁,窄翼鼻头,上薄下厚,单侧上扬,左颊浅疤,长心形脸（下庭加重），内侧突出眉骨/眼下骨感，鹤系眼·眼尾下压·标准眼距，窄鼻根/宽骨鼻梁/窄翼鼻头，上薄下厚·单侧上扬，圆方下颌
FD04520,窄方脸,颊部略凹,平直额,外侧突出眉骨,宽浅眼窝,低颧骨,薄面颊,窄下颌,平直杏眼,眼尾明显挑,宽眼距,环状虹膜,窄鼻根,微弧鼻梁,下压鼻头,厚唇,单侧上扬,碎裂虹膜,窄方脸（颊部略凹），外侧突出眉骨/宽浅眼窝，平直杏眼·眼尾明显挑·宽眼距，窄鼻根/微弧鼻梁/下压鼻头，厚唇·单侧上扬，窄下颌
FD04521,上窄下宽脸,上庭展开,饱满额,柔和眉骨,眼下饱满,柔和颧骨,薄面颊,收敛下颌,鹤系眼,眼尾延展,宽眼距,异色瞳,宽鼻根,中直鼻梁,小圆鼻头,弓形唇,嘴角下垂,鼻梁旧伤,上窄下宽脸（上庭展开），柔和眉骨/眼下饱满，鹤系眼·眼尾延展·宽眼距，宽鼻根/中直鼻梁/小圆鼻头，弓形唇·嘴角下垂，收敛下颌
FD04522,肉感短脸,面中平缓,低额,高眉骨,宽浅眼窝,柔和颧骨,成熟收紧面颊,宽下颌,窄杏眼,眼尾下沉,宽眼距,淡金瞳,低鼻根,微弧鼻梁,方圆鼻头,平直唇,嘴角上扬,左颊浅疤,肉感短脸（面中平缓），高眉骨/宽浅眼窝，窄杏眼·眼尾下沉·宽眼距，低鼻根/微弧鼻梁/方圆鼻头，平直唇·嘴角上扬，宽下颌
FD04523,倒三角脸,颌角强调,高额,低眉骨,中度眼窝,外扩颧骨,饱满面颊,宽下颌,柳叶眼,眼尾下压,窄眼距,淡金瞳,中鼻根,轻鹰钩鼻梁,微钝鼻头,厚唇,单侧上扬,眼睑褶皱不对称,倒三角脸（颌角强调），低眉骨/中度眼窝，柳叶眼·眼尾下压·窄眼距，中鼻根/轻鹰钩鼻梁/微钝鼻头，厚唇·单侧上扬，宽下颌
FD04524,柔和方脸,中轴收紧,饱满额,薄眉骨,深眼窝,低颧骨,饱满面颊,窄下颌,鹿系眼,眼尾平直,窄眼距,碎裂虹膜,窄鼻根,中直鼻梁,微钝鼻头,成熟长唇,嘴角平直,眉尾旧疤,柔和方脸（中轴收紧），薄眉骨/深眼窝，鹿系眼·眼尾平直·窄眼距，窄鼻根/中直鼻梁/微钝鼻头，成熟长唇·嘴角平直，窄下颌
FD04525,短鹅蛋脸,颧部微收,饱满额,内侧突出眉骨,深眼窝,柔和颧骨,幼态柔软面颊,方下颌,疲惫眼,眼尾明显挑,窄眼距,淡金瞳,高鼻根,中直鼻梁,小圆鼻头,上厚下薄,嘴角上扬,单侧虎牙,短鹅蛋脸（颧部微收），内侧突出眉骨/深眼窝，疲惫眼·眼尾明显挑·窄眼距，高鼻根/中直鼻梁/小圆鼻头，上厚下薄·嘴角上扬，方下颌
FD04526,成熟方脸,下庭加重,窄额,薄眉骨,眼下骨感,高颧骨,薄面颊,方下颌,成熟长眼,眼尾延展,窄眼距,灰蓝瞳,宽鼻根,轻微偏左鼻梁,窄翼鼻头,宽嘴,嘴角上扬,异色瞳,成熟方脸（下庭加重），薄眉骨/眼下骨感，成熟长眼·眼尾延展·窄眼距，宽鼻根/轻微偏左鼻梁/窄翼鼻头，宽嘴·嘴角上扬，方下颌
FD04527,长鹅蛋脸,中轴微长,窄额,低眉骨,中度眼窝,外扩颧骨,幼态柔软面颊,窄下颌,短圆杏眼,眼尾下沉,窄眼距,墨玉瞳,高鼻根,轻微偏右鼻梁,窄翼鼻头,弓形唇,嘴角平直,耳后小痣,长鹅蛋脸（中轴微长），低眉骨/中度眼窝，短圆杏眼·眼尾下沉·窄眼距，高鼻根/轻微偏右鼻梁/窄翼鼻头，弓形唇·嘴角平直，窄下颌
FD04528,宽心形脸,上庭收窄,窄额,厚眉骨,浅眼窝,高颧骨,薄面颊,宽下颌,柳叶眼,眼尾下压,窄眼距,琥珀瞳,低鼻根,轻微偏左鼻梁,窄翼鼻头,上薄下厚,嘴角紧收,右眉轻断,宽心形脸（上庭收窄），厚眉骨/浅眼窝，柳叶眼·眼尾下压·窄眼距，低鼻根/轻微偏左鼻梁/窄翼鼻头，上薄下厚·嘴角紧收，宽下颌
FD04529,肉感短脸,面中立体化,低额,外侧突出眉骨,深眼窝,高颧骨,轻凹面颊,骨感下颌,狭长瑞凤眼,眼尾微挑,宽眼距,碎裂虹膜,低鼻根,轻微偏左鼻梁,肉感鼻头,小嘴,嘴角下垂,双侧酒窝,肉感短脸（面中立体化），外侧突出眉骨/深眼窝，狭长瑞凤眼·眼尾微挑·宽眼距，低鼻根/轻微偏左鼻梁/肉感鼻头，小嘴·嘴角下垂，骨感下颌
FD04530,长心形脸,上庭展开,宽额,内侧突出眉骨,浅眼窝,高颧骨,轻凹面颊,明显下颌角,狭长眼,眼尾微挑,标准眼距,深色瞳,窄鼻根,轻微偏左鼻梁,小圆鼻头,上薄下厚,嘴角紧收,鼻梁旧伤,长心形脸（上庭展开），内侧突出眉骨/浅眼窝，狭长眼·眼尾微挑·标准眼距，窄鼻根/轻微偏左鼻梁/小圆鼻头，上薄下厚·嘴角紧收，明显下颌角
FD04531,长圆脸,颌角弱化,微凸额,低眉骨,眼下饱满,低颧骨,饱满面颊,方下颌,狭长眼,眼尾平直,标准眼距,墨玉瞳,宽鼻根,轻鹰钩鼻梁,下压鼻头,平直唇,嘴角上扬,异色瞳,长圆脸（颌角弱化），低眉骨/眼下饱满，狭长眼·眼尾平直·标准眼距，宽鼻根/轻鹰钩鼻梁/下压鼻头，平直唇·嘴角上扬，方下颌
FD04532,宽菱形,颧部外扩,窄额,压迫感眉骨,深眼窝,高颧骨,薄面颊,柔和下颌,蛇系眼,眼尾下压,标准眼距,淡金瞳,宽鼻根,中直鼻梁,骨感鼻头,平直唇,嘴角下垂,眼角小痣,宽菱形（颧部外扩），压迫感眉骨/深眼窝，蛇系眼·眼尾下压·标准眼距，宽鼻根/中直鼻梁/骨感鼻头，平直唇·嘴角下垂，柔和下颌
FD04533,幼态方脸,颌角强调,低额,低眉骨,浅眼窝,低颧骨,轻凹面颊,宽下颌,圆长眼,眼尾微挑,窄眼距,碎裂虹膜,中鼻根,轻鹰钩鼻梁,骨感鼻头,平直唇,嘴角上扬,眼角小痣,幼态方脸（颌角强调），低眉骨/浅眼窝，圆长眼·眼尾微挑·窄眼距，中鼻根/轻鹰钩鼻梁/骨感鼻头，平直唇·嘴角上扬，宽下颌
FD04534,下颌突出脸,下颌线柔化,微凸额,压迫感眉骨,中度眼窝,低颧骨,饱满面颊,宽下颌,短杏眼,眼尾明显挑,标准眼距,碎裂虹膜,中高鼻根,轻微偏右鼻梁,微钝鼻头,弓形唇,嘴角平直,眼睑褶皱不对称,下颌突出脸（下颌线柔化），压迫感眉骨/中度眼窝，短杏眼·眼尾明显挑·标准眼距，中高鼻根/轻微偏右鼻梁/微钝鼻头，弓形唇·嘴角平直，宽下颌
FD04535,鹅蛋偏方,偏锐收窄,骨感额,内侧突出眉骨,窄深眼窝,柔和颧骨,轻凹面颊,圆方下颌,鹿系眼,眼尾下沉,窄眼距,碎裂虹膜,窄鼻根,宽骨鼻梁,微钝鼻头,上薄下厚,单侧上扬,额角旧痕,鹅蛋偏方（偏锐收窄），内侧突出眉骨/窄深眼窝，鹿系眼·眼尾下沉·窄眼距，窄鼻根/宽骨鼻梁/微钝鼻头，上薄下厚·单侧上扬，圆方下颌
FD04536,倒梯形脸,面中立体化,宽额,高眉骨,浅眼窝,柔和颧骨,幼态柔软面颊,柔和下颌,鹤系眼,眼尾延展,标准眼距,异色瞳,宽鼻根,轻微偏右鼻梁,轻翘鼻头,小嘴,嘴角上扬,无标志,倒梯形脸（面中立体化），高眉骨/浅眼窝，鹤系眼·眼尾延展·标准眼距，宽鼻根/轻微偏右鼻梁/轻翘鼻头，小嘴·嘴角上扬，柔和下颌
FD04537,骨感方脸,偏柔圆润,高额,薄眉骨,浅眼窝,低颧骨,轻凹面颊,方下颌,狭长瑞凤眼,眼尾延展,宽眼距,异色瞳,中鼻根,微弧鼻梁,肉感鼻头,宽嘴,嘴角平直,双侧酒窝,骨感方脸（偏柔圆润），薄眉骨/浅眼窝，狭长瑞凤眼·眼尾延展·宽眼距，中鼻根/微弧鼻梁/肉感鼻头，宽嘴·嘴角平直，方下颌
FD04538,心形脸,颧部外扩,饱满额,薄眉骨,浅眼窝,柔和颧骨,成熟收紧面颊,骨感下颌,鹰隼眼,眼尾明显挑,宽眼距,星点虹膜,低鼻根,轻微偏右鼻梁,小圆鼻头,上厚下薄,嘴角上扬,颈侧细疤,心形脸（颧部外扩），薄眉骨/浅眼窝，鹰隼眼·眼尾明显挑·宽眼距，低鼻根/轻微偏右鼻梁/小圆鼻头，上厚下薄·嘴角上扬，骨感下颌
FD04539,标准菱形,面中平缓,宽额,柔和眉骨,中度眼窝,柔和颧骨,饱满面颊,宽下颌,短杏眼,眼尾平直,宽眼距,环状虹膜,中鼻根,宽骨鼻梁,小圆鼻头,上薄下厚,单侧上扬,双侧酒窝,标准菱形（面中平缓），柔和眉骨/中度眼窝，短杏眼·眼尾平直·宽眼距，中鼻根/宽骨鼻梁/小圆鼻头，上薄下厚·单侧上扬，宽下颌
FD04540,宽心形脸,下颌线柔化,平直额,高眉骨,浅眼窝,高颧骨,成熟收紧面颊,收敛下颌,平凤眼,眼尾下沉,宽眼距,墨玉瞳,宽鼻根,轻鹰钩鼻梁,微钝鼻头,弓形唇,单侧上扬,右眼下浅泪痣,宽心形脸（下颌线柔化），高眉骨/浅眼窝，平凤眼·眼尾下沉·宽眼距，宽鼻根/轻鹰钩鼻梁/微钝鼻头，弓形唇·单侧上扬，收敛下颌
FD04541,宽鹅蛋脸,中轴收紧,饱满额,内侧突出眉骨,浅眼窝,高颧骨,薄面颊,骨感下颌,猫系眼,眼尾下沉,标准眼距,灰蓝瞳,中高鼻根,微弧鼻梁,窄翼鼻头,小嘴,嘴角下垂,单侧酒窝,宽鹅蛋脸（中轴收紧），内侧突出眉骨/浅眼窝，猫系眼·眼尾下沉·标准眼距，中高鼻根/微弧鼻梁/窄翼鼻头，小嘴·嘴角下垂，骨感下颌
FD04542,鹅蛋偏菱,中庭拉长,微凸额,压迫感眉骨,眼下饱满,窄颧骨,薄面颊,收敛下颌,柳叶眼,眼尾延展,窄眼距,异色瞳,中鼻根,轻微偏左鼻梁,窄翼鼻头,薄唇,嘴角平直,瞳孔残缺,鹅蛋偏菱（中庭拉长），压迫感眉骨/眼下饱满，柳叶眼·眼尾延展·窄眼距，中鼻根/轻微偏左鼻梁/窄翼鼻头，薄唇·嘴角平直，收敛下颌
FD04543,圆脸,下庭收窄,宽额,内侧突出眉骨,眼下骨感,低颧骨,成熟收紧面颊,骨感下颌,平凤眼,眼尾下压,标准眼距,浅褐瞳,窄鼻根,柔和鼻梁,小圆鼻头,上薄下厚,嘴角下垂,颈侧细疤,圆脸（下庭收窄），内侧突出眉骨/眼下骨感，平凤眼·眼尾下压·标准眼距，窄鼻根/柔和鼻梁/小圆鼻头，上薄下厚·嘴角下垂，骨感下颌
FD04544,宽方脸,面中立体化,微凸额,内侧突出眉骨,浅眼窝,高颧骨,饱满面颊,柔和下颌,疲惫眼,眼尾平直,标准眼距,琥珀瞳,宽鼻根,高直鼻梁,小圆鼻头,厚唇,嘴角上扬,瞳孔残缺,宽方脸（面中立体化），内侧突出眉骨/浅眼窝，疲惫眼·眼尾平直·标准眼距，宽鼻根/高直鼻梁/小圆鼻头，厚唇·嘴角上扬，柔和下颌
FD04545,骨感菱形,骨点内敛,宽额,压迫感眉骨,窄深眼窝,柔和颧骨,薄面颊,宽下颌,宽杏眼,眼尾下沉,标准眼距,浅褐瞳,中鼻根,柔和鼻梁,下压鼻头,薄唇,嘴角下垂,眉尾旧疤,骨感菱形（骨点内敛），压迫感眉骨/窄深眼窝，宽杏眼·眼尾下沉·标准眼距，中鼻根/柔和鼻梁/下压鼻头，薄唇·嘴角下垂，宽下颌
FD04546,圆脸,颈部线条延长,低额,高眉骨,眼下饱满,外扩颧骨,幼态柔软面颊,柔和下颌,成熟长眼,眼尾明显挑,宽眼距,深色瞳,高鼻根,轻微偏左鼻梁,小圆鼻头,成熟长唇,嘴角下垂,无标志,圆脸（颈部线条延长），高眉骨/眼下饱满，成熟长眼·眼尾明显挑·宽眼距，高鼻根/轻微偏左鼻梁/小圆鼻头，成熟长唇·嘴角下垂，柔和下颌
FD04547,上窄下宽脸,下颌线柔化,高额,高眉骨,宽浅眼窝,宽颧骨,薄面颊,窄下颌,狭长瑞凤眼,眼尾下压,宽眼距,琥珀瞳,中鼻根,高直鼻梁,下压鼻头,弓形唇,嘴角上扬,指节薄茧,上窄下宽脸（下颌线柔化），高眉骨/宽浅眼窝，狭长瑞凤眼·眼尾下压·宽眼距，中鼻根/高直鼻梁/下压鼻头，弓形唇·嘴角上扬，窄下颌
FD04548,长圆脸,中轴收紧,窄额,外侧突出眉骨,宽浅眼窝,外扩颧骨,薄面颊,窄下颌,疲惫眼,眼尾下压,宽眼距,墨玉瞳,窄鼻根,宽骨鼻梁,微钝鼻头,薄唇,单侧上扬,下颌浅疤,长圆脸（中轴收紧），外侧突出眉骨/宽浅眼窝，疲惫眼·眼尾下压·宽眼距，窄鼻根/宽骨鼻梁/微钝鼻头，薄唇·单侧上扬，窄下颌
FD04549,上窄下宽脸,下颌线清晰化,窄额,薄眉骨,宽浅眼窝,窄颧骨,薄面颊,窄下颌,瑞凤眼,眼尾平直,标准眼距,琥珀瞳,窄鼻根,中直鼻梁,轻翘鼻头,成熟长唇,嘴角平直,左颊浅疤,上窄下宽脸（下颌线清晰化），薄眉骨/宽浅眼窝，瑞凤眼·眼尾平直·标准眼距，窄鼻根/中直鼻梁/轻翘鼻头，成熟长唇·嘴角平直，窄下颌
FD04550,窄鹅蛋脸,颧部外扩,骨感额,高眉骨,深眼窝,外扩颧骨,薄面颊,骨感下颌,圆长眼,眼尾下沉,窄眼距,深色瞳,宽鼻根,微弧鼻梁,小圆鼻头,平直唇,嘴角上扬,左颊浅疤,窄鹅蛋脸（颧部外扩），高眉骨/深眼窝，圆长眼·眼尾下沉·窄眼距，宽鼻根/微弧鼻梁/小圆鼻头，平直唇·嘴角上扬，骨感下颌
FD04551,骨感菱形,下庭加重,宽额,压迫感眉骨,浅眼窝,窄颧骨,成熟收紧面颊,明显下颌角,短圆杏眼,眼尾下沉,宽眼距,灰蓝瞳,中高鼻根,轻微偏右鼻梁,肉感鼻头,弓形唇,嘴角下垂,异色瞳,骨感菱形（下庭加重），压迫感眉骨/浅眼窝，短圆杏眼·眼尾下沉·宽眼距，中高鼻根/轻微偏右鼻梁/肉感鼻头，弓形唇·嘴角下垂，明显下颌角
FD04552,下颌突出脸,颈部线条收短,饱满额,低眉骨,宽浅眼窝,外扩颧骨,薄面颊,骨感下颌,蛇系眼,眼尾下压,标准眼距,碎裂虹膜,中鼻根,轻鹰钩鼻梁,小圆鼻头,薄唇,嘴角平直,碎裂虹膜,下颌突出脸（颈部线条收短），低眉骨/宽浅眼窝，蛇系眼·眼尾下压·标准眼距，中鼻根/轻鹰钩鼻梁/小圆鼻头，薄唇·嘴角平直，骨感下颌
FD04553,宽方脸,下庭收窄,饱满额,内侧突出眉骨,窄深眼窝,宽颧骨,薄面颊,宽下颌,鹤系眼,眼尾下沉,窄眼距,星点虹膜,宽鼻根,轻微偏右鼻梁,轻翘鼻头,成熟长唇,嘴角上扬,眉心竖纹浅痕,宽方脸（下庭收窄），内侧突出眉骨/窄深眼窝，鹤系眼·眼尾下沉·窄眼距，宽鼻根/轻微偏右鼻梁/轻翘鼻头，成熟长唇·嘴角上扬，宽下颌
FD04554,圆脸,下庭加重,高额,压迫感眉骨,中度眼窝,柔和颧骨,成熟收紧面颊,窄下颌,狼系眼,眼尾下沉,宽眼距,灰蓝瞳,低鼻根,高直鼻梁,轻翘鼻头,小嘴,单侧上扬,鼻梁旧伤,圆脸（下庭加重），压迫感眉骨/中度眼窝，狼系眼·眼尾下沉·宽眼距，低鼻根/高直鼻梁/轻翘鼻头，小嘴·单侧上扬，窄下颌
FD04555,方鹅蛋脸,偏柔圆润,宽额,内侧突出眉骨,浅眼窝,柔和颧骨,幼态柔软面颊,宽下颌,长杏眼,眼尾下压,宽眼距,环状虹膜,高鼻根,轻微偏左鼻梁,骨感鼻头,上厚下薄,单侧上扬,无标志,方鹅蛋脸（偏柔圆润），内侧突出眉骨/浅眼窝，长杏眼·眼尾下压·宽眼距，高鼻根/轻微偏左鼻梁/骨感鼻头，上厚下薄·单侧上扬，宽下颌
FD04556,长鹅蛋脸,下颌线柔化,骨感额,柔和眉骨,眼下骨感,柔和颧骨,幼态柔软面颊,窄下颌,下垂眼,眼尾平直,标准眼距,墨玉瞳,中鼻根,宽骨鼻梁,肉感鼻头,上厚下薄,嘴角平直,额角旧痕,长鹅蛋脸（下颌线柔化），柔和眉骨/眼下骨感，下垂眼·眼尾平直·标准眼距，中鼻根/宽骨鼻梁/肉感鼻头，上厚下薄·嘴角平直，窄下颌
FD04557,清瘦圆脸,下庭加重,骨感额,压迫感眉骨,眼下饱满,低颧骨,饱满面颊,收敛下颌,狼系眼,眼尾微挑,窄眼距,碎裂虹膜,中高鼻根,宽骨鼻梁,肉感鼻头,成熟长唇,单侧上扬,单侧虎牙,清瘦圆脸（下庭加重），压迫感眉骨/眼下饱满，狼系眼·眼尾微挑·窄眼距，中高鼻根/宽骨鼻梁/肉感鼻头，成熟长唇·单侧上扬，收敛下颌
FD04558,宽鹅蛋脸,中庭展宽,饱满额,柔和眉骨,浅眼窝,高颧骨,轻凹面颊,方下颌,少年圆眼,眼尾微挑,宽眼距,环状虹膜,低鼻根,宽骨鼻梁,下压鼻头,厚唇,嘴角紧收,双侧酒窝,宽鹅蛋脸（中庭展宽），柔和眉骨/浅眼窝，少年圆眼·眼尾微挑·宽眼距，低鼻根/宽骨鼻梁/下压鼻头，厚唇·嘴角紧收，方下颌
FD04559,成熟方脸,下颌线清晰化,窄额,薄眉骨,浅眼窝,高颧骨,薄面颊,圆方下颌,冷感眼,眼尾明显挑,窄眼距,灰蓝瞳,中鼻根,高直鼻梁,肉感鼻头,成熟长唇,嘴角平直,眉上小疤,成熟方脸（下颌线清晰化），薄眉骨/浅眼窝，冷感眼·眼尾明显挑·窄眼距，中鼻根/高直鼻梁/肉感鼻头，成熟长唇·嘴角平直，圆方下颌
FD04560,方菱过渡脸,下庭收窄,微凸额,外侧突出眉骨,宽浅眼窝,高颧骨,成熟收紧面颊,骨感下颌,窄杏眼,眼尾微挑,标准眼距,浅褐瞳,窄鼻根,高直鼻梁,下压鼻头,宽嘴,嘴角紧收,鼻梁旧伤,方菱过渡脸（下庭收窄），外侧突出眉骨/宽浅眼窝，窄杏眼·眼尾微挑·标准眼距，窄鼻根/高直鼻梁/下压鼻头，宽嘴·嘴角紧收，骨感下颌
FD04561,柔和菱形,面中平缓,微凸额,低眉骨,深眼窝,高颧骨,幼态柔软面颊,骨感下颌,长杏眼,眼尾下压,窄眼距,碎裂虹膜,中鼻根,中直鼻梁,肉感鼻头,上厚下薄,嘴角紧收,眉尾旧疤,柔和菱形（面中平缓），低眉骨/深眼窝，长杏眼·眼尾下压·窄眼距，中鼻根/中直鼻梁/肉感鼻头，上厚下薄·嘴角紧收，骨感下颌
FD04562,清瘦圆脸,偏柔圆润,平直额,柔和眉骨,中度眼窝,窄颧骨,轻凹面颊,窄下颌,鹿系眼,眼尾下沉,标准眼距,深色瞳,中鼻根,宽骨鼻梁,肉感鼻头,薄唇,单侧上扬,左眼下浅泪痣,清瘦圆脸（偏柔圆润），柔和眉骨/中度眼窝，鹿系眼·眼尾下沉·标准眼距，中鼻根/宽骨鼻梁/肉感鼻头，薄唇·单侧上扬，窄下颌
FD04563,骨感菱形,上庭收窄,微凸额,外侧突出眉骨,眼下骨感,柔和颧骨,饱满面颊,圆方下颌,长杏眼,眼尾下沉,窄眼距,浅褐瞳,中鼻根,微弧鼻梁,小圆鼻头,薄唇,嘴角下垂,额角旧痕,骨感菱形（上庭收窄），外侧突出眉骨/眼下骨感，长杏眼·眼尾下沉·窄眼距，中鼻根/微弧鼻梁/小圆鼻头，薄唇·嘴角下垂，圆方下颌
FD04564,短圆脸,偏柔圆润,宽额,内侧突出眉骨,中度眼窝,宽颧骨,成熟收紧面颊,圆方下颌,瑞凤眼,眼尾明显挑,标准眼距,碎裂虹膜,低鼻根,微弧鼻梁,下压鼻头,厚唇,单侧上扬,右眉轻断,短圆脸（偏柔圆润），内侧突出眉骨/中度眼窝，瑞凤眼·眼尾明显挑·标准眼距，低鼻根/微弧鼻梁/下压鼻头，厚唇·单侧上扬，圆方下颌
FD04565,长方脸,上庭收窄,窄额,内侧突出眉骨,中度眼窝,窄颧骨,幼态柔软面颊,收敛下颌,鹿系眼,眼尾微挑,宽眼距,碎裂虹膜,窄鼻根,柔和鼻梁,方圆鼻头,宽嘴,嘴角上扬,无标志,长方脸（上庭收窄），内侧突出眉骨/中度眼窝，鹿系眼·眼尾微挑·宽眼距，窄鼻根/柔和鼻梁/方圆鼻头，宽嘴·嘴角上扬，收敛下颌
FD04566,窄方脸,中庭展宽,骨感额,柔和眉骨,浅眼窝,柔和颧骨,成熟收紧面颊,宽下颌,蛇系眼,眼尾平直,窄眼距,墨玉瞳,高鼻根,宽骨鼻梁,骨感鼻头,上厚下薄,单侧上扬,左眼下浅泪痣,窄方脸（中庭展宽），柔和眉骨/浅眼窝，蛇系眼·眼尾平直·窄眼距，高鼻根/宽骨鼻梁/骨感鼻头，上厚下薄·单侧上扬，宽下颌
FD04567,鹅蛋偏心形,偏柔圆润,饱满额,高眉骨,眼下骨感,高颧骨,薄面颊,圆方下颌,鹿系眼,眼尾下沉,标准眼距,灰蓝瞳,中鼻根,宽骨鼻梁,窄翼鼻头,小嘴,单侧上扬,瞳孔残缺,鹅蛋偏心形（偏柔圆润），高眉骨/眼下骨感，鹿系眼·眼尾下沉·标准眼距，中鼻根/宽骨鼻梁/窄翼鼻头，小嘴·单侧上扬，圆方下颌
FD04568,长心形脸,上庭展开,平直额,厚眉骨,浅眼窝,外扩颧骨,饱满面颊,明显下颌角,圆长眼,眼尾微挑,宽眼距,浅褐瞳,低鼻根,轻微偏左鼻梁,小圆鼻头,弓形唇,嘴角下垂,耳后小痣,长心形脸（上庭展开），厚眉骨/浅眼窝，圆长眼·眼尾微挑·宽眼距，低鼻根/轻微偏左鼻梁/小圆鼻头，弓形唇·嘴角下垂，明显下颌角
FD04569,宽心形脸,颧部微收,微凸额,内侧突出眉骨,中度眼窝,宽颧骨,幼态柔软面颊,圆方下颌,短圆杏眼,眼尾下沉,标准眼距,琥珀瞳,中鼻根,微弧鼻梁,轻翘鼻头,弓形唇,嘴角下垂,碎裂虹膜,宽心形脸（颧部微收），内侧突出眉骨/中度眼窝，短圆杏眼·眼尾下沉·标准眼距，中鼻根/微弧鼻梁/轻翘鼻头，弓形唇·嘴角下垂，圆方下颌
FD04570,宽菱形,颌角弱化,微凸额,高眉骨,中度眼窝,窄颧骨,成熟收紧面颊,宽下颌,狭长眼,眼尾下沉,宽眼距,灰蓝瞳,窄鼻根,轻鹰钩鼻梁,轻翘鼻头,宽嘴,嘴角紧收,碎裂虹膜,宽菱形（颌角弱化），高眉骨/中度眼窝，狭长眼·眼尾下沉·宽眼距，窄鼻根/轻鹰钩鼻梁/轻翘鼻头，宽嘴·嘴角紧收，宽下颌
FD04571,正梯形脸,上庭展开,窄额,低眉骨,中度眼窝,外扩颧骨,饱满面颊,骨感下颌,鹿系眼,眼尾延展,宽眼距,淡金瞳,中鼻根,高直鼻梁,方圆鼻头,薄唇,嘴角上扬,环状虹膜,正梯形脸（上庭展开），低眉骨/中度眼窝，鹿系眼·眼尾延展·宽眼距，中鼻根/高直鼻梁/方圆鼻头，薄唇·嘴角上扬，骨感下颌
FD04572,方鹅蛋脸,下庭收窄,饱满额,压迫感眉骨,中度眼窝,高颧骨,薄面颊,明显下颌角,狼系眼,眼尾微挑,宽眼距,碎裂虹膜,宽鼻根,柔和鼻梁,骨感鼻头,上厚下薄,嘴角平直,单侧酒窝,方鹅蛋脸（下庭收窄），压迫感眉骨/中度眼窝，狼系眼·眼尾微挑·宽眼距，宽鼻根/柔和鼻梁/骨感鼻头，上厚下薄·嘴角平直，明显下颌角
FD04573,短圆脸,骨点内敛,低额,厚眉骨,深眼窝,低颧骨,幼态柔软面颊,圆方下颌,冷感眼,眼尾延展,宽眼距,碎裂虹膜,宽鼻根,中直鼻梁,肉感鼻头,上薄下厚,嘴角紧收,双侧酒窝,短圆脸（骨点内敛），厚眉骨/深眼窝，冷感眼·眼尾延展·宽眼距，宽鼻根/中直鼻梁/肉感鼻头，上薄下厚·嘴角紧收，圆方下颌
FD04574,鹅蛋偏心形,下庭收窄,窄额,外侧突出眉骨,窄深眼窝,柔和颧骨,薄面颊,方下颌,平直杏眼,眼尾下沉,窄眼距,碎裂虹膜,中高鼻根,柔和鼻梁,下压鼻头,宽嘴,嘴角下垂,耳后小痣,鹅蛋偏心形（下庭收窄），外侧突出眉骨/窄深眼窝，平直杏眼·眼尾下沉·窄眼距，中高鼻根/柔和鼻梁/下压鼻头，宽嘴·嘴角下垂，方下颌
FD04575,短鹅蛋脸,颈部线条收短,平直额,压迫感眉骨,浅眼窝,低颧骨,薄面颊,明显下颌角,鹰隼眼,眼尾延展,标准眼距,淡金瞳,高鼻根,轻微偏左鼻梁,方圆鼻头,弓形唇,嘴角上扬,碎裂虹膜,短鹅蛋脸（颈部线条收短），压迫感眉骨/浅眼窝，鹰隼眼·眼尾延展·标准眼距，高鼻根/轻微偏左鼻梁/方圆鼻头，弓形唇·嘴角上扬，明显下颌角
FD04576,鹅蛋偏方,颈部线条延长,宽额,压迫感眉骨,中度眼窝,柔和颧骨,幼态柔软面颊,窄下颌,上扬凤眼,眼尾明显挑,标准眼距,墨玉瞳,低鼻根,微弧鼻梁,小圆鼻头,平直唇,嘴角紧收,异色瞳,鹅蛋偏方（颈部线条延长），压迫感眉骨/中度眼窝，上扬凤眼·眼尾明显挑·标准眼距，低鼻根/微弧鼻梁/小圆鼻头，平直唇·嘴角紧收，窄下颌
FD04577,宽鹅蛋脸,颈部线条收短,骨感额,高眉骨,宽浅眼窝,窄颧骨,薄面颊,窄下颌,下垂眼,眼尾明显挑,标准眼距,灰蓝瞳,中鼻根,轻鹰钩鼻梁,微钝鼻头,小嘴,嘴角平直,单侧虎牙,宽鹅蛋脸（颈部线条收短），高眉骨/宽浅眼窝，下垂眼·眼尾明显挑·标准眼距，中鼻根/轻鹰钩鼻梁/微钝鼻头，小嘴·嘴角平直，窄下颌
FD04578,宽方脸,偏柔圆润,窄额,高眉骨,中度眼窝,窄颧骨,幼态柔软面颊,圆方下颌,狼系眼,眼尾延展,标准眼距,淡金瞳,高鼻根,中直鼻梁,微钝鼻头,上厚下薄,嘴角上扬,眉心竖纹浅痕,宽方脸（偏柔圆润），高眉骨/中度眼窝，狼系眼·眼尾延展·标准眼距，高鼻根/中直鼻梁/微钝鼻头，上厚下薄·嘴角上扬，圆方下颌
FD04579,方菱过渡脸,中轴收紧,平直额,厚眉骨,浅眼窝,窄颧骨,薄面颊,方下颌,下垂眼,眼尾下压,窄眼距,星点虹膜,高鼻根,高直鼻梁,肉感鼻头,小嘴,嘴角平直,双侧酒窝,方菱过渡脸（中轴收紧），厚眉骨/浅眼窝，下垂眼·眼尾下压·窄眼距，高鼻根/高直鼻梁/肉感鼻头，小嘴·嘴角平直，方下颌
FD04580,长菱形,偏柔圆润,骨感额,厚眉骨,浅眼窝,低颧骨,幼态柔软面颊,圆方下颌,猫系眼,眼尾延展,宽眼距,碎裂虹膜,高鼻根,中直鼻梁,肉感鼻头,弓形唇,嘴角上扬,异色瞳,长菱形（偏柔圆润），厚眉骨/浅眼窝，猫系眼·眼尾延展·宽眼距，高鼻根/中直鼻梁/肉感鼻头，弓形唇·嘴角上扬，圆方下颌
FD04581,长方脸,颈部线条收短,饱满额,高眉骨,宽浅眼窝,高颧骨,幼态柔软面颊,宽下颌,蛇系眼,眼尾下压,宽眼距,碎裂虹膜,低鼻根,轻微偏左鼻梁,小圆鼻头,厚唇,嘴角平直,瞳孔残缺,长方脸（颈部线条收短），高眉骨/宽浅眼窝，蛇系眼·眼尾下压·宽眼距，低鼻根/轻微偏左鼻梁/小圆鼻头，厚唇·嘴角平直，宽下颌
FD04582,幼态圆脸,上庭展开,窄额,低眉骨,眼下饱满,宽颧骨,成熟收紧面颊,圆方下颌,圆长眼,眼尾明显挑,窄眼距,深色瞳,高鼻根,轻微偏右鼻梁,窄翼鼻头,薄唇,单侧上扬,鼻梁旧伤,幼态圆脸（上庭展开），低眉骨/眼下饱满，圆长眼·眼尾明显挑·窄眼距，高鼻根/轻微偏右鼻梁/窄翼鼻头，薄唇·单侧上扬，圆方下颌
FD04583,短方脸,下庭加重,窄额,压迫感眉骨,浅眼窝,窄颧骨,幼态柔软面颊,明显下颌角,鹰隼眼,眼尾下沉,标准眼距,深色瞳,高鼻根,轻微偏右鼻梁,肉感鼻头,上薄下厚,嘴角紧收,异色瞳,短方脸（下庭加重），压迫感眉骨/浅眼窝，鹰隼眼·眼尾下沉·标准眼距，高鼻根/轻微偏右鼻梁/肉感鼻头，上薄下厚·嘴角紧收，明显下颌角
FD04584,宽鹅蛋脸,颊部饱满,高额,薄眉骨,窄深眼窝,低颧骨,轻凹面颊,宽下颌,狼系眼,眼尾明显挑,窄眼距,环状虹膜,低鼻根,轻鹰钩鼻梁,小圆鼻头,平直唇,单侧上扬,耳后小痣,宽鹅蛋脸（颊部饱满），薄眉骨/窄深眼窝，狼系眼·眼尾明显挑·窄眼距，低鼻根/轻鹰钩鼻梁/小圆鼻头，平直唇·单侧上扬，宽下颌
FD04585,标准菱形,颧部外扩,微凸额,高眉骨,宽浅眼窝,窄颧骨,饱满面颊,骨感下颌,少年圆眼,眼尾明显挑,标准眼距,琥珀瞳,宽鼻根,轻微偏右鼻梁,方圆鼻头,成熟长唇,嘴角上扬,唇下小痣,标准菱形（颧部外扩），高眉骨/宽浅眼窝，少年圆眼·眼尾明显挑·标准眼距，宽鼻根/轻微偏右鼻梁/方圆鼻头，成熟长唇·嘴角上扬，骨感下颌
FD04586,短鹅蛋脸,中庭拉长,窄额,薄眉骨,宽浅眼窝,宽颧骨,轻凹面颊,收敛下颌,成熟长眼,眼尾延展,窄眼距,琥珀瞳,窄鼻根,柔和鼻梁,下压鼻头,小嘴,嘴角平直,无标志,短鹅蛋脸（中庭拉长），薄眉骨/宽浅眼窝，成熟长眼·眼尾延展·窄眼距，窄鼻根/柔和鼻梁/下压鼻头，小嘴·嘴角平直，收敛下颌
FD04587,短方脸,下庭加重,窄额,厚眉骨,中度眼窝,低颧骨,成熟收紧面颊,宽下颌,狭长眼,眼尾平直,标准眼距,异色瞳,中高鼻根,轻微偏右鼻梁,肉感鼻头,小嘴,嘴角紧收,单侧虎牙,短方脸（下庭加重），厚眉骨/中度眼窝，狭长眼·眼尾平直·标准眼距，中高鼻根/轻微偏右鼻梁/肉感鼻头，小嘴·嘴角紧收，宽下颌
FD04588,柔和菱形,下庭加重,微凸额,薄眉骨,中度眼窝,外扩颧骨,成熟收紧面颊,宽下颌,狭长瑞凤眼,眼尾微挑,宽眼距,墨玉瞳,中鼻根,轻微偏左鼻梁,小圆鼻头,上厚下薄,单侧上扬,无标志,柔和菱形（下庭加重），薄眉骨/中度眼窝，狭长瑞凤眼·眼尾微挑·宽眼距，中鼻根/轻微偏左鼻梁/小圆鼻头，上厚下薄·单侧上扬，宽下颌
FD04589,圆方脸,下庭加重,骨感额,高眉骨,窄深眼窝,外扩颧骨,幼态柔软面颊,明显下颌角,短圆杏眼,眼尾明显挑,标准眼距,琥珀瞳,宽鼻根,柔和鼻梁,下压鼻头,成熟长唇,嘴角紧收,左颊浅疤,圆方脸（下庭加重），高眉骨/窄深眼窝，短圆杏眼·眼尾明显挑·标准眼距，宽鼻根/柔和鼻梁/下压鼻头，成熟长唇·嘴角紧收，明显下颌角
FD04590,肉感短脸,颧部外扩,平直额,厚眉骨,宽浅眼窝,宽颧骨,成熟收紧面颊,骨感下颌,平直杏眼,眼尾微挑,标准眼距,墨玉瞳,高鼻根,中直鼻梁,小圆鼻头,小嘴,嘴角下垂,双侧酒窝,肉感短脸（颧部外扩），厚眉骨/宽浅眼窝，平直杏眼·眼尾微挑·标准眼距，高鼻根/中直鼻梁/小圆鼻头，小嘴·嘴角下垂，骨感下颌
FD04591,骨感方脸,中庭展宽,低额,低眉骨,中度眼窝,高颧骨,轻凹面颊,收敛下颌,长杏眼,眼尾明显挑,标准眼距,浅褐瞳,中高鼻根,高直鼻梁,窄翼鼻头,薄唇,单侧上扬,额角旧痕,骨感方脸（中庭展宽），低眉骨/中度眼窝，长杏眼·眼尾明显挑·标准眼距，中高鼻根/高直鼻梁/窄翼鼻头，薄唇·单侧上扬，收敛下颌
FD04592,幼态方脸,下颌线柔化,微凸额,压迫感眉骨,宽浅眼窝,外扩颧骨,薄面颊,方下颌,短杏眼,眼尾明显挑,宽眼距,浅褐瞳,窄鼻根,轻微偏左鼻梁,窄翼鼻头,平直唇,单侧上扬,碎裂虹膜,幼态方脸（下颌线柔化），压迫感眉骨/宽浅眼窝，短杏眼·眼尾明显挑·宽眼距，窄鼻根/轻微偏左鼻梁/窄翼鼻头，平直唇·单侧上扬，方下颌
FD04593,长心形脸,偏柔圆润,骨感额,压迫感眉骨,中度眼窝,窄颧骨,饱满面颊,宽下颌,鹤系眼,眼尾明显挑,窄眼距,墨玉瞳,高鼻根,高直鼻梁,轻翘鼻头,成熟长唇,单侧上扬,耳后小痣,长心形脸（偏柔圆润），压迫感眉骨/中度眼窝，鹤系眼·眼尾明显挑·窄眼距，高鼻根/高直鼻梁/轻翘鼻头，成熟长唇·单侧上扬，宽下颌
FD04594,长圆脸,面中立体化,微凸额,外侧突出眉骨,深眼窝,柔和颧骨,饱满面颊,圆方下颌,疲惫眼,眼尾平直,标准眼距,淡金瞳,高鼻根,轻鹰钩鼻梁,下压鼻头,上厚下薄,嘴角紧收,眉尾旧疤,长圆脸（面中立体化），外侧突出眉骨/深眼窝，疲惫眼·眼尾平直·标准眼距，高鼻根/轻鹰钩鼻梁/下压鼻头，上厚下薄·嘴角紧收，圆方下颌
FD04595,长心形脸,上庭收窄,平直额,柔和眉骨,深眼窝,宽颧骨,薄面颊,圆方下颌,窄杏眼,眼尾延展,窄眼距,碎裂虹膜,低鼻根,轻鹰钩鼻梁,肉感鼻头,上薄下厚,嘴角紧收,无标志,长心形脸（上庭收窄），柔和眉骨/深眼窝，窄杏眼·眼尾延展·窄眼距，低鼻根/轻鹰钩鼻梁/肉感鼻头，上薄下厚·嘴角紧收，圆方下颌
FD04596,方鹅蛋脸,颈部线条延长,窄额,内侧突出眉骨,宽浅眼窝,柔和颧骨,成熟收紧面颊,柔和下颌,少年圆眼,眼尾下压,窄眼距,灰蓝瞳,窄鼻根,中直鼻梁,方圆鼻头,小嘴,单侧上扬,下颌浅疤,方鹅蛋脸（颈部线条延长），内侧突出眉骨/宽浅眼窝，少年圆眼·眼尾下压·窄眼距，窄鼻根/中直鼻梁/方圆鼻头，小嘴·单侧上扬，柔和下颌
FD04597,宽鹅蛋脸,骨点外显,微凸额,柔和眉骨,深眼窝,窄颧骨,饱满面颊,明显下颌角,圆长眼,眼尾下沉,窄眼距,墨玉瞳,宽鼻根,柔和鼻梁,窄翼鼻头,成熟长唇,嘴角平直,眉尾旧疤,宽鹅蛋脸（骨点外显），柔和眉骨/深眼窝，圆长眼·眼尾下沉·窄眼距，宽鼻根/柔和鼻梁/窄翼鼻头，成熟长唇·嘴角平直，明显下颌角
FD04598,清瘦圆脸,下颌线清晰化,骨感额,内侧突出眉骨,深眼窝,外扩颧骨,轻凹面颊,方下颌,成熟长眼,眼尾微挑,宽眼距,琥珀瞳,窄鼻根,宽骨鼻梁,方圆鼻头,上厚下薄,嘴角上扬,右眼下浅泪痣,清瘦圆脸（下颌线清晰化），内侧突出眉骨/深眼窝，成熟长眼·眼尾微挑·宽眼距，窄鼻根/宽骨鼻梁/方圆鼻头，上厚下薄·嘴角上扬，方下颌
FD04599,骨感方脸,中轴收紧,窄额,厚眉骨,宽浅眼窝,窄颧骨,薄面颊,窄下颌,狼系眼,眼尾平直,标准眼距,灰蓝瞳,中鼻根,宽骨鼻梁,轻翘鼻头,平直唇,嘴角平直,右眉轻断,骨感方脸（中轴收紧），厚眉骨/宽浅眼窝，狼系眼·眼尾平直·标准眼距，中鼻根/宽骨鼻梁/轻翘鼻头，平直唇·嘴角平直，窄下颌
FD04600,圆脸,上庭收窄,饱满额,低眉骨,中度眼窝,窄颧骨,成熟收紧面颊,宽下颌,鹿系眼,眼尾下沉,窄眼距,淡金瞳,高鼻根,宽骨鼻梁,下压鼻头,宽嘴,嘴角紧收,左颊浅疤,圆脸（上庭收窄），低眉骨/中度眼窝，鹿系眼·眼尾下沉·窄眼距，高鼻根/宽骨鼻梁/下压鼻头，宽嘴·嘴角紧收，宽下颌
FD04601,方菱过渡脸,下庭加重,微凸额,压迫感眉骨,窄深眼窝,柔和颧骨,饱满面颊,宽下颌,成熟长眼,眼尾下沉,窄眼距,墨玉瞳,中高鼻根,轻微偏右鼻梁,肉感鼻头,平直唇,嘴角下垂,瞳孔残缺,方菱过渡脸（下庭加重），压迫感眉骨/窄深眼窝，成熟长眼·眼尾下沉·窄眼距，中高鼻根/轻微偏右鼻梁/肉感鼻头，平直唇·嘴角下垂，宽下颌
FD04602,上宽下窄脸,中庭拉长,高额,薄眉骨,浅眼窝,柔和颧骨,薄面颊,圆方下颌,柳叶眼,眼尾微挑,宽眼距,墨玉瞳,窄鼻根,轻鹰钩鼻梁,下压鼻头,薄唇,嘴角平直,双侧酒窝,上宽下窄脸（中庭拉长），薄眉骨/浅眼窝，柳叶眼·眼尾微挑·宽眼距，窄鼻根/轻鹰钩鼻梁/下压鼻头，薄唇·嘴角平直，圆方下颌
FD04603,清瘦圆脸,颌角强调,平直额,外侧突出眉骨,眼下饱满,柔和颧骨,薄面颊,窄下颌,上扬凤眼,眼尾下压,宽眼距,琥珀瞳,高鼻根,柔和鼻梁,轻翘鼻头,平直唇,嘴角平直,单侧虎牙,清瘦圆脸（颌角强调），外侧突出眉骨/眼下饱满，上扬凤眼·眼尾下压·宽眼距，高鼻根/柔和鼻梁/轻翘鼻头，平直唇·嘴角平直，窄下颌
FD04604,长圆脸,面中平缓,宽额,内侧突出眉骨,眼下饱满,低颧骨,饱满面颊,柔和下颌,下垂眼,眼尾微挑,标准眼距,浅褐瞳,宽鼻根,宽骨鼻梁,骨感鼻头,上厚下薄,嘴角上扬,鼻梁旧伤,长圆脸（面中平缓），内侧突出眉骨/眼下饱满，下垂眼·眼尾微挑·标准眼距，宽鼻根/宽骨鼻梁/骨感鼻头，上厚下薄·嘴角上扬，柔和下颌
FD04605,窄鹅蛋脸,颧部外扩,平直额,外侧突出眉骨,眼下饱满,窄颧骨,成熟收紧面颊,柔和下颌,狭长眼,眼尾下压,窄眼距,异色瞳,中鼻根,柔和鼻梁,小圆鼻头,上薄下厚,嘴角下垂,右眼下浅泪痣,窄鹅蛋脸（颧部外扩），外侧突出眉骨/眼下饱满，狭长眼·眼尾下压·窄眼距，中鼻根/柔和鼻梁/小圆鼻头，上薄下厚·嘴角下垂，柔和下颌
FD04606,短方脸,下庭加重,饱满额,低眉骨,浅眼窝,柔和颧骨,薄面颊,柔和下颌,狐狸系眼,眼尾明显挑,标准眼距,浅褐瞳,窄鼻根,宽骨鼻梁,方圆鼻头,成熟长唇,嘴角紧收,左眼下浅泪痣,短方脸（下庭加重），低眉骨/浅眼窝，狐狸系眼·眼尾明显挑·标准眼距，窄鼻根/宽骨鼻梁/方圆鼻头，成熟长唇·嘴角紧收，柔和下颌
FD04607,倒三角脸,下颌线清晰化,窄额,薄眉骨,眼下骨感,高颧骨,饱满面颊,宽下颌,鹤系眼,眼尾下压,标准眼距,异色瞳,低鼻根,宽骨鼻梁,肉感鼻头,弓形唇,单侧上扬,单侧虎牙,倒三角脸（下颌线清晰化），薄眉骨/眼下骨感，鹤系眼·眼尾下压·标准眼距，低鼻根/宽骨鼻梁/肉感鼻头，弓形唇·单侧上扬，宽下颌
FD04608,短鹅蛋脸,颧部微收,平直额,低眉骨,深眼窝,宽颧骨,幼态柔软面颊,明显下颌角,圆长眼,眼尾平直,标准眼距,环状虹膜,窄鼻根,轻鹰钩鼻梁,肉感鼻头,上薄下厚,嘴角平直,右眉轻断,短鹅蛋脸（颧部微收），低眉骨/深眼窝，圆长眼·眼尾平直·标准眼距，窄鼻根/轻鹰钩鼻梁/肉感鼻头，上薄下厚·嘴角平直，明显下颌角
FD04609,骨感菱形,上庭展开,窄额,压迫感眉骨,深眼窝,窄颧骨,幼态柔软面颊,明显下颌角,狼系眼,眼尾平直,宽眼距,灰蓝瞳,宽鼻根,宽骨鼻梁,肉感鼻头,成熟长唇,嘴角紧收,瞳孔残缺,骨感菱形（上庭展开），压迫感眉骨/深眼窝，狼系眼·眼尾平直·宽眼距，宽鼻根/宽骨鼻梁/肉感鼻头，成熟长唇·嘴角紧收，明显下颌角
FD04610,清瘦圆脸,颌角弱化,窄额,压迫感眉骨,眼下骨感,柔和颧骨,幼态柔软面颊,柔和下颌,半睁懒眼,眼尾延展,窄眼距,灰蓝瞳,低鼻根,高直鼻梁,肉感鼻头,弓形唇,单侧上扬,眉尾旧疤,清瘦圆脸（颌角弱化），压迫感眉骨/眼下骨感，半睁懒眼·眼尾延展·窄眼距，低鼻根/高直鼻梁/肉感鼻头，弓形唇·单侧上扬，柔和下颌
FD04611,鹅蛋偏方,中轴微长,窄额,厚眉骨,窄深眼窝,宽颧骨,幼态柔软面颊,方下颌,宽杏眼,眼尾微挑,标准眼距,碎裂虹膜,中高鼻根,高直鼻梁,肉感鼻头,厚唇,嘴角下垂,瞳孔残缺,鹅蛋偏方（中轴微长），厚眉骨/窄深眼窝，宽杏眼·眼尾微挑·标准眼距，中高鼻根/高直鼻梁/肉感鼻头，厚唇·嘴角下垂，方下颌
FD04612,长心形脸,上庭收窄,低额,压迫感眉骨,窄深眼窝,低颧骨,轻凹面颊,窄下颌,狼系眼,眼尾下压,标准眼距,异色瞳,宽鼻根,中直鼻梁,轻翘鼻头,上薄下厚,单侧上扬,颈侧细疤,长心形脸（上庭收窄），压迫感眉骨/窄深眼窝，狼系眼·眼尾下压·标准眼距，宽鼻根/中直鼻梁/轻翘鼻头，上薄下厚·单侧上扬，窄下颌
FD04613,鹅蛋偏菱,面中立体化,低额,厚眉骨,窄深眼窝,低颧骨,轻凹面颊,方下颌,少年圆眼,眼尾明显挑,宽眼距,碎裂虹膜,宽鼻根,宽骨鼻梁,微钝鼻头,厚唇,嘴角紧收,耳后小痣,鹅蛋偏菱（面中立体化），厚眉骨/窄深眼窝，少年圆眼·眼尾明显挑·宽眼距，宽鼻根/宽骨鼻梁/微钝鼻头，厚唇·嘴角紧收，方下颌
FD04614,宽方脸,颈部线条收短,窄额,柔和眉骨,深眼窝,外扩颧骨,成熟收紧面颊,柔和下颌,半睁懒眼,眼尾延展,标准眼距,碎裂虹膜,低鼻根,宽骨鼻梁,方圆鼻头,平直唇,嘴角下垂,单侧虎牙,宽方脸（颈部线条收短），柔和眉骨/深眼窝，半睁懒眼·眼尾延展·标准眼距，低鼻根/宽骨鼻梁/方圆鼻头，平直唇·嘴角下垂，柔和下颌
FD04615,圆方脸,偏柔圆润,微凸额,柔和眉骨,宽浅眼窝,低颧骨,轻凹面颊,骨感下颌,鹰隼眼,眼尾平直,窄眼距,环状虹膜,宽鼻根,微弧鼻梁,小圆鼻头,弓形唇,嘴角平直,双侧酒窝,圆方脸（偏柔圆润），柔和眉骨/宽浅眼窝，鹰隼眼·眼尾平直·窄眼距，宽鼻根/微弧鼻梁/小圆鼻头，弓形唇·嘴角平直，骨感下颌
FD04616,短方脸,下庭收窄,饱满额,低眉骨,眼下饱满,柔和颧骨,轻凹面颊,骨感下颌,鹰隼眼,眼尾微挑,宽眼距,星点虹膜,窄鼻根,中直鼻梁,方圆鼻头,弓形唇,嘴角下垂,右眼下浅泪痣,短方脸（下庭收窄），低眉骨/眼下饱满，鹰隼眼·眼尾微挑·宽眼距，窄鼻根/中直鼻梁/方圆鼻头，弓形唇·嘴角下垂，骨感下颌
FD04617,骨感窄脸,中轴收紧,低额,外侧突出眉骨,窄深眼窝,窄颧骨,薄面颊,柔和下颌,平凤眼,眼尾微挑,标准眼距,异色瞳,低鼻根,微弧鼻梁,方圆鼻头,平直唇,单侧上扬,单侧虎牙,骨感窄脸（中轴收紧），外侧突出眉骨/窄深眼窝，平凤眼·眼尾微挑·标准眼距，低鼻根/微弧鼻梁/方圆鼻头，平直唇·单侧上扬，柔和下颌
FD04618,短方脸,颈部线条收短,平直额,内侧突出眉骨,深眼窝,窄颧骨,幼态柔软面颊,明显下颌角,成熟长眼,眼尾微挑,标准眼距,琥珀瞳,中高鼻根,高直鼻梁,轻翘鼻头,平直唇,嘴角平直,单侧虎牙,短方脸（颈部线条收短），内侧突出眉骨/深眼窝，成熟长眼·眼尾微挑·标准眼距，中高鼻根/高直鼻梁/轻翘鼻头，平直唇·嘴角平直，明显下颌角
FD04619,幼态方脸,中轴微长,微凸额,柔和眉骨,浅眼窝,宽颧骨,饱满面颊,圆方下颌,短杏眼,眼尾下沉,标准眼距,碎裂虹膜,中鼻根,轻微偏左鼻梁,小圆鼻头,弓形唇,嘴角上扬,双侧酒窝,幼态方脸（中轴微长），柔和眉骨/浅眼窝，短杏眼·眼尾下沉·标准眼距，中鼻根/轻微偏左鼻梁/小圆鼻头，弓形唇·嘴角上扬，圆方下颌
FD04620,长鹅蛋脸,颈部线条收短,高额,薄眉骨,眼下骨感,低颧骨,轻凹面颊,明显下颌角,宽杏眼,眼尾下沉,标准眼距,星点虹膜,中高鼻根,高直鼻梁,轻翘鼻头,成熟长唇,嘴角紧收,鼻梁旧伤,长鹅蛋脸（颈部线条收短），薄眉骨/眼下骨感，宽杏眼·眼尾下沉·标准眼距，中高鼻根/高直鼻梁/轻翘鼻头，成熟长唇·嘴角紧收，明显下颌角
FD04621,肉感短脸,颈部线条收短,骨感额,低眉骨,宽浅眼窝,窄颧骨,幼态柔软面颊,宽下颌,蛇系眼,眼尾平直,标准眼距,墨玉瞳,中高鼻根,微弧鼻梁,轻翘鼻头,上厚下薄,嘴角下垂,无标志,肉感短脸（颈部线条收短），低眉骨/宽浅眼窝，蛇系眼·眼尾平直·标准眼距，中高鼻根/微弧鼻梁/轻翘鼻头，上厚下薄·嘴角下垂，宽下颌
FD04622,上窄下宽脸,颈部线条收短,宽额,外侧突出眉骨,中度眼窝,高颧骨,薄面颊,圆方下颌,下垂眼,眼尾延展,标准眼距,琥珀瞳,宽鼻根,微弧鼻梁,下压鼻头,上厚下薄,嘴角上扬,异色瞳,上窄下宽脸（颈部线条收短），外侧突出眉骨/中度眼窝，下垂眼·眼尾延展·标准眼距，宽鼻根/微弧鼻梁/下压鼻头，上厚下薄·嘴角上扬，圆方下颌
FD04623,鹅蛋偏菱,颧部微收,微凸额,柔和眉骨,眼下饱满,低颧骨,饱满面颊,明显下颌角,少年圆眼,眼尾延展,窄眼距,深色瞳,中高鼻根,轻鹰钩鼻梁,肉感鼻头,平直唇,嘴角上扬,眉上小疤,鹅蛋偏菱（颧部微收），柔和眉骨/眼下饱满，少年圆眼·眼尾延展·窄眼距，中高鼻根/轻鹰钩鼻梁/肉感鼻头，平直唇·嘴角上扬，明显下颌角
FD04624,骨感方脸,颧部外扩,高额,低眉骨,中度眼窝,低颧骨,幼态柔软面颊,方下颌,上扬凤眼,眼尾平直,宽眼距,墨玉瞳,宽鼻根,柔和鼻梁,微钝鼻头,弓形唇,嘴角上扬,指节薄茧,骨感方脸（颧部外扩），低眉骨/中度眼窝，上扬凤眼·眼尾平直·宽眼距，宽鼻根/柔和鼻梁/微钝鼻头，弓形唇·嘴角上扬，方下颌
FD04625,幼态圆脸,颧部微收,低额,薄眉骨,眼下骨感,高颧骨,幼态柔软面颊,骨感下颌,圆长眼,眼尾微挑,标准眼距,淡金瞳,中高鼻根,轻微偏右鼻梁,轻翘鼻头,厚唇,嘴角上扬,眉心竖纹浅痕,幼态圆脸（颧部微收），薄眉骨/眼下骨感，圆长眼·眼尾微挑·标准眼距，中高鼻根/轻微偏右鼻梁/轻翘鼻头，厚唇·嘴角上扬，骨感下颌
FD04626,心形脸,颧部微收,骨感额,高眉骨,中度眼窝,低颧骨,薄面颊,骨感下颌,蛇系眼,眼尾微挑,宽眼距,灰蓝瞳,低鼻根,柔和鼻梁,下压鼻头,宽嘴,单侧上扬,下颌浅疤,心形脸（颧部微收），高眉骨/中度眼窝，蛇系眼·眼尾微挑·宽眼距，低鼻根/柔和鼻梁/下压鼻头，宽嘴·单侧上扬，骨感下颌
FD04627,上窄下宽脸,偏柔圆润,微凸额,柔和眉骨,宽浅眼窝,低颧骨,轻凹面颊,圆方下颌,鹤系眼,眼尾平直,窄眼距,浅褐瞳,高鼻根,轻微偏右鼻梁,窄翼鼻头,上厚下薄,嘴角上扬,无标志,上窄下宽脸（偏柔圆润），柔和眉骨/宽浅眼窝，鹤系眼·眼尾平直·窄眼距，高鼻根/轻微偏右鼻梁/窄翼鼻头，上厚下薄·嘴角上扬，圆方下颌
FD04628,梨形脸,中庭拉长,平直额,高眉骨,宽浅眼窝,外扩颧骨,薄面颊,宽下颌,蛇系眼,眼尾微挑,窄眼距,墨玉瞳,中高鼻根,宽骨鼻梁,窄翼鼻头,薄唇,单侧上扬,单侧酒窝,梨形脸（中庭拉长），高眉骨/宽浅眼窝，蛇系眼·眼尾微挑·窄眼距，中高鼻根/宽骨鼻梁/窄翼鼻头，薄唇·单侧上扬，宽下颌
FD04629,柔和菱形,面中平缓,窄额,柔和眉骨,中度眼窝,外扩颧骨,成熟收紧面颊,明显下颌角,狐狸系眼,眼尾明显挑,宽眼距,星点虹膜,窄鼻根,微弧鼻梁,轻翘鼻头,厚唇,单侧上扬,眼睑褶皱不对称,柔和菱形（面中平缓），柔和眉骨/中度眼窝，狐狸系眼·眼尾明显挑·宽眼距，窄鼻根/微弧鼻梁/轻翘鼻头，厚唇·单侧上扬，明显下颌角
FD04630,成熟方脸,颊部略凹,宽额,柔和眉骨,浅眼窝,高颧骨,轻凹面颊,收敛下颌,成熟长眼,眼尾明显挑,标准眼距,琥珀瞳,窄鼻根,高直鼻梁,方圆鼻头,宽嘴,嘴角平直,异色瞳,成熟方脸（颊部略凹），柔和眉骨/浅眼窝，成熟长眼·眼尾明显挑·标准眼距，窄鼻根/高直鼻梁/方圆鼻头，宽嘴·嘴角平直，收敛下颌
FD04631,鹅蛋偏方,颈部线条延长,窄额,压迫感眉骨,中度眼窝,高颧骨,饱满面颊,明显下颌角,鹤系眼,眼尾下沉,窄眼距,碎裂虹膜,中高鼻根,轻鹰钩鼻梁,骨感鼻头,宽嘴,嘴角上扬,眉心竖纹浅痕,鹅蛋偏方（颈部线条延长），压迫感眉骨/中度眼窝，鹤系眼·眼尾下沉·窄眼距，中高鼻根/轻鹰钩鼻梁/骨感鼻头，宽嘴·嘴角上扬，明显下颌角
FD04632,颧部展开脸,上庭展开,窄额,低眉骨,深眼窝,宽颧骨,成熟收紧面颊,圆方下颌,长杏眼,眼尾平直,窄眼距,琥珀瞳,窄鼻根,轻鹰钩鼻梁,骨感鼻头,上薄下厚,嘴角下垂,无标志,颧部展开脸（上庭展开），低眉骨/深眼窝，长杏眼·眼尾平直·窄眼距，窄鼻根/轻鹰钩鼻梁/骨感鼻头，上薄下厚·嘴角下垂，圆方下颌
FD04633,方鹅蛋脸,偏柔圆润,窄额,低眉骨,中度眼窝,窄颧骨,饱满面颊,圆方下颌,短圆杏眼,眼尾明显挑,宽眼距,碎裂虹膜,宽鼻根,高直鼻梁,骨感鼻头,成熟长唇,嘴角下垂,眉心竖纹浅痕,方鹅蛋脸（偏柔圆润），低眉骨/中度眼窝，短圆杏眼·眼尾明显挑·宽眼距，宽鼻根/高直鼻梁/骨感鼻头，成熟长唇·嘴角下垂，圆方下颌
FD04634,心形脸,颧部微收,宽额,压迫感眉骨,浅眼窝,低颧骨,轻凹面颊,宽下颌,成熟长眼,眼尾明显挑,标准眼距,淡金瞳,高鼻根,轻微偏右鼻梁,下压鼻头,上厚下薄,嘴角平直,唇下小痣,心形脸（颧部微收），压迫感眉骨/浅眼窝，成熟长眼·眼尾明显挑·标准眼距，高鼻根/轻微偏右鼻梁/下压鼻头，上厚下薄·嘴角平直，宽下颌
FD04635,宽鹅蛋脸,颧部外扩,骨感额,低眉骨,中度眼窝,柔和颧骨,饱满面颊,收敛下颌,鹰隼眼,眼尾下沉,窄眼距,环状虹膜,高鼻根,轻鹰钩鼻梁,窄翼鼻头,上厚下薄,嘴角下垂,瞳孔残缺,宽鹅蛋脸（颧部外扩），低眉骨/中度眼窝，鹰隼眼·眼尾下沉·窄眼距，高鼻根/轻鹰钩鼻梁/窄翼鼻头，上厚下薄·嘴角下垂，收敛下颌
FD04636,柔和菱形,中轴收紧,低额,厚眉骨,深眼窝,外扩颧骨,成熟收紧面颊,圆方下颌,窄杏眼,眼尾平直,宽眼距,墨玉瞳,中高鼻根,宽骨鼻梁,窄翼鼻头,厚唇,嘴角紧收,耳后小痣,柔和菱形（中轴收紧），厚眉骨/深眼窝，窄杏眼·眼尾平直·宽眼距，中高鼻根/宽骨鼻梁/窄翼鼻头，厚唇·嘴角紧收，圆方下颌
FD04637,下颌突出脸,中轴微长,骨感额,压迫感眉骨,窄深眼窝,柔和颧骨,轻凹面颊,方下颌,桃花眼,眼尾明显挑,窄眼距,墨玉瞳,高鼻根,微弧鼻梁,下压鼻头,成熟长唇,嘴角下垂,眉上小疤,下颌突出脸（中轴微长），压迫感眉骨/窄深眼窝，桃花眼·眼尾明显挑·窄眼距，高鼻根/微弧鼻梁/下压鼻头，成熟长唇·嘴角下垂，方下颌
FD04638,圆方脸,颌角强调,高额,薄眉骨,宽浅眼窝,窄颧骨,幼态柔软面颊,骨感下颌,下垂眼,眼尾下沉,宽眼距,异色瞳,窄鼻根,轻微偏右鼻梁,微钝鼻头,小嘴,嘴角紧收,单侧酒窝,圆方脸（颌角强调），薄眉骨/宽浅眼窝，下垂眼·眼尾下沉·宽眼距，窄鼻根/轻微偏右鼻梁/微钝鼻头，小嘴·嘴角紧收，骨感下颌
FD04639,长圆脸,上庭展开,平直额,外侧突出眉骨,眼下骨感,柔和颧骨,薄面颊,柔和下颌,窄杏眼,眼尾延展,窄眼距,碎裂虹膜,中鼻根,轻微偏右鼻梁,骨感鼻头,宽嘴,嘴角下垂,无标志,长圆脸（上庭展开），外侧突出眉骨/眼下骨感，窄杏眼·眼尾延展·窄眼距，中鼻根/轻微偏右鼻梁/骨感鼻头，宽嘴·嘴角下垂，柔和下颌
FD04640,圆方脸,面中平缓,窄额,外侧突出眉骨,眼下饱满,高颧骨,饱满面颊,骨感下颌,平直杏眼,眼尾延展,标准眼距,琥珀瞳,宽鼻根,微弧鼻梁,肉感鼻头,上薄下厚,嘴角上扬,眉心竖纹浅痕,圆方脸（面中平缓），外侧突出眉骨/眼下饱满，平直杏眼·眼尾延展·标准眼距，宽鼻根/微弧鼻梁/肉感鼻头，上薄下厚·嘴角上扬，骨感下颌
FD04641,长心形脸,偏柔圆润,窄额,压迫感眉骨,中度眼窝,窄颧骨,幼态柔软面颊,宽下颌,少年圆眼,眼尾下沉,窄眼距,星点虹膜,窄鼻根,轻微偏左鼻梁,窄翼鼻头,上薄下厚,嘴角下垂,异色瞳,长心形脸（偏柔圆润），压迫感眉骨/中度眼窝，少年圆眼·眼尾下沉·窄眼距，窄鼻根/轻微偏左鼻梁/窄翼鼻头，上薄下厚·嘴角下垂，宽下颌
FD04642,幼态圆脸,颌角强调,饱满额,内侧突出眉骨,浅眼窝,柔和颧骨,饱满面颊,窄下颌,宽杏眼,眼尾下沉,窄眼距,浅褐瞳,宽鼻根,微弧鼻梁,肉感鼻头,成熟长唇,嘴角上扬,眼睑褶皱不对称,幼态圆脸（颌角强调），内侧突出眉骨/浅眼窝，宽杏眼·眼尾下沉·窄眼距，宽鼻根/微弧鼻梁/肉感鼻头，成熟长唇·嘴角上扬，窄下颌
FD04643,长鹅蛋脸,下颌线柔化,高额,柔和眉骨,深眼窝,外扩颧骨,饱满面颊,宽下颌,鹰隼眼,眼尾下沉,宽眼距,星点虹膜,中高鼻根,柔和鼻梁,骨感鼻头,弓形唇,嘴角平直,下颌浅疤,长鹅蛋脸（下颌线柔化），柔和眉骨/深眼窝，鹰隼眼·眼尾下沉·宽眼距，中高鼻根/柔和鼻梁/骨感鼻头，弓形唇·嘴角平直，宽下颌
FD04644,幼态方脸,中轴微长,微凸额,压迫感眉骨,深眼窝,外扩颧骨,薄面颊,骨感下颌,圆长眼,眼尾下沉,标准眼距,异色瞳,低鼻根,柔和鼻梁,轻翘鼻头,弓形唇,嘴角上扬,眼睑褶皱不对称,幼态方脸（中轴微长），压迫感眉骨/深眼窝，圆长眼·眼尾下沉·标准眼距，低鼻根/柔和鼻梁/轻翘鼻头，弓形唇·嘴角上扬，骨感下颌
FD04645,长圆脸,面中平缓,宽额,薄眉骨,深眼窝,窄颧骨,幼态柔软面颊,骨感下颌,长杏眼,眼尾平直,宽眼距,淡金瞳,低鼻根,中直鼻梁,下压鼻头,小嘴,嘴角上扬,异色瞳,长圆脸（面中平缓），薄眉骨/深眼窝，长杏眼·眼尾平直·宽眼距，低鼻根/中直鼻梁/下压鼻头，小嘴·嘴角上扬，骨感下颌
FD04646,幼态圆脸,中轴微长,低额,厚眉骨,眼下饱满,窄颧骨,成熟收紧面颊,收敛下颌,平凤眼,眼尾下沉,标准眼距,环状虹膜,宽鼻根,轻微偏右鼻梁,方圆鼻头,小嘴,单侧上扬,无标志,幼态圆脸（中轴微长），厚眉骨/眼下饱满，平凤眼·眼尾下沉·标准眼距，宽鼻根/轻微偏右鼻梁/方圆鼻头，小嘴·单侧上扬，收敛下颌
FD04647,宽方脸,颊部略凹,饱满额,压迫感眉骨,中度眼窝,高颧骨,饱满面颊,窄下颌,狼系眼,眼尾平直,宽眼距,环状虹膜,低鼻根,宽骨鼻梁,肉感鼻头,上厚下薄,嘴角上扬,无标志,宽方脸（颊部略凹），压迫感眉骨/中度眼窝，狼系眼·眼尾平直·宽眼距，低鼻根/宽骨鼻梁/肉感鼻头，上厚下薄·嘴角上扬，窄下颌
FD04648,长圆脸,颊部饱满,低额,厚眉骨,浅眼窝,高颧骨,饱满面颊,窄下颌,成熟长眼,眼尾明显挑,宽眼距,碎裂虹膜,高鼻根,轻微偏右鼻梁,小圆鼻头,薄唇,嘴角下垂,无标志,长圆脸（颊部饱满），厚眉骨/浅眼窝，成熟长眼·眼尾明显挑·宽眼距，高鼻根/轻微偏右鼻梁/小圆鼻头，薄唇·嘴角下垂，窄下颌
FD04649,心形脸,颊部饱满,饱满额,低眉骨,眼下骨感,柔和颧骨,轻凹面颊,窄下颌,瑞凤眼,眼尾下沉,宽眼距,琥珀瞳,中鼻根,宽骨鼻梁,微钝鼻头,厚唇,嘴角平直,无标志,心形脸（颊部饱满），低眉骨/眼下骨感，瑞凤眼·眼尾下沉·宽眼距，中鼻根/宽骨鼻梁/微钝鼻头，厚唇·嘴角平直，窄下颌
FD04650,鹅蛋偏心形,颈部线条收短,微凸额,低眉骨,浅眼窝,柔和颧骨,轻凹面颊,宽下颌,平直杏眼,眼尾平直,标准眼距,碎裂虹膜,高鼻根,柔和鼻梁,轻翘鼻头,成熟长唇,嘴角紧收,右眼下浅泪痣,鹅蛋偏心形（颈部线条收短），低眉骨/浅眼窝，平直杏眼·眼尾平直·标准眼距，高鼻根/柔和鼻梁/轻翘鼻头，成熟长唇·嘴角紧收，宽下颌
FD04651,长心形脸,下颌线清晰化,平直额,外侧突出眉骨,深眼窝,外扩颧骨,薄面颊,方下颌,鹤系眼,眼尾微挑,标准眼距,灰蓝瞳,中鼻根,轻鹰钩鼻梁,肉感鼻头,小嘴,单侧上扬,无标志,长心形脸（下颌线清晰化），外侧突出眉骨/深眼窝，鹤系眼·眼尾微挑·标准眼距，中鼻根/轻鹰钩鼻梁/肉感鼻头，小嘴·单侧上扬，方下颌
FD04652,短圆脸,颌角弱化,微凸额,低眉骨,深眼窝,窄颧骨,饱满面颊,收敛下颌,鹿系眼,眼尾延展,窄眼距,星点虹膜,低鼻根,微弧鼻梁,小圆鼻头,成熟长唇,嘴角紧收,单侧酒窝,短圆脸（颌角弱化），低眉骨/深眼窝，鹿系眼·眼尾延展·窄眼距，低鼻根/微弧鼻梁/小圆鼻头，成熟长唇·嘴角紧收，收敛下颌
FD04653,骨感菱形,上庭收窄,高额,高眉骨,浅眼窝,宽颧骨,成熟收紧面颊,宽下颌,狭长眼,眼尾明显挑,宽眼距,环状虹膜,窄鼻根,微弧鼻梁,下压鼻头,平直唇,嘴角下垂,无标志,骨感菱形（上庭收窄），高眉骨/浅眼窝，狭长眼·眼尾明显挑·宽眼距，窄鼻根/微弧鼻梁/下压鼻头，平直唇·嘴角下垂，宽下颌
FD04654,短鹅蛋脸,骨点外显,低额,薄眉骨,窄深眼窝,外扩颧骨,薄面颊,窄下颌,平凤眼,眼尾明显挑,标准眼距,淡金瞳,低鼻根,中直鼻梁,窄翼鼻头,上薄下厚,嘴角上扬,碎裂虹膜,短鹅蛋脸（骨点外显），薄眉骨/窄深眼窝，平凤眼·眼尾明显挑·标准眼距，低鼻根/中直鼻梁/窄翼鼻头，上薄下厚·嘴角上扬，窄下颌
FD04655,长心形脸,上庭展开,骨感额,高眉骨,浅眼窝,柔和颧骨,饱满面颊,宽下颌,疲惫眼,眼尾明显挑,窄眼距,浅褐瞳,宽鼻根,宽骨鼻梁,肉感鼻头,薄唇,嘴角平直,无标志,长心形脸（上庭展开），高眉骨/浅眼窝，疲惫眼·眼尾明显挑·窄眼距，宽鼻根/宽骨鼻梁/肉感鼻头，薄唇·嘴角平直，宽下颌
FD04656,下颌突出脸,下庭加重,宽额,柔和眉骨,宽浅眼窝,低颧骨,轻凹面颊,方下颌,鹿系眼,眼尾微挑,标准眼距,墨玉瞳,中高鼻根,轻微偏左鼻梁,肉感鼻头,厚唇,嘴角紧收,左颊浅疤,下颌突出脸（下庭加重），柔和眉骨/宽浅眼窝，鹿系眼·眼尾微挑·标准眼距，中高鼻根/轻微偏左鼻梁/肉感鼻头，厚唇·嘴角紧收，方下颌
FD04657,柔和方脸,偏锐收窄,平直额,薄眉骨,眼下骨感,低颧骨,幼态柔软面颊,明显下颌角,冷感眼,眼尾延展,窄眼距,深色瞳,低鼻根,中直鼻梁,肉感鼻头,薄唇,嘴角平直,眉上小疤,柔和方脸（偏锐收窄），薄眉骨/眼下骨感，冷感眼·眼尾延展·窄眼距，低鼻根/中直鼻梁/肉感鼻头，薄唇·嘴角平直，明显下颌角
FD04658,长圆脸,颈部线条延长,骨感额,柔和眉骨,浅眼窝,窄颧骨,成熟收紧面颊,宽下颌,鹤系眼,眼尾微挑,宽眼距,墨玉瞳,高鼻根,高直鼻梁,小圆鼻头,薄唇,嘴角紧收,眉上小疤,长圆脸（颈部线条延长），柔和眉骨/浅眼窝，鹤系眼·眼尾微挑·宽眼距，高鼻根/高直鼻梁/小圆鼻头，薄唇·嘴角紧收，宽下颌
FD04659,长方脸,下庭加重,高额,内侧突出眉骨,中度眼窝,宽颧骨,饱满面颊,骨感下颌,鹰隼眼,眼尾平直,标准眼距,深色瞳,中高鼻根,轻鹰钩鼻梁,下压鼻头,弓形唇,嘴角上扬,耳后小痣,长方脸（下庭加重），内侧突出眉骨/中度眼窝，鹰隼眼·眼尾平直·标准眼距，中高鼻根/轻鹰钩鼻梁/下压鼻头，弓形唇·嘴角上扬，骨感下颌
FD04660,上宽下窄脸,下颌线清晰化,平直额,薄眉骨,中度眼窝,窄颧骨,幼态柔软面颊,柔和下颌,成熟长眼,眼尾延展,宽眼距,深色瞳,中高鼻根,柔和鼻梁,轻翘鼻头,小嘴,嘴角上扬,右眉轻断,上宽下窄脸（下颌线清晰化），薄眉骨/中度眼窝，成熟长眼·眼尾延展·宽眼距，中高鼻根/柔和鼻梁/轻翘鼻头，小嘴·嘴角上扬，柔和下颌
FD04661,骨感方脸,颧部微收,平直额,压迫感眉骨,中度眼窝,高颧骨,成熟收紧面颊,柔和下颌,宽杏眼,眼尾平直,标准眼距,琥珀瞳,中高鼻根,柔和鼻梁,方圆鼻头,薄唇,嘴角平直,无标志,骨感方脸（颧部微收），压迫感眉骨/中度眼窝，宽杏眼·眼尾平直·标准眼距，中高鼻根/柔和鼻梁/方圆鼻头，薄唇·嘴角平直，柔和下颌
FD04662,窄鹅蛋脸,中庭展宽,低额,薄眉骨,中度眼窝,低颧骨,薄面颊,宽下颌,鹿系眼,眼尾平直,宽眼距,环状虹膜,宽鼻根,轻微偏右鼻梁,肉感鼻头,宽嘴,单侧上扬,指节薄茧,窄鹅蛋脸（中庭展宽），薄眉骨/中度眼窝，鹿系眼·眼尾平直·宽眼距，宽鼻根/轻微偏右鼻梁/肉感鼻头，宽嘴·单侧上扬，宽下颌
FD04663,长菱形,中庭拉长,微凸额,厚眉骨,眼下饱满,柔和颧骨,轻凹面颊,宽下颌,猫系眼,眼尾微挑,宽眼距,星点虹膜,高鼻根,轻微偏左鼻梁,下压鼻头,弓形唇,嘴角下垂,眼角小痣,长菱形（中庭拉长），厚眉骨/眼下饱满，猫系眼·眼尾微挑·宽眼距，高鼻根/轻微偏左鼻梁/下压鼻头，弓形唇·嘴角下垂，宽下颌
FD04664,方菱过渡脸,下颌线清晰化,高额,柔和眉骨,宽浅眼窝,宽颧骨,轻凹面颊,方下颌,狭长眼,眼尾明显挑,标准眼距,墨玉瞳,窄鼻根,轻微偏左鼻梁,下压鼻头,厚唇,嘴角紧收,耳后小痣,方菱过渡脸（下颌线清晰化），柔和眉骨/宽浅眼窝，狭长眼·眼尾明显挑·标准眼距，窄鼻根/轻微偏左鼻梁/下压鼻头，厚唇·嘴角紧收，方下颌
FD04665,幼态方脸,中轴收紧,骨感额,薄眉骨,深眼窝,窄颧骨,轻凹面颊,方下颌,短圆杏眼,眼尾下压,宽眼距,浅褐瞳,窄鼻根,轻鹰钩鼻梁,小圆鼻头,弓形唇,嘴角上扬,双侧酒窝,幼态方脸（中轴收紧），薄眉骨/深眼窝，短圆杏眼·眼尾下压·宽眼距，窄鼻根/轻鹰钩鼻梁/小圆鼻头，弓形唇·嘴角上扬，方下颌
FD04666,鹅蛋偏菱,颧部外扩,宽额,薄眉骨,中度眼窝,柔和颧骨,轻凹面颊,柔和下颌,下垂眼,眼尾微挑,窄眼距,墨玉瞳,宽鼻根,轻微偏左鼻梁,肉感鼻头,小嘴,嘴角下垂,额角旧痕,鹅蛋偏菱（颧部外扩），薄眉骨/中度眼窝，下垂眼·眼尾微挑·窄眼距，宽鼻根/轻微偏左鼻梁/肉感鼻头，小嘴·嘴角下垂，柔和下颌
FD04667,上窄下宽脸,偏锐收窄,饱满额,薄眉骨,眼下饱满,宽颧骨,饱满面颊,圆方下颌,狭长瑞凤眼,眼尾微挑,窄眼距,异色瞳,低鼻根,中直鼻梁,小圆鼻头,小嘴,单侧上扬,下颌浅疤,上窄下宽脸（偏锐收窄），薄眉骨/眼下饱满，狭长瑞凤眼·眼尾微挑·窄眼距，低鼻根/中直鼻梁/小圆鼻头，小嘴·单侧上扬，圆方下颌
FD04668,上宽下窄脸,上庭收窄,高额,高眉骨,浅眼窝,柔和颧骨,饱满面颊,柔和下颌,冷感眼,眼尾微挑,窄眼距,灰蓝瞳,中鼻根,轻鹰钩鼻梁,窄翼鼻头,厚唇,嘴角下垂,环状虹膜,上宽下窄脸（上庭收窄），高眉骨/浅眼窝，冷感眼·眼尾微挑·窄眼距，中鼻根/轻鹰钩鼻梁/窄翼鼻头，厚唇·嘴角下垂，柔和下颌
FD04669,长菱形,中轴收紧,饱满额,低眉骨,中度眼窝,宽颧骨,饱满面颊,宽下颌,桃花眼,眼尾平直,窄眼距,琥珀瞳,高鼻根,高直鼻梁,窄翼鼻头,弓形唇,嘴角紧收,耳后小痣,长菱形（中轴收紧），低眉骨/中度眼窝，桃花眼·眼尾平直·窄眼距，高鼻根/高直鼻梁/窄翼鼻头，弓形唇·嘴角紧收，宽下颌
FD04670,幼态圆脸,下庭加重,低额,厚眉骨,宽浅眼窝,外扩颧骨,幼态柔软面颊,骨感下颌,狐狸系眼,眼尾下压,宽眼距,异色瞳,中高鼻根,轻微偏左鼻梁,骨感鼻头,弓形唇,单侧上扬,无标志,幼态圆脸（下庭加重），厚眉骨/宽浅眼窝，狐狸系眼·眼尾下压·宽眼距，中高鼻根/轻微偏左鼻梁/骨感鼻头，弓形唇·单侧上扬，骨感下颌
FD04671,幼态方脸,中庭拉长,平直额,内侧突出眉骨,中度眼窝,窄颧骨,薄面颊,方下颌,下垂眼,眼尾下压,宽眼距,异色瞳,高鼻根,柔和鼻梁,方圆鼻头,厚唇,嘴角紧收,眉心竖纹浅痕,幼态方脸（中庭拉长），内侧突出眉骨/中度眼窝，下垂眼·眼尾下压·宽眼距，高鼻根/柔和鼻梁/方圆鼻头，厚唇·嘴角紧收，方下颌
FD04672,长方脸,下颌线柔化,低额,内侧突出眉骨,宽浅眼窝,高颧骨,成熟收紧面颊,明显下颌角,桃花眼,眼尾平直,窄眼距,星点虹膜,低鼻根,微弧鼻梁,小圆鼻头,小嘴,嘴角紧收,无标志,长方脸（下颌线柔化），内侧突出眉骨/宽浅眼窝，桃花眼·眼尾平直·窄眼距，低鼻根/微弧鼻梁/小圆鼻头，小嘴·嘴角紧收，明显下颌角
FD04673,心形脸,下颌线清晰化,高额,柔和眉骨,中度眼窝,高颧骨,轻凹面颊,宽下颌,狭长瑞凤眼,眼尾平直,宽眼距,淡金瞳,宽鼻根,微弧鼻梁,轻翘鼻头,薄唇,嘴角下垂,碎裂虹膜,心形脸（下颌线清晰化），柔和眉骨/中度眼窝，狭长瑞凤眼·眼尾平直·宽眼距，宽鼻根/微弧鼻梁/轻翘鼻头，薄唇·嘴角下垂，宽下颌
FD04674,鹅蛋偏方,颊部略凹,低额,低眉骨,窄深眼窝,窄颧骨,薄面颊,宽下颌,蛇系眼,眼尾平直,标准眼距,浅褐瞳,中鼻根,宽骨鼻梁,方圆鼻头,成熟长唇,嘴角上扬,单侧虎牙,鹅蛋偏方（颊部略凹），低眉骨/窄深眼窝，蛇系眼·眼尾平直·标准眼距，中鼻根/宽骨鼻梁/方圆鼻头，成熟长唇·嘴角上扬，宽下颌
FD04675,梨形脸,下颌线柔化,骨感额,压迫感眉骨,眼下饱满,低颧骨,幼态柔软面颊,明显下颌角,猫系眼,眼尾平直,窄眼距,星点虹膜,宽鼻根,轻微偏右鼻梁,肉感鼻头,厚唇,嘴角上扬,指节薄茧,梨形脸（下颌线柔化），压迫感眉骨/眼下饱满，猫系眼·眼尾平直·窄眼距，宽鼻根/轻微偏右鼻梁/肉感鼻头，厚唇·嘴角上扬，明显下颌角
FD04676,颧部展开脸,颌角弱化,平直额,压迫感眉骨,浅眼窝,高颧骨,轻凹面颊,骨感下颌,狼系眼,眼尾下沉,窄眼距,星点虹膜,中鼻根,中直鼻梁,方圆鼻头,平直唇,嘴角下垂,左眼下浅泪痣,颧部展开脸（颌角弱化），压迫感眉骨/浅眼窝，狼系眼·眼尾下沉·窄眼距，中鼻根/中直鼻梁/方圆鼻头，平直唇·嘴角下垂，骨感下颌
FD04677,短圆脸,下庭收窄,微凸额,高眉骨,眼下饱满,宽颧骨,轻凹面颊,明显下颌角,少年圆眼,眼尾微挑,宽眼距,淡金瞳,中高鼻根,轻微偏右鼻梁,窄翼鼻头,弓形唇,嘴角下垂,单侧虎牙,短圆脸（下庭收窄），高眉骨/眼下饱满，少年圆眼·眼尾微挑·宽眼距，中高鼻根/轻微偏右鼻梁/窄翼鼻头，弓形唇·嘴角下垂，明显下颌角
FD04678,窄方脸,上庭展开,窄额,内侧突出眉骨,中度眼窝,低颧骨,薄面颊,骨感下颌,平凤眼,眼尾平直,标准眼距,灰蓝瞳,中鼻根,轻鹰钩鼻梁,方圆鼻头,上厚下薄,嘴角紧收,指节薄茧,窄方脸（上庭展开），内侧突出眉骨/中度眼窝，平凤眼·眼尾平直·标准眼距，中鼻根/轻鹰钩鼻梁/方圆鼻头，上厚下薄·嘴角紧收，骨感下颌
FD04679,骨感窄脸,颧部外扩,宽额,外侧突出眉骨,眼下骨感,低颧骨,轻凹面颊,宽下颌,猫系眼,眼尾平直,窄眼距,浅褐瞳,中鼻根,轻微偏右鼻梁,窄翼鼻头,厚唇,嘴角下垂,无标志,骨感窄脸（颧部外扩），外侧突出眉骨/眼下骨感，猫系眼·眼尾平直·窄眼距，中鼻根/轻微偏右鼻梁/窄翼鼻头，厚唇·嘴角下垂，宽下颌
FD04680,梨形脸,偏柔圆润,低额,高眉骨,深眼窝,宽颧骨,成熟收紧面颊,明显下颌角,平凤眼,眼尾下沉,窄眼距,环状虹膜,低鼻根,轻微偏右鼻梁,小圆鼻头,平直唇,单侧上扬,眼角小痣,梨形脸（偏柔圆润），高眉骨/深眼窝，平凤眼·眼尾下沉·窄眼距，低鼻根/轻微偏右鼻梁/小圆鼻头，平直唇·单侧上扬，明显下颌角
FD04681,上宽下窄脸,颌角弱化,饱满额,厚眉骨,中度眼窝,高颧骨,薄面颊,圆方下颌,鹰隼眼,眼尾平直,标准眼距,碎裂虹膜,低鼻根,轻微偏右鼻梁,下压鼻头,成熟长唇,单侧上扬,双侧酒窝,上宽下窄脸（颌角弱化），厚眉骨/中度眼窝，鹰隼眼·眼尾平直·标准眼距，低鼻根/轻微偏右鼻梁/下压鼻头，成熟长唇·单侧上扬，圆方下颌
FD04682,上窄下宽脸,上庭展开,饱满额,外侧突出眉骨,中度眼窝,柔和颧骨,轻凹面颊,骨感下颌,鹤系眼,眼尾明显挑,标准眼距,碎裂虹膜,中鼻根,微弧鼻梁,骨感鼻头,弓形唇,嘴角平直,双侧酒窝,上窄下宽脸（上庭展开），外侧突出眉骨/中度眼窝，鹤系眼·眼尾明显挑·标准眼距，中鼻根/微弧鼻梁/骨感鼻头，弓形唇·嘴角平直，骨感下颌
FD04683,短鹅蛋脸,颧部微收,高额,压迫感眉骨,深眼窝,窄颧骨,幼态柔软面颊,方下颌,猫系眼,眼尾明显挑,宽眼距,琥珀瞳,宽鼻根,轻微偏右鼻梁,窄翼鼻头,上薄下厚,嘴角紧收,耳后小痣,短鹅蛋脸（颧部微收），压迫感眉骨/深眼窝，猫系眼·眼尾明显挑·宽眼距，宽鼻根/轻微偏右鼻梁/窄翼鼻头，上薄下厚·嘴角紧收，方下颌
FD04684,方菱过渡脸,下庭加重,宽额,低眉骨,眼下骨感,高颧骨,轻凹面颊,明显下颌角,狭长眼,眼尾延展,宽眼距,琥珀瞳,窄鼻根,轻鹰钩鼻梁,轻翘鼻头,成熟长唇,嘴角平直,唇下小痣,方菱过渡脸（下庭加重），低眉骨/眼下骨感，狭长眼·眼尾延展·宽眼距，窄鼻根/轻鹰钩鼻梁/轻翘鼻头，成熟长唇·嘴角平直，明显下颌角
FD04685,下颌突出脸,偏锐收窄,微凸额,薄眉骨,眼下饱满,低颧骨,幼态柔软面颊,柔和下颌,下垂眼,眼尾下沉,标准眼距,琥珀瞳,中高鼻根,轻鹰钩鼻梁,轻翘鼻头,小嘴,嘴角下垂,颈侧细疤,下颌突出脸（偏锐收窄），薄眉骨/眼下饱满，下垂眼·眼尾下沉·标准眼距，中高鼻根/轻鹰钩鼻梁/轻翘鼻头，小嘴·嘴角下垂，柔和下颌
FD04686,宽心形脸,面中平缓,微凸额,厚眉骨,眼下骨感,低颧骨,饱满面颊,明显下颌角,疲惫眼,眼尾延展,窄眼距,环状虹膜,高鼻根,轻微偏右鼻梁,小圆鼻头,宽嘴,嘴角下垂,异色瞳,宽心形脸（面中平缓），厚眉骨/眼下骨感，疲惫眼·眼尾延展·窄眼距，高鼻根/轻微偏右鼻梁/小圆鼻头，宽嘴·嘴角下垂，明显下颌角
FD04687,清瘦圆脸,颌角强调,窄额,柔和眉骨,眼下饱满,柔和颧骨,轻凹面颊,柔和下颌,圆长眼,眼尾明显挑,窄眼距,异色瞳,高鼻根,中直鼻梁,微钝鼻头,上厚下薄,嘴角下垂,鼻梁旧伤,清瘦圆脸（颌角强调），柔和眉骨/眼下饱满，圆长眼·眼尾明显挑·窄眼距，高鼻根/中直鼻梁/微钝鼻头，上厚下薄·嘴角下垂，柔和下颌
FD04688,宽方脸,骨点外显,骨感额,柔和眉骨,宽浅眼窝,外扩颧骨,成熟收紧面颊,柔和下颌,疲惫眼,眼尾下沉,标准眼距,浅褐瞳,中鼻根,轻微偏右鼻梁,下压鼻头,上厚下薄,单侧上扬,右眼下浅泪痣,宽方脸（骨点外显），柔和眉骨/宽浅眼窝，疲惫眼·眼尾下沉·标准眼距，中鼻根/轻微偏右鼻梁/下压鼻头，上厚下薄·单侧上扬，柔和下颌
FD04689,骨感菱形,上庭展开,宽额,厚眉骨,眼下饱满,宽颧骨,薄面颊,收敛下颌,蛇系眼,眼尾微挑,标准眼距,灰蓝瞳,中高鼻根,宽骨鼻梁,下压鼻头,上薄下厚,嘴角上扬,耳后小痣,骨感菱形（上庭展开），厚眉骨/眼下饱满，蛇系眼·眼尾微挑·标准眼距，中高鼻根/宽骨鼻梁/下压鼻头，上薄下厚·嘴角上扬，收敛下颌
FD04690,肉感短脸,颊部略凹,高额,厚眉骨,宽浅眼窝,外扩颧骨,轻凹面颊,宽下颌,少年圆眼,眼尾下沉,标准眼距,碎裂虹膜,中高鼻根,轻鹰钩鼻梁,骨感鼻头,弓形唇,嘴角平直,指节薄茧,肉感短脸（颊部略凹），厚眉骨/宽浅眼窝，少年圆眼·眼尾下沉·标准眼距，中高鼻根/轻鹰钩鼻梁/骨感鼻头，弓形唇·嘴角平直，宽下颌
FD04691,窄方脸,颧部外扩,微凸额,薄眉骨,宽浅眼窝,低颧骨,轻凹面颊,骨感下颌,上扬凤眼,眼尾下沉,宽眼距,星点虹膜,低鼻根,轻鹰钩鼻梁,肉感鼻头,薄唇,嘴角上扬,眼睑褶皱不对称,窄方脸（颧部外扩），薄眉骨/宽浅眼窝，上扬凤眼·眼尾下沉·宽眼距，低鼻根/轻鹰钩鼻梁/肉感鼻头，薄唇·嘴角上扬，骨感下颌
FD04692,肉感短脸,颌角弱化,宽额,厚眉骨,眼下饱满,宽颧骨,幼态柔软面颊,收敛下颌,狭长眼,眼尾明显挑,窄眼距,浅褐瞳,宽鼻根,宽骨鼻梁,轻翘鼻头,上薄下厚,单侧上扬,眼睑褶皱不对称,肉感短脸（颌角弱化），厚眉骨/眼下饱满，狭长眼·眼尾明显挑·窄眼距，宽鼻根/宽骨鼻梁/轻翘鼻头，上薄下厚·单侧上扬，收敛下颌
FD04693,窄鹅蛋脸,颊部略凹,低额,外侧突出眉骨,中度眼窝,窄颧骨,薄面颊,柔和下颌,鹤系眼,眼尾延展,宽眼距,灰蓝瞳,窄鼻根,轻鹰钩鼻梁,肉感鼻头,厚唇,嘴角上扬,下颌浅疤,窄鹅蛋脸（颊部略凹），外侧突出眉骨/中度眼窝，鹤系眼·眼尾延展·宽眼距，窄鼻根/轻鹰钩鼻梁/肉感鼻头，厚唇·嘴角上扬，柔和下颌
FD04694,骨感方脸,骨点内敛,宽额,低眉骨,浅眼窝,外扩颧骨,薄面颊,窄下颌,平直杏眼,眼尾下沉,窄眼距,星点虹膜,高鼻根,微弧鼻梁,骨感鼻头,上薄下厚,嘴角上扬,鼻梁旧伤,骨感方脸（骨点内敛），低眉骨/浅眼窝，平直杏眼·眼尾下沉·窄眼距，高鼻根/微弧鼻梁/骨感鼻头，上薄下厚·嘴角上扬，窄下颌
FD04695,长方脸,颌角弱化,微凸额,低眉骨,中度眼窝,高颧骨,轻凹面颊,方下颌,瑞凤眼,眼尾下沉,标准眼距,琥珀瞳,低鼻根,宽骨鼻梁,窄翼鼻头,厚唇,嘴角紧收,鼻梁旧伤,长方脸（颌角弱化），低眉骨/中度眼窝，瑞凤眼·眼尾下沉·标准眼距，低鼻根/宽骨鼻梁/窄翼鼻头，厚唇·嘴角紧收，方下颌
FD04696,宽鹅蛋脸,颊部略凹,微凸额,压迫感眉骨,中度眼窝,低颧骨,成熟收紧面颊,柔和下颌,窄杏眼,眼尾下压,窄眼距,碎裂虹膜,高鼻根,中直鼻梁,下压鼻头,薄唇,单侧上扬,异色瞳,宽鹅蛋脸（颊部略凹），压迫感眉骨/中度眼窝，窄杏眼·眼尾下压·窄眼距，高鼻根/中直鼻梁/下压鼻头，薄唇·单侧上扬，柔和下颌
FD04697,宽方脸,颊部略凹,低额,高眉骨,眼下骨感,柔和颧骨,轻凹面颊,收敛下颌,短圆杏眼,眼尾明显挑,宽眼距,琥珀瞳,宽鼻根,轻微偏左鼻梁,小圆鼻头,上薄下厚,嘴角紧收,眼角小痣,宽方脸（颊部略凹），高眉骨/眼下骨感，短圆杏眼·眼尾明显挑·宽眼距，宽鼻根/轻微偏左鼻梁/小圆鼻头，上薄下厚·嘴角紧收，收敛下颌
FD04698,短鹅蛋脸,下庭收窄,饱满额,厚眉骨,中度眼窝,宽颧骨,饱满面颊,柔和下颌,鹰隼眼,眼尾微挑,标准眼距,墨玉瞳,中鼻根,轻微偏右鼻梁,骨感鼻头,厚唇,嘴角上扬,耳后小痣,短鹅蛋脸（下庭收窄），厚眉骨/中度眼窝，鹰隼眼·眼尾微挑·标准眼距，中鼻根/轻微偏右鼻梁/骨感鼻头，厚唇·嘴角上扬，柔和下颌
FD04699,窄鹅蛋脸,中庭展宽,窄额,高眉骨,深眼窝,外扩颧骨,成熟收紧面颊,柔和下颌,狼系眼,眼尾微挑,标准眼距,墨玉瞳,高鼻根,中直鼻梁,小圆鼻头,厚唇,单侧上扬,异色瞳,窄鹅蛋脸（中庭展宽），高眉骨/深眼窝，狼系眼·眼尾微挑·标准眼距，高鼻根/中直鼻梁/小圆鼻头，厚唇·单侧上扬，柔和下颌
FD04700,圆方脸,颊部饱满,微凸额,柔和眉骨,窄深眼窝,宽颧骨,轻凹面颊,明显下颌角,平凤眼,眼尾下沉,标准眼距,星点虹膜,低鼻根,柔和鼻梁,下压鼻头,上薄下厚,嘴角下垂,眉心竖纹浅痕,圆方脸（颊部饱满），柔和眉骨/窄深眼窝，平凤眼·眼尾下沉·标准眼距，低鼻根/柔和鼻梁/下压鼻头，上薄下厚·嘴角下垂，明显下颌角
FD04701,长圆脸,颊部略凹,宽额,外侧突出眉骨,深眼窝,高颧骨,轻凹面颊,柔和下颌,猫系眼,眼尾明显挑,标准眼距,环状虹膜,宽鼻根,微弧鼻梁,下压鼻头,厚唇,嘴角紧收,碎裂虹膜,长圆脸（颊部略凹），外侧突出眉骨/深眼窝，猫系眼·眼尾明显挑·标准眼距，宽鼻根/微弧鼻梁/下压鼻头，厚唇·嘴角紧收，柔和下颌
FD04702,宽方脸,偏锐收窄,骨感额,压迫感眉骨,深眼窝,低颧骨,薄面颊,收敛下颌,长杏眼,眼尾明显挑,标准眼距,灰蓝瞳,低鼻根,宽骨鼻梁,下压鼻头,上薄下厚,单侧上扬,眉尾旧疤,宽方脸（偏锐收窄），压迫感眉骨/深眼窝，长杏眼·眼尾明显挑·标准眼距，低鼻根/宽骨鼻梁/下压鼻头，上薄下厚·单侧上扬，收敛下颌
FD04703,柔和菱形,中轴微长,宽额,压迫感眉骨,浅眼窝,外扩颧骨,饱满面颊,明显下颌角,疲惫眼,眼尾明显挑,标准眼距,淡金瞳,中鼻根,宽骨鼻梁,微钝鼻头,上厚下薄,嘴角紧收,碎裂虹膜,柔和菱形（中轴微长），压迫感眉骨/浅眼窝，疲惫眼·眼尾明显挑·标准眼距，中鼻根/宽骨鼻梁/微钝鼻头，上厚下薄·嘴角紧收，明显下颌角
FD04704,方菱过渡脸,下庭加重,骨感额,薄眉骨,窄深眼窝,低颧骨,薄面颊,圆方下颌,狼系眼,眼尾微挑,标准眼距,碎裂虹膜,高鼻根,轻微偏左鼻梁,窄翼鼻头,小嘴,嘴角上扬,双侧酒窝,方菱过渡脸（下庭加重），薄眉骨/窄深眼窝，狼系眼·眼尾微挑·标准眼距，高鼻根/轻微偏左鼻梁/窄翼鼻头，小嘴·嘴角上扬，圆方下颌
FD04705,肉感短脸,骨点外显,微凸额,外侧突出眉骨,眼下骨感,柔和颧骨,饱满面颊,骨感下颌,柳叶眼,眼尾下沉,宽眼距,星点虹膜,低鼻根,轻微偏左鼻梁,骨感鼻头,宽嘴,嘴角上扬,眉上小疤,肉感短脸（骨点外显），外侧突出眉骨/眼下骨感，柳叶眼·眼尾下沉·宽眼距，低鼻根/轻微偏左鼻梁/骨感鼻头，宽嘴·嘴角上扬，骨感下颌
FD04706,短鹅蛋脸,下庭加重,平直额,厚眉骨,眼下饱满,窄颧骨,薄面颊,窄下颌,猫系眼,眼尾下压,标准眼距,墨玉瞳,中高鼻根,轻微偏左鼻梁,小圆鼻头,成熟长唇,嘴角下垂,无标志,短鹅蛋脸（下庭加重），厚眉骨/眼下饱满，猫系眼·眼尾下压·标准眼距，中高鼻根/轻微偏左鼻梁/小圆鼻头，成熟长唇·嘴角下垂，窄下颌
FD04707,鹅蛋偏菱,颈部线条延长,窄额,内侧突出眉骨,眼下饱满,高颧骨,饱满面颊,骨感下颌,成熟长眼,眼尾明显挑,宽眼距,浅褐瞳,宽鼻根,微弧鼻梁,窄翼鼻头,弓形唇,嘴角下垂,双侧酒窝,鹅蛋偏菱（颈部线条延长），内侧突出眉骨/眼下饱满，成熟长眼·眼尾明显挑·宽眼距，宽鼻根/微弧鼻梁/窄翼鼻头，弓形唇·嘴角下垂，骨感下颌
FD04708,成熟方脸,中轴微长,窄额,柔和眉骨,眼下骨感,低颧骨,幼态柔软面颊,明显下颌角,狼系眼,眼尾下沉,宽眼距,浅褐瞳,低鼻根,柔和鼻梁,微钝鼻头,厚唇,嘴角平直,单侧虎牙,成熟方脸（中轴微长），柔和眉骨/眼下骨感，狼系眼·眼尾下沉·宽眼距，低鼻根/柔和鼻梁/微钝鼻头，厚唇·嘴角平直，明显下颌角
FD04709,双颌匀称脸,下颌线清晰化,窄额,厚眉骨,中度眼窝,窄颧骨,轻凹面颊,收敛下颌,平凤眼,眼尾下压,窄眼距,星点虹膜,宽鼻根,轻微偏左鼻梁,肉感鼻头,宽嘴,嘴角上扬,环状虹膜,双颌匀称脸（下颌线清晰化），厚眉骨/中度眼窝，平凤眼·眼尾下压·窄眼距，宽鼻根/轻微偏左鼻梁/肉感鼻头，宽嘴·嘴角上扬，收敛下颌
FD04710,幼态方脸,下庭收窄,宽额,外侧突出眉骨,浅眼窝,宽颧骨,薄面颊,骨感下颌,上扬凤眼,眼尾下压,窄眼距,墨玉瞳,中高鼻根,轻微偏右鼻梁,方圆鼻头,上薄下厚,单侧上扬,下颌浅疤,幼态方脸（下庭收窄），外侧突出眉骨/浅眼窝，上扬凤眼·眼尾下压·窄眼距，中高鼻根/轻微偏右鼻梁/方圆鼻头，上薄下厚·单侧上扬，骨感下颌
FD04711,长菱形,颊部饱满,高额,高眉骨,浅眼窝,柔和颧骨,成熟收紧面颊,宽下颌,狐狸系眼,眼尾下沉,窄眼距,墨玉瞳,低鼻根,中直鼻梁,肉感鼻头,宽嘴,单侧上扬,眉心竖纹浅痕,长菱形（颊部饱满），高眉骨/浅眼窝，狐狸系眼·眼尾下沉·窄眼距，低鼻根/中直鼻梁/肉感鼻头，宽嘴·单侧上扬，宽下颌
FD04712,梨形脸,颊部饱满,微凸额,外侧突出眉骨,中度眼窝,宽颧骨,幼态柔软面颊,明显下颌角,下垂眼,眼尾下压,宽眼距,碎裂虹膜,高鼻根,轻鹰钩鼻梁,肉感鼻头,厚唇,嘴角上扬,额角旧痕,梨形脸（颊部饱满），外侧突出眉骨/中度眼窝，下垂眼·眼尾下压·宽眼距，高鼻根/轻鹰钩鼻梁/肉感鼻头，厚唇·嘴角上扬，明显下颌角
FD04713,骨感方脸,颧部外扩,饱满额,低眉骨,宽浅眼窝,外扩颧骨,饱满面颊,骨感下颌,成熟长眼,眼尾下压,窄眼距,深色瞳,中鼻根,轻微偏左鼻梁,小圆鼻头,弓形唇,嘴角紧收,单侧酒窝,骨感方脸（颧部外扩），低眉骨/宽浅眼窝，成熟长眼·眼尾下压·窄眼距，中鼻根/轻微偏左鼻梁/小圆鼻头，弓形唇·嘴角紧收，骨感下颌
FD04714,骨感菱形,颊部饱满,骨感额,外侧突出眉骨,窄深眼窝,低颧骨,轻凹面颊,窄下颌,窄杏眼,眼尾延展,窄眼距,深色瞳,中鼻根,宽骨鼻梁,轻翘鼻头,小嘴,单侧上扬,双侧酒窝,骨感菱形（颊部饱满），外侧突出眉骨/窄深眼窝，窄杏眼·眼尾延展·窄眼距，中鼻根/宽骨鼻梁/轻翘鼻头，小嘴·单侧上扬，窄下颌
FD04715,清瘦圆脸,面中平缓,宽额,低眉骨,窄深眼窝,低颧骨,薄面颊,方下颌,鹤系眼,眼尾微挑,宽眼距,墨玉瞳,高鼻根,轻鹰钩鼻梁,下压鼻头,小嘴,嘴角上扬,眼角小痣,清瘦圆脸（面中平缓），低眉骨/窄深眼窝，鹤系眼·眼尾微挑·宽眼距，高鼻根/轻鹰钩鼻梁/下压鼻头，小嘴·嘴角上扬，方下颌
FD04716,宽方脸,颈部线条延长,骨感额,外侧突出眉骨,宽浅眼窝,柔和颧骨,轻凹面颊,圆方下颌,鹤系眼,眼尾明显挑,标准眼距,环状虹膜,低鼻根,微弧鼻梁,骨感鼻头,上薄下厚,单侧上扬,左颊浅疤,宽方脸（颈部线条延长），外侧突出眉骨/宽浅眼窝，鹤系眼·眼尾明显挑·标准眼距，低鼻根/微弧鼻梁/骨感鼻头，上薄下厚·单侧上扬，圆方下颌
FD04717,骨感窄脸,偏锐收窄,高额,外侧突出眉骨,眼下饱满,宽颧骨,幼态柔软面颊,收敛下颌,圆长眼,眼尾微挑,宽眼距,星点虹膜,中高鼻根,中直鼻梁,方圆鼻头,弓形唇,嘴角紧收,鼻梁旧伤,骨感窄脸（偏锐收窄），外侧突出眉骨/眼下饱满，圆长眼·眼尾微挑·宽眼距，中高鼻根/中直鼻梁/方圆鼻头，弓形唇·嘴角紧收，收敛下颌
FD04718,双颌匀称脸,面中立体化,窄额,内侧突出眉骨,窄深眼窝,窄颧骨,幼态柔软面颊,圆方下颌,宽杏眼,眼尾微挑,标准眼距,星点虹膜,宽鼻根,宽骨鼻梁,微钝鼻头,宽嘴,嘴角上扬,左颊浅疤,双颌匀称脸（面中立体化），内侧突出眉骨/窄深眼窝，宽杏眼·眼尾微挑·标准眼距，宽鼻根/宽骨鼻梁/微钝鼻头，宽嘴·嘴角上扬，圆方下颌
FD04719,正梯形脸,下颌线清晰化,微凸额,薄眉骨,眼下骨感,外扩颧骨,幼态柔软面颊,骨感下颌,桃花眼,眼尾延展,窄眼距,浅褐瞳,中高鼻根,宽骨鼻梁,方圆鼻头,弓形唇,单侧上扬,右眉轻断,正梯形脸（下颌线清晰化），薄眉骨/眼下骨感，桃花眼·眼尾延展·窄眼距，中高鼻根/宽骨鼻梁/方圆鼻头，弓形唇·单侧上扬，骨感下颌
FD04720,窄方脸,骨点内敛,平直额,低眉骨,中度眼窝,窄颧骨,幼态柔软面颊,宽下颌,窄杏眼,眼尾平直,标准眼距,墨玉瞳,中鼻根,轻鹰钩鼻梁,微钝鼻头,上厚下薄,嘴角上扬,眼睑褶皱不对称,窄方脸（骨点内敛），低眉骨/中度眼窝，窄杏眼·眼尾平直·标准眼距，中鼻根/轻鹰钩鼻梁/微钝鼻头，上厚下薄·嘴角上扬，宽下颌
FD04721,窄鹅蛋脸,中轴微长,平直额,厚眉骨,宽浅眼窝,外扩颧骨,成熟收紧面颊,收敛下颌,蛇系眼,眼尾延展,窄眼距,异色瞳,中鼻根,高直鼻梁,微钝鼻头,弓形唇,嘴角平直,鼻梁旧伤,窄鹅蛋脸（中轴微长），厚眉骨/宽浅眼窝，蛇系眼·眼尾延展·窄眼距，中鼻根/高直鼻梁/微钝鼻头，弓形唇·嘴角平直，收敛下颌
FD04722,宽方脸,上庭收窄,低额,高眉骨,中度眼窝,宽颧骨,薄面颊,明显下颌角,瑞凤眼,眼尾明显挑,窄眼距,浅褐瞳,中鼻根,轻微偏左鼻梁,方圆鼻头,上厚下薄,嘴角上扬,额角旧痕,宽方脸（上庭收窄），高眉骨/中度眼窝，瑞凤眼·眼尾明显挑·窄眼距，中鼻根/轻微偏左鼻梁/方圆鼻头，上厚下薄·嘴角上扬，明显下颌角
FD04723,幼态圆脸,颧部微收,饱满额,薄眉骨,眼下饱满,低颧骨,薄面颊,窄下颌,长杏眼,眼尾微挑,宽眼距,碎裂虹膜,中鼻根,宽骨鼻梁,轻翘鼻头,弓形唇,嘴角紧收,无标志,幼态圆脸（颧部微收），薄眉骨/眼下饱满，长杏眼·眼尾微挑·宽眼距，中鼻根/宽骨鼻梁/轻翘鼻头，弓形唇·嘴角紧收，窄下颌
FD04724,幼态方脸,骨点外显,高额,高眉骨,窄深眼窝,外扩颧骨,饱满面颊,骨感下颌,疲惫眼,眼尾明显挑,标准眼距,淡金瞳,中高鼻根,轻微偏左鼻梁,窄翼鼻头,平直唇,嘴角平直,右眉轻断,幼态方脸（骨点外显），高眉骨/窄深眼窝，疲惫眼·眼尾明显挑·标准眼距，中高鼻根/轻微偏左鼻梁/窄翼鼻头，平直唇·嘴角平直，骨感下颌
FD04725,宽鹅蛋脸,颧部微收,平直额,内侧突出眉骨,浅眼窝,宽颧骨,轻凹面颊,明显下颌角,短杏眼,眼尾微挑,宽眼距,异色瞳,低鼻根,微弧鼻梁,肉感鼻头,平直唇,嘴角平直,额角旧痕,宽鹅蛋脸（颧部微收），内侧突出眉骨/浅眼窝，短杏眼·眼尾微挑·宽眼距，低鼻根/微弧鼻梁/肉感鼻头，平直唇·嘴角平直，明显下颌角
FD04726,短方脸,偏锐收窄,窄额,低眉骨,浅眼窝,外扩颧骨,幼态柔软面颊,窄下颌,鹰隼眼,眼尾明显挑,宽眼距,墨玉瞳,宽鼻根,宽骨鼻梁,方圆鼻头,平直唇,嘴角紧收,环状虹膜,短方脸（偏锐收窄），低眉骨/浅眼窝，鹰隼眼·眼尾明显挑·宽眼距，宽鼻根/宽骨鼻梁/方圆鼻头，平直唇·嘴角紧收，窄下颌
FD04727,短方脸,中庭拉长,低额,厚眉骨,中度眼窝,窄颧骨,薄面颊,收敛下颌,柳叶眼,眼尾下压,窄眼距,浅褐瞳,宽鼻根,轻微偏右鼻梁,轻翘鼻头,上薄下厚,单侧上扬,眉尾旧疤,短方脸（中庭拉长），厚眉骨/中度眼窝，柳叶眼·眼尾下压·窄眼距，宽鼻根/轻微偏右鼻梁/轻翘鼻头，上薄下厚·单侧上扬，收敛下颌
FD04728,长菱形,颊部饱满,骨感额,低眉骨,宽浅眼窝,宽颧骨,幼态柔软面颊,圆方下颌,短杏眼,眼尾微挑,宽眼距,环状虹膜,宽鼻根,中直鼻梁,微钝鼻头,宽嘴,嘴角下垂,无标志,长菱形（颊部饱满），低眉骨/宽浅眼窝，短杏眼·眼尾微挑·宽眼距，宽鼻根/中直鼻梁/微钝鼻头，宽嘴·嘴角下垂，圆方下颌
FD04729,长心形脸,下颌线清晰化,骨感额,内侧突出眉骨,深眼窝,窄颧骨,幼态柔软面颊,明显下颌角,平凤眼,眼尾明显挑,窄眼距,琥珀瞳,中鼻根,高直鼻梁,下压鼻头,成熟长唇,嘴角平直,瞳孔残缺,长心形脸（下颌线清晰化），内侧突出眉骨/深眼窝，平凤眼·眼尾明显挑·窄眼距，中鼻根/高直鼻梁/下压鼻头，成熟长唇·嘴角平直，明显下颌角
FD04730,长心形脸,颌角强调,微凸额,压迫感眉骨,窄深眼窝,外扩颧骨,饱满面颊,骨感下颌,下垂眼,眼尾下压,宽眼距,碎裂虹膜,中鼻根,微弧鼻梁,轻翘鼻头,上厚下薄,嘴角平直,指节薄茧,长心形脸（颌角强调），压迫感眉骨/窄深眼窝，下垂眼·眼尾下压·宽眼距，中鼻根/微弧鼻梁/轻翘鼻头，上厚下薄·嘴角平直，骨感下颌
FD04731,柔和菱形,下颌线清晰化,宽额,柔和眉骨,眼下骨感,高颧骨,薄面颊,柔和下颌,下垂眼,眼尾平直,窄眼距,墨玉瞳,高鼻根,轻微偏右鼻梁,小圆鼻头,薄唇,嘴角紧收,下颌浅疤,柔和菱形（下颌线清晰化），柔和眉骨/眼下骨感，下垂眼·眼尾平直·窄眼距，高鼻根/轻微偏右鼻梁/小圆鼻头，薄唇·嘴角紧收，柔和下颌
FD04732,宽鹅蛋脸,偏锐收窄,微凸额,压迫感眉骨,中度眼窝,高颧骨,轻凹面颊,骨感下颌,上扬凤眼,眼尾明显挑,窄眼距,琥珀瞳,中高鼻根,轻微偏左鼻梁,微钝鼻头,厚唇,单侧上扬,下颌浅疤,宽鹅蛋脸（偏锐收窄），压迫感眉骨/中度眼窝，上扬凤眼·眼尾明显挑·窄眼距，中高鼻根/轻微偏左鼻梁/微钝鼻头，厚唇·单侧上扬，骨感下颌
FD04733,鹅蛋偏菱,中庭拉长,饱满额,高眉骨,深眼窝,宽颧骨,薄面颊,圆方下颌,平直杏眼,眼尾微挑,宽眼距,淡金瞳,中鼻根,中直鼻梁,轻翘鼻头,上薄下厚,嘴角下垂,右眉轻断,鹅蛋偏菱（中庭拉长），高眉骨/深眼窝，平直杏眼·眼尾微挑·宽眼距，中鼻根/中直鼻梁/轻翘鼻头，上薄下厚·嘴角下垂，圆方下颌
FD04734,肉感短脸,面中立体化,宽额,厚眉骨,眼下骨感,外扩颧骨,薄面颊,窄下颌,宽杏眼,眼尾平直,标准眼距,碎裂虹膜,窄鼻根,高直鼻梁,小圆鼻头,薄唇,单侧上扬,单侧酒窝,肉感短脸（面中立体化），厚眉骨/眼下骨感，宽杏眼·眼尾平直·标准眼距，窄鼻根/高直鼻梁/小圆鼻头，薄唇·单侧上扬，窄下颌
FD04735,圆方脸,骨点外显,骨感额,压迫感眉骨,宽浅眼窝,高颧骨,幼态柔软面颊,骨感下颌,圆长眼,眼尾下沉,标准眼距,灰蓝瞳,高鼻根,高直鼻梁,方圆鼻头,成熟长唇,嘴角紧收,指节薄茧,圆方脸（骨点外显），压迫感眉骨/宽浅眼窝，圆长眼·眼尾下沉·标准眼距，高鼻根/高直鼻梁/方圆鼻头，成熟长唇·嘴角紧收，骨感下颌
FD04736,幼态方脸,下颌线柔化,窄额,压迫感眉骨,中度眼窝,高颧骨,薄面颊,收敛下颌,鹤系眼,眼尾下压,宽眼距,琥珀瞳,中高鼻根,轻鹰钩鼻梁,下压鼻头,成熟长唇,嘴角紧收,无标志,幼态方脸（下颌线柔化），压迫感眉骨/中度眼窝，鹤系眼·眼尾下压·宽眼距，中高鼻根/轻鹰钩鼻梁/下压鼻头，成熟长唇·嘴角紧收，收敛下颌
FD04737,骨感窄脸,骨点外显,低额,厚眉骨,浅眼窝,外扩颧骨,成熟收紧面颊,柔和下颌,下垂眼,眼尾延展,宽眼距,灰蓝瞳,中鼻根,微弧鼻梁,窄翼鼻头,平直唇,单侧上扬,眼角小痣,骨感窄脸（骨点外显），厚眉骨/浅眼窝，下垂眼·眼尾延展·宽眼距，中鼻根/微弧鼻梁/窄翼鼻头，平直唇·单侧上扬，柔和下颌
FD04738,宽菱形,中庭拉长,骨感额,低眉骨,深眼窝,柔和颧骨,轻凹面颊,宽下颌,狭长眼,眼尾下沉,宽眼距,碎裂虹膜,中鼻根,柔和鼻梁,下压鼻头,厚唇,单侧上扬,下颌浅疤,宽菱形（中庭拉长），低眉骨/深眼窝，狭长眼·眼尾下沉·宽眼距，中鼻根/柔和鼻梁/下压鼻头，厚唇·单侧上扬，宽下颌
FD04739,短鹅蛋脸,中庭展宽,平直额,外侧突出眉骨,中度眼窝,高颧骨,轻凹面颊,方下颌,成熟长眼,眼尾下压,窄眼距,墨玉瞳,宽鼻根,轻微偏右鼻梁,轻翘鼻头,成熟长唇,单侧上扬,左颊浅疤,短鹅蛋脸（中庭展宽），外侧突出眉骨/中度眼窝，成熟长眼·眼尾下压·窄眼距，宽鼻根/轻微偏右鼻梁/轻翘鼻头，成熟长唇·单侧上扬，方下颌
FD04740,宽菱形,中庭展宽,饱满额,薄眉骨,窄深眼窝,高颧骨,成熟收紧面颊,窄下颌,狐狸系眼,眼尾下沉,标准眼距,灰蓝瞳,低鼻根,轻微偏右鼻梁,下压鼻头,厚唇,单侧上扬,眉上小疤,宽菱形（中庭展宽），薄眉骨/窄深眼窝，狐狸系眼·眼尾下沉·标准眼距，低鼻根/轻微偏右鼻梁/下压鼻头，厚唇·单侧上扬，窄下颌
FD04741,正梯形脸,下颌线清晰化,窄额,高眉骨,眼下饱满,高颧骨,薄面颊,柔和下颌,短圆杏眼,眼尾下沉,宽眼距,淡金瞳,高鼻根,轻微偏右鼻梁,微钝鼻头,上薄下厚,嘴角下垂,下颌浅疤,正梯形脸（下颌线清晰化），高眉骨/眼下饱满，短圆杏眼·眼尾下沉·宽眼距，高鼻根/轻微偏右鼻梁/微钝鼻头，上薄下厚·嘴角下垂，柔和下颌
FD04742,上窄下宽脸,颌角弱化,微凸额,压迫感眉骨,眼下骨感,外扩颧骨,轻凹面颊,圆方下颌,鹤系眼,眼尾下压,标准眼距,淡金瞳,高鼻根,微弧鼻梁,小圆鼻头,厚唇,嘴角紧收,右眼下浅泪痣,上窄下宽脸（颌角弱化），压迫感眉骨/眼下骨感，鹤系眼·眼尾下压·标准眼距，高鼻根/微弧鼻梁/小圆鼻头，厚唇·嘴角紧收，圆方下颌
FD04743,短方脸,颌角弱化,骨感额,高眉骨,窄深眼窝,窄颧骨,幼态柔软面颊,骨感下颌,平直杏眼,眼尾延展,标准眼距,浅褐瞳,宽鼻根,宽骨鼻梁,肉感鼻头,薄唇,嘴角紧收,无标志,短方脸（颌角弱化），高眉骨/窄深眼窝，平直杏眼·眼尾延展·标准眼距，宽鼻根/宽骨鼻梁/肉感鼻头，薄唇·嘴角紧收，骨感下颌
FD04744,宽鹅蛋脸,颧部微收,平直额,低眉骨,眼下饱满,窄颧骨,薄面颊,骨感下颌,猫系眼,眼尾平直,窄眼距,环状虹膜,中高鼻根,高直鼻梁,下压鼻头,弓形唇,嘴角紧收,无标志,宽鹅蛋脸（颧部微收），低眉骨/眼下饱满，猫系眼·眼尾平直·窄眼距，中高鼻根/高直鼻梁/下压鼻头，弓形唇·嘴角紧收，骨感下颌
FD04745,幼态圆脸,面中平缓,骨感额,内侧突出眉骨,眼下骨感,外扩颧骨,幼态柔软面颊,明显下颌角,平凤眼,眼尾延展,宽眼距,环状虹膜,低鼻根,宽骨鼻梁,窄翼鼻头,平直唇,嘴角上扬,无标志,幼态圆脸（面中平缓），内侧突出眉骨/眼下骨感，平凤眼·眼尾延展·宽眼距，低鼻根/宽骨鼻梁/窄翼鼻头，平直唇·嘴角上扬，明显下颌角
FD04746,方鹅蛋脸,颈部线条延长,骨感额,压迫感眉骨,中度眼窝,高颧骨,轻凹面颊,窄下颌,圆长眼,眼尾微挑,窄眼距,异色瞳,宽鼻根,微弧鼻梁,骨感鼻头,上厚下薄,嘴角上扬,眉尾旧疤,方鹅蛋脸（颈部线条延长），压迫感眉骨/中度眼窝，圆长眼·眼尾微挑·窄眼距，宽鼻根/微弧鼻梁/骨感鼻头，上厚下薄·嘴角上扬，窄下颌
FD04747,清瘦圆脸,中轴微长,宽额,薄眉骨,眼下骨感,窄颧骨,饱满面颊,方下颌,宽杏眼,眼尾下压,窄眼距,深色瞳,中高鼻根,微弧鼻梁,下压鼻头,小嘴,嘴角平直,指节薄茧,清瘦圆脸（中轴微长），薄眉骨/眼下骨感，宽杏眼·眼尾下压·窄眼距，中高鼻根/微弧鼻梁/下压鼻头，小嘴·嘴角平直，方下颌
FD04748,骨感窄脸,下庭加重,饱满额,外侧突出眉骨,眼下骨感,柔和颧骨,饱满面颊,骨感下颌,蛇系眼,眼尾明显挑,窄眼距,星点虹膜,中鼻根,轻鹰钩鼻梁,微钝鼻头,薄唇,嘴角上扬,额角旧痕,骨感窄脸（下庭加重），外侧突出眉骨/眼下骨感，蛇系眼·眼尾明显挑·窄眼距，中鼻根/轻鹰钩鼻梁/微钝鼻头，薄唇·嘴角上扬，骨感下颌
FD04749,颧部展开脸,颧部外扩,平直额,薄眉骨,中度眼窝,低颧骨,成熟收紧面颊,收敛下颌,桃花眼,眼尾平直,标准眼距,淡金瞳,中鼻根,高直鼻梁,方圆鼻头,薄唇,嘴角紧收,瞳孔残缺,颧部展开脸（颧部外扩），薄眉骨/中度眼窝，桃花眼·眼尾平直·标准眼距，中鼻根/高直鼻梁/方圆鼻头，薄唇·嘴角紧收，收敛下颌
FD04750,清瘦圆脸,骨点内敛,高额,柔和眉骨,浅眼窝,外扩颧骨,成熟收紧面颊,骨感下颌,鹰隼眼,眼尾平直,窄眼距,琥珀瞳,高鼻根,宽骨鼻梁,肉感鼻头,宽嘴,单侧上扬,眉上小疤,清瘦圆脸（骨点内敛），柔和眉骨/浅眼窝，鹰隼眼·眼尾平直·窄眼距，高鼻根/宽骨鼻梁/肉感鼻头，宽嘴·单侧上扬，骨感下颌
FD04751,宽心形脸,下颌线柔化,高额,高眉骨,深眼窝,宽颧骨,薄面颊,收敛下颌,成熟长眼,眼尾下沉,窄眼距,异色瞳,中鼻根,轻鹰钩鼻梁,窄翼鼻头,小嘴,单侧上扬,无标志,宽心形脸（下颌线柔化），高眉骨/深眼窝，成熟长眼·眼尾下沉·窄眼距，中鼻根/轻鹰钩鼻梁/窄翼鼻头，小嘴·单侧上扬，收敛下颌
FD04752,长方脸,面中立体化,饱满额,内侧突出眉骨,眼下饱满,宽颧骨,成熟收紧面颊,窄下颌,短杏眼,眼尾平直,标准眼距,碎裂虹膜,中鼻根,轻微偏右鼻梁,轻翘鼻头,弓形唇,嘴角上扬,单侧酒窝,长方脸（面中立体化），内侧突出眉骨/眼下饱满，短杏眼·眼尾平直·标准眼距，中鼻根/轻微偏右鼻梁/轻翘鼻头，弓形唇·嘴角上扬，窄下颌
FD04753,短鹅蛋脸,偏锐收窄,窄额,外侧突出眉骨,窄深眼窝,宽颧骨,幼态柔软面颊,宽下颌,短圆杏眼,眼尾明显挑,窄眼距,异色瞳,中鼻根,轻微偏左鼻梁,下压鼻头,厚唇,嘴角下垂,下颌浅疤,短鹅蛋脸（偏锐收窄），外侧突出眉骨/窄深眼窝，短圆杏眼·眼尾明显挑·窄眼距，中鼻根/轻微偏左鼻梁/下压鼻头，厚唇·嘴角下垂，宽下颌
FD04754,长圆脸,颊部饱满,窄额,外侧突出眉骨,深眼窝,外扩颧骨,幼态柔软面颊,柔和下颌,蛇系眼,眼尾下沉,窄眼距,星点虹膜,中鼻根,中直鼻梁,轻翘鼻头,厚唇,嘴角平直,碎裂虹膜,长圆脸（颊部饱满），外侧突出眉骨/深眼窝，蛇系眼·眼尾下沉·窄眼距，中鼻根/中直鼻梁/轻翘鼻头，厚唇·嘴角平直，柔和下颌
FD04755,宽心形脸,中庭拉长,窄额,厚眉骨,窄深眼窝,外扩颧骨,成熟收紧面颊,收敛下颌,瑞凤眼,眼尾平直,标准眼距,碎裂虹膜,中高鼻根,微弧鼻梁,肉感鼻头,厚唇,嘴角下垂,额角旧痕,宽心形脸（中庭拉长），厚眉骨/窄深眼窝，瑞凤眼·眼尾平直·标准眼距，中高鼻根/微弧鼻梁/肉感鼻头，厚唇·嘴角下垂，收敛下颌
FD04756,清瘦圆脸,偏锐收窄,低额,内侧突出眉骨,中度眼窝,低颧骨,成熟收紧面颊,窄下颌,长杏眼,眼尾下沉,宽眼距,淡金瞳,窄鼻根,轻微偏左鼻梁,肉感鼻头,上厚下薄,嘴角平直,异色瞳,清瘦圆脸（偏锐收窄），内侧突出眉骨/中度眼窝，长杏眼·眼尾下沉·宽眼距，窄鼻根/轻微偏左鼻梁/肉感鼻头，上厚下薄·嘴角平直，窄下颌
FD04757,颧部展开脸,上庭展开,微凸额,薄眉骨,宽浅眼窝,窄颧骨,幼态柔软面颊,圆方下颌,平直杏眼,眼尾明显挑,宽眼距,碎裂虹膜,窄鼻根,高直鼻梁,方圆鼻头,小嘴,单侧上扬,眉上小疤,颧部展开脸（上庭展开），薄眉骨/宽浅眼窝，平直杏眼·眼尾明显挑·宽眼距，窄鼻根/高直鼻梁/方圆鼻头，小嘴·单侧上扬，圆方下颌
FD04758,鹅蛋偏菱,中庭展宽,平直额,高眉骨,眼下骨感,宽颧骨,饱满面颊,骨感下颌,冷感眼,眼尾延展,标准眼距,异色瞳,宽鼻根,宽骨鼻梁,微钝鼻头,弓形唇,单侧上扬,异色瞳,鹅蛋偏菱（中庭展宽），高眉骨/眼下骨感，冷感眼·眼尾延展·标准眼距，宽鼻根/宽骨鼻梁/微钝鼻头，弓形唇·单侧上扬，骨感下颌
FD04759,窄鹅蛋脸,骨点外显,微凸额,压迫感眉骨,眼下饱满,窄颧骨,饱满面颊,方下颌,圆长眼,眼尾延展,宽眼距,异色瞳,高鼻根,轻微偏左鼻梁,方圆鼻头,宽嘴,嘴角平直,左颊浅疤,窄鹅蛋脸（骨点外显），压迫感眉骨/眼下饱满，圆长眼·眼尾延展·宽眼距，高鼻根/轻微偏左鼻梁/方圆鼻头，宽嘴·嘴角平直，方下颌
FD04760,长菱形,颊部略凹,宽额,外侧突出眉骨,中度眼窝,宽颧骨,幼态柔软面颊,圆方下颌,瑞凤眼,眼尾平直,标准眼距,灰蓝瞳,低鼻根,柔和鼻梁,骨感鼻头,成熟长唇,单侧上扬,眼睑褶皱不对称,长菱形（颊部略凹），外侧突出眉骨/中度眼窝，瑞凤眼·眼尾平直·标准眼距，低鼻根/柔和鼻梁/骨感鼻头，成熟长唇·单侧上扬，圆方下颌
FD04761,窄鹅蛋脸,颧部外扩,微凸额,高眉骨,深眼窝,窄颧骨,薄面颊,收敛下颌,蛇系眼,眼尾下沉,标准眼距,异色瞳,宽鼻根,中直鼻梁,微钝鼻头,厚唇,嘴角紧收,眉尾旧疤,窄鹅蛋脸（颧部外扩），高眉骨/深眼窝，蛇系眼·眼尾下沉·标准眼距，宽鼻根/中直鼻梁/微钝鼻头，厚唇·嘴角紧收，收敛下颌
FD04762,骨感菱形,下庭加重,宽额,薄眉骨,窄深眼窝,窄颧骨,薄面颊,收敛下颌,疲惫眼,眼尾下沉,窄眼距,浅褐瞳,宽鼻根,柔和鼻梁,小圆鼻头,平直唇,嘴角下垂,瞳孔残缺,骨感菱形（下庭加重），薄眉骨/窄深眼窝，疲惫眼·眼尾下沉·窄眼距，宽鼻根/柔和鼻梁/小圆鼻头，平直唇·嘴角下垂，收敛下颌
FD04763,颧部展开脸,颧部微收,窄额,压迫感眉骨,浅眼窝,柔和颧骨,薄面颊,圆方下颌,平凤眼,眼尾延展,窄眼距,浅褐瞳,高鼻根,微弧鼻梁,骨感鼻头,成熟长唇,嘴角上扬,左颊浅疤,颧部展开脸（颧部微收），压迫感眉骨/浅眼窝，平凤眼·眼尾延展·窄眼距，高鼻根/微弧鼻梁/骨感鼻头，成熟长唇·嘴角上扬，圆方下颌
FD04764,肉感短脸,下颌线柔化,低额,压迫感眉骨,眼下骨感,外扩颧骨,幼态柔软面颊,圆方下颌,丹凤眼,眼尾微挑,宽眼距,深色瞳,高鼻根,微弧鼻梁,轻翘鼻头,上薄下厚,嘴角紧收,鼻梁旧伤,肉感短脸（下颌线柔化），压迫感眉骨/眼下骨感，丹凤眼·眼尾微挑·宽眼距，高鼻根/微弧鼻梁/轻翘鼻头，上薄下厚·嘴角紧收，圆方下颌
FD04765,肉感短脸,面中平缓,饱满额,内侧突出眉骨,深眼窝,柔和颧骨,饱满面颊,窄下颌,狭长瑞凤眼,眼尾明显挑,标准眼距,深色瞳,宽鼻根,中直鼻梁,肉感鼻头,上薄下厚,单侧上扬,右眼下浅泪痣,肉感短脸（面中平缓），内侧突出眉骨/深眼窝，狭长瑞凤眼·眼尾明显挑·标准眼距，宽鼻根/中直鼻梁/肉感鼻头，上薄下厚·单侧上扬，窄下颌
FD04766,鹅蛋偏方,中轴微长,平直额,外侧突出眉骨,眼下骨感,窄颧骨,轻凹面颊,柔和下颌,狼系眼,眼尾延展,窄眼距,星点虹膜,高鼻根,轻鹰钩鼻梁,微钝鼻头,弓形唇,单侧上扬,眉上小疤,鹅蛋偏方（中轴微长），外侧突出眉骨/眼下骨感，狼系眼·眼尾延展·窄眼距，高鼻根/轻鹰钩鼻梁/微钝鼻头，弓形唇·单侧上扬，柔和下颌
FD04767,梨形脸,颧部外扩,窄额,薄眉骨,眼下饱满,高颧骨,饱满面颊,宽下颌,上扬凤眼,眼尾延展,窄眼距,深色瞳,中鼻根,高直鼻梁,肉感鼻头,宽嘴,嘴角下垂,右眉轻断,梨形脸（颧部外扩），薄眉骨/眼下饱满，上扬凤眼·眼尾延展·窄眼距，中鼻根/高直鼻梁/肉感鼻头，宽嘴·嘴角下垂，宽下颌
FD04768,清瘦圆脸,上庭收窄,宽额,薄眉骨,深眼窝,窄颧骨,薄面颊,宽下颌,疲惫眼,眼尾延展,宽眼距,碎裂虹膜,窄鼻根,轻鹰钩鼻梁,微钝鼻头,上厚下薄,嘴角平直,眼睑褶皱不对称,清瘦圆脸（上庭收窄），薄眉骨/深眼窝，疲惫眼·眼尾延展·宽眼距，窄鼻根/轻鹰钩鼻梁/微钝鼻头，上厚下薄·嘴角平直，宽下颌
FD04769,幼态方脸,面中立体化,窄额,内侧突出眉骨,浅眼窝,宽颧骨,薄面颊,明显下颌角,猫系眼,眼尾明显挑,宽眼距,淡金瞳,低鼻根,轻微偏左鼻梁,轻翘鼻头,宽嘴,嘴角下垂,无标志,幼态方脸（面中立体化），内侧突出眉骨/浅眼窝，猫系眼·眼尾明显挑·宽眼距，低鼻根/轻微偏左鼻梁/轻翘鼻头，宽嘴·嘴角下垂，明显下颌角
FD04770,倒梯形脸,颧部微收,高额,压迫感眉骨,宽浅眼窝,外扩颧骨,轻凹面颊,方下颌,平凤眼,眼尾平直,窄眼距,星点虹膜,低鼻根,轻鹰钩鼻梁,轻翘鼻头,厚唇,嘴角平直,下颌浅疤,倒梯形脸（颧部微收），压迫感眉骨/宽浅眼窝，平凤眼·眼尾平直·窄眼距，低鼻根/轻鹰钩鼻梁/轻翘鼻头，厚唇·嘴角平直，方下颌
FD04771,宽鹅蛋脸,颊部饱满,骨感额,外侧突出眉骨,深眼窝,高颧骨,饱满面颊,骨感下颌,猫系眼,眼尾延展,标准眼距,浅褐瞳,中高鼻根,轻鹰钩鼻梁,骨感鼻头,上厚下薄,单侧上扬,双侧酒窝,宽鹅蛋脸（颊部饱满），外侧突出眉骨/深眼窝，猫系眼·眼尾延展·标准眼距，中高鼻根/轻鹰钩鼻梁/骨感鼻头，上厚下薄·单侧上扬，骨感下颌
FD04772,骨感菱形,颈部线条延长,高额,高眉骨,中度眼窝,低颧骨,成熟收紧面颊,收敛下颌,窄杏眼,眼尾平直,宽眼距,琥珀瞳,低鼻根,宽骨鼻梁,下压鼻头,小嘴,嘴角上扬,下颌浅疤,骨感菱形（颈部线条延长），高眉骨/中度眼窝，窄杏眼·眼尾平直·宽眼距，低鼻根/宽骨鼻梁/下压鼻头，小嘴·嘴角上扬，收敛下颌
FD04773,宽鹅蛋脸,颌角弱化,窄额,高眉骨,宽浅眼窝,外扩颧骨,轻凹面颊,窄下颌,蛇系眼,眼尾延展,标准眼距,灰蓝瞳,中鼻根,轻鹰钩鼻梁,小圆鼻头,宽嘴,嘴角平直,眉心竖纹浅痕,宽鹅蛋脸（颌角弱化），高眉骨/宽浅眼窝，蛇系眼·眼尾延展·标准眼距，中鼻根/轻鹰钩鼻梁/小圆鼻头，宽嘴·嘴角平直，窄下颌
FD04774,梨形脸,中轴收紧,低额,低眉骨,深眼窝,高颧骨,轻凹面颊,骨感下颌,平直杏眼,眼尾明显挑,宽眼距,灰蓝瞳,中高鼻根,高直鼻梁,下压鼻头,小嘴,单侧上扬,无标志,梨形脸（中轴收紧），低眉骨/深眼窝，平直杏眼·眼尾明显挑·宽眼距，中高鼻根/高直鼻梁/下压鼻头，小嘴·单侧上扬，骨感下颌
FD04775,宽方脸,颌角弱化,低额,高眉骨,中度眼窝,柔和颧骨,幼态柔软面颊,窄下颌,疲惫眼,眼尾微挑,窄眼距,灰蓝瞳,高鼻根,高直鼻梁,轻翘鼻头,成熟长唇,嘴角紧收,异色瞳,宽方脸（颌角弱化），高眉骨/中度眼窝，疲惫眼·眼尾微挑·窄眼距，高鼻根/高直鼻梁/轻翘鼻头，成熟长唇·嘴角紧收，窄下颌
FD04776,幼态方脸,颊部略凹,骨感额,低眉骨,宽浅眼窝,低颧骨,幼态柔软面颊,明显下颌角,鹰隼眼,眼尾微挑,窄眼距,浅褐瞳,宽鼻根,轻微偏左鼻梁,骨感鼻头,薄唇,单侧上扬,指节薄茧,幼态方脸（颊部略凹），低眉骨/宽浅眼窝，鹰隼眼·眼尾微挑·窄眼距，宽鼻根/轻微偏左鼻梁/骨感鼻头，薄唇·单侧上扬，明显下颌角
FD04777,上宽下窄脸,上庭展开,宽额,柔和眉骨,浅眼窝,窄颧骨,轻凹面颊,圆方下颌,狼系眼,眼尾平直,标准眼距,灰蓝瞳,中鼻根,柔和鼻梁,下压鼻头,小嘴,嘴角上扬,鼻梁旧伤,上宽下窄脸（上庭展开），柔和眉骨/浅眼窝，狼系眼·眼尾平直·标准眼距，中鼻根/柔和鼻梁/下压鼻头，小嘴·嘴角上扬，圆方下颌
FD04778,短圆脸,下庭加重,低额,高眉骨,浅眼窝,宽颧骨,轻凹面颊,骨感下颌,狼系眼,眼尾微挑,窄眼距,灰蓝瞳,高鼻根,微弧鼻梁,窄翼鼻头,上厚下薄,嘴角下垂,指节薄茧,短圆脸（下庭加重），高眉骨/浅眼窝，狼系眼·眼尾微挑·窄眼距，高鼻根/微弧鼻梁/窄翼鼻头，上厚下薄·嘴角下垂，骨感下颌
FD04779,长心形脸,下庭加重,骨感额,柔和眉骨,眼下骨感,低颧骨,幼态柔软面颊,圆方下颌,平凤眼,眼尾明显挑,宽眼距,浅褐瞳,中高鼻根,宽骨鼻梁,微钝鼻头,上薄下厚,嘴角平直,右眼下浅泪痣,长心形脸（下庭加重），柔和眉骨/眼下骨感，平凤眼·眼尾明显挑·宽眼距，中高鼻根/宽骨鼻梁/微钝鼻头，上薄下厚·嘴角平直，圆方下颌
FD04780,梨形脸,偏锐收窄,骨感额,柔和眉骨,宽浅眼窝,宽颧骨,轻凹面颊,骨感下颌,宽杏眼,眼尾延展,窄眼距,浅褐瞳,低鼻根,轻微偏左鼻梁,方圆鼻头,宽嘴,嘴角平直,碎裂虹膜,梨形脸（偏锐收窄），柔和眉骨/宽浅眼窝，宽杏眼·眼尾延展·窄眼距，低鼻根/轻微偏左鼻梁/方圆鼻头，宽嘴·嘴角平直，骨感下颌
FD04781,柔和菱形,中轴微长,窄额,外侧突出眉骨,眼下骨感,低颧骨,成熟收紧面颊,宽下颌,少年圆眼,眼尾平直,标准眼距,琥珀瞳,低鼻根,高直鼻梁,窄翼鼻头,宽嘴,嘴角上扬,眉心竖纹浅痕,柔和菱形（中轴微长），外侧突出眉骨/眼下骨感，少年圆眼·眼尾平直·标准眼距，低鼻根/高直鼻梁/窄翼鼻头，宽嘴·嘴角上扬，宽下颌
FD04782,颧部展开脸,中轴微长,骨感额,压迫感眉骨,浅眼窝,低颧骨,成熟收紧面颊,明显下颌角,上扬凤眼,眼尾下压,标准眼距,星点虹膜,高鼻根,宽骨鼻梁,肉感鼻头,厚唇,嘴角平直,眼角小痣,颧部展开脸（中轴微长），压迫感眉骨/浅眼窝，上扬凤眼·眼尾下压·标准眼距，高鼻根/宽骨鼻梁/肉感鼻头，厚唇·嘴角平直，明显下颌角
FD04783,心形脸,面中立体化,骨感额,压迫感眉骨,深眼窝,柔和颧骨,轻凹面颊,收敛下颌,宽杏眼,眼尾平直,宽眼距,浅褐瞳,窄鼻根,轻微偏右鼻梁,肉感鼻头,厚唇,单侧上扬,眉尾旧疤,心形脸（面中立体化），压迫感眉骨/深眼窝，宽杏眼·眼尾平直·宽眼距，窄鼻根/轻微偏右鼻梁/肉感鼻头，厚唇·单侧上扬，收敛下颌
FD04784,清瘦圆脸,下颌线柔化,骨感额,厚眉骨,深眼窝,柔和颧骨,成熟收紧面颊,窄下颌,少年圆眼,眼尾微挑,宽眼距,浅褐瞳,窄鼻根,柔和鼻梁,骨感鼻头,平直唇,嘴角上扬,眼睑褶皱不对称,清瘦圆脸（下颌线柔化），厚眉骨/深眼窝，少年圆眼·眼尾微挑·宽眼距，窄鼻根/柔和鼻梁/骨感鼻头，平直唇·嘴角上扬，窄下颌
FD04785,标准菱形,颊部略凹,骨感额,柔和眉骨,窄深眼窝,外扩颧骨,饱满面颊,宽下颌,成熟长眼,眼尾延展,标准眼距,星点虹膜,中高鼻根,微弧鼻梁,微钝鼻头,上厚下薄,嘴角紧收,右眉轻断,标准菱形（颊部略凹），柔和眉骨/窄深眼窝，成熟长眼·眼尾延展·标准眼距，中高鼻根/微弧鼻梁/微钝鼻头，上厚下薄·嘴角紧收，宽下颌
FD04786,柔和菱形,颈部线条收短,平直额,外侧突出眉骨,眼下骨感,低颧骨,轻凹面颊,圆方下颌,狼系眼,眼尾微挑,窄眼距,琥珀瞳,中高鼻根,轻鹰钩鼻梁,骨感鼻头,上厚下薄,嘴角下垂,左颊浅疤,柔和菱形（颈部线条收短），外侧突出眉骨/眼下骨感，狼系眼·眼尾微挑·窄眼距，中高鼻根/轻鹰钩鼻梁/骨感鼻头，上厚下薄·嘴角下垂，圆方下颌
FD04787,骨感窄脸,下庭加重,骨感额,高眉骨,宽浅眼窝,窄颧骨,轻凹面颊,明显下颌角,鹿系眼,眼尾下沉,标准眼距,墨玉瞳,窄鼻根,中直鼻梁,骨感鼻头,薄唇,嘴角下垂,单侧酒窝,骨感窄脸（下庭加重），高眉骨/宽浅眼窝，鹿系眼·眼尾下沉·标准眼距，窄鼻根/中直鼻梁/骨感鼻头，薄唇·嘴角下垂，明显下颌角
FD04788,肉感短脸,骨点外显,骨感额,厚眉骨,眼下骨感,宽颧骨,轻凹面颊,骨感下颌,窄杏眼,眼尾下压,标准眼距,淡金瞳,宽鼻根,微弧鼻梁,窄翼鼻头,厚唇,嘴角上扬,额角旧痕,肉感短脸（骨点外显），厚眉骨/眼下骨感，窄杏眼·眼尾下压·标准眼距，宽鼻根/微弧鼻梁/窄翼鼻头，厚唇·嘴角上扬，骨感下颌
FD04789,柔和方脸,颌角强调,平直额,外侧突出眉骨,宽浅眼窝,低颧骨,轻凹面颊,柔和下颌,平直杏眼,眼尾微挑,宽眼距,灰蓝瞳,窄鼻根,微弧鼻梁,下压鼻头,宽嘴,嘴角上扬,眉上小疤,柔和方脸（颌角强调），外侧突出眉骨/宽浅眼窝，平直杏眼·眼尾微挑·宽眼距，窄鼻根/微弧鼻梁/下压鼻头，宽嘴·嘴角上扬，柔和下颌
FD04790,鹅蛋偏菱,偏柔圆润,窄额,高眉骨,宽浅眼窝,外扩颧骨,薄面颊,柔和下颌,长杏眼,眼尾微挑,标准眼距,深色瞳,低鼻根,中直鼻梁,肉感鼻头,宽嘴,嘴角下垂,右眉轻断,鹅蛋偏菱（偏柔圆润），高眉骨/宽浅眼窝，长杏眼·眼尾微挑·标准眼距，低鼻根/中直鼻梁/肉感鼻头，宽嘴·嘴角下垂，柔和下颌
FD04791,圆方脸,面中立体化,饱满额,薄眉骨,深眼窝,低颧骨,轻凹面颊,宽下颌,狐狸系眼,眼尾微挑,窄眼距,淡金瞳,窄鼻根,轻微偏右鼻梁,微钝鼻头,宽嘴,单侧上扬,左眼下浅泪痣,圆方脸（面中立体化），薄眉骨/深眼窝，狐狸系眼·眼尾微挑·窄眼距，窄鼻根/轻微偏右鼻梁/微钝鼻头，宽嘴·单侧上扬，宽下颌
FD04792,宽方脸,颧部外扩,窄额,低眉骨,深眼窝,高颧骨,轻凹面颊,窄下颌,狭长眼,眼尾明显挑,标准眼距,星点虹膜,低鼻根,高直鼻梁,下压鼻头,上厚下薄,嘴角下垂,双侧酒窝,宽方脸（颧部外扩），低眉骨/深眼窝，狭长眼·眼尾明显挑·标准眼距，低鼻根/高直鼻梁/下压鼻头，上厚下薄·嘴角下垂，窄下颌
FD04793,长鹅蛋脸,下庭收窄,骨感额,低眉骨,浅眼窝,宽颧骨,幼态柔软面颊,窄下颌,上扬凤眼,眼尾下压,宽眼距,琥珀瞳,中鼻根,轻微偏右鼻梁,骨感鼻头,平直唇,嘴角下垂,碎裂虹膜,长鹅蛋脸（下庭收窄），低眉骨/浅眼窝，上扬凤眼·眼尾下压·宽眼距，中鼻根/轻微偏右鼻梁/骨感鼻头，平直唇·嘴角下垂，窄下颌
FD04794,短方脸,颊部略凹,窄额,外侧突出眉骨,深眼窝,高颧骨,轻凹面颊,方下颌,半睁懒眼,眼尾明显挑,窄眼距,墨玉瞳,中鼻根,轻微偏右鼻梁,骨感鼻头,成熟长唇,嘴角上扬,单侧虎牙,短方脸（颊部略凹），外侧突出眉骨/深眼窝，半睁懒眼·眼尾明显挑·窄眼距，中鼻根/轻微偏右鼻梁/骨感鼻头，成熟长唇·嘴角上扬，方下颌
FD04795,骨感方脸,颊部饱满,高额,外侧突出眉骨,眼下骨感,外扩颧骨,饱满面颊,骨感下颌,蛇系眼,眼尾延展,标准眼距,碎裂虹膜,中鼻根,中直鼻梁,轻翘鼻头,平直唇,嘴角下垂,单侧酒窝,骨感方脸（颊部饱满），外侧突出眉骨/眼下骨感，蛇系眼·眼尾延展·标准眼距，中鼻根/中直鼻梁/轻翘鼻头，平直唇·嘴角下垂，骨感下颌
FD04796,长方脸,颧部微收,低额,薄眉骨,浅眼窝,窄颧骨,饱满面颊,骨感下颌,下垂眼,眼尾微挑,窄眼距,异色瞳,高鼻根,轻微偏右鼻梁,骨感鼻头,厚唇,嘴角下垂,额角旧痕,长方脸（颧部微收），薄眉骨/浅眼窝，下垂眼·眼尾微挑·窄眼距，高鼻根/轻微偏右鼻梁/骨感鼻头，厚唇·嘴角下垂，骨感下颌
FD04797,幼态圆脸,上庭展开,窄额,柔和眉骨,眼下骨感,宽颧骨,轻凹面颊,柔和下颌,平凤眼,眼尾下压,窄眼距,星点虹膜,窄鼻根,中直鼻梁,肉感鼻头,上薄下厚,嘴角平直,唇下小痣,幼态圆脸（上庭展开），柔和眉骨/眼下骨感，平凤眼·眼尾下压·窄眼距，窄鼻根/中直鼻梁/肉感鼻头，上薄下厚·嘴角平直，柔和下颌
FD04798,窄鹅蛋脸,颈部线条收短,平直额,低眉骨,眼下骨感,宽颧骨,成熟收紧面颊,明显下颌角,窄杏眼,眼尾延展,宽眼距,环状虹膜,中高鼻根,轻微偏右鼻梁,微钝鼻头,弓形唇,嘴角上扬,唇下小痣,窄鹅蛋脸（颈部线条收短），低眉骨/眼下骨感，窄杏眼·眼尾延展·宽眼距，中高鼻根/轻微偏右鼻梁/微钝鼻头，弓形唇·嘴角上扬，明显下颌角
FD04799,短圆脸,颧部微收,高额,柔和眉骨,宽浅眼窝,宽颧骨,饱满面颊,圆方下颌,成熟长眼,眼尾延展,标准眼距,淡金瞳,宽鼻根,轻微偏右鼻梁,小圆鼻头,小嘴,单侧上扬,鼻梁旧伤,短圆脸（颧部微收），柔和眉骨/宽浅眼窝，成熟长眼·眼尾延展·标准眼距，宽鼻根/轻微偏右鼻梁/小圆鼻头，小嘴·单侧上扬，圆方下颌
FD04800,倒梯形脸,颈部线条收短,微凸额,高眉骨,浅眼窝,外扩颧骨,成熟收紧面颊,柔和下颌,平凤眼,眼尾平直,窄眼距,琥珀瞳,中高鼻根,宽骨鼻梁,骨感鼻头,宽嘴,嘴角下垂,无标志,倒梯形脸（颈部线条收短），高眉骨/浅眼窝，平凤眼·眼尾平直·窄眼距，中高鼻根/宽骨鼻梁/骨感鼻头，宽嘴·嘴角下垂，柔和下颌
FD04801,长鹅蛋脸,颧部外扩,骨感额,外侧突出眉骨,浅眼窝,柔和颧骨,薄面颊,柔和下颌,鹤系眼,眼尾延展,标准眼距,深色瞳,高鼻根,轻鹰钩鼻梁,窄翼鼻头,成熟长唇,嘴角平直,右眉轻断,长鹅蛋脸（颧部外扩），外侧突出眉骨/浅眼窝，鹤系眼·眼尾延展·标准眼距，高鼻根/轻鹰钩鼻梁/窄翼鼻头，成熟长唇·嘴角平直，柔和下颌
FD04802,双颌匀称脸,颈部线条收短,骨感额,柔和眉骨,浅眼窝,宽颧骨,幼态柔软面颊,窄下颌,猫系眼,眼尾延展,窄眼距,异色瞳,中鼻根,轻鹰钩鼻梁,肉感鼻头,弓形唇,嘴角紧收,异色瞳,双颌匀称脸（颈部线条收短），柔和眉骨/浅眼窝，猫系眼·眼尾延展·窄眼距，中鼻根/轻鹰钩鼻梁/肉感鼻头，弓形唇·嘴角紧收，窄下颌
FD04803,柔和菱形,下庭加重,骨感额,柔和眉骨,宽浅眼窝,外扩颧骨,成熟收紧面颊,明显下颌角,鹰隼眼,眼尾延展,窄眼距,灰蓝瞳,高鼻根,轻微偏右鼻梁,小圆鼻头,弓形唇,嘴角紧收,双侧酒窝,柔和菱形（下庭加重），柔和眉骨/宽浅眼窝，鹰隼眼·眼尾延展·窄眼距，高鼻根/轻微偏右鼻梁/小圆鼻头，弓形唇·嘴角紧收，明显下颌角
FD04804,柔和方脸,中轴微长,平直额,柔和眉骨,眼下骨感,外扩颧骨,幼态柔软面颊,圆方下颌,半睁懒眼,眼尾延展,窄眼距,淡金瞳,高鼻根,轻微偏右鼻梁,轻翘鼻头,平直唇,嘴角上扬,无标志,柔和方脸（中轴微长），柔和眉骨/眼下骨感，半睁懒眼·眼尾延展·窄眼距，高鼻根/轻微偏右鼻梁/轻翘鼻头，平直唇·嘴角上扬，圆方下颌
FD04805,短方脸,下颌线柔化,骨感额,外侧突出眉骨,眼下饱满,外扩颧骨,幼态柔软面颊,窄下颌,上扬凤眼,眼尾延展,标准眼距,浅褐瞳,中高鼻根,中直鼻梁,窄翼鼻头,小嘴,单侧上扬,鼻梁旧伤,短方脸（下颌线柔化），外侧突出眉骨/眼下饱满，上扬凤眼·眼尾延展·标准眼距，中高鼻根/中直鼻梁/窄翼鼻头，小嘴·单侧上扬，窄下颌
FD04806,倒三角脸,颊部饱满,微凸额,低眉骨,眼下骨感,外扩颧骨,轻凹面颊,收敛下颌,平直杏眼,眼尾平直,标准眼距,灰蓝瞳,中高鼻根,柔和鼻梁,下压鼻头,平直唇,嘴角平直,额角旧痕,倒三角脸（颊部饱满），低眉骨/眼下骨感，平直杏眼·眼尾平直·标准眼距，中高鼻根/柔和鼻梁/下压鼻头，平直唇·嘴角平直，收敛下颌
FD04807,宽鹅蛋脸,中轴收紧,高额,薄眉骨,眼下骨感,柔和颧骨,轻凹面颊,收敛下颌,鹿系眼,眼尾下沉,窄眼距,环状虹膜,宽鼻根,中直鼻梁,微钝鼻头,厚唇,嘴角平直,环状虹膜,宽鹅蛋脸（中轴收紧），薄眉骨/眼下骨感，鹿系眼·眼尾下沉·窄眼距，宽鼻根/中直鼻梁/微钝鼻头，厚唇·嘴角平直，收敛下颌
FD04808,长鹅蛋脸,中轴收紧,饱满额,柔和眉骨,窄深眼窝,高颧骨,饱满面颊,柔和下颌,长杏眼,眼尾明显挑,宽眼距,异色瞳,高鼻根,宽骨鼻梁,下压鼻头,平直唇,嘴角平直,指节薄茧,长鹅蛋脸（中轴收紧），柔和眉骨/窄深眼窝，长杏眼·眼尾明显挑·宽眼距，高鼻根/宽骨鼻梁/下压鼻头，平直唇·嘴角平直，柔和下颌
FD04809,肉感短脸,偏锐收窄,高额,低眉骨,眼下饱满,高颧骨,薄面颊,收敛下颌,短圆杏眼,眼尾延展,标准眼距,琥珀瞳,中鼻根,微弧鼻梁,轻翘鼻头,上薄下厚,嘴角紧收,右眼下浅泪痣,肉感短脸（偏锐收窄），低眉骨/眼下饱满，短圆杏眼·眼尾延展·标准眼距，中鼻根/微弧鼻梁/轻翘鼻头，上薄下厚·嘴角紧收，收敛下颌
FD04810,长圆脸,中庭拉长,低额,压迫感眉骨,眼下饱满,高颧骨,幼态柔软面颊,收敛下颌,疲惫眼,眼尾延展,窄眼距,墨玉瞳,宽鼻根,中直鼻梁,窄翼鼻头,薄唇,嘴角上扬,眼角小痣,长圆脸（中庭拉长），压迫感眉骨/眼下饱满，疲惫眼·眼尾延展·窄眼距，宽鼻根/中直鼻梁/窄翼鼻头，薄唇·嘴角上扬，收敛下颌
FD04811,长鹅蛋脸,面中平缓,骨感额,低眉骨,中度眼窝,外扩颧骨,轻凹面颊,明显下颌角,下垂眼,眼尾下压,宽眼距,碎裂虹膜,高鼻根,柔和鼻梁,骨感鼻头,上薄下厚,单侧上扬,眼睑褶皱不对称,长鹅蛋脸（面中平缓），低眉骨/中度眼窝，下垂眼·眼尾下压·宽眼距，高鼻根/柔和鼻梁/骨感鼻头，上薄下厚·单侧上扬，明显下颌角
FD04812,长鹅蛋脸,中庭拉长,平直额,内侧突出眉骨,深眼窝,高颧骨,成熟收紧面颊,圆方下颌,平直杏眼,眼尾微挑,窄眼距,浅褐瞳,高鼻根,轻微偏左鼻梁,骨感鼻头,宽嘴,嘴角上扬,指节薄茧,长鹅蛋脸（中庭拉长），内侧突出眉骨/深眼窝，平直杏眼·眼尾微挑·窄眼距，高鼻根/轻微偏左鼻梁/骨感鼻头，宽嘴·嘴角上扬，圆方下颌
FD04813,鹅蛋偏方,颌角强调,高额,薄眉骨,眼下骨感,外扩颧骨,幼态柔软面颊,收敛下颌,丹凤眼,眼尾明显挑,窄眼距,琥珀瞳,低鼻根,轻微偏左鼻梁,方圆鼻头,厚唇,单侧上扬,颈侧细疤,鹅蛋偏方（颌角强调），薄眉骨/眼下骨感，丹凤眼·眼尾明显挑·窄眼距，低鼻根/轻微偏左鼻梁/方圆鼻头，厚唇·单侧上扬，收敛下颌
FD04814,短圆脸,中庭展宽,微凸额,低眉骨,窄深眼窝,高颧骨,饱满面颊,收敛下颌,狭长眼,眼尾下沉,宽眼距,琥珀瞳,中高鼻根,柔和鼻梁,轻翘鼻头,平直唇,嘴角紧收,唇下小痣,短圆脸（中庭展宽），低眉骨/窄深眼窝，狭长眼·眼尾下沉·宽眼距，中高鼻根/柔和鼻梁/轻翘鼻头，平直唇·嘴角紧收，收敛下颌
FD04815,圆脸,下颌线柔化,骨感额,高眉骨,深眼窝,低颧骨,薄面颊,骨感下颌,圆长眼,眼尾延展,宽眼距,墨玉瞳,窄鼻根,高直鼻梁,肉感鼻头,薄唇,嘴角平直,右眉轻断,圆脸（下颌线柔化），高眉骨/深眼窝，圆长眼·眼尾延展·宽眼距，窄鼻根/高直鼻梁/肉感鼻头，薄唇·嘴角平直，骨感下颌
FD04816,幼态圆脸,中轴收紧,平直额,薄眉骨,深眼窝,柔和颧骨,薄面颊,圆方下颌,猫系眼,眼尾明显挑,标准眼距,浅褐瞳,窄鼻根,轻微偏右鼻梁,轻翘鼻头,上厚下薄,单侧上扬,单侧酒窝,幼态圆脸（中轴收紧），薄眉骨/深眼窝，猫系眼·眼尾明显挑·标准眼距，窄鼻根/轻微偏右鼻梁/轻翘鼻头，上厚下薄·单侧上扬，圆方下颌
FD04817,骨感方脸,骨点内敛,高额,外侧突出眉骨,宽浅眼窝,外扩颧骨,饱满面颊,方下颌,狼系眼,眼尾下沉,窄眼距,琥珀瞳,宽鼻根,轻鹰钩鼻梁,窄翼鼻头,宽嘴,嘴角平直,耳后小痣,骨感方脸（骨点内敛），外侧突出眉骨/宽浅眼窝，狼系眼·眼尾下沉·窄眼距，宽鼻根/轻鹰钩鼻梁/窄翼鼻头，宽嘴·嘴角平直，方下颌
FD04818,长圆脸,偏柔圆润,低额,内侧突出眉骨,浅眼窝,低颧骨,幼态柔软面颊,圆方下颌,狐狸系眼,眼尾下压,宽眼距,琥珀瞳,窄鼻根,高直鼻梁,窄翼鼻头,上厚下薄,嘴角平直,无标志,长圆脸（偏柔圆润），内侧突出眉骨/浅眼窝，狐狸系眼·眼尾下压·宽眼距，窄鼻根/高直鼻梁/窄翼鼻头，上厚下薄·嘴角平直，圆方下颌
FD04819,鹅蛋偏方,中轴微长,微凸额,柔和眉骨,眼下骨感,宽颧骨,薄面颊,柔和下颌,鹤系眼,眼尾平直,标准眼距,灰蓝瞳,宽鼻根,高直鼻梁,方圆鼻头,宽嘴,嘴角下垂,下颌浅疤,鹅蛋偏方（中轴微长），柔和眉骨/眼下骨感，鹤系眼·眼尾平直·标准眼距，宽鼻根/高直鼻梁/方圆鼻头，宽嘴·嘴角下垂，柔和下颌
FD04820,骨感窄脸,颊部饱满,低额,内侧突出眉骨,窄深眼窝,柔和颧骨,薄面颊,宽下颌,鹤系眼,眼尾明显挑,窄眼距,深色瞳,宽鼻根,轻微偏左鼻梁,骨感鼻头,薄唇,嘴角上扬,单侧酒窝,骨感窄脸（颊部饱满），内侧突出眉骨/窄深眼窝，鹤系眼·眼尾明显挑·窄眼距，宽鼻根/轻微偏左鼻梁/骨感鼻头，薄唇·嘴角上扬，宽下颌
FD04821,长菱形,面中立体化,高额,高眉骨,宽浅眼窝,低颧骨,幼态柔软面颊,明显下颌角,瑞凤眼,眼尾下压,标准眼距,淡金瞳,高鼻根,轻微偏左鼻梁,骨感鼻头,成熟长唇,嘴角上扬,异色瞳,长菱形（面中立体化），高眉骨/宽浅眼窝，瑞凤眼·眼尾下压·标准眼距，高鼻根/轻微偏左鼻梁/骨感鼻头，成熟长唇·嘴角上扬，明显下颌角
FD04822,正梯形脸,下颌线柔化,骨感额,薄眉骨,窄深眼窝,窄颧骨,幼态柔软面颊,窄下颌,冷感眼,眼尾延展,标准眼距,淡金瞳,宽鼻根,微弧鼻梁,肉感鼻头,成熟长唇,单侧上扬,眉心竖纹浅痕,正梯形脸（下颌线柔化），薄眉骨/窄深眼窝，冷感眼·眼尾延展·标准眼距，宽鼻根/微弧鼻梁/肉感鼻头，成熟长唇·单侧上扬，窄下颌
FD04823,宽鹅蛋脸,偏锐收窄,骨感额,厚眉骨,眼下骨感,低颧骨,薄面颊,窄下颌,下垂眼,眼尾平直,宽眼距,碎裂虹膜,中高鼻根,轻鹰钩鼻梁,窄翼鼻头,成熟长唇,单侧上扬,眉上小疤,宽鹅蛋脸（偏锐收窄），厚眉骨/眼下骨感，下垂眼·眼尾平直·宽眼距，中高鼻根/轻鹰钩鼻梁/窄翼鼻头，成熟长唇·单侧上扬，窄下颌
FD04824,长方脸,偏锐收窄,饱满额,高眉骨,眼下饱满,柔和颧骨,轻凹面颊,窄下颌,猫系眼,眼尾明显挑,标准眼距,墨玉瞳,高鼻根,宽骨鼻梁,方圆鼻头,上厚下薄,嘴角下垂,下颌浅疤,长方脸（偏锐收窄），高眉骨/眼下饱满，猫系眼·眼尾明显挑·标准眼距，高鼻根/宽骨鼻梁/方圆鼻头，上厚下薄·嘴角下垂，窄下颌
FD04825,鹅蛋偏方,中庭拉长,高额,薄眉骨,宽浅眼窝,柔和颧骨,成熟收紧面颊,明显下颌角,柳叶眼,眼尾延展,窄眼距,浅褐瞳,窄鼻根,轻微偏左鼻梁,下压鼻头,厚唇,嘴角紧收,单侧虎牙,鹅蛋偏方（中庭拉长），薄眉骨/宽浅眼窝，柳叶眼·眼尾延展·窄眼距，窄鼻根/轻微偏左鼻梁/下压鼻头，厚唇·嘴角紧收，明显下颌角
FD04826,上宽下窄脸,颈部线条收短,宽额,厚眉骨,浅眼窝,外扩颧骨,成熟收紧面颊,窄下颌,半睁懒眼,眼尾下沉,宽眼距,墨玉瞳,中高鼻根,微弧鼻梁,窄翼鼻头,小嘴,嘴角紧收,单侧酒窝,上宽下窄脸（颈部线条收短），厚眉骨/浅眼窝，半睁懒眼·眼尾下沉·宽眼距，中高鼻根/微弧鼻梁/窄翼鼻头，小嘴·嘴角紧收，窄下颌
FD04827,下颌突出脸,下庭收窄,微凸额,压迫感眉骨,中度眼窝,宽颧骨,成熟收紧面颊,宽下颌,短圆杏眼,眼尾下沉,标准眼距,琥珀瞳,中鼻根,微弧鼻梁,下压鼻头,成熟长唇,嘴角平直,环状虹膜,下颌突出脸（下庭收窄），压迫感眉骨/中度眼窝，短圆杏眼·眼尾下沉·标准眼距，中鼻根/微弧鼻梁/下压鼻头，成熟长唇·嘴角平直，宽下颌
FD04828,鹅蛋偏菱,上庭收窄,平直额,压迫感眉骨,浅眼窝,低颧骨,饱满面颊,方下颌,狭长瑞凤眼,眼尾微挑,标准眼距,灰蓝瞳,窄鼻根,轻微偏左鼻梁,小圆鼻头,上薄下厚,嘴角紧收,环状虹膜,鹅蛋偏菱（上庭收窄），压迫感眉骨/浅眼窝，狭长瑞凤眼·眼尾微挑·标准眼距，窄鼻根/轻微偏左鼻梁/小圆鼻头，上薄下厚·嘴角紧收，方下颌
FD04829,圆方脸,上庭收窄,宽额,压迫感眉骨,深眼窝,宽颧骨,轻凹面颊,宽下颌,鹿系眼,眼尾平直,窄眼距,异色瞳,宽鼻根,轻微偏左鼻梁,方圆鼻头,上薄下厚,嘴角下垂,鼻梁旧伤,圆方脸（上庭收窄），压迫感眉骨/深眼窝，鹿系眼·眼尾平直·窄眼距，宽鼻根/轻微偏左鼻梁/方圆鼻头，上薄下厚·嘴角下垂，宽下颌
FD04830,骨感方脸,下庭加重,骨感额,内侧突出眉骨,中度眼窝,低颧骨,成熟收紧面颊,骨感下颌,少年圆眼,眼尾下压,宽眼距,墨玉瞳,中鼻根,柔和鼻梁,肉感鼻头,成熟长唇,嘴角上扬,单侧酒窝,骨感方脸（下庭加重），内侧突出眉骨/中度眼窝，少年圆眼·眼尾下压·宽眼距，中鼻根/柔和鼻梁/肉感鼻头，成熟长唇·嘴角上扬，骨感下颌
FD04831,正梯形脸,上庭收窄,低额,压迫感眉骨,中度眼窝,高颧骨,薄面颊,宽下颌,疲惫眼,眼尾下沉,窄眼距,淡金瞳,中鼻根,宽骨鼻梁,小圆鼻头,小嘴,嘴角上扬,左眼下浅泪痣,正梯形脸（上庭收窄），压迫感眉骨/中度眼窝，疲惫眼·眼尾下沉·窄眼距，中鼻根/宽骨鼻梁/小圆鼻头，小嘴·嘴角上扬，宽下颌
FD04832,颧部展开脸,颊部略凹,平直额,外侧突出眉骨,深眼窝,窄颧骨,饱满面颊,窄下颌,瑞凤眼,眼尾延展,宽眼距,浅褐瞳,高鼻根,柔和鼻梁,肉感鼻头,成熟长唇,嘴角下垂,右眼下浅泪痣,颧部展开脸（颊部略凹），外侧突出眉骨/深眼窝，瑞凤眼·眼尾延展·宽眼距，高鼻根/柔和鼻梁/肉感鼻头，成熟长唇·嘴角下垂，窄下颌
FD04833,圆脸,颌角弱化,宽额,压迫感眉骨,眼下饱满,低颧骨,轻凹面颊,明显下颌角,半睁懒眼,眼尾微挑,标准眼距,灰蓝瞳,宽鼻根,轻微偏右鼻梁,方圆鼻头,弓形唇,嘴角上扬,瞳孔残缺,圆脸（颌角弱化），压迫感眉骨/眼下饱满，半睁懒眼·眼尾微挑·标准眼距，宽鼻根/轻微偏右鼻梁/方圆鼻头，弓形唇·嘴角上扬，明显下颌角
FD04834,幼态圆脸,颌角弱化,窄额,薄眉骨,眼下饱满,低颧骨,轻凹面颊,骨感下颌,圆长眼,眼尾下压,标准眼距,淡金瞳,窄鼻根,轻微偏左鼻梁,小圆鼻头,上薄下厚,嘴角上扬,下颌浅疤,幼态圆脸（颌角弱化），薄眉骨/眼下饱满，圆长眼·眼尾下压·标准眼距，窄鼻根/轻微偏左鼻梁/小圆鼻头，上薄下厚·嘴角上扬，骨感下颌
FD04835,长心形脸,面中立体化,窄额,压迫感眉骨,浅眼窝,外扩颧骨,轻凹面颊,圆方下颌,冷感眼,眼尾微挑,宽眼距,碎裂虹膜,中鼻根,高直鼻梁,微钝鼻头,弓形唇,嘴角下垂,右眉轻断,长心形脸（面中立体化），压迫感眉骨/浅眼窝，冷感眼·眼尾微挑·宽眼距，中鼻根/高直鼻梁/微钝鼻头，弓形唇·嘴角下垂，圆方下颌
FD04836,鹅蛋偏菱,骨点内敛,宽额,厚眉骨,深眼窝,窄颧骨,成熟收紧面颊,宽下颌,长杏眼,眼尾下沉,宽眼距,淡金瞳,窄鼻根,轻微偏右鼻梁,小圆鼻头,小嘴,嘴角平直,眉上小疤,鹅蛋偏菱（骨点内敛），厚眉骨/深眼窝，长杏眼·眼尾下沉·宽眼距，窄鼻根/轻微偏右鼻梁/小圆鼻头，小嘴·嘴角平直，宽下颌
FD04837,肉感短脸,颧部外扩,饱满额,薄眉骨,宽浅眼窝,宽颧骨,成熟收紧面颊,收敛下颌,平直杏眼,眼尾延展,标准眼距,琥珀瞳,窄鼻根,轻微偏右鼻梁,方圆鼻头,上厚下薄,嘴角平直,无标志,肉感短脸（颧部外扩），薄眉骨/宽浅眼窝，平直杏眼·眼尾延展·标准眼距，窄鼻根/轻微偏右鼻梁/方圆鼻头，上厚下薄·嘴角平直，收敛下颌
FD04838,心形脸,偏柔圆润,宽额,压迫感眉骨,浅眼窝,高颧骨,薄面颊,宽下颌,鹤系眼,眼尾微挑,宽眼距,碎裂虹膜,中鼻根,柔和鼻梁,方圆鼻头,上薄下厚,嘴角紧收,单侧虎牙,心形脸（偏柔圆润），压迫感眉骨/浅眼窝，鹤系眼·眼尾微挑·宽眼距，中鼻根/柔和鼻梁/方圆鼻头，上薄下厚·嘴角紧收，宽下颌
FD04839,鹅蛋偏心形,中轴微长,窄额,外侧突出眉骨,窄深眼窝,低颧骨,薄面颊,窄下颌,狼系眼,眼尾明显挑,窄眼距,墨玉瞳,中高鼻根,轻微偏右鼻梁,微钝鼻头,弓形唇,嘴角紧收,眼睑褶皱不对称,鹅蛋偏心形（中轴微长），外侧突出眉骨/窄深眼窝，狼系眼·眼尾明显挑·窄眼距，中高鼻根/轻微偏右鼻梁/微钝鼻头，弓形唇·嘴角紧收，窄下颌
FD04840,幼态方脸,下庭加重,饱满额,柔和眉骨,眼下饱满,外扩颧骨,成熟收紧面颊,窄下颌,短圆杏眼,眼尾下沉,标准眼距,淡金瞳,中鼻根,高直鼻梁,方圆鼻头,薄唇,嘴角紧收,眼角小痣,幼态方脸（下庭加重），柔和眉骨/眼下饱满，短圆杏眼·眼尾下沉·标准眼距，中鼻根/高直鼻梁/方圆鼻头，薄唇·嘴角紧收，窄下颌
FD04841,长心形脸,下颌线清晰化,宽额,压迫感眉骨,窄深眼窝,高颧骨,成熟收紧面颊,柔和下颌,短圆杏眼,眼尾下沉,标准眼距,星点虹膜,中鼻根,高直鼻梁,窄翼鼻头,宽嘴,单侧上扬,颈侧细疤,长心形脸（下颌线清晰化），压迫感眉骨/窄深眼窝，短圆杏眼·眼尾下沉·标准眼距，中鼻根/高直鼻梁/窄翼鼻头，宽嘴·单侧上扬，柔和下颌
FD04842,鹅蛋偏心形,中庭拉长,骨感额,压迫感眉骨,眼下饱满,高颧骨,饱满面颊,骨感下颌,鹤系眼,眼尾平直,标准眼距,碎裂虹膜,中高鼻根,轻鹰钩鼻梁,微钝鼻头,厚唇,嘴角平直,单侧虎牙,鹅蛋偏心形（中庭拉长），压迫感眉骨/眼下饱满，鹤系眼·眼尾平直·标准眼距，中高鼻根/轻鹰钩鼻梁/微钝鼻头，厚唇·嘴角平直，骨感下颌
FD04843,双颌匀称脸,颈部线条延长,骨感额,内侧突出眉骨,深眼窝,窄颧骨,幼态柔软面颊,骨感下颌,上扬凤眼,眼尾微挑,标准眼距,浅褐瞳,中鼻根,微弧鼻梁,肉感鼻头,平直唇,单侧上扬,左眼下浅泪痣,双颌匀称脸（颈部线条延长），内侧突出眉骨/深眼窝，上扬凤眼·眼尾微挑·标准眼距，中鼻根/微弧鼻梁/肉感鼻头，平直唇·单侧上扬，骨感下颌
FD04844,长心形脸,下颌线柔化,平直额,压迫感眉骨,窄深眼窝,宽颧骨,幼态柔软面颊,方下颌,猫系眼,眼尾下沉,宽眼距,墨玉瞳,宽鼻根,柔和鼻梁,轻翘鼻头,宽嘴,嘴角下垂,眉心竖纹浅痕,长心形脸（下颌线柔化），压迫感眉骨/窄深眼窝，猫系眼·眼尾下沉·宽眼距，宽鼻根/柔和鼻梁/轻翘鼻头，宽嘴·嘴角下垂，方下颌
FD04845,宽心形脸,中庭展宽,平直额,厚眉骨,中度眼窝,低颧骨,成熟收紧面颊,宽下颌,狭长瑞凤眼,眼尾下压,标准眼距,墨玉瞳,中高鼻根,轻微偏右鼻梁,下压鼻头,小嘴,嘴角紧收,双侧酒窝,宽心形脸（中庭展宽），厚眉骨/中度眼窝，狭长瑞凤眼·眼尾下压·标准眼距，中高鼻根/轻微偏右鼻梁/下压鼻头，小嘴·嘴角紧收，宽下颌
FD04846,长心形脸,颈部线条收短,骨感额,薄眉骨,中度眼窝,窄颧骨,饱满面颊,圆方下颌,柳叶眼,眼尾明显挑,宽眼距,琥珀瞳,中高鼻根,轻鹰钩鼻梁,轻翘鼻头,上厚下薄,单侧上扬,额角旧痕,长心形脸（颈部线条收短），薄眉骨/中度眼窝，柳叶眼·眼尾明显挑·宽眼距，中高鼻根/轻鹰钩鼻梁/轻翘鼻头，上厚下薄·单侧上扬，圆方下颌
FD04847,倒梯形脸,下颌线清晰化,骨感额,外侧突出眉骨,中度眼窝,宽颧骨,薄面颊,柔和下颌,上扬凤眼,眼尾明显挑,窄眼距,异色瞳,中高鼻根,轻微偏右鼻梁,骨感鼻头,小嘴,嘴角紧收,无标志,倒梯形脸（下颌线清晰化），外侧突出眉骨/中度眼窝，上扬凤眼·眼尾明显挑·窄眼距，中高鼻根/轻微偏右鼻梁/骨感鼻头，小嘴·嘴角紧收，柔和下颌
FD04848,鹅蛋偏方,中轴收紧,宽额,柔和眉骨,眼下骨感,柔和颧骨,幼态柔软面颊,圆方下颌,桃花眼,眼尾微挑,标准眼距,墨玉瞳,低鼻根,轻鹰钩鼻梁,骨感鼻头,上厚下薄,单侧上扬,无标志,鹅蛋偏方（中轴收紧），柔和眉骨/眼下骨感，桃花眼·眼尾微挑·标准眼距，低鼻根/轻鹰钩鼻梁/骨感鼻头，上厚下薄·单侧上扬，圆方下颌
FD04849,长方脸,颧部外扩,微凸额,内侧突出眉骨,眼下饱满,宽颧骨,成熟收紧面颊,收敛下颌,半睁懒眼,眼尾明显挑,标准眼距,琥珀瞳,高鼻根,宽骨鼻梁,轻翘鼻头,厚唇,嘴角上扬,无标志,长方脸（颧部外扩），内侧突出眉骨/眼下饱满，半睁懒眼·眼尾明显挑·标准眼距，高鼻根/宽骨鼻梁/轻翘鼻头，厚唇·嘴角上扬，收敛下颌
FD04850,倒三角脸,中轴收紧,低额,薄眉骨,中度眼窝,窄颧骨,幼态柔软面颊,收敛下颌,狼系眼,眼尾下沉,标准眼距,深色瞳,高鼻根,轻微偏左鼻梁,肉感鼻头,宽嘴,嘴角紧收,眉尾旧疤,倒三角脸（中轴收紧），薄眉骨/中度眼窝，狼系眼·眼尾下沉·标准眼距，高鼻根/轻微偏左鼻梁/肉感鼻头，宽嘴·嘴角紧收，收敛下颌
FD04851,方鹅蛋脸,偏锐收窄,窄额,外侧突出眉骨,宽浅眼窝,宽颧骨,幼态柔软面颊,圆方下颌,成熟长眼,眼尾下沉,宽眼距,星点虹膜,宽鼻根,轻微偏右鼻梁,方圆鼻头,成熟长唇,单侧上扬,左颊浅疤,方鹅蛋脸（偏锐收窄），外侧突出眉骨/宽浅眼窝，成熟长眼·眼尾下沉·宽眼距，宽鼻根/轻微偏右鼻梁/方圆鼻头，成熟长唇·单侧上扬，圆方下颌
FD04852,成熟方脸,面中立体化,平直额,高眉骨,深眼窝,柔和颧骨,薄面颊,宽下颌,短圆杏眼,眼尾下压,宽眼距,灰蓝瞳,中高鼻根,轻鹰钩鼻梁,窄翼鼻头,薄唇,嘴角紧收,指节薄茧,成熟方脸（面中立体化），高眉骨/深眼窝，短圆杏眼·眼尾下压·宽眼距，中高鼻根/轻鹰钩鼻梁/窄翼鼻头，薄唇·嘴角紧收，宽下颌
FD04853,圆方脸,颌角弱化,高额,压迫感眉骨,浅眼窝,柔和颧骨,幼态柔软面颊,方下颌,少年圆眼,眼尾下沉,标准眼距,灰蓝瞳,中鼻根,微弧鼻梁,轻翘鼻头,上薄下厚,嘴角平直,眉上小疤,圆方脸（颌角弱化），压迫感眉骨/浅眼窝，少年圆眼·眼尾下沉·标准眼距，中鼻根/微弧鼻梁/轻翘鼻头，上薄下厚·嘴角平直，方下颌
FD04854,长方脸,上庭收窄,饱满额,柔和眉骨,浅眼窝,高颧骨,幼态柔软面颊,窄下颌,蛇系眼,眼尾下压,宽眼距,碎裂虹膜,低鼻根,中直鼻梁,轻翘鼻头,成熟长唇,嘴角下垂,眉尾旧疤,长方脸（上庭收窄），柔和眉骨/浅眼窝，蛇系眼·眼尾下压·宽眼距，低鼻根/中直鼻梁/轻翘鼻头，成熟长唇·嘴角下垂，窄下颌
FD04855,倒梯形脸,骨点外显,低额,压迫感眉骨,宽浅眼窝,宽颧骨,幼态柔软面颊,明显下颌角,平直杏眼,眼尾微挑,窄眼距,灰蓝瞳,低鼻根,柔和鼻梁,小圆鼻头,小嘴,嘴角上扬,右眼下浅泪痣,倒梯形脸（骨点外显），压迫感眉骨/宽浅眼窝，平直杏眼·眼尾微挑·窄眼距，低鼻根/柔和鼻梁/小圆鼻头，小嘴·嘴角上扬，明显下颌角
FD04856,宽菱形,颧部外扩,窄额,低眉骨,眼下骨感,柔和颧骨,饱满面颊,宽下颌,圆长眼,眼尾下沉,窄眼距,深色瞳,宽鼻根,柔和鼻梁,骨感鼻头,宽嘴,嘴角平直,单侧酒窝,宽菱形（颧部外扩），低眉骨/眼下骨感，圆长眼·眼尾下沉·窄眼距，宽鼻根/柔和鼻梁/骨感鼻头，宽嘴·嘴角平直，宽下颌
FD04857,短鹅蛋脸,颌角强调,窄额,高眉骨,宽浅眼窝,高颧骨,薄面颊,收敛下颌,冷感眼,眼尾明显挑,宽眼距,环状虹膜,宽鼻根,柔和鼻梁,骨感鼻头,弓形唇,嘴角上扬,眉尾旧疤,短鹅蛋脸（颌角强调），高眉骨/宽浅眼窝，冷感眼·眼尾明显挑·宽眼距，宽鼻根/柔和鼻梁/骨感鼻头，弓形唇·嘴角上扬，收敛下颌
FD04858,幼态方脸,颈部线条延长,骨感额,内侧突出眉骨,眼下饱满,柔和颧骨,幼态柔软面颊,明显下颌角,疲惫眼,眼尾明显挑,标准眼距,星点虹膜,中高鼻根,轻鹰钩鼻梁,方圆鼻头,平直唇,嘴角紧收,双侧酒窝,幼态方脸（颈部线条延长），内侧突出眉骨/眼下饱满，疲惫眼·眼尾明显挑·标准眼距，中高鼻根/轻鹰钩鼻梁/方圆鼻头，平直唇·嘴角紧收，明显下颌角
FD04859,上窄下宽脸,面中立体化,高额,厚眉骨,浅眼窝,高颧骨,成熟收紧面颊,圆方下颌,疲惫眼,眼尾延展,标准眼距,星点虹膜,窄鼻根,微弧鼻梁,轻翘鼻头,弓形唇,嘴角下垂,眉上小疤,上窄下宽脸（面中立体化），厚眉骨/浅眼窝，疲惫眼·眼尾延展·标准眼距，窄鼻根/微弧鼻梁/轻翘鼻头，弓形唇·嘴角下垂，圆方下颌
FD04860,成熟方脸,颧部微收,宽额,压迫感眉骨,宽浅眼窝,窄颧骨,饱满面颊,明显下颌角,狼系眼,眼尾下沉,宽眼距,环状虹膜,窄鼻根,高直鼻梁,窄翼鼻头,上厚下薄,嘴角平直,鼻梁旧伤,成熟方脸（颧部微收），压迫感眉骨/宽浅眼窝，狼系眼·眼尾下沉·宽眼距，窄鼻根/高直鼻梁/窄翼鼻头，上厚下薄·嘴角平直，明显下颌角
FD04861,倒三角脸,面中立体化,窄额,高眉骨,眼下骨感,窄颧骨,幼态柔软面颊,方下颌,半睁懒眼,眼尾下压,窄眼距,淡金瞳,高鼻根,微弧鼻梁,窄翼鼻头,弓形唇,嘴角下垂,双侧酒窝,倒三角脸（面中立体化），高眉骨/眼下骨感，半睁懒眼·眼尾下压·窄眼距，高鼻根/微弧鼻梁/窄翼鼻头，弓形唇·嘴角下垂，方下颌
FD04862,鹅蛋偏方,下颌线柔化,饱满额,高眉骨,眼下饱满,高颧骨,轻凹面颊,方下颌,瑞凤眼,眼尾下沉,窄眼距,灰蓝瞳,中高鼻根,高直鼻梁,轻翘鼻头,上薄下厚,嘴角紧收,右眉轻断,鹅蛋偏方（下颌线柔化），高眉骨/眼下饱满，瑞凤眼·眼尾下沉·窄眼距，中高鼻根/高直鼻梁/轻翘鼻头，上薄下厚·嘴角紧收，方下颌
FD04863,梨形脸,面中平缓,低额,厚眉骨,中度眼窝,外扩颧骨,薄面颊,宽下颌,宽杏眼,眼尾明显挑,标准眼距,墨玉瞳,低鼻根,宽骨鼻梁,骨感鼻头,薄唇,嘴角下垂,眼角小痣,梨形脸（面中平缓），厚眉骨/中度眼窝，宽杏眼·眼尾明显挑·标准眼距，低鼻根/宽骨鼻梁/骨感鼻头，薄唇·嘴角下垂，宽下颌
FD04864,圆脸,面中立体化,骨感额,内侧突出眉骨,宽浅眼窝,高颧骨,饱满面颊,柔和下颌,狭长眼,眼尾延展,标准眼距,异色瞳,中高鼻根,轻微偏左鼻梁,骨感鼻头,上厚下薄,嘴角平直,指节薄茧,圆脸（面中立体化），内侧突出眉骨/宽浅眼窝，狭长眼·眼尾延展·标准眼距，中高鼻根/轻微偏左鼻梁/骨感鼻头，上厚下薄·嘴角平直，柔和下颌
FD04865,短圆脸,颊部饱满,低额,柔和眉骨,窄深眼窝,柔和颧骨,轻凹面颊,窄下颌,猫系眼,眼尾明显挑,标准眼距,琥珀瞳,高鼻根,宽骨鼻梁,小圆鼻头,厚唇,单侧上扬,鼻梁旧伤,短圆脸（颊部饱满），柔和眉骨/窄深眼窝，猫系眼·眼尾明显挑·标准眼距，高鼻根/宽骨鼻梁/小圆鼻头，厚唇·单侧上扬，窄下颌
FD04866,骨感窄脸,下颌线柔化,宽额,薄眉骨,中度眼窝,高颧骨,薄面颊,圆方下颌,柳叶眼,眼尾下沉,标准眼距,淡金瞳,窄鼻根,轻微偏右鼻梁,肉感鼻头,小嘴,嘴角下垂,右眉轻断,骨感窄脸（下颌线柔化），薄眉骨/中度眼窝，柳叶眼·眼尾下沉·标准眼距，窄鼻根/轻微偏右鼻梁/肉感鼻头，小嘴·嘴角下垂，圆方下颌
FD04867,双颌匀称脸,中轴微长,饱满额,外侧突出眉骨,深眼窝,低颧骨,饱满面颊,圆方下颌,丹凤眼,眼尾下压,标准眼距,深色瞳,中高鼻根,轻鹰钩鼻梁,下压鼻头,小嘴,嘴角下垂,单侧酒窝,双颌匀称脸（中轴微长），外侧突出眉骨/深眼窝，丹凤眼·眼尾下压·标准眼距，中高鼻根/轻鹰钩鼻梁/下压鼻头，小嘴·嘴角下垂，圆方下颌
FD04868,骨感菱形,颌角强调,宽额,薄眉骨,窄深眼窝,窄颧骨,轻凹面颊,窄下颌,窄杏眼,眼尾微挑,窄眼距,灰蓝瞳,宽鼻根,轻微偏右鼻梁,肉感鼻头,上薄下厚,嘴角下垂,无标志,骨感菱形（颌角强调），薄眉骨/窄深眼窝，窄杏眼·眼尾微挑·窄眼距，宽鼻根/轻微偏右鼻梁/肉感鼻头，上薄下厚·嘴角下垂，窄下颌
FD04869,宽心形脸,中轴微长,窄额,压迫感眉骨,浅眼窝,窄颧骨,薄面颊,圆方下颌,狐狸系眼,眼尾明显挑,窄眼距,淡金瞳,中高鼻根,微弧鼻梁,骨感鼻头,上厚下薄,嘴角上扬,无标志,宽心形脸（中轴微长），压迫感眉骨/浅眼窝，狐狸系眼·眼尾明显挑·窄眼距，中高鼻根/微弧鼻梁/骨感鼻头，上厚下薄·嘴角上扬，圆方下颌
FD04870,鹅蛋偏方,中庭拉长,高额,薄眉骨,宽浅眼窝,高颧骨,幼态柔软面颊,方下颌,平凤眼,眼尾下沉,标准眼距,淡金瞳,高鼻根,高直鼻梁,小圆鼻头,宽嘴,嘴角上扬,左颊浅疤,鹅蛋偏方（中庭拉长），薄眉骨/宽浅眼窝，平凤眼·眼尾下沉·标准眼距，高鼻根/高直鼻梁/小圆鼻头，宽嘴·嘴角上扬，方下颌
FD04871,短方脸,中轴收紧,微凸额,厚眉骨,眼下饱满,窄颧骨,薄面颊,圆方下颌,猫系眼,眼尾微挑,窄眼距,灰蓝瞳,宽鼻根,宽骨鼻梁,小圆鼻头,弓形唇,嘴角上扬,左颊浅疤,短方脸（中轴收紧），厚眉骨/眼下饱满，猫系眼·眼尾微挑·窄眼距，宽鼻根/宽骨鼻梁/小圆鼻头，弓形唇·嘴角上扬，圆方下颌
FD04872,方菱过渡脸,颈部线条延长,窄额,外侧突出眉骨,中度眼窝,高颧骨,幼态柔软面颊,柔和下颌,瑞凤眼,眼尾延展,宽眼距,环状虹膜,中鼻根,高直鼻梁,方圆鼻头,平直唇,嘴角紧收,单侧酒窝,方菱过渡脸（颈部线条延长），外侧突出眉骨/中度眼窝，瑞凤眼·眼尾延展·宽眼距，中鼻根/高直鼻梁/方圆鼻头，平直唇·嘴角紧收，柔和下颌
FD04873,骨感窄脸,偏柔圆润,饱满额,高眉骨,眼下骨感,宽颧骨,轻凹面颊,柔和下颌,狼系眼,眼尾明显挑,窄眼距,深色瞳,窄鼻根,微弧鼻梁,窄翼鼻头,小嘴,嘴角平直,眼角小痣,骨感窄脸（偏柔圆润），高眉骨/眼下骨感，狼系眼·眼尾明显挑·窄眼距，窄鼻根/微弧鼻梁/窄翼鼻头，小嘴·嘴角平直，柔和下颌
FD04874,短鹅蛋脸,骨点外显,低额,厚眉骨,眼下饱满,宽颧骨,薄面颊,明显下颌角,狭长瑞凤眼,眼尾明显挑,宽眼距,星点虹膜,低鼻根,高直鼻梁,骨感鼻头,薄唇,嘴角平直,无标志,短鹅蛋脸（骨点外显），厚眉骨/眼下饱满，狭长瑞凤眼·眼尾明显挑·宽眼距，低鼻根/高直鼻梁/骨感鼻头，薄唇·嘴角平直，明显下颌角
FD04875,短方脸,骨点外显,骨感额,外侧突出眉骨,深眼窝,窄颧骨,轻凹面颊,窄下颌,上扬凤眼,眼尾下沉,窄眼距,琥珀瞳,高鼻根,微弧鼻梁,方圆鼻头,小嘴,嘴角平直,无标志,短方脸（骨点外显），外侧突出眉骨/深眼窝，上扬凤眼·眼尾下沉·窄眼距，高鼻根/微弧鼻梁/方圆鼻头，小嘴·嘴角平直，窄下颌
FD04876,宽方脸,颊部饱满,低额,压迫感眉骨,眼下骨感,外扩颧骨,成熟收紧面颊,宽下颌,上扬凤眼,眼尾延展,标准眼距,浅褐瞳,窄鼻根,微弧鼻梁,窄翼鼻头,上薄下厚,单侧上扬,眼角小痣,宽方脸（颊部饱满），压迫感眉骨/眼下骨感，上扬凤眼·眼尾延展·标准眼距，窄鼻根/微弧鼻梁/窄翼鼻头，上薄下厚·单侧上扬，宽下颌
FD04877,长圆脸,骨点内敛,平直额,薄眉骨,中度眼窝,外扩颧骨,幼态柔软面颊,柔和下颌,冷感眼,眼尾延展,窄眼距,浅褐瞳,高鼻根,微弧鼻梁,肉感鼻头,上薄下厚,嘴角上扬,无标志,长圆脸（骨点内敛），薄眉骨/中度眼窝，冷感眼·眼尾延展·窄眼距，高鼻根/微弧鼻梁/肉感鼻头，上薄下厚·嘴角上扬，柔和下颌
FD04878,骨感菱形,偏柔圆润,骨感额,低眉骨,深眼窝,低颧骨,轻凹面颊,柔和下颌,窄杏眼,眼尾下沉,标准眼距,环状虹膜,高鼻根,微弧鼻梁,方圆鼻头,上厚下薄,嘴角下垂,下颌浅疤,骨感菱形（偏柔圆润），低眉骨/深眼窝，窄杏眼·眼尾下沉·标准眼距，高鼻根/微弧鼻梁/方圆鼻头，上厚下薄·嘴角下垂，柔和下颌
FD04879,双颌匀称脸,颊部略凹,平直额,薄眉骨,眼下饱满,外扩颧骨,轻凹面颊,收敛下颌,鹿系眼,眼尾微挑,宽眼距,墨玉瞳,窄鼻根,微弧鼻梁,轻翘鼻头,上厚下薄,嘴角下垂,双侧酒窝,双颌匀称脸（颊部略凹），薄眉骨/眼下饱满，鹿系眼·眼尾微挑·宽眼距，窄鼻根/微弧鼻梁/轻翘鼻头，上厚下薄·嘴角下垂，收敛下颌
FD04880,梨形脸,骨点内敛,饱满额,内侧突出眉骨,中度眼窝,低颧骨,薄面颊,明显下颌角,圆长眼,眼尾延展,标准眼距,碎裂虹膜,宽鼻根,微弧鼻梁,下压鼻头,宽嘴,嘴角上扬,指节薄茧,梨形脸（骨点内敛），内侧突出眉骨/中度眼窝，圆长眼·眼尾延展·标准眼距，宽鼻根/微弧鼻梁/下压鼻头，宽嘴·嘴角上扬，明显下颌角
FD04881,长菱形,下颌线清晰化,窄额,厚眉骨,眼下饱满,外扩颧骨,幼态柔软面颊,收敛下颌,平凤眼,眼尾平直,宽眼距,深色瞳,中鼻根,轻微偏左鼻梁,窄翼鼻头,弓形唇,嘴角紧收,眼睑褶皱不对称,长菱形（下颌线清晰化），厚眉骨/眼下饱满，平凤眼·眼尾平直·宽眼距，中鼻根/轻微偏左鼻梁/窄翼鼻头，弓形唇·嘴角紧收，收敛下颌
FD04882,幼态方脸,颈部线条延长,宽额,厚眉骨,浅眼窝,窄颧骨,饱满面颊,柔和下颌,窄杏眼,眼尾明显挑,宽眼距,星点虹膜,窄鼻根,轻微偏左鼻梁,方圆鼻头,弓形唇,嘴角下垂,碎裂虹膜,幼态方脸（颈部线条延长），厚眉骨/浅眼窝，窄杏眼·眼尾明显挑·宽眼距，窄鼻根/轻微偏左鼻梁/方圆鼻头，弓形唇·嘴角下垂，柔和下颌
FD04883,成熟方脸,下颌线柔化,饱满额,高眉骨,眼下骨感,宽颧骨,成熟收紧面颊,柔和下颌,鹿系眼,眼尾下沉,窄眼距,深色瞳,中高鼻根,轻鹰钩鼻梁,骨感鼻头,厚唇,嘴角下垂,右眉轻断,成熟方脸（下颌线柔化），高眉骨/眼下骨感，鹿系眼·眼尾下沉·窄眼距，中高鼻根/轻鹰钩鼻梁/骨感鼻头，厚唇·嘴角下垂，柔和下颌
FD04884,成熟方脸,颌角强调,宽额,厚眉骨,中度眼窝,高颧骨,幼态柔软面颊,柔和下颌,少年圆眼,眼尾延展,窄眼距,浅褐瞳,中鼻根,中直鼻梁,肉感鼻头,上薄下厚,嘴角紧收,碎裂虹膜,成熟方脸（颌角强调），厚眉骨/中度眼窝，少年圆眼·眼尾延展·窄眼距，中鼻根/中直鼻梁/肉感鼻头，上薄下厚·嘴角紧收，柔和下颌
FD04885,长圆脸,偏柔圆润,高额,厚眉骨,窄深眼窝,高颧骨,轻凹面颊,宽下颌,鹿系眼,眼尾下压,标准眼距,淡金瞳,高鼻根,宽骨鼻梁,方圆鼻头,上薄下厚,嘴角平直,眉上小疤,长圆脸（偏柔圆润），厚眉骨/窄深眼窝，鹿系眼·眼尾下压·标准眼距，高鼻根/宽骨鼻梁/方圆鼻头，上薄下厚·嘴角平直，宽下颌
FD04886,上宽下窄脸,下庭加重,饱满额,高眉骨,窄深眼窝,窄颧骨,幼态柔软面颊,窄下颌,鹰隼眼,眼尾下沉,标准眼距,浅褐瞳,宽鼻根,轻微偏左鼻梁,肉感鼻头,薄唇,嘴角紧收,碎裂虹膜,上宽下窄脸（下庭加重），高眉骨/窄深眼窝，鹰隼眼·眼尾下沉·标准眼距，宽鼻根/轻微偏左鼻梁/肉感鼻头，薄唇·嘴角紧收，窄下颌
FD04887,长菱形,颧部微收,低额,内侧突出眉骨,中度眼窝,外扩颧骨,成熟收紧面颊,明显下颌角,鹿系眼,眼尾明显挑,窄眼距,星点虹膜,中高鼻根,宽骨鼻梁,骨感鼻头,小嘴,嘴角紧收,眼睑褶皱不对称,长菱形（颧部微收），内侧突出眉骨/中度眼窝，鹿系眼·眼尾明显挑·窄眼距，中高鼻根/宽骨鼻梁/骨感鼻头，小嘴·嘴角紧收，明显下颌角
FD04888,柔和菱形,颧部微收,饱满额,厚眉骨,浅眼窝,高颧骨,成熟收紧面颊,明显下颌角,狭长眼,眼尾微挑,窄眼距,灰蓝瞳,中鼻根,高直鼻梁,微钝鼻头,厚唇,嘴角下垂,左颊浅疤,柔和菱形（颧部微收），厚眉骨/浅眼窝，狭长眼·眼尾微挑·窄眼距，中鼻根/高直鼻梁/微钝鼻头，厚唇·嘴角下垂，明显下颌角
FD04889,倒三角脸,骨点外显,微凸额,低眉骨,眼下饱满,外扩颧骨,饱满面颊,骨感下颌,圆长眼,眼尾延展,宽眼距,星点虹膜,低鼻根,柔和鼻梁,下压鼻头,厚唇,单侧上扬,左颊浅疤,倒三角脸（骨点外显），低眉骨/眼下饱满，圆长眼·眼尾延展·宽眼距，低鼻根/柔和鼻梁/下压鼻头，厚唇·单侧上扬，骨感下颌
FD04890,柔和方脸,偏锐收窄,宽额,厚眉骨,深眼窝,宽颧骨,轻凹面颊,窄下颌,半睁懒眼,眼尾延展,宽眼距,浅褐瞳,高鼻根,柔和鼻梁,小圆鼻头,平直唇,嘴角下垂,眼睑褶皱不对称,柔和方脸（偏锐收窄），厚眉骨/深眼窝，半睁懒眼·眼尾延展·宽眼距，高鼻根/柔和鼻梁/小圆鼻头，平直唇·嘴角下垂，窄下颌
FD04891,宽菱形,颌角强调,平直额,低眉骨,窄深眼窝,窄颧骨,幼态柔软面颊,宽下颌,桃花眼,眼尾下压,宽眼距,碎裂虹膜,高鼻根,中直鼻梁,窄翼鼻头,成熟长唇,嘴角下垂,单侧虎牙,宽菱形（颌角强调），低眉骨/窄深眼窝，桃花眼·眼尾下压·宽眼距，高鼻根/中直鼻梁/窄翼鼻头，成熟长唇·嘴角下垂，宽下颌
FD04892,柔和菱形,面中立体化,平直额,压迫感眉骨,窄深眼窝,柔和颧骨,幼态柔软面颊,窄下颌,桃花眼,眼尾下压,标准眼距,灰蓝瞳,低鼻根,轻鹰钩鼻梁,微钝鼻头,弓形唇,单侧上扬,无标志,柔和菱形（面中立体化），压迫感眉骨/窄深眼窝，桃花眼·眼尾下压·标准眼距，低鼻根/轻鹰钩鼻梁/微钝鼻头，弓形唇·单侧上扬，窄下颌
FD04893,窄方脸,颌角弱化,骨感额,内侧突出眉骨,浅眼窝,窄颧骨,轻凹面颊,窄下颌,长杏眼,眼尾微挑,宽眼距,灰蓝瞳,宽鼻根,微弧鼻梁,轻翘鼻头,平直唇,嘴角平直,双侧酒窝,窄方脸（颌角弱化），内侧突出眉骨/浅眼窝，长杏眼·眼尾微挑·宽眼距，宽鼻根/微弧鼻梁/轻翘鼻头，平直唇·嘴角平直，窄下颌
FD04894,方菱过渡脸,面中平缓,骨感额,内侧突出眉骨,浅眼窝,宽颧骨,轻凹面颊,方下颌,狼系眼,眼尾延展,标准眼距,深色瞳,宽鼻根,微弧鼻梁,方圆鼻头,小嘴,嘴角上扬,指节薄茧,方菱过渡脸（面中平缓），内侧突出眉骨/浅眼窝，狼系眼·眼尾延展·标准眼距，宽鼻根/微弧鼻梁/方圆鼻头，小嘴·嘴角上扬，方下颌
FD04895,倒梯形脸,中庭展宽,窄额,柔和眉骨,浅眼窝,宽颧骨,薄面颊,宽下颌,短圆杏眼,眼尾下压,标准眼距,深色瞳,中高鼻根,微弧鼻梁,窄翼鼻头,上厚下薄,单侧上扬,眉心竖纹浅痕,倒梯形脸（中庭展宽），柔和眉骨/浅眼窝，短圆杏眼·眼尾下压·标准眼距，中高鼻根/微弧鼻梁/窄翼鼻头，上厚下薄·单侧上扬，宽下颌
FD04896,心形脸,颊部饱满,高额,厚眉骨,深眼窝,高颧骨,幼态柔软面颊,方下颌,鹰隼眼,眼尾平直,窄眼距,碎裂虹膜,低鼻根,高直鼻梁,轻翘鼻头,宽嘴,单侧上扬,额角旧痕,心形脸（颊部饱满），厚眉骨/深眼窝，鹰隼眼·眼尾平直·窄眼距，低鼻根/高直鼻梁/轻翘鼻头，宽嘴·单侧上扬，方下颌
FD04897,颧部展开脸,颌角强调,饱满额,厚眉骨,浅眼窝,宽颧骨,成熟收紧面颊,圆方下颌,疲惫眼,眼尾下压,标准眼距,星点虹膜,中鼻根,轻微偏右鼻梁,骨感鼻头,厚唇,嘴角上扬,环状虹膜,颧部展开脸（颌角强调），厚眉骨/浅眼窝，疲惫眼·眼尾下压·标准眼距，中鼻根/轻微偏右鼻梁/骨感鼻头，厚唇·嘴角上扬，圆方下颌
FD04898,宽心形脸,中轴微长,窄额,低眉骨,眼下饱满,低颧骨,成熟收紧面颊,明显下颌角,成熟长眼,眼尾明显挑,宽眼距,异色瞳,高鼻根,轻微偏右鼻梁,小圆鼻头,上薄下厚,嘴角紧收,无标志,宽心形脸（中轴微长），低眉骨/眼下饱满，成熟长眼·眼尾明显挑·宽眼距，高鼻根/轻微偏右鼻梁/小圆鼻头，上薄下厚·嘴角紧收，明显下颌角
FD04899,方鹅蛋脸,颈部线条延长,平直额,柔和眉骨,中度眼窝,外扩颧骨,薄面颊,方下颌,猫系眼,眼尾下沉,标准眼距,淡金瞳,窄鼻根,中直鼻梁,微钝鼻头,小嘴,嘴角平直,眉尾旧疤,方鹅蛋脸（颈部线条延长），柔和眉骨/中度眼窝，猫系眼·眼尾下沉·标准眼距，窄鼻根/中直鼻梁/微钝鼻头，小嘴·嘴角平直，方下颌
FD04900,心形脸,下颌线清晰化,宽额,内侧突出眉骨,窄深眼窝,低颧骨,幼态柔软面颊,柔和下颌,冷感眼,眼尾平直,宽眼距,深色瞳,高鼻根,高直鼻梁,方圆鼻头,平直唇,嘴角平直,无标志,心形脸（下颌线清晰化），内侧突出眉骨/窄深眼窝，冷感眼·眼尾平直·宽眼距，高鼻根/高直鼻梁/方圆鼻头，平直唇·嘴角平直，柔和下颌
FD04901,窄鹅蛋脸,面中立体化,饱满额,低眉骨,眼下饱满,柔和颧骨,幼态柔软面颊,圆方下颌,蛇系眼,眼尾微挑,窄眼距,环状虹膜,中高鼻根,柔和鼻梁,小圆鼻头,成熟长唇,嘴角紧收,耳后小痣,窄鹅蛋脸（面中立体化），低眉骨/眼下饱满，蛇系眼·眼尾微挑·窄眼距，中高鼻根/柔和鼻梁/小圆鼻头，成熟长唇·嘴角紧收，圆方下颌
FD04902,长方脸,上庭收窄,平直额,薄眉骨,浅眼窝,宽颧骨,薄面颊,窄下颌,疲惫眼,眼尾下压,窄眼距,琥珀瞳,窄鼻根,中直鼻梁,轻翘鼻头,薄唇,嘴角上扬,下颌浅疤,长方脸（上庭收窄），薄眉骨/浅眼窝，疲惫眼·眼尾下压·窄眼距，窄鼻根/中直鼻梁/轻翘鼻头，薄唇·嘴角上扬，窄下颌
FD04903,长鹅蛋脸,下庭加重,平直额,外侧突出眉骨,深眼窝,窄颧骨,薄面颊,明显下颌角,平凤眼,眼尾下沉,窄眼距,深色瞳,窄鼻根,轻微偏左鼻梁,小圆鼻头,弓形唇,嘴角下垂,单侧酒窝,长鹅蛋脸（下庭加重），外侧突出眉骨/深眼窝，平凤眼·眼尾下沉·窄眼距，窄鼻根/轻微偏左鼻梁/小圆鼻头，弓形唇·嘴角下垂，明显下颌角
FD04904,圆方脸,中轴微长,平直额,外侧突出眉骨,中度眼窝,窄颧骨,成熟收紧面颊,明显下颌角,疲惫眼,眼尾下沉,窄眼距,淡金瞳,中鼻根,轻鹰钩鼻梁,轻翘鼻头,弓形唇,嘴角平直,额角旧痕,圆方脸（中轴微长），外侧突出眉骨/中度眼窝，疲惫眼·眼尾下沉·窄眼距，中鼻根/轻鹰钩鼻梁/轻翘鼻头，弓形唇·嘴角平直，明显下颌角
FD04905,宽心形脸,上庭收窄,平直额,外侧突出眉骨,中度眼窝,低颧骨,成熟收紧面颊,收敛下颌,短圆杏眼,眼尾下沉,窄眼距,碎裂虹膜,低鼻根,柔和鼻梁,方圆鼻头,上厚下薄,嘴角下垂,单侧虎牙,宽心形脸（上庭收窄），外侧突出眉骨/中度眼窝，短圆杏眼·眼尾下沉·窄眼距，低鼻根/柔和鼻梁/方圆鼻头，上厚下薄·嘴角下垂，收敛下颌
FD04906,方鹅蛋脸,上庭展开,窄额,外侧突出眉骨,浅眼窝,柔和颧骨,饱满面颊,圆方下颌,狭长眼,眼尾明显挑,标准眼距,深色瞳,中高鼻根,微弧鼻梁,方圆鼻头,上薄下厚,嘴角下垂,单侧酒窝,方鹅蛋脸（上庭展开），外侧突出眉骨/浅眼窝，狭长眼·眼尾明显挑·标准眼距，中高鼻根/微弧鼻梁/方圆鼻头，上薄下厚·嘴角下垂，圆方下颌
FD04907,幼态圆脸,骨点内敛,低额,外侧突出眉骨,眼下骨感,高颧骨,薄面颊,圆方下颌,丹凤眼,眼尾下沉,窄眼距,异色瞳,中高鼻根,轻微偏左鼻梁,微钝鼻头,薄唇,嘴角下垂,单侧酒窝,幼态圆脸（骨点内敛），外侧突出眉骨/眼下骨感，丹凤眼·眼尾下沉·窄眼距，中高鼻根/轻微偏左鼻梁/微钝鼻头，薄唇·嘴角下垂，圆方下颌
FD04908,圆方脸,颊部略凹,饱满额,外侧突出眉骨,眼下饱满,窄颧骨,幼态柔软面颊,明显下颌角,半睁懒眼,眼尾下压,标准眼距,星点虹膜,窄鼻根,微弧鼻梁,小圆鼻头,成熟长唇,嘴角平直,下颌浅疤,圆方脸（颊部略凹），外侧突出眉骨/眼下饱满，半睁懒眼·眼尾下压·标准眼距，窄鼻根/微弧鼻梁/小圆鼻头，成熟长唇·嘴角平直，明显下颌角
FD04909,下颌突出脸,中庭展宽,微凸额,薄眉骨,浅眼窝,窄颧骨,成熟收紧面颊,窄下颌,猫系眼,眼尾延展,标准眼距,异色瞳,中鼻根,轻鹰钩鼻梁,轻翘鼻头,上薄下厚,嘴角下垂,单侧虎牙,下颌突出脸（中庭展宽），薄眉骨/浅眼窝，猫系眼·眼尾延展·标准眼距，中鼻根/轻鹰钩鼻梁/轻翘鼻头，上薄下厚·嘴角下垂，窄下颌
FD04910,标准菱形,下庭加重,平直额,外侧突出眉骨,眼下骨感,柔和颧骨,薄面颊,收敛下颌,长杏眼,眼尾微挑,宽眼距,星点虹膜,中高鼻根,宽骨鼻梁,轻翘鼻头,厚唇,嘴角平直,单侧虎牙,标准菱形（下庭加重），外侧突出眉骨/眼下骨感，长杏眼·眼尾微挑·宽眼距，中高鼻根/宽骨鼻梁/轻翘鼻头，厚唇·嘴角平直，收敛下颌
FD04911,鹅蛋偏心形,面中平缓,低额,压迫感眉骨,宽浅眼窝,低颧骨,饱满面颊,柔和下颌,狼系眼,眼尾下压,宽眼距,环状虹膜,高鼻根,轻微偏右鼻梁,方圆鼻头,弓形唇,嘴角平直,左眼下浅泪痣,鹅蛋偏心形（面中平缓），压迫感眉骨/宽浅眼窝，狼系眼·眼尾下压·宽眼距，高鼻根/轻微偏右鼻梁/方圆鼻头，弓形唇·嘴角平直，柔和下颌
FD04912,成熟方脸,下庭收窄,窄额,外侧突出眉骨,宽浅眼窝,窄颧骨,饱满面颊,方下颌,柳叶眼,眼尾平直,窄眼距,环状虹膜,中高鼻根,高直鼻梁,下压鼻头,弓形唇,嘴角上扬,单侧虎牙,成熟方脸（下庭收窄），外侧突出眉骨/宽浅眼窝，柳叶眼·眼尾平直·窄眼距，中高鼻根/高直鼻梁/下压鼻头，弓形唇·嘴角上扬，方下颌
FD04913,宽鹅蛋脸,偏锐收窄,窄额,高眉骨,深眼窝,低颧骨,成熟收紧面颊,宽下颌,丹凤眼,眼尾平直,标准眼距,浅褐瞳,窄鼻根,轻微偏左鼻梁,轻翘鼻头,宽嘴,嘴角上扬,眉尾旧疤,宽鹅蛋脸（偏锐收窄），高眉骨/深眼窝，丹凤眼·眼尾平直·标准眼距，窄鼻根/轻微偏左鼻梁/轻翘鼻头，宽嘴·嘴角上扬，宽下颌
FD04914,宽菱形,中庭拉长,宽额,低眉骨,浅眼窝,低颧骨,饱满面颊,宽下颌,柳叶眼,眼尾下沉,标准眼距,墨玉瞳,中高鼻根,轻微偏右鼻梁,微钝鼻头,厚唇,单侧上扬,耳后小痣,宽菱形（中庭拉长），低眉骨/浅眼窝，柳叶眼·眼尾下沉·标准眼距，中高鼻根/轻微偏右鼻梁/微钝鼻头，厚唇·单侧上扬，宽下颌
FD04915,窄鹅蛋脸,中轴收紧,高额,外侧突出眉骨,窄深眼窝,柔和颧骨,饱满面颊,宽下颌,疲惫眼,眼尾微挑,窄眼距,浅褐瞳,高鼻根,轻鹰钩鼻梁,下压鼻头,小嘴,嘴角紧收,瞳孔残缺,窄鹅蛋脸（中轴收紧），外侧突出眉骨/窄深眼窝，疲惫眼·眼尾微挑·窄眼距，高鼻根/轻鹰钩鼻梁/下压鼻头，小嘴·嘴角紧收，宽下颌
FD04916,清瘦圆脸,偏柔圆润,饱满额,内侧突出眉骨,眼下饱满,低颧骨,幼态柔软面颊,宽下颌,狭长瑞凤眼,眼尾下沉,窄眼距,琥珀瞳,宽鼻根,轻微偏左鼻梁,骨感鼻头,宽嘴,嘴角下垂,额角旧痕,清瘦圆脸（偏柔圆润），内侧突出眉骨/眼下饱满，狭长瑞凤眼·眼尾下沉·窄眼距，宽鼻根/轻微偏左鼻梁/骨感鼻头，宽嘴·嘴角下垂，宽下颌
FD04917,宽方脸,骨点内敛,饱满额,厚眉骨,眼下骨感,低颧骨,成熟收紧面颊,骨感下颌,下垂眼,眼尾下沉,窄眼距,异色瞳,中高鼻根,柔和鼻梁,轻翘鼻头,上厚下薄,嘴角下垂,指节薄茧,宽方脸（骨点内敛），厚眉骨/眼下骨感，下垂眼·眼尾下沉·窄眼距，中高鼻根/柔和鼻梁/轻翘鼻头，上厚下薄·嘴角下垂，骨感下颌
FD04918,圆方脸,中庭展宽,微凸额,薄眉骨,中度眼窝,宽颧骨,轻凹面颊,窄下颌,窄杏眼,眼尾平直,标准眼距,淡金瞳,宽鼻根,轻鹰钩鼻梁,下压鼻头,平直唇,嘴角平直,耳后小痣,圆方脸（中庭展宽），薄眉骨/中度眼窝，窄杏眼·眼尾平直·标准眼距，宽鼻根/轻鹰钩鼻梁/下压鼻头，平直唇·嘴角平直，窄下颌
FD04919,骨感方脸,颈部线条延长,宽额,高眉骨,宽浅眼窝,宽颧骨,幼态柔软面颊,方下颌,桃花眼,眼尾下压,窄眼距,异色瞳,中高鼻根,微弧鼻梁,窄翼鼻头,上厚下薄,嘴角上扬,眉心竖纹浅痕,骨感方脸（颈部线条延长），高眉骨/宽浅眼窝，桃花眼·眼尾下压·窄眼距，中高鼻根/微弧鼻梁/窄翼鼻头，上厚下薄·嘴角上扬，方下颌
FD04920,颧部展开脸,下颌线柔化,窄额,外侧突出眉骨,宽浅眼窝,柔和颧骨,饱满面颊,圆方下颌,长杏眼,眼尾微挑,窄眼距,星点虹膜,低鼻根,轻微偏左鼻梁,肉感鼻头,薄唇,嘴角紧收,双侧酒窝,颧部展开脸（下颌线柔化），外侧突出眉骨/宽浅眼窝，长杏眼·眼尾微挑·窄眼距，低鼻根/轻微偏左鼻梁/肉感鼻头，薄唇·嘴角紧收，圆方下颌
FD04921,颧部展开脸,中轴微长,窄额,厚眉骨,窄深眼窝,外扩颧骨,幼态柔软面颊,圆方下颌,柳叶眼,眼尾下沉,窄眼距,琥珀瞳,中高鼻根,高直鼻梁,轻翘鼻头,小嘴,嘴角上扬,耳后小痣,颧部展开脸（中轴微长），厚眉骨/窄深眼窝，柳叶眼·眼尾下沉·窄眼距，中高鼻根/高直鼻梁/轻翘鼻头，小嘴·嘴角上扬，圆方下颌
FD04922,长心形脸,下庭加重,饱满额,内侧突出眉骨,窄深眼窝,低颧骨,薄面颊,骨感下颌,少年圆眼,眼尾下压,宽眼距,深色瞳,窄鼻根,轻微偏右鼻梁,小圆鼻头,小嘴,嘴角平直,无标志,长心形脸（下庭加重），内侧突出眉骨/窄深眼窝，少年圆眼·眼尾下压·宽眼距，窄鼻根/轻微偏右鼻梁/小圆鼻头，小嘴·嘴角平直，骨感下颌
FD04923,骨感菱形,颌角弱化,骨感额,厚眉骨,眼下骨感,外扩颧骨,薄面颊,方下颌,狭长瑞凤眼,眼尾微挑,窄眼距,深色瞳,宽鼻根,轻微偏左鼻梁,微钝鼻头,小嘴,单侧上扬,无标志,骨感菱形（颌角弱化），厚眉骨/眼下骨感，狭长瑞凤眼·眼尾微挑·窄眼距，宽鼻根/轻微偏左鼻梁/微钝鼻头，小嘴·单侧上扬，方下颌
FD04924,标准菱形,偏锐收窄,骨感额,低眉骨,眼下骨感,宽颧骨,成熟收紧面颊,宽下颌,狭长瑞凤眼,眼尾下压,标准眼距,琥珀瞳,高鼻根,宽骨鼻梁,骨感鼻头,上薄下厚,嘴角下垂,唇下小痣,标准菱形（偏锐收窄），低眉骨/眼下骨感，狭长瑞凤眼·眼尾下压·标准眼距，高鼻根/宽骨鼻梁/骨感鼻头，上薄下厚·嘴角下垂，宽下颌
FD04925,短鹅蛋脸,中轴收紧,窄额,高眉骨,浅眼窝,低颧骨,饱满面颊,圆方下颌,短杏眼,眼尾下沉,窄眼距,星点虹膜,宽鼻根,轻微偏右鼻梁,下压鼻头,平直唇,嘴角下垂,无标志,短鹅蛋脸（中轴收紧），高眉骨/浅眼窝，短杏眼·眼尾下沉·窄眼距，宽鼻根/轻微偏右鼻梁/下压鼻头，平直唇·嘴角下垂，圆方下颌
FD04926,短鹅蛋脸,面中立体化,宽额,高眉骨,眼下饱满,外扩颧骨,幼态柔软面颊,圆方下颌,下垂眼,眼尾微挑,窄眼距,墨玉瞳,低鼻根,微弧鼻梁,轻翘鼻头,小嘴,嘴角上扬,下颌浅疤,短鹅蛋脸（面中立体化），高眉骨/眼下饱满，下垂眼·眼尾微挑·窄眼距，低鼻根/微弧鼻梁/轻翘鼻头，小嘴·嘴角上扬，圆方下颌
FD04927,长菱形,偏锐收窄,窄额,薄眉骨,宽浅眼窝,高颧骨,轻凹面颊,圆方下颌,狭长眼,眼尾下压,标准眼距,灰蓝瞳,中鼻根,微弧鼻梁,小圆鼻头,小嘴,嘴角上扬,眉心竖纹浅痕,长菱形（偏锐收窄），薄眉骨/宽浅眼窝，狭长眼·眼尾下压·标准眼距，中鼻根/微弧鼻梁/小圆鼻头，小嘴·嘴角上扬，圆方下颌
FD04928,长方脸,中庭拉长,微凸额,压迫感眉骨,浅眼窝,窄颧骨,薄面颊,收敛下颌,鹿系眼,眼尾延展,标准眼距,琥珀瞳,低鼻根,中直鼻梁,骨感鼻头,成熟长唇,嘴角下垂,双侧酒窝,长方脸（中庭拉长），压迫感眉骨/浅眼窝，鹿系眼·眼尾延展·标准眼距，低鼻根/中直鼻梁/骨感鼻头，成熟长唇·嘴角下垂，收敛下颌
FD04929,长鹅蛋脸,颊部略凹,平直额,薄眉骨,深眼窝,窄颧骨,成熟收紧面颊,明显下颌角,狭长眼,眼尾微挑,窄眼距,琥珀瞳,高鼻根,轻鹰钩鼻梁,骨感鼻头,上厚下薄,嘴角紧收,颈侧细疤,长鹅蛋脸（颊部略凹），薄眉骨/深眼窝，狭长眼·眼尾微挑·窄眼距，高鼻根/轻鹰钩鼻梁/骨感鼻头，上厚下薄·嘴角紧收，明显下颌角
FD04930,双颌匀称脸,下颌线柔化,低额,高眉骨,深眼窝,柔和颧骨,轻凹面颊,明显下颌角,窄杏眼,眼尾平直,窄眼距,异色瞳,宽鼻根,轻鹰钩鼻梁,骨感鼻头,弓形唇,嘴角紧收,左颊浅疤,双颌匀称脸（下颌线柔化），高眉骨/深眼窝，窄杏眼·眼尾平直·窄眼距，宽鼻根/轻鹰钩鼻梁/骨感鼻头，弓形唇·嘴角紧收，明显下颌角
FD04931,双颌匀称脸,面中立体化,微凸额,厚眉骨,窄深眼窝,高颧骨,饱满面颊,窄下颌,狭长瑞凤眼,眼尾延展,宽眼距,环状虹膜,宽鼻根,轻鹰钩鼻梁,肉感鼻头,上薄下厚,单侧上扬,眉上小疤,双颌匀称脸（面中立体化），厚眉骨/窄深眼窝，狭长瑞凤眼·眼尾延展·宽眼距，宽鼻根/轻鹰钩鼻梁/肉感鼻头，上薄下厚·单侧上扬，窄下颌
FD04932,窄鹅蛋脸,颊部饱满,宽额,低眉骨,眼下骨感,外扩颧骨,饱满面颊,骨感下颌,下垂眼,眼尾明显挑,标准眼距,环状虹膜,中高鼻根,高直鼻梁,小圆鼻头,厚唇,嘴角紧收,眉上小疤,窄鹅蛋脸（颊部饱满），低眉骨/眼下骨感，下垂眼·眼尾明显挑·标准眼距，中高鼻根/高直鼻梁/小圆鼻头，厚唇·嘴角紧收，骨感下颌
FD04933,骨感窄脸,面中立体化,骨感额,低眉骨,中度眼窝,外扩颧骨,成熟收紧面颊,方下颌,鹰隼眼,眼尾平直,窄眼距,碎裂虹膜,高鼻根,柔和鼻梁,窄翼鼻头,宽嘴,嘴角紧收,耳后小痣,骨感窄脸（面中立体化），低眉骨/中度眼窝，鹰隼眼·眼尾平直·窄眼距，高鼻根/柔和鼻梁/窄翼鼻头，宽嘴·嘴角紧收，方下颌
FD04934,下颌突出脸,偏锐收窄,宽额,内侧突出眉骨,浅眼窝,宽颧骨,饱满面颊,收敛下颌,少年圆眼,眼尾微挑,宽眼距,浅褐瞳,低鼻根,微弧鼻梁,方圆鼻头,成熟长唇,嘴角上扬,单侧酒窝,下颌突出脸（偏锐收窄），内侧突出眉骨/浅眼窝，少年圆眼·眼尾微挑·宽眼距，低鼻根/微弧鼻梁/方圆鼻头，成熟长唇·嘴角上扬，收敛下颌
FD04935,柔和菱形,颊部饱满,平直额,柔和眉骨,眼下饱满,高颧骨,幼态柔软面颊,明显下颌角,上扬凤眼,眼尾明显挑,窄眼距,琥珀瞳,宽鼻根,柔和鼻梁,微钝鼻头,成熟长唇,单侧上扬,单侧虎牙,柔和菱形（颊部饱满），柔和眉骨/眼下饱满，上扬凤眼·眼尾明显挑·窄眼距，宽鼻根/柔和鼻梁/微钝鼻头，成熟长唇·单侧上扬，明显下颌角
FD04936,颧部展开脸,中庭拉长,高额,压迫感眉骨,中度眼窝,宽颧骨,成熟收紧面颊,收敛下颌,半睁懒眼,眼尾平直,宽眼距,灰蓝瞳,窄鼻根,宽骨鼻梁,肉感鼻头,成熟长唇,单侧上扬,左眼下浅泪痣,颧部展开脸（中庭拉长），压迫感眉骨/中度眼窝，半睁懒眼·眼尾平直·宽眼距，窄鼻根/宽骨鼻梁/肉感鼻头，成熟长唇·单侧上扬，收敛下颌
FD04937,上宽下窄脸,颊部饱满,饱满额,低眉骨,宽浅眼窝,低颧骨,轻凹面颊,圆方下颌,鹿系眼,眼尾延展,宽眼距,浅褐瞳,中鼻根,高直鼻梁,小圆鼻头,小嘴,嘴角紧收,额角旧痕,上宽下窄脸（颊部饱满），低眉骨/宽浅眼窝，鹿系眼·眼尾延展·宽眼距，中鼻根/高直鼻梁/小圆鼻头，小嘴·嘴角紧收，圆方下颌
FD04938,长心形脸,偏柔圆润,微凸额,低眉骨,宽浅眼窝,高颧骨,饱满面颊,窄下颌,狭长瑞凤眼,眼尾下沉,宽眼距,星点虹膜,高鼻根,轻鹰钩鼻梁,微钝鼻头,平直唇,嘴角平直,双侧酒窝,长心形脸（偏柔圆润），低眉骨/宽浅眼窝，狭长瑞凤眼·眼尾下沉·宽眼距，高鼻根/轻鹰钩鼻梁/微钝鼻头，平直唇·嘴角平直，窄下颌
FD04939,宽心形脸,下庭加重,骨感额,薄眉骨,深眼窝,高颧骨,饱满面颊,窄下颌,少年圆眼,眼尾平直,标准眼距,淡金瞳,中高鼻根,轻微偏右鼻梁,微钝鼻头,小嘴,嘴角紧收,颈侧细疤,宽心形脸（下庭加重），薄眉骨/深眼窝，少年圆眼·眼尾平直·标准眼距，中高鼻根/轻微偏右鼻梁/微钝鼻头，小嘴·嘴角紧收，窄下颌
FD04940,短圆脸,颈部线条收短,饱满额,低眉骨,中度眼窝,高颧骨,薄面颊,宽下颌,狭长眼,眼尾明显挑,标准眼距,墨玉瞳,中高鼻根,轻微偏右鼻梁,骨感鼻头,宽嘴,嘴角下垂,碎裂虹膜,短圆脸（颈部线条收短），低眉骨/中度眼窝，狭长眼·眼尾明显挑·标准眼距，中高鼻根/轻微偏右鼻梁/骨感鼻头，宽嘴·嘴角下垂，宽下颌
FD04941,正梯形脸,偏锐收窄,平直额,柔和眉骨,宽浅眼窝,柔和颧骨,成熟收紧面颊,宽下颌,狭长瑞凤眼,眼尾延展,窄眼距,浅褐瞳,中鼻根,高直鼻梁,轻翘鼻头,平直唇,单侧上扬,指节薄茧,正梯形脸（偏锐收窄），柔和眉骨/宽浅眼窝，狭长瑞凤眼·眼尾延展·窄眼距，中鼻根/高直鼻梁/轻翘鼻头，平直唇·单侧上扬，宽下颌
FD04942,窄鹅蛋脸,上庭收窄,骨感额,压迫感眉骨,宽浅眼窝,柔和颧骨,饱满面颊,圆方下颌,瑞凤眼,眼尾平直,宽眼距,浅褐瞳,窄鼻根,微弧鼻梁,轻翘鼻头,成熟长唇,嘴角平直,双侧酒窝,窄鹅蛋脸（上庭收窄），压迫感眉骨/宽浅眼窝，瑞凤眼·眼尾平直·宽眼距，窄鼻根/微弧鼻梁/轻翘鼻头，成熟长唇·嘴角平直，圆方下颌
FD04943,幼态圆脸,颧部外扩,饱满额,外侧突出眉骨,眼下饱满,外扩颧骨,轻凹面颊,窄下颌,圆长眼,眼尾平直,宽眼距,淡金瞳,窄鼻根,高直鼻梁,轻翘鼻头,小嘴,嘴角下垂,额角旧痕,幼态圆脸（颧部外扩），外侧突出眉骨/眼下饱满，圆长眼·眼尾平直·宽眼距，窄鼻根/高直鼻梁/轻翘鼻头，小嘴·嘴角下垂，窄下颌
FD04944,长方脸,偏柔圆润,骨感额,压迫感眉骨,浅眼窝,窄颧骨,成熟收紧面颊,收敛下颌,鹰隼眼,眼尾平直,宽眼距,星点虹膜,窄鼻根,宽骨鼻梁,骨感鼻头,成熟长唇,嘴角紧收,眉上小疤,长方脸（偏柔圆润），压迫感眉骨/浅眼窝，鹰隼眼·眼尾平直·宽眼距，窄鼻根/宽骨鼻梁/骨感鼻头，成熟长唇·嘴角紧收，收敛下颌
FD04945,肉感短脸,中轴微长,骨感额,外侧突出眉骨,眼下饱满,窄颧骨,饱满面颊,圆方下颌,狼系眼,眼尾下沉,标准眼距,异色瞳,中高鼻根,轻微偏左鼻梁,轻翘鼻头,宽嘴,单侧上扬,单侧酒窝,肉感短脸（中轴微长），外侧突出眉骨/眼下饱满，狼系眼·眼尾下沉·标准眼距，中高鼻根/轻微偏左鼻梁/轻翘鼻头，宽嘴·单侧上扬，圆方下颌
FD04946,圆脸,颌角弱化,高额,厚眉骨,深眼窝,低颧骨,轻凹面颊,柔和下颌,窄杏眼,眼尾平直,宽眼距,环状虹膜,中高鼻根,轻微偏右鼻梁,轻翘鼻头,成熟长唇,嘴角下垂,眉心竖纹浅痕,圆脸（颌角弱化），厚眉骨/深眼窝，窄杏眼·眼尾平直·宽眼距，中高鼻根/轻微偏右鼻梁/轻翘鼻头，成熟长唇·嘴角下垂，柔和下颌
FD04947,宽方脸,骨点内敛,骨感额,外侧突出眉骨,窄深眼窝,低颧骨,饱满面颊,骨感下颌,鹤系眼,眼尾延展,窄眼距,环状虹膜,中高鼻根,柔和鼻梁,轻翘鼻头,小嘴,嘴角下垂,瞳孔残缺,宽方脸（骨点内敛），外侧突出眉骨/窄深眼窝，鹤系眼·眼尾延展·窄眼距，中高鼻根/柔和鼻梁/轻翘鼻头，小嘴·嘴角下垂，骨感下颌
FD04948,颧部展开脸,颈部线条延长,低额,高眉骨,宽浅眼窝,低颧骨,饱满面颊,方下颌,桃花眼,眼尾下压,窄眼距,碎裂虹膜,高鼻根,宽骨鼻梁,下压鼻头,弓形唇,单侧上扬,鼻梁旧伤,颧部展开脸（颈部线条延长），高眉骨/宽浅眼窝，桃花眼·眼尾下压·窄眼距，高鼻根/宽骨鼻梁/下压鼻头，弓形唇·单侧上扬，方下颌
FD04949,长心形脸,颧部微收,平直额,外侧突出眉骨,宽浅眼窝,低颧骨,成熟收紧面颊,骨感下颌,长杏眼,眼尾延展,窄眼距,琥珀瞳,窄鼻根,柔和鼻梁,窄翼鼻头,上厚下薄,嘴角上扬,指节薄茧,长心形脸（颧部微收），外侧突出眉骨/宽浅眼窝，长杏眼·眼尾延展·窄眼距，窄鼻根/柔和鼻梁/窄翼鼻头，上厚下薄·嘴角上扬，骨感下颌
FD04950,正梯形脸,颌角强调,宽额,内侧突出眉骨,深眼窝,柔和颧骨,饱满面颊,柔和下颌,蛇系眼,眼尾下压,窄眼距,星点虹膜,高鼻根,微弧鼻梁,骨感鼻头,宽嘴,嘴角紧收,眉上小疤,正梯形脸（颌角强调），内侧突出眉骨/深眼窝，蛇系眼·眼尾下压·窄眼距，高鼻根/微弧鼻梁/骨感鼻头，宽嘴·嘴角紧收，柔和下颌
FD04951,上窄下宽脸,颌角弱化,微凸额,高眉骨,眼下骨感,低颧骨,幼态柔软面颊,宽下颌,鹰隼眼,眼尾微挑,窄眼距,墨玉瞳,宽鼻根,轻微偏右鼻梁,窄翼鼻头,宽嘴,嘴角平直,异色瞳,上窄下宽脸（颌角弱化），高眉骨/眼下骨感，鹰隼眼·眼尾微挑·窄眼距，宽鼻根/轻微偏右鼻梁/窄翼鼻头，宽嘴·嘴角平直，宽下颌
FD04952,短圆脸,面中立体化,饱满额,压迫感眉骨,窄深眼窝,低颧骨,幼态柔软面颊,柔和下颌,瑞凤眼,眼尾下沉,宽眼距,灰蓝瞳,中鼻根,高直鼻梁,微钝鼻头,薄唇,嘴角紧收,颈侧细疤,短圆脸（面中立体化），压迫感眉骨/窄深眼窝，瑞凤眼·眼尾下沉·宽眼距，中鼻根/高直鼻梁/微钝鼻头，薄唇·嘴角紧收，柔和下颌
FD04953,鹅蛋偏菱,颌角弱化,平直额,压迫感眉骨,浅眼窝,宽颧骨,幼态柔软面颊,柔和下颌,鹰隼眼,眼尾平直,宽眼距,异色瞳,中高鼻根,微弧鼻梁,窄翼鼻头,小嘴,嘴角紧收,眼角小痣,鹅蛋偏菱（颌角弱化），压迫感眉骨/浅眼窝，鹰隼眼·眼尾平直·宽眼距，中高鼻根/微弧鼻梁/窄翼鼻头，小嘴·嘴角紧收，柔和下颌
FD04954,双颌匀称脸,中庭展宽,低额,厚眉骨,浅眼窝,柔和颧骨,成熟收紧面颊,方下颌,鹰隼眼,眼尾延展,宽眼距,浅褐瞳,中鼻根,高直鼻梁,肉感鼻头,宽嘴,嘴角上扬,无标志,双颌匀称脸（中庭展宽），厚眉骨/浅眼窝，鹰隼眼·眼尾延展·宽眼距，中鼻根/高直鼻梁/肉感鼻头，宽嘴·嘴角上扬，方下颌
FD04955,短圆脸,偏锐收窄,高额,内侧突出眉骨,中度眼窝,柔和颧骨,成熟收紧面颊,明显下颌角,丹凤眼,眼尾微挑,标准眼距,浅褐瞳,宽鼻根,柔和鼻梁,小圆鼻头,小嘴,单侧上扬,额角旧痕,短圆脸（偏锐收窄），内侧突出眉骨/中度眼窝，丹凤眼·眼尾微挑·标准眼距，宽鼻根/柔和鼻梁/小圆鼻头，小嘴·单侧上扬，明显下颌角
FD04956,长圆脸,偏锐收窄,低额,外侧突出眉骨,窄深眼窝,柔和颧骨,薄面颊,方下颌,猫系眼,眼尾平直,宽眼距,碎裂虹膜,低鼻根,高直鼻梁,微钝鼻头,厚唇,嘴角下垂,颈侧细疤,长圆脸（偏锐收窄），外侧突出眉骨/窄深眼窝，猫系眼·眼尾平直·宽眼距，低鼻根/高直鼻梁/微钝鼻头，厚唇·嘴角下垂，方下颌
FD04957,上宽下窄脸,偏柔圆润,低额,高眉骨,浅眼窝,外扩颧骨,轻凹面颊,明显下颌角,狼系眼,眼尾明显挑,窄眼距,星点虹膜,中鼻根,轻鹰钩鼻梁,下压鼻头,薄唇,嘴角平直,左眼下浅泪痣,上宽下窄脸（偏柔圆润），高眉骨/浅眼窝，狼系眼·眼尾明显挑·窄眼距，中鼻根/轻鹰钩鼻梁/下压鼻头，薄唇·嘴角平直，明显下颌角
FD04958,长鹅蛋脸,下颌线清晰化,饱满额,柔和眉骨,眼下饱满,窄颧骨,饱满面颊,窄下颌,窄杏眼,眼尾明显挑,宽眼距,异色瞳,宽鼻根,轻鹰钩鼻梁,肉感鼻头,平直唇,嘴角平直,眼角小痣,长鹅蛋脸（下颌线清晰化），柔和眉骨/眼下饱满，窄杏眼·眼尾明显挑·宽眼距，宽鼻根/轻鹰钩鼻梁/肉感鼻头，平直唇·嘴角平直，窄下颌
FD04959,鹅蛋偏心形,中轴微长,低额,厚眉骨,窄深眼窝,低颧骨,幼态柔软面颊,柔和下颌,瑞凤眼,眼尾明显挑,宽眼距,琥珀瞳,中高鼻根,轻微偏左鼻梁,方圆鼻头,平直唇,嘴角上扬,眼睑褶皱不对称,鹅蛋偏心形（中轴微长），厚眉骨/窄深眼窝，瑞凤眼·眼尾明显挑·宽眼距，中高鼻根/轻微偏左鼻梁/方圆鼻头，平直唇·嘴角上扬，柔和下颌
FD04960,短鹅蛋脸,骨点外显,低额,低眉骨,宽浅眼窝,低颧骨,幼态柔软面颊,圆方下颌,瑞凤眼,眼尾延展,窄眼距,灰蓝瞳,中高鼻根,柔和鼻梁,方圆鼻头,宽嘴,嘴角平直,无标志,短鹅蛋脸（骨点外显），低眉骨/宽浅眼窝，瑞凤眼·眼尾延展·窄眼距，中高鼻根/柔和鼻梁/方圆鼻头，宽嘴·嘴角平直，圆方下颌
FD04961,宽鹅蛋脸,中庭拉长,饱满额,柔和眉骨,眼下饱满,柔和颧骨,成熟收紧面颊,柔和下颌,长杏眼,眼尾下压,标准眼距,浅褐瞳,宽鼻根,宽骨鼻梁,微钝鼻头,成熟长唇,单侧上扬,单侧酒窝,宽鹅蛋脸（中庭拉长），柔和眉骨/眼下饱满，长杏眼·眼尾下压·标准眼距，宽鼻根/宽骨鼻梁/微钝鼻头，成熟长唇·单侧上扬，柔和下颌
FD04962,长方脸,上庭展开,窄额,压迫感眉骨,中度眼窝,窄颧骨,幼态柔软面颊,明显下颌角,长杏眼,眼尾明显挑,窄眼距,环状虹膜,低鼻根,宽骨鼻梁,小圆鼻头,成熟长唇,嘴角下垂,鼻梁旧伤,长方脸（上庭展开），压迫感眉骨/中度眼窝，长杏眼·眼尾明显挑·窄眼距，低鼻根/宽骨鼻梁/小圆鼻头，成熟长唇·嘴角下垂，明显下颌角
FD04963,骨感菱形,颌角弱化,微凸额,厚眉骨,眼下饱满,柔和颧骨,薄面颊,方下颌,少年圆眼,眼尾下沉,窄眼距,深色瞳,宽鼻根,轻微偏左鼻梁,骨感鼻头,成熟长唇,嘴角下垂,无标志,骨感菱形（颌角弱化），厚眉骨/眼下饱满，少年圆眼·眼尾下沉·窄眼距，宽鼻根/轻微偏左鼻梁/骨感鼻头，成熟长唇·嘴角下垂，方下颌
FD04964,梨形脸,颧部外扩,骨感额,内侧突出眉骨,宽浅眼窝,柔和颧骨,成熟收紧面颊,柔和下颌,短圆杏眼,眼尾平直,标准眼距,环状虹膜,宽鼻根,中直鼻梁,轻翘鼻头,薄唇,嘴角紧收,无标志,梨形脸（颧部外扩），内侧突出眉骨/宽浅眼窝，短圆杏眼·眼尾平直·标准眼距，宽鼻根/中直鼻梁/轻翘鼻头，薄唇·嘴角紧收，柔和下颌
FD04965,肉感短脸,颈部线条延长,微凸额,压迫感眉骨,眼下骨感,宽颧骨,薄面颊,柔和下颌,鹰隼眼,眼尾下沉,窄眼距,深色瞳,中高鼻根,微弧鼻梁,骨感鼻头,小嘴,嘴角平直,碎裂虹膜,肉感短脸（颈部线条延长），压迫感眉骨/眼下骨感，鹰隼眼·眼尾下沉·窄眼距，中高鼻根/微弧鼻梁/骨感鼻头，小嘴·嘴角平直，柔和下颌
FD04966,方鹅蛋脸,颌角弱化,低额,外侧突出眉骨,中度眼窝,高颧骨,饱满面颊,收敛下颌,上扬凤眼,眼尾平直,标准眼距,异色瞳,高鼻根,轻微偏左鼻梁,肉感鼻头,厚唇,单侧上扬,眉尾旧疤,方鹅蛋脸（颌角弱化），外侧突出眉骨/中度眼窝，上扬凤眼·眼尾平直·标准眼距，高鼻根/轻微偏左鼻梁/肉感鼻头，厚唇·单侧上扬，收敛下颌
FD04967,清瘦圆脸,面中平缓,饱满额,厚眉骨,眼下饱满,宽颧骨,成熟收紧面颊,骨感下颌,桃花眼,眼尾明显挑,标准眼距,碎裂虹膜,窄鼻根,轻鹰钩鼻梁,窄翼鼻头,厚唇,嘴角下垂,单侧酒窝,清瘦圆脸（面中平缓），厚眉骨/眼下饱满，桃花眼·眼尾明显挑·标准眼距，窄鼻根/轻鹰钩鼻梁/窄翼鼻头，厚唇·嘴角下垂，骨感下颌
FD04968,鹅蛋偏方,下庭加重,宽额,内侧突出眉骨,眼下骨感,外扩颧骨,成熟收紧面颊,收敛下颌,瑞凤眼,眼尾平直,宽眼距,浅褐瞳,中高鼻根,宽骨鼻梁,小圆鼻头,弓形唇,嘴角紧收,唇下小痣,鹅蛋偏方（下庭加重），内侧突出眉骨/眼下骨感，瑞凤眼·眼尾平直·宽眼距，中高鼻根/宽骨鼻梁/小圆鼻头，弓形唇·嘴角紧收，收敛下颌
FD04969,长菱形,下颌线柔化,宽额,压迫感眉骨,中度眼窝,低颧骨,饱满面颊,收敛下颌,疲惫眼,眼尾延展,窄眼距,淡金瞳,中鼻根,轻微偏右鼻梁,轻翘鼻头,薄唇,嘴角平直,唇下小痣,长菱形（下颌线柔化），压迫感眉骨/中度眼窝，疲惫眼·眼尾延展·窄眼距，中鼻根/轻微偏右鼻梁/轻翘鼻头，薄唇·嘴角平直，收敛下颌
FD04970,柔和方脸,颊部饱满,平直额,低眉骨,浅眼窝,外扩颧骨,轻凹面颊,方下颌,半睁懒眼,眼尾下沉,窄眼距,浅褐瞳,宽鼻根,微弧鼻梁,窄翼鼻头,成熟长唇,单侧上扬,右眉轻断,柔和方脸（颊部饱满），低眉骨/浅眼窝，半睁懒眼·眼尾下沉·窄眼距，宽鼻根/微弧鼻梁/窄翼鼻头，成熟长唇·单侧上扬，方下颌
FD04971,短圆脸,中轴微长,平直额,厚眉骨,中度眼窝,高颧骨,轻凹面颊,骨感下颌,平直杏眼,眼尾明显挑,宽眼距,浅褐瞳,宽鼻根,宽骨鼻梁,下压鼻头,宽嘴,单侧上扬,碎裂虹膜,短圆脸（中轴微长），厚眉骨/中度眼窝，平直杏眼·眼尾明显挑·宽眼距，宽鼻根/宽骨鼻梁/下压鼻头，宽嘴·单侧上扬，骨感下颌
FD04972,方菱过渡脸,下庭加重,骨感额,低眉骨,眼下饱满,外扩颧骨,幼态柔软面颊,宽下颌,短杏眼,眼尾微挑,宽眼距,深色瞳,中高鼻根,轻微偏右鼻梁,方圆鼻头,上厚下薄,嘴角下垂,左颊浅疤,方菱过渡脸（下庭加重），低眉骨/眼下饱满，短杏眼·眼尾微挑·宽眼距，中高鼻根/轻微偏右鼻梁/方圆鼻头，上厚下薄·嘴角下垂，宽下颌
FD04973,宽心形脸,颊部略凹,微凸额,高眉骨,眼下饱满,窄颧骨,成熟收紧面颊,宽下颌,平凤眼,眼尾延展,标准眼距,环状虹膜,宽鼻根,轻微偏右鼻梁,肉感鼻头,厚唇,嘴角紧收,异色瞳,宽心形脸（颊部略凹），高眉骨/眼下饱满，平凤眼·眼尾延展·标准眼距，宽鼻根/轻微偏右鼻梁/肉感鼻头，厚唇·嘴角紧收，宽下颌
FD04974,成熟方脸,颈部线条延长,宽额,压迫感眉骨,深眼窝,高颧骨,成熟收紧面颊,圆方下颌,成熟长眼,眼尾微挑,标准眼距,异色瞳,低鼻根,中直鼻梁,骨感鼻头,宽嘴,嘴角平直,指节薄茧,成熟方脸（颈部线条延长），压迫感眉骨/深眼窝，成熟长眼·眼尾微挑·标准眼距，低鼻根/中直鼻梁/骨感鼻头，宽嘴·嘴角平直，圆方下颌
FD04975,长菱形,偏柔圆润,窄额,外侧突出眉骨,浅眼窝,外扩颧骨,薄面颊,圆方下颌,半睁懒眼,眼尾微挑,宽眼距,墨玉瞳,窄鼻根,轻微偏左鼻梁,肉感鼻头,平直唇,嘴角下垂,眼角小痣,长菱形（偏柔圆润），外侧突出眉骨/浅眼窝，半睁懒眼·眼尾微挑·宽眼距，窄鼻根/轻微偏左鼻梁/肉感鼻头，平直唇·嘴角下垂，圆方下颌
FD04976,心形脸,面中立体化,饱满额,压迫感眉骨,眼下饱满,柔和颧骨,成熟收紧面颊,圆方下颌,半睁懒眼,眼尾微挑,窄眼距,异色瞳,低鼻根,宽骨鼻梁,轻翘鼻头,上厚下薄,嘴角平直,右眉轻断,心形脸（面中立体化），压迫感眉骨/眼下饱满，半睁懒眼·眼尾微挑·窄眼距，低鼻根/宽骨鼻梁/轻翘鼻头，上厚下薄·嘴角平直，圆方下颌
FD04977,上窄下宽脸,下庭收窄,低额,高眉骨,宽浅眼窝,高颧骨,轻凹面颊,骨感下颌,冷感眼,眼尾下压,窄眼距,灰蓝瞳,中高鼻根,柔和鼻梁,小圆鼻头,成熟长唇,嘴角紧收,单侧虎牙,上窄下宽脸（下庭收窄），高眉骨/宽浅眼窝，冷感眼·眼尾下压·窄眼距，中高鼻根/柔和鼻梁/小圆鼻头，成熟长唇·嘴角紧收，骨感下颌
FD04978,骨感窄脸,颌角弱化,高额,柔和眉骨,眼下骨感,低颧骨,饱满面颊,圆方下颌,蛇系眼,眼尾下沉,窄眼距,星点虹膜,中高鼻根,微弧鼻梁,微钝鼻头,厚唇,嘴角紧收,左颊浅疤,骨感窄脸（颌角弱化），柔和眉骨/眼下骨感，蛇系眼·眼尾下沉·窄眼距，中高鼻根/微弧鼻梁/微钝鼻头，厚唇·嘴角紧收，圆方下颌
FD04979,短方脸,颌角弱化,饱满额,柔和眉骨,中度眼窝,窄颧骨,薄面颊,骨感下颌,瑞凤眼,眼尾下沉,标准眼距,淡金瞳,中高鼻根,宽骨鼻梁,肉感鼻头,薄唇,单侧上扬,下颌浅疤,短方脸（颌角弱化），柔和眉骨/中度眼窝，瑞凤眼·眼尾下沉·标准眼距，中高鼻根/宽骨鼻梁/肉感鼻头，薄唇·单侧上扬，骨感下颌
FD04980,清瘦圆脸,颧部微收,低额,低眉骨,宽浅眼窝,外扩颧骨,轻凹面颊,骨感下颌,丹凤眼,眼尾延展,宽眼距,碎裂虹膜,窄鼻根,轻鹰钩鼻梁,方圆鼻头,宽嘴,嘴角平直,颈侧细疤,清瘦圆脸（颧部微收），低眉骨/宽浅眼窝，丹凤眼·眼尾延展·宽眼距，窄鼻根/轻鹰钩鼻梁/方圆鼻头，宽嘴·嘴角平直，骨感下颌
FD04981,长圆脸,颈部线条延长,饱满额,外侧突出眉骨,中度眼窝,低颧骨,饱满面颊,圆方下颌,半睁懒眼,眼尾微挑,窄眼距,环状虹膜,高鼻根,微弧鼻梁,小圆鼻头,上薄下厚,嘴角平直,额角旧痕,长圆脸（颈部线条延长），外侧突出眉骨/中度眼窝，半睁懒眼·眼尾微挑·窄眼距，高鼻根/微弧鼻梁/小圆鼻头，上薄下厚·嘴角平直，圆方下颌
FD04982,下颌突出脸,下颌线柔化,平直额,薄眉骨,宽浅眼窝,宽颧骨,薄面颊,圆方下颌,上扬凤眼,眼尾明显挑,宽眼距,淡金瞳,高鼻根,中直鼻梁,骨感鼻头,平直唇,单侧上扬,眉上小疤,下颌突出脸（下颌线柔化），薄眉骨/宽浅眼窝，上扬凤眼·眼尾明显挑·宽眼距，高鼻根/中直鼻梁/骨感鼻头，平直唇·单侧上扬，圆方下颌
FD04983,宽鹅蛋脸,颌角弱化,饱满额,厚眉骨,浅眼窝,外扩颧骨,饱满面颊,圆方下颌,柳叶眼,眼尾下沉,宽眼距,琥珀瞳,高鼻根,中直鼻梁,骨感鼻头,成熟长唇,嘴角平直,耳后小痣,宽鹅蛋脸（颌角弱化），厚眉骨/浅眼窝，柳叶眼·眼尾下沉·宽眼距，高鼻根/中直鼻梁/骨感鼻头，成熟长唇·嘴角平直，圆方下颌
FD04984,方菱过渡脸,颊部饱满,饱满额,柔和眉骨,窄深眼窝,宽颧骨,幼态柔软面颊,明显下颌角,少年圆眼,眼尾平直,标准眼距,环状虹膜,中高鼻根,轻鹰钩鼻梁,轻翘鼻头,小嘴,单侧上扬,异色瞳,方菱过渡脸（颊部饱满），柔和眉骨/窄深眼窝，少年圆眼·眼尾平直·标准眼距，中高鼻根/轻鹰钩鼻梁/轻翘鼻头，小嘴·单侧上扬，明显下颌角
FD04985,方菱过渡脸,面中立体化,低额,低眉骨,眼下饱满,柔和颧骨,幼态柔软面颊,骨感下颌,窄杏眼,眼尾明显挑,标准眼距,异色瞳,宽鼻根,轻微偏左鼻梁,轻翘鼻头,厚唇,嘴角下垂,双侧酒窝,方菱过渡脸（面中立体化），低眉骨/眼下饱满，窄杏眼·眼尾明显挑·标准眼距，宽鼻根/轻微偏左鼻梁/轻翘鼻头，厚唇·嘴角下垂，骨感下颌
FD04986,下颌突出脸,下颌线柔化,宽额,薄眉骨,深眼窝,外扩颧骨,成熟收紧面颊,明显下颌角,鹰隼眼,眼尾微挑,标准眼距,碎裂虹膜,中高鼻根,中直鼻梁,肉感鼻头,弓形唇,单侧上扬,眼睑褶皱不对称,下颌突出脸（下颌线柔化），薄眉骨/深眼窝，鹰隼眼·眼尾微挑·标准眼距，中高鼻根/中直鼻梁/肉感鼻头，弓形唇·单侧上扬，明显下颌角
FD04987,短圆脸,颊部略凹,骨感额,高眉骨,眼下骨感,窄颧骨,饱满面颊,窄下颌,狐狸系眼,眼尾下沉,窄眼距,淡金瞳,宽鼻根,轻鹰钩鼻梁,小圆鼻头,厚唇,嘴角紧收,眉上小疤,短圆脸（颊部略凹），高眉骨/眼下骨感，狐狸系眼·眼尾下沉·窄眼距，宽鼻根/轻鹰钩鼻梁/小圆鼻头，厚唇·嘴角紧收，窄下颌
FD04988,颧部展开脸,颧部外扩,窄额,低眉骨,眼下骨感,低颧骨,轻凹面颊,收敛下颌,冷感眼,眼尾下压,标准眼距,碎裂虹膜,中鼻根,轻鹰钩鼻梁,下压鼻头,平直唇,嘴角平直,唇下小痣,颧部展开脸（颧部外扩），低眉骨/眼下骨感，冷感眼·眼尾下压·标准眼距，中鼻根/轻鹰钩鼻梁/下压鼻头，平直唇·嘴角平直，收敛下颌
FD04989,骨感菱形,偏锐收窄,微凸额,厚眉骨,眼下饱满,窄颧骨,幼态柔软面颊,明显下颌角,短圆杏眼,眼尾明显挑,宽眼距,琥珀瞳,高鼻根,中直鼻梁,肉感鼻头,弓形唇,单侧上扬,右眼下浅泪痣,骨感菱形（偏锐收窄），厚眉骨/眼下饱满，短圆杏眼·眼尾明显挑·宽眼距，高鼻根/中直鼻梁/肉感鼻头，弓形唇·单侧上扬，明显下颌角
FD04990,梨形脸,颈部线条收短,低额,内侧突出眉骨,中度眼窝,高颧骨,成熟收紧面颊,宽下颌,短圆杏眼,眼尾下沉,窄眼距,墨玉瞳,低鼻根,轻微偏右鼻梁,下压鼻头,弓形唇,单侧上扬,鼻梁旧伤,梨形脸（颈部线条收短），内侧突出眉骨/中度眼窝，短圆杏眼·眼尾下沉·窄眼距，低鼻根/轻微偏右鼻梁/下压鼻头，弓形唇·单侧上扬，宽下颌
FD04991,颧部展开脸,下颌线柔化,窄额,高眉骨,眼下饱满,窄颧骨,薄面颊,明显下颌角,圆长眼,眼尾下沉,窄眼距,淡金瞳,中鼻根,柔和鼻梁,轻翘鼻头,弓形唇,单侧上扬,双侧酒窝,颧部展开脸（下颌线柔化），高眉骨/眼下饱满，圆长眼·眼尾下沉·窄眼距，中鼻根/柔和鼻梁/轻翘鼻头，弓形唇·单侧上扬，明显下颌角
FD04992,上宽下窄脸,中庭拉长,宽额,厚眉骨,宽浅眼窝,低颧骨,饱满面颊,骨感下颌,少年圆眼,眼尾下压,宽眼距,碎裂虹膜,中高鼻根,高直鼻梁,下压鼻头,上薄下厚,单侧上扬,颈侧细疤,上宽下窄脸（中庭拉长），厚眉骨/宽浅眼窝，少年圆眼·眼尾下压·宽眼距，中高鼻根/高直鼻梁/下压鼻头，上薄下厚·单侧上扬，骨感下颌
FD04993,柔和菱形,骨点内敛,窄额,外侧突出眉骨,浅眼窝,低颧骨,成熟收紧面颊,窄下颌,蛇系眼,眼尾下沉,窄眼距,淡金瞳,中鼻根,轻微偏右鼻梁,下压鼻头,上薄下厚,嘴角下垂,双侧酒窝,柔和菱形（骨点内敛），外侧突出眉骨/浅眼窝，蛇系眼·眼尾下沉·窄眼距，中鼻根/轻微偏右鼻梁/下压鼻头，上薄下厚·嘴角下垂，窄下颌
FD04994,柔和菱形,下颌线柔化,饱满额,外侧突出眉骨,窄深眼窝,宽颧骨,饱满面颊,方下颌,长杏眼,眼尾下沉,窄眼距,碎裂虹膜,中鼻根,高直鼻梁,下压鼻头,厚唇,嘴角上扬,眼睑褶皱不对称,柔和菱形（下颌线柔化），外侧突出眉骨/窄深眼窝，长杏眼·眼尾下沉·窄眼距，中鼻根/高直鼻梁/下压鼻头，厚唇·嘴角上扬，方下颌
FD04995,长方脸,下颌线清晰化,高额,厚眉骨,中度眼窝,外扩颧骨,薄面颊,方下颌,狐狸系眼,眼尾微挑,窄眼距,异色瞳,宽鼻根,中直鼻梁,轻翘鼻头,成熟长唇,嘴角下垂,左颊浅疤,长方脸（下颌线清晰化），厚眉骨/中度眼窝，狐狸系眼·眼尾微挑·窄眼距，宽鼻根/中直鼻梁/轻翘鼻头，成熟长唇·嘴角下垂，方下颌
FD04996,骨感窄脸,下颌线柔化,微凸额,高眉骨,窄深眼窝,柔和颧骨,幼态柔软面颊,骨感下颌,少年圆眼,眼尾下压,标准眼距,墨玉瞳,中高鼻根,宽骨鼻梁,方圆鼻头,平直唇,嘴角下垂,左颊浅疤,骨感窄脸（下颌线柔化），高眉骨/窄深眼窝，少年圆眼·眼尾下压·标准眼距，中高鼻根/宽骨鼻梁/方圆鼻头，平直唇·嘴角下垂，骨感下颌
FD04997,宽心形脸,骨点内敛,平直额,压迫感眉骨,眼下饱满,外扩颧骨,幼态柔软面颊,柔和下颌,鹰隼眼,眼尾平直,标准眼距,深色瞳,宽鼻根,中直鼻梁,肉感鼻头,宽嘴,嘴角下垂,眉尾旧疤,宽心形脸（骨点内敛），压迫感眉骨/眼下饱满，鹰隼眼·眼尾平直·标准眼距，宽鼻根/中直鼻梁/肉感鼻头，宽嘴·嘴角下垂，柔和下颌
FD04998,倒梯形脸,下庭加重,饱满额,低眉骨,中度眼窝,高颧骨,幼态柔软面颊,收敛下颌,长杏眼,眼尾延展,标准眼距,异色瞳,中高鼻根,轻微偏左鼻梁,骨感鼻头,宽嘴,嘴角上扬,左眼下浅泪痣,倒梯形脸（下庭加重），低眉骨/中度眼窝，长杏眼·眼尾延展·标准眼距，中高鼻根/轻微偏左鼻梁/骨感鼻头，宽嘴·嘴角上扬，收敛下颌
FD04999,上窄下宽脸,上庭展开,骨感额,低眉骨,眼下饱满,柔和颧骨,成熟收紧面颊,宽下颌,圆长眼,眼尾下压,窄眼距,异色瞳,中鼻根,轻微偏左鼻梁,方圆鼻头,薄唇,单侧上扬,右眼下浅泪痣,上窄下宽脸（上庭展开），低眉骨/眼下饱满，圆长眼·眼尾下压·窄眼距，中鼻根/轻微偏左鼻梁/方圆鼻头，薄唇·单侧上扬，宽下颌
FD05000,鹅蛋偏菱,下庭加重,微凸额,低眉骨,窄深眼窝,宽颧骨,成熟收紧面颊,宽下颌,柳叶眼,眼尾微挑,标准眼距,深色瞳,高鼻根,轻微偏右鼻梁,窄翼鼻头,薄唇,嘴角平直,无标志,鹅蛋偏菱（下庭加重），低眉骨/窄深眼窝，柳叶眼·眼尾微挑·标准眼距，高鼻根/轻微偏右鼻梁/窄翼鼻头，薄唇·嘴角平直，宽下颌
FD05001,鹅蛋偏方,骨点内敛,高额,内侧突出眉骨,浅眼窝,宽颧骨,饱满面颊,窄下颌,少年圆眼,眼尾延展,窄眼距,墨玉瞳,宽鼻根,微弧鼻梁,骨感鼻头,平直唇,嘴角上扬,唇下小痣,鹅蛋偏方（骨点内敛），内侧突出眉骨/浅眼窝，少年圆眼·眼尾延展·窄眼距，宽鼻根/微弧鼻梁/骨感鼻头，平直唇·嘴角上扬，窄下颌
FD05002,正梯形脸,下颌线清晰化,宽额,内侧突出眉骨,深眼窝,宽颧骨,成熟收紧面颊,明显下颌角,狭长眼,眼尾延展,标准眼距,淡金瞳,高鼻根,宽骨鼻梁,窄翼鼻头,平直唇,嘴角上扬,右眉轻断,正梯形脸（下颌线清晰化），内侧突出眉骨/深眼窝，狭长眼·眼尾延展·标准眼距，高鼻根/宽骨鼻梁/窄翼鼻头，平直唇·嘴角上扬，明显下颌角
FD05003,圆脸,骨点内敛,饱满额,低眉骨,眼下骨感,低颧骨,幼态柔软面颊,圆方下颌,鹰隼眼,眼尾下沉,标准眼距,墨玉瞳,高鼻根,宽骨鼻梁,肉感鼻头,弓形唇,嘴角紧收,眉心竖纹浅痕,圆脸（骨点内敛），低眉骨/眼下骨感，鹰隼眼·眼尾下沉·标准眼距，高鼻根/宽骨鼻梁/肉感鼻头，弓形唇·嘴角紧收，圆方下颌
FD05004,倒梯形脸,下庭加重,宽额,外侧突出眉骨,浅眼窝,外扩颧骨,饱满面颊,柔和下颌,短圆杏眼,眼尾微挑,标准眼距,异色瞳,中鼻根,宽骨鼻梁,骨感鼻头,薄唇,单侧上扬,无标志,倒梯形脸（下庭加重），外侧突出眉骨/浅眼窝，短圆杏眼·眼尾微挑·标准眼距，中鼻根/宽骨鼻梁/骨感鼻头，薄唇·单侧上扬，柔和下颌
FD05005,幼态方脸,颧部微收,骨感额,薄眉骨,窄深眼窝,外扩颧骨,轻凹面颊,骨感下颌,狼系眼,眼尾明显挑,窄眼距,淡金瞳,窄鼻根,柔和鼻梁,微钝鼻头,弓形唇,嘴角平直,眼睑褶皱不对称,幼态方脸（颧部微收），薄眉骨/窄深眼窝，狼系眼·眼尾明显挑·窄眼距，窄鼻根/柔和鼻梁/微钝鼻头，弓形唇·嘴角平直，骨感下颌
FD05006,成熟方脸,颈部线条收短,微凸额,高眉骨,浅眼窝,高颧骨,饱满面颊,收敛下颌,狭长瑞凤眼,眼尾明显挑,窄眼距,深色瞳,高鼻根,轻鹰钩鼻梁,骨感鼻头,厚唇,单侧上扬,眉上小疤,成熟方脸（颈部线条收短），高眉骨/浅眼窝，狭长瑞凤眼·眼尾明显挑·窄眼距，高鼻根/轻鹰钩鼻梁/骨感鼻头，厚唇·单侧上扬，收敛下颌
FD05007,宽心形脸,中庭拉长,低额,薄眉骨,宽浅眼窝,宽颧骨,轻凹面颊,骨感下颌,鹰隼眼,眼尾微挑,标准眼距,浅褐瞳,窄鼻根,微弧鼻梁,窄翼鼻头,小嘴,嘴角上扬,右眼下浅泪痣,宽心形脸（中庭拉长），薄眉骨/宽浅眼窝，鹰隼眼·眼尾微挑·标准眼距，窄鼻根/微弧鼻梁/窄翼鼻头，小嘴·嘴角上扬，骨感下颌
FD05008,上宽下窄脸,中轴收紧,高额,厚眉骨,眼下骨感,柔和颧骨,饱满面颊,宽下颌,桃花眼,眼尾下沉,宽眼距,浅褐瞳,中鼻根,高直鼻梁,肉感鼻头,小嘴,嘴角上扬,眉上小疤,上宽下窄脸（中轴收紧），厚眉骨/眼下骨感，桃花眼·眼尾下沉·宽眼距，中鼻根/高直鼻梁/肉感鼻头，小嘴·嘴角上扬，宽下颌
FD05009,窄方脸,骨点外显,微凸额,厚眉骨,中度眼窝,高颧骨,成熟收紧面颊,宽下颌,下垂眼,眼尾明显挑,标准眼距,墨玉瞳,宽鼻根,中直鼻梁,骨感鼻头,薄唇,嘴角紧收,眼睑褶皱不对称,窄方脸（骨点外显），厚眉骨/中度眼窝，下垂眼·眼尾明显挑·标准眼距，宽鼻根/中直鼻梁/骨感鼻头，薄唇·嘴角紧收，宽下颌
FD05010,正梯形脸,骨点外显,饱满额,压迫感眉骨,浅眼窝,高颧骨,成熟收紧面颊,窄下颌,窄杏眼,眼尾明显挑,窄眼距,环状虹膜,低鼻根,轻微偏右鼻梁,窄翼鼻头,厚唇,嘴角紧收,下颌浅疤,正梯形脸（骨点外显），压迫感眉骨/浅眼窝，窄杏眼·眼尾明显挑·窄眼距，低鼻根/轻微偏右鼻梁/窄翼鼻头，厚唇·嘴角紧收，窄下颌
FD05011,标准菱形,下颌线柔化,宽额,压迫感眉骨,深眼窝,窄颧骨,薄面颊,宽下颌,疲惫眼,眼尾下沉,标准眼距,异色瞳,窄鼻根,高直鼻梁,肉感鼻头,宽嘴,单侧上扬,左颊浅疤,标准菱形（下颌线柔化），压迫感眉骨/深眼窝，疲惫眼·眼尾下沉·标准眼距，窄鼻根/高直鼻梁/肉感鼻头，宽嘴·单侧上扬，宽下颌
FD05012,短鹅蛋脸,下庭收窄,宽额,厚眉骨,浅眼窝,高颧骨,薄面颊,窄下颌,窄杏眼,眼尾下沉,标准眼距,浅褐瞳,中鼻根,轻鹰钩鼻梁,骨感鼻头,成熟长唇,嘴角上扬,眼睑褶皱不对称,短鹅蛋脸（下庭收窄），厚眉骨/浅眼窝，窄杏眼·眼尾下沉·标准眼距，中鼻根/轻鹰钩鼻梁/骨感鼻头，成熟长唇·嘴角上扬，窄下颌
FD05013,鹅蛋偏菱,下颌线柔化,宽额,厚眉骨,中度眼窝,窄颧骨,饱满面颊,明显下颌角,圆长眼,眼尾平直,标准眼距,浅褐瞳,高鼻根,微弧鼻梁,轻翘鼻头,小嘴,嘴角平直,眉心竖纹浅痕,鹅蛋偏菱（下颌线柔化），厚眉骨/中度眼窝，圆长眼·眼尾平直·标准眼距，高鼻根/微弧鼻梁/轻翘鼻头，小嘴·嘴角平直，明显下颌角
FD05014,鹅蛋偏方,颌角强调,宽额,薄眉骨,眼下饱满,低颧骨,饱满面颊,圆方下颌,半睁懒眼,眼尾延展,宽眼距,环状虹膜,中鼻根,轻微偏右鼻梁,下压鼻头,上薄下厚,嘴角上扬,颈侧细疤,鹅蛋偏方（颌角强调），薄眉骨/眼下饱满，半睁懒眼·眼尾延展·宽眼距，中鼻根/轻微偏右鼻梁/下压鼻头，上薄下厚·嘴角上扬，圆方下颌
FD05015,鹅蛋偏菱,中庭拉长,饱满额,薄眉骨,浅眼窝,外扩颧骨,幼态柔软面颊,柔和下颌,下垂眼,眼尾平直,标准眼距,异色瞳,中鼻根,轻微偏右鼻梁,骨感鼻头,上厚下薄,嘴角上扬,无标志,鹅蛋偏菱（中庭拉长），薄眉骨/浅眼窝，下垂眼·眼尾平直·标准眼距，中鼻根/轻微偏右鼻梁/骨感鼻头，上厚下薄·嘴角上扬，柔和下颌
FD05016,幼态方脸,偏柔圆润,微凸额,外侧突出眉骨,宽浅眼窝,外扩颧骨,幼态柔软面颊,方下颌,成熟长眼,眼尾平直,窄眼距,异色瞳,低鼻根,高直鼻梁,小圆鼻头,上薄下厚,嘴角平直,耳后小痣,幼态方脸（偏柔圆润），外侧突出眉骨/宽浅眼窝，成熟长眼·眼尾平直·窄眼距，低鼻根/高直鼻梁/小圆鼻头，上薄下厚·嘴角平直，方下颌
FD05017,标准菱形,中轴微长,微凸额,高眉骨,浅眼窝,低颧骨,薄面颊,收敛下颌,鹿系眼,眼尾延展,标准眼距,碎裂虹膜,中高鼻根,轻微偏左鼻梁,微钝鼻头,薄唇,单侧上扬,颈侧细疤,标准菱形（中轴微长），高眉骨/浅眼窝，鹿系眼·眼尾延展·标准眼距，中高鼻根/轻微偏左鼻梁/微钝鼻头，薄唇·单侧上扬，收敛下颌
FD05018,成熟方脸,中庭展宽,骨感额,外侧突出眉骨,中度眼窝,柔和颧骨,幼态柔软面颊,方下颌,狭长瑞凤眼,眼尾下沉,标准眼距,星点虹膜,低鼻根,微弧鼻梁,小圆鼻头,弓形唇,嘴角下垂,眼睑褶皱不对称,成熟方脸（中庭展宽），外侧突出眉骨/中度眼窝，狭长瑞凤眼·眼尾下沉·标准眼距，低鼻根/微弧鼻梁/小圆鼻头，弓形唇·嘴角下垂，方下颌
FD05019,窄鹅蛋脸,下颌线柔化,宽额,压迫感眉骨,宽浅眼窝,窄颧骨,幼态柔软面颊,圆方下颌,短圆杏眼,眼尾平直,窄眼距,灰蓝瞳,窄鼻根,轻微偏左鼻梁,方圆鼻头,上厚下薄,嘴角上扬,眼角小痣,窄鹅蛋脸（下颌线柔化），压迫感眉骨/宽浅眼窝，短圆杏眼·眼尾平直·窄眼距，窄鼻根/轻微偏左鼻梁/方圆鼻头，上厚下薄·嘴角上扬，圆方下颌
FD05020,鹅蛋偏菱,颊部略凹,宽额,厚眉骨,宽浅眼窝,窄颧骨,薄面颊,收敛下颌,狭长眼,眼尾下沉,宽眼距,墨玉瞳,窄鼻根,微弧鼻梁,骨感鼻头,上厚下薄,嘴角下垂,唇下小痣,鹅蛋偏菱（颊部略凹），厚眉骨/宽浅眼窝，狭长眼·眼尾下沉·宽眼距，窄鼻根/微弧鼻梁/骨感鼻头，上厚下薄·嘴角下垂，收敛下颌
FD05021,双颌匀称脸,颧部外扩,低额,高眉骨,眼下饱满,窄颧骨,幼态柔软面颊,骨感下颌,短圆杏眼,眼尾微挑,标准眼距,墨玉瞳,高鼻根,高直鼻梁,窄翼鼻头,小嘴,嘴角下垂,碎裂虹膜,双颌匀称脸（颧部外扩），高眉骨/眼下饱满，短圆杏眼·眼尾微挑·标准眼距，高鼻根/高直鼻梁/窄翼鼻头，小嘴·嘴角下垂，骨感下颌
FD05022,鹅蛋偏方,颧部微收,微凸额,低眉骨,深眼窝,低颧骨,薄面颊,收敛下颌,鹿系眼,眼尾微挑,宽眼距,星点虹膜,低鼻根,轻鹰钩鼻梁,方圆鼻头,成熟长唇,嘴角上扬,眼睑褶皱不对称,鹅蛋偏方（颧部微收），低眉骨/深眼窝，鹿系眼·眼尾微挑·宽眼距，低鼻根/轻鹰钩鼻梁/方圆鼻头，成熟长唇·嘴角上扬，收敛下颌
FD05023,清瘦圆脸,中轴收紧,宽额,厚眉骨,窄深眼窝,宽颧骨,薄面颊,骨感下颌,狭长瑞凤眼,眼尾平直,窄眼距,深色瞳,高鼻根,轻微偏右鼻梁,骨感鼻头,小嘴,嘴角平直,双侧酒窝,清瘦圆脸（中轴收紧），厚眉骨/窄深眼窝，狭长瑞凤眼·眼尾平直·窄眼距，高鼻根/轻微偏右鼻梁/骨感鼻头，小嘴·嘴角平直，骨感下颌
FD05024,短圆脸,颧部微收,饱满额,薄眉骨,宽浅眼窝,窄颧骨,成熟收紧面颊,圆方下颌,狼系眼,眼尾延展,宽眼距,墨玉瞳,低鼻根,轻微偏右鼻梁,微钝鼻头,上薄下厚,嘴角下垂,颈侧细疤,短圆脸（颧部微收），薄眉骨/宽浅眼窝，狼系眼·眼尾延展·宽眼距，低鼻根/轻微偏右鼻梁/微钝鼻头，上薄下厚·嘴角下垂，圆方下颌
FD05025,宽方脸,中轴收紧,饱满额,高眉骨,深眼窝,宽颧骨,饱满面颊,收敛下颌,窄杏眼,眼尾下沉,宽眼距,深色瞳,低鼻根,轻微偏右鼻梁,轻翘鼻头,成熟长唇,嘴角下垂,左眼下浅泪痣,宽方脸（中轴收紧），高眉骨/深眼窝，窄杏眼·眼尾下沉·宽眼距，低鼻根/轻微偏右鼻梁/轻翘鼻头，成熟长唇·嘴角下垂，收敛下颌
FD05026,长菱形,下庭收窄,宽额,薄眉骨,中度眼窝,高颧骨,薄面颊,方下颌,瑞凤眼,眼尾下沉,窄眼距,淡金瞳,中高鼻根,轻微偏左鼻梁,窄翼鼻头,平直唇,单侧上扬,眉上小疤,长菱形（下庭收窄），薄眉骨/中度眼窝，瑞凤眼·眼尾下沉·窄眼距，中高鼻根/轻微偏左鼻梁/窄翼鼻头，平直唇·单侧上扬，方下颌
FD05027,长圆脸,骨点外显,低额,低眉骨,宽浅眼窝,高颧骨,饱满面颊,圆方下颌,狭长眼,眼尾下沉,标准眼距,碎裂虹膜,中鼻根,轻微偏右鼻梁,窄翼鼻头,成熟长唇,嘴角下垂,右眼下浅泪痣,长圆脸（骨点外显），低眉骨/宽浅眼窝，狭长眼·眼尾下沉·标准眼距，中鼻根/轻微偏右鼻梁/窄翼鼻头，成熟长唇·嘴角下垂，圆方下颌
FD05028,上宽下窄脸,中庭展宽,饱满额,内侧突出眉骨,窄深眼窝,低颧骨,饱满面颊,窄下颌,鹰隼眼,眼尾延展,窄眼距,环状虹膜,窄鼻根,柔和鼻梁,方圆鼻头,薄唇,嘴角下垂,无标志,上宽下窄脸（中庭展宽），内侧突出眉骨/窄深眼窝，鹰隼眼·眼尾延展·窄眼距，窄鼻根/柔和鼻梁/方圆鼻头，薄唇·嘴角下垂，窄下颌
FD05029,下颌突出脸,颈部线条收短,宽额,薄眉骨,宽浅眼窝,外扩颧骨,成熟收紧面颊,柔和下颌,疲惫眼,眼尾下压,宽眼距,浅褐瞳,高鼻根,轻微偏右鼻梁,下压鼻头,宽嘴,单侧上扬,唇下小痣,下颌突出脸（颈部线条收短），薄眉骨/宽浅眼窝，疲惫眼·眼尾下压·宽眼距，高鼻根/轻微偏右鼻梁/下压鼻头，宽嘴·单侧上扬，柔和下颌
FD05030,心形脸,中轴收紧,窄额,薄眉骨,浅眼窝,窄颧骨,成熟收紧面颊,骨感下颌,长杏眼,眼尾延展,标准眼距,浅褐瞳,窄鼻根,高直鼻梁,肉感鼻头,上厚下薄,单侧上扬,无标志,心形脸（中轴收紧），薄眉骨/浅眼窝，长杏眼·眼尾延展·标准眼距，窄鼻根/高直鼻梁/肉感鼻头，上厚下薄·单侧上扬，骨感下颌
FD05031,圆脸,颧部外扩,高额,柔和眉骨,浅眼窝,外扩颧骨,轻凹面颊,收敛下颌,下垂眼,眼尾下压,标准眼距,碎裂虹膜,低鼻根,轻微偏右鼻梁,下压鼻头,弓形唇,单侧上扬,颈侧细疤,圆脸（颧部外扩），柔和眉骨/浅眼窝，下垂眼·眼尾下压·标准眼距，低鼻根/轻微偏右鼻梁/下压鼻头，弓形唇·单侧上扬，收敛下颌
FD05032,骨感方脸,下颌线清晰化,低额,低眉骨,浅眼窝,窄颧骨,饱满面颊,明显下颌角,鹿系眼,眼尾微挑,宽眼距,淡金瞳,中高鼻根,轻微偏左鼻梁,骨感鼻头,平直唇,嘴角下垂,眉心竖纹浅痕,骨感方脸（下颌线清晰化），低眉骨/浅眼窝，鹿系眼·眼尾微挑·宽眼距，中高鼻根/轻微偏左鼻梁/骨感鼻头，平直唇·嘴角下垂，明显下颌角
FD05033,上宽下窄脸,颈部线条延长,饱满额,厚眉骨,深眼窝,高颧骨,幼态柔软面颊,窄下颌,短杏眼,眼尾平直,宽眼距,环状虹膜,中高鼻根,轻鹰钩鼻梁,方圆鼻头,厚唇,嘴角紧收,双侧酒窝,上宽下窄脸（颈部线条延长），厚眉骨/深眼窝，短杏眼·眼尾平直·宽眼距，中高鼻根/轻鹰钩鼻梁/方圆鼻头，厚唇·嘴角紧收，窄下颌
FD05034,骨感窄脸,中庭展宽,高额,柔和眉骨,宽浅眼窝,柔和颧骨,薄面颊,柔和下颌,少年圆眼,眼尾下压,窄眼距,墨玉瞳,窄鼻根,轻微偏右鼻梁,窄翼鼻头,平直唇,单侧上扬,眉上小疤,骨感窄脸（中庭展宽），柔和眉骨/宽浅眼窝，少年圆眼·眼尾下压·窄眼距，窄鼻根/轻微偏右鼻梁/窄翼鼻头，平直唇·单侧上扬，柔和下颌
FD05035,肉感短脸,骨点内敛,微凸额,外侧突出眉骨,眼下饱满,柔和颧骨,幼态柔软面颊,宽下颌,半睁懒眼,眼尾微挑,宽眼距,淡金瞳,低鼻根,轻鹰钩鼻梁,肉感鼻头,薄唇,嘴角上扬,眉尾旧疤,肉感短脸（骨点内敛），外侧突出眉骨/眼下饱满，半睁懒眼·眼尾微挑·宽眼距，低鼻根/轻鹰钩鼻梁/肉感鼻头，薄唇·嘴角上扬，宽下颌
FD05036,宽心形脸,颧部外扩,微凸额,低眉骨,浅眼窝,低颧骨,饱满面颊,圆方下颌,瑞凤眼,眼尾平直,宽眼距,异色瞳,窄鼻根,微弧鼻梁,小圆鼻头,薄唇,嘴角上扬,无标志,宽心形脸（颧部外扩），低眉骨/浅眼窝，瑞凤眼·眼尾平直·宽眼距，窄鼻根/微弧鼻梁/小圆鼻头，薄唇·嘴角上扬，圆方下颌
FD05037,正梯形脸,颈部线条延长,低额,内侧突出眉骨,眼下饱满,宽颧骨,薄面颊,骨感下颌,窄杏眼,眼尾下压,标准眼距,浅褐瞳,宽鼻根,轻微偏右鼻梁,骨感鼻头,弓形唇,嘴角平直,眉尾旧疤,正梯形脸（颈部线条延长），内侧突出眉骨/眼下饱满，窄杏眼·眼尾下压·标准眼距，宽鼻根/轻微偏右鼻梁/骨感鼻头，弓形唇·嘴角平直，骨感下颌
FD05038,窄鹅蛋脸,下庭收窄,低额,低眉骨,宽浅眼窝,外扩颧骨,幼态柔软面颊,窄下颌,少年圆眼,眼尾延展,标准眼距,淡金瞳,宽鼻根,高直鼻梁,窄翼鼻头,小嘴,嘴角平直,瞳孔残缺,窄鹅蛋脸（下庭收窄），低眉骨/宽浅眼窝，少年圆眼·眼尾延展·标准眼距，宽鼻根/高直鼻梁/窄翼鼻头，小嘴·嘴角平直，窄下颌
FD05039,长圆脸,颊部饱满,平直额,薄眉骨,深眼窝,宽颧骨,轻凹面颊,骨感下颌,疲惫眼,眼尾延展,宽眼距,淡金瞳,高鼻根,高直鼻梁,窄翼鼻头,小嘴,嘴角紧收,唇下小痣,长圆脸（颊部饱满），薄眉骨/深眼窝，疲惫眼·眼尾延展·宽眼距，高鼻根/高直鼻梁/窄翼鼻头，小嘴·嘴角紧收，骨感下颌
FD05040,正梯形脸,颧部微收,平直额,内侧突出眉骨,浅眼窝,宽颧骨,薄面颊,宽下颌,短圆杏眼,眼尾下压,标准眼距,浅褐瞳,低鼻根,柔和鼻梁,窄翼鼻头,成熟长唇,嘴角下垂,无标志,正梯形脸（颧部微收），内侧突出眉骨/浅眼窝，短圆杏眼·眼尾下压·标准眼距，低鼻根/柔和鼻梁/窄翼鼻头，成熟长唇·嘴角下垂，宽下颌
FD05041,柔和菱形,中轴收紧,窄额,内侧突出眉骨,窄深眼窝,柔和颧骨,饱满面颊,收敛下颌,成熟长眼,眼尾延展,窄眼距,淡金瞳,高鼻根,高直鼻梁,窄翼鼻头,上厚下薄,嘴角平直,眼角小痣,柔和菱形（中轴收紧），内侧突出眉骨/窄深眼窝，成熟长眼·眼尾延展·窄眼距，高鼻根/高直鼻梁/窄翼鼻头，上厚下薄·嘴角平直，收敛下颌
FD05042,柔和方脸,骨点外显,平直额,压迫感眉骨,窄深眼窝,柔和颧骨,幼态柔软面颊,收敛下颌,狭长眼,眼尾明显挑,窄眼距,深色瞳,低鼻根,宽骨鼻梁,方圆鼻头,平直唇,单侧上扬,耳后小痣,柔和方脸（骨点外显），压迫感眉骨/窄深眼窝，狭长眼·眼尾明显挑·窄眼距，低鼻根/宽骨鼻梁/方圆鼻头，平直唇·单侧上扬，收敛下颌
FD05043,宽鹅蛋脸,颈部线条收短,微凸额,厚眉骨,眼下骨感,窄颧骨,轻凹面颊,收敛下颌,短圆杏眼,眼尾微挑,窄眼距,淡金瞳,中高鼻根,高直鼻梁,肉感鼻头,宽嘴,嘴角紧收,下颌浅疤,宽鹅蛋脸（颈部线条收短），厚眉骨/眼下骨感，短圆杏眼·眼尾微挑·窄眼距，中高鼻根/高直鼻梁/肉感鼻头，宽嘴·嘴角紧收，收敛下颌
FD05044,肉感短脸,骨点内敛,微凸额,柔和眉骨,窄深眼窝,低颧骨,成熟收紧面颊,柔和下颌,丹凤眼,眼尾下沉,窄眼距,环状虹膜,高鼻根,高直鼻梁,窄翼鼻头,薄唇,嘴角平直,无标志,肉感短脸（骨点内敛），柔和眉骨/窄深眼窝，丹凤眼·眼尾下沉·窄眼距，高鼻根/高直鼻梁/窄翼鼻头，薄唇·嘴角平直，柔和下颌
FD05045,鹅蛋偏菱,上庭收窄,宽额,高眉骨,中度眼窝,高颧骨,成熟收紧面颊,方下颌,狭长眼,眼尾下沉,宽眼距,环状虹膜,高鼻根,柔和鼻梁,肉感鼻头,平直唇,嘴角紧收,双侧酒窝,鹅蛋偏菱（上庭收窄），高眉骨/中度眼窝，狭长眼·眼尾下沉·宽眼距，高鼻根/柔和鼻梁/肉感鼻头，平直唇·嘴角紧收，方下颌
FD05046,双颌匀称脸,骨点内敛,骨感额,薄眉骨,浅眼窝,柔和颧骨,饱满面颊,明显下颌角,鹿系眼,眼尾延展,宽眼距,墨玉瞳,低鼻根,宽骨鼻梁,骨感鼻头,平直唇,嘴角上扬,单侧虎牙,双颌匀称脸（骨点内敛），薄眉骨/浅眼窝，鹿系眼·眼尾延展·宽眼距，低鼻根/宽骨鼻梁/骨感鼻头，平直唇·嘴角上扬，明显下颌角
FD05047,倒三角脸,下庭加重,饱满额,厚眉骨,浅眼窝,柔和颧骨,轻凹面颊,圆方下颌,上扬凤眼,眼尾下压,宽眼距,环状虹膜,高鼻根,微弧鼻梁,窄翼鼻头,厚唇,单侧上扬,右眼下浅泪痣,倒三角脸（下庭加重），厚眉骨/浅眼窝，上扬凤眼·眼尾下压·宽眼距，高鼻根/微弧鼻梁/窄翼鼻头，厚唇·单侧上扬，圆方下颌
FD05048,柔和方脸,颧部微收,高额,外侧突出眉骨,中度眼窝,柔和颧骨,轻凹面颊,骨感下颌,狭长眼,眼尾延展,窄眼距,浅褐瞳,中鼻根,宽骨鼻梁,微钝鼻头,成熟长唇,嘴角紧收,额角旧痕,柔和方脸（颧部微收），外侧突出眉骨/中度眼窝，狭长眼·眼尾延展·窄眼距，中鼻根/宽骨鼻梁/微钝鼻头，成熟长唇·嘴角紧收，骨感下颌
FD05049,幼态方脸,颊部略凹,宽额,薄眉骨,窄深眼窝,宽颧骨,幼态柔软面颊,收敛下颌,窄杏眼,眼尾明显挑,窄眼距,琥珀瞳,低鼻根,中直鼻梁,轻翘鼻头,上薄下厚,嘴角平直,单侧酒窝,幼态方脸（颊部略凹），薄眉骨/窄深眼窝，窄杏眼·眼尾明显挑·窄眼距，低鼻根/中直鼻梁/轻翘鼻头，上薄下厚·嘴角平直，收敛下颌
FD05050,标准菱形,颊部饱满,平直额,薄眉骨,浅眼窝,低颧骨,轻凹面颊,收敛下颌,狼系眼,眼尾延展,标准眼距,墨玉瞳,窄鼻根,宽骨鼻梁,窄翼鼻头,薄唇,嘴角平直,耳后小痣,标准菱形（颊部饱满），薄眉骨/浅眼窝，狼系眼·眼尾延展·标准眼距，窄鼻根/宽骨鼻梁/窄翼鼻头，薄唇·嘴角平直，收敛下颌
FD05051,清瘦圆脸,颧部外扩,低额,薄眉骨,浅眼窝,低颧骨,轻凹面颊,柔和下颌,桃花眼,眼尾微挑,标准眼距,淡金瞳,宽鼻根,柔和鼻梁,方圆鼻头,宽嘴,嘴角平直,眉心竖纹浅痕,清瘦圆脸（颧部外扩），薄眉骨/浅眼窝，桃花眼·眼尾微挑·标准眼距，宽鼻根/柔和鼻梁/方圆鼻头，宽嘴·嘴角平直，柔和下颌
FD05052,宽鹅蛋脸,下颌线清晰化,微凸额,外侧突出眉骨,窄深眼窝,外扩颧骨,幼态柔软面颊,柔和下颌,下垂眼,眼尾平直,标准眼距,星点虹膜,高鼻根,微弧鼻梁,小圆鼻头,小嘴,嘴角平直,颈侧细疤,宽鹅蛋脸（下颌线清晰化），外侧突出眉骨/窄深眼窝，下垂眼·眼尾平直·标准眼距，高鼻根/微弧鼻梁/小圆鼻头，小嘴·嘴角平直，柔和下颌
FD05053,长鹅蛋脸,偏锐收窄,低额,低眉骨,中度眼窝,柔和颧骨,轻凹面颊,明显下颌角,狼系眼,眼尾平直,宽眼距,异色瞳,高鼻根,轻鹰钩鼻梁,轻翘鼻头,成熟长唇,嘴角平直,单侧虎牙,长鹅蛋脸（偏锐收窄），低眉骨/中度眼窝，狼系眼·眼尾平直·宽眼距，高鼻根/轻鹰钩鼻梁/轻翘鼻头，成熟长唇·嘴角平直，明显下颌角
FD05054,标准菱形,中庭拉长,高额,柔和眉骨,宽浅眼窝,高颧骨,成熟收紧面颊,柔和下颌,鹿系眼,眼尾微挑,标准眼距,墨玉瞳,宽鼻根,轻鹰钩鼻梁,小圆鼻头,小嘴,单侧上扬,左颊浅疤,标准菱形（中庭拉长），柔和眉骨/宽浅眼窝，鹿系眼·眼尾微挑·标准眼距，宽鼻根/轻鹰钩鼻梁/小圆鼻头，小嘴·单侧上扬，柔和下颌
FD05055,倒梯形脸,偏柔圆润,窄额,压迫感眉骨,浅眼窝,宽颧骨,成熟收紧面颊,宽下颌,鹿系眼,眼尾下沉,标准眼距,墨玉瞳,窄鼻根,轻微偏左鼻梁,骨感鼻头,厚唇,嘴角下垂,无标志,倒梯形脸（偏柔圆润），压迫感眉骨/浅眼窝，鹿系眼·眼尾下沉·标准眼距，窄鼻根/轻微偏左鼻梁/骨感鼻头，厚唇·嘴角下垂，宽下颌
FD05056,长鹅蛋脸,颧部外扩,骨感额,低眉骨,窄深眼窝,宽颧骨,薄面颊,圆方下颌,平直杏眼,眼尾下沉,标准眼距,浅褐瞳,窄鼻根,柔和鼻梁,肉感鼻头,薄唇,嘴角上扬,无标志,长鹅蛋脸（颧部外扩），低眉骨/窄深眼窝，平直杏眼·眼尾下沉·标准眼距，窄鼻根/柔和鼻梁/肉感鼻头，薄唇·嘴角上扬，圆方下颌
FD05057,幼态方脸,颈部线条延长,平直额,外侧突出眉骨,浅眼窝,宽颧骨,成熟收紧面颊,方下颌,短圆杏眼,眼尾明显挑,标准眼距,灰蓝瞳,低鼻根,轻微偏左鼻梁,轻翘鼻头,上薄下厚,嘴角上扬,眉上小疤,幼态方脸（颈部线条延长），外侧突出眉骨/浅眼窝，短圆杏眼·眼尾明显挑·标准眼距，低鼻根/轻微偏左鼻梁/轻翘鼻头，上薄下厚·嘴角上扬，方下颌
FD05058,幼态方脸,颈部线条收短,高额,外侧突出眉骨,浅眼窝,宽颧骨,成熟收紧面颊,明显下颌角,鹰隼眼,眼尾延展,窄眼距,深色瞳,中高鼻根,轻微偏左鼻梁,骨感鼻头,小嘴,嘴角平直,颈侧细疤,幼态方脸（颈部线条收短），外侧突出眉骨/浅眼窝，鹰隼眼·眼尾延展·窄眼距，中高鼻根/轻微偏左鼻梁/骨感鼻头，小嘴·嘴角平直，明显下颌角
FD05059,上窄下宽脸,上庭展开,骨感额,外侧突出眉骨,中度眼窝,柔和颧骨,幼态柔软面颊,方下颌,成熟长眼,眼尾延展,窄眼距,琥珀瞳,中鼻根,轻微偏左鼻梁,小圆鼻头,厚唇,嘴角平直,单侧酒窝,上窄下宽脸（上庭展开），外侧突出眉骨/中度眼窝，成熟长眼·眼尾延展·窄眼距，中鼻根/轻微偏左鼻梁/小圆鼻头，厚唇·嘴角平直，方下颌
FD05060,短方脸,颈部线条收短,平直额,厚眉骨,窄深眼窝,窄颧骨,轻凹面颊,柔和下颌,丹凤眼,眼尾平直,窄眼距,琥珀瞳,低鼻根,宽骨鼻梁,骨感鼻头,薄唇,嘴角上扬,单侧虎牙,短方脸（颈部线条收短），厚眉骨/窄深眼窝，丹凤眼·眼尾平直·窄眼距，低鼻根/宽骨鼻梁/骨感鼻头，薄唇·嘴角上扬，柔和下颌
FD05061,长心形脸,下庭收窄,窄额,低眉骨,眼下骨感,低颧骨,成熟收紧面颊,骨感下颌,宽杏眼,眼尾明显挑,标准眼距,环状虹膜,窄鼻根,宽骨鼻梁,微钝鼻头,上薄下厚,嘴角上扬,眉心竖纹浅痕,长心形脸（下庭收窄），低眉骨/眼下骨感，宽杏眼·眼尾明显挑·标准眼距，窄鼻根/宽骨鼻梁/微钝鼻头，上薄下厚·嘴角上扬，骨感下颌
FD05062,幼态圆脸,颈部线条延长,宽额,厚眉骨,深眼窝,窄颧骨,饱满面颊,收敛下颌,冷感眼,眼尾下压,标准眼距,环状虹膜,低鼻根,轻微偏左鼻梁,微钝鼻头,厚唇,嘴角下垂,左眼下浅泪痣,幼态圆脸（颈部线条延长），厚眉骨/深眼窝，冷感眼·眼尾下压·标准眼距，低鼻根/轻微偏左鼻梁/微钝鼻头，厚唇·嘴角下垂，收敛下颌
FD05063,圆方脸,偏锐收窄,微凸额,薄眉骨,窄深眼窝,高颧骨,幼态柔软面颊,方下颌,冷感眼,眼尾微挑,标准眼距,碎裂虹膜,窄鼻根,轻微偏右鼻梁,微钝鼻头,小嘴,嘴角紧收,左颊浅疤,圆方脸（偏锐收窄），薄眉骨/窄深眼窝，冷感眼·眼尾微挑·标准眼距，窄鼻根/轻微偏右鼻梁/微钝鼻头，小嘴·嘴角紧收，方下颌
FD05064,鹅蛋偏方,面中立体化,骨感额,薄眉骨,浅眼窝,外扩颧骨,薄面颊,圆方下颌,宽杏眼,眼尾下沉,宽眼距,琥珀瞳,窄鼻根,高直鼻梁,方圆鼻头,小嘴,嘴角紧收,右眼下浅泪痣,鹅蛋偏方（面中立体化），薄眉骨/浅眼窝，宽杏眼·眼尾下沉·宽眼距，窄鼻根/高直鼻梁/方圆鼻头，小嘴·嘴角紧收，圆方下颌
FD05065,幼态方脸,中庭展宽,窄额,柔和眉骨,浅眼窝,外扩颧骨,成熟收紧面颊,柔和下颌,圆长眼,眼尾下压,窄眼距,异色瞳,中鼻根,宽骨鼻梁,轻翘鼻头,小嘴,嘴角下垂,指节薄茧,幼态方脸（中庭展宽），柔和眉骨/浅眼窝，圆长眼·眼尾下压·窄眼距，中鼻根/宽骨鼻梁/轻翘鼻头，小嘴·嘴角下垂，柔和下颌
FD05066,上宽下窄脸,上庭收窄,窄额,薄眉骨,眼下饱满,低颧骨,幼态柔软面颊,窄下颌,下垂眼,眼尾明显挑,标准眼距,异色瞳,低鼻根,高直鼻梁,微钝鼻头,弓形唇,嘴角上扬,颈侧细疤,上宽下窄脸（上庭收窄），薄眉骨/眼下饱满，下垂眼·眼尾明显挑·标准眼距，低鼻根/高直鼻梁/微钝鼻头，弓形唇·嘴角上扬，窄下颌
FD05067,短鹅蛋脸,下颌线清晰化,宽额,柔和眉骨,宽浅眼窝,柔和颧骨,薄面颊,方下颌,成熟长眼,眼尾微挑,窄眼距,淡金瞳,低鼻根,微弧鼻梁,肉感鼻头,上厚下薄,嘴角紧收,左颊浅疤,短鹅蛋脸（下颌线清晰化），柔和眉骨/宽浅眼窝，成熟长眼·眼尾微挑·窄眼距，低鼻根/微弧鼻梁/肉感鼻头，上厚下薄·嘴角紧收，方下颌
FD05068,长圆脸,中轴收紧,低额,低眉骨,眼下骨感,宽颧骨,薄面颊,宽下颌,平凤眼,眼尾下压,宽眼距,墨玉瞳,中鼻根,宽骨鼻梁,窄翼鼻头,平直唇,嘴角上扬,异色瞳,长圆脸（中轴收紧），低眉骨/眼下骨感，平凤眼·眼尾下压·宽眼距，中鼻根/宽骨鼻梁/窄翼鼻头，平直唇·嘴角上扬，宽下颌
FD05069,宽心形脸,颈部线条延长,平直额,薄眉骨,眼下骨感,低颧骨,成熟收紧面颊,宽下颌,疲惫眼,眼尾下压,宽眼距,环状虹膜,中鼻根,高直鼻梁,方圆鼻头,上薄下厚,单侧上扬,单侧虎牙,宽心形脸（颈部线条延长），薄眉骨/眼下骨感，疲惫眼·眼尾下压·宽眼距，中鼻根/高直鼻梁/方圆鼻头，上薄下厚·单侧上扬，宽下颌
FD05070,短方脸,颈部线条延长,窄额,外侧突出眉骨,深眼窝,外扩颧骨,成熟收紧面颊,圆方下颌,长杏眼,眼尾明显挑,宽眼距,浅褐瞳,中鼻根,柔和鼻梁,窄翼鼻头,成熟长唇,嘴角紧收,眼角小痣,短方脸（颈部线条延长），外侧突出眉骨/深眼窝，长杏眼·眼尾明显挑·宽眼距，中鼻根/柔和鼻梁/窄翼鼻头，成熟长唇·嘴角紧收，圆方下颌
FD05071,长心形脸,骨点外显,骨感额,低眉骨,浅眼窝,柔和颧骨,饱满面颊,方下颌,猫系眼,眼尾明显挑,窄眼距,浅褐瞳,窄鼻根,轻鹰钩鼻梁,小圆鼻头,上薄下厚,嘴角平直,瞳孔残缺,长心形脸（骨点外显），低眉骨/浅眼窝，猫系眼·眼尾明显挑·窄眼距，窄鼻根/轻鹰钩鼻梁/小圆鼻头，上薄下厚·嘴角平直，方下颌
FD05072,宽菱形,中庭拉长,饱满额,外侧突出眉骨,窄深眼窝,宽颧骨,成熟收紧面颊,窄下颌,狭长眼,眼尾平直,标准眼距,星点虹膜,中鼻根,宽骨鼻梁,微钝鼻头,平直唇,单侧上扬,眼角小痣,宽菱形（中庭拉长），外侧突出眉骨/窄深眼窝，狭长眼·眼尾平直·标准眼距，中鼻根/宽骨鼻梁/微钝鼻头，平直唇·单侧上扬，窄下颌
FD05073,幼态圆脸,面中平缓,低额,低眉骨,中度眼窝,窄颧骨,饱满面颊,明显下颌角,窄杏眼,眼尾下沉,标准眼距,星点虹膜,高鼻根,中直鼻梁,小圆鼻头,厚唇,单侧上扬,额角旧痕,幼态圆脸（面中平缓），低眉骨/中度眼窝，窄杏眼·眼尾下沉·标准眼距，高鼻根/中直鼻梁/小圆鼻头，厚唇·单侧上扬，明显下颌角
FD05074,柔和菱形,偏锐收窄,骨感额,薄眉骨,深眼窝,外扩颧骨,饱满面颊,宽下颌,丹凤眼,眼尾明显挑,标准眼距,灰蓝瞳,中鼻根,微弧鼻梁,轻翘鼻头,薄唇,嘴角上扬,下颌浅疤,柔和菱形（偏锐收窄），薄眉骨/深眼窝，丹凤眼·眼尾明显挑·标准眼距，中鼻根/微弧鼻梁/轻翘鼻头，薄唇·嘴角上扬，宽下颌
FD05075,柔和方脸,下颌线清晰化,高额,低眉骨,中度眼窝,高颧骨,幼态柔软面颊,柔和下颌,冷感眼,眼尾下压,窄眼距,星点虹膜,宽鼻根,柔和鼻梁,小圆鼻头,弓形唇,嘴角平直,环状虹膜,柔和方脸（下颌线清晰化），低眉骨/中度眼窝，冷感眼·眼尾下压·窄眼距，宽鼻根/柔和鼻梁/小圆鼻头，弓形唇·嘴角平直，柔和下颌
FD05076,下颌突出脸,偏锐收窄,骨感额,内侧突出眉骨,中度眼窝,宽颧骨,薄面颊,柔和下颌,冷感眼,眼尾延展,标准眼距,淡金瞳,中鼻根,宽骨鼻梁,窄翼鼻头,上厚下薄,嘴角紧收,双侧酒窝,下颌突出脸（偏锐收窄），内侧突出眉骨/中度眼窝，冷感眼·眼尾延展·标准眼距，中鼻根/宽骨鼻梁/窄翼鼻头，上厚下薄·嘴角紧收，柔和下颌
FD05077,长鹅蛋脸,上庭展开,骨感额,高眉骨,浅眼窝,柔和颧骨,幼态柔软面颊,收敛下颌,狭长瑞凤眼,眼尾延展,宽眼距,墨玉瞳,窄鼻根,宽骨鼻梁,小圆鼻头,薄唇,嘴角下垂,环状虹膜,长鹅蛋脸（上庭展开），高眉骨/浅眼窝，狭长瑞凤眼·眼尾延展·宽眼距，窄鼻根/宽骨鼻梁/小圆鼻头，薄唇·嘴角下垂，收敛下颌
FD05078,柔和菱形,骨点内敛,高额,柔和眉骨,窄深眼窝,低颧骨,成熟收紧面颊,圆方下颌,上扬凤眼,眼尾延展,宽眼距,淡金瞳,低鼻根,轻微偏左鼻梁,窄翼鼻头,薄唇,嘴角平直,额角旧痕,柔和菱形（骨点内敛），柔和眉骨/窄深眼窝，上扬凤眼·眼尾延展·宽眼距，低鼻根/轻微偏左鼻梁/窄翼鼻头，薄唇·嘴角平直，圆方下颌
FD05079,清瘦圆脸,上庭收窄,微凸额,高眉骨,窄深眼窝,宽颧骨,薄面颊,柔和下颌,鹤系眼,眼尾微挑,标准眼距,墨玉瞳,宽鼻根,宽骨鼻梁,微钝鼻头,宽嘴,单侧上扬,单侧虎牙,清瘦圆脸（上庭收窄），高眉骨/窄深眼窝，鹤系眼·眼尾微挑·标准眼距，宽鼻根/宽骨鼻梁/微钝鼻头，宽嘴·单侧上扬，柔和下颌
FD05080,下颌突出脸,颧部外扩,高额,柔和眉骨,浅眼窝,窄颧骨,轻凹面颊,明显下颌角,半睁懒眼,眼尾微挑,窄眼距,灰蓝瞳,中高鼻根,柔和鼻梁,骨感鼻头,宽嘴,嘴角平直,左颊浅疤,下颌突出脸（颧部外扩），柔和眉骨/浅眼窝，半睁懒眼·眼尾微挑·窄眼距，中高鼻根/柔和鼻梁/骨感鼻头，宽嘴·嘴角平直，明显下颌角
FD05081,双颌匀称脸,上庭展开,窄额,内侧突出眉骨,宽浅眼窝,高颧骨,幼态柔软面颊,明显下颌角,狐狸系眼,眼尾明显挑,宽眼距,淡金瞳,高鼻根,柔和鼻梁,方圆鼻头,弓形唇,嘴角上扬,无标志,双颌匀称脸（上庭展开），内侧突出眉骨/宽浅眼窝，狐狸系眼·眼尾明显挑·宽眼距，高鼻根/柔和鼻梁/方圆鼻头，弓形唇·嘴角上扬，明显下颌角
FD05082,幼态圆脸,面中立体化,骨感额,压迫感眉骨,宽浅眼窝,低颧骨,幼态柔软面颊,明显下颌角,鹤系眼,眼尾微挑,宽眼距,淡金瞳,低鼻根,轻微偏左鼻梁,轻翘鼻头,上薄下厚,单侧上扬,无标志,幼态圆脸（面中立体化），压迫感眉骨/宽浅眼窝，鹤系眼·眼尾微挑·宽眼距，低鼻根/轻微偏左鼻梁/轻翘鼻头，上薄下厚·单侧上扬，明显下颌角
FD05083,清瘦圆脸,偏锐收窄,窄额,外侧突出眉骨,浅眼窝,窄颧骨,幼态柔软面颊,柔和下颌,狭长瑞凤眼,眼尾明显挑,标准眼距,墨玉瞳,高鼻根,中直鼻梁,微钝鼻头,上厚下薄,嘴角平直,额角旧痕,清瘦圆脸（偏锐收窄），外侧突出眉骨/浅眼窝，狭长瑞凤眼·眼尾明显挑·标准眼距，高鼻根/中直鼻梁/微钝鼻头，上厚下薄·嘴角平直，柔和下颌
FD05084,鹅蛋偏方,面中平缓,微凸额,压迫感眉骨,深眼窝,宽颧骨,饱满面颊,明显下颌角,上扬凤眼,眼尾下压,宽眼距,深色瞳,中鼻根,轻微偏左鼻梁,窄翼鼻头,小嘴,嘴角上扬,无标志,鹅蛋偏方（面中平缓），压迫感眉骨/深眼窝，上扬凤眼·眼尾下压·宽眼距，中鼻根/轻微偏左鼻梁/窄翼鼻头，小嘴·嘴角上扬，明显下颌角
FD05085,柔和菱形,偏锐收窄,饱满额,内侧突出眉骨,窄深眼窝,窄颧骨,饱满面颊,柔和下颌,半睁懒眼,眼尾明显挑,标准眼距,环状虹膜,中高鼻根,高直鼻梁,窄翼鼻头,平直唇,单侧上扬,眉心竖纹浅痕,柔和菱形（偏锐收窄），内侧突出眉骨/窄深眼窝，半睁懒眼·眼尾明显挑·标准眼距，中高鼻根/高直鼻梁/窄翼鼻头，平直唇·单侧上扬，柔和下颌
FD05086,骨感菱形,上庭展开,饱满额,高眉骨,宽浅眼窝,窄颧骨,薄面颊,圆方下颌,鹰隼眼,眼尾微挑,标准眼距,异色瞳,窄鼻根,轻微偏左鼻梁,肉感鼻头,上薄下厚,嘴角平直,环状虹膜,骨感菱形（上庭展开），高眉骨/宽浅眼窝，鹰隼眼·眼尾微挑·标准眼距，窄鼻根/轻微偏左鼻梁/肉感鼻头，上薄下厚·嘴角平直，圆方下颌
FD05087,倒三角脸,颌角强调,窄额,薄眉骨,深眼窝,低颧骨,轻凹面颊,柔和下颌,狭长眼,眼尾延展,宽眼距,琥珀瞳,高鼻根,轻微偏左鼻梁,微钝鼻头,薄唇,嘴角平直,下颌浅疤,倒三角脸（颌角强调），薄眉骨/深眼窝，狭长眼·眼尾延展·宽眼距，高鼻根/轻微偏左鼻梁/微钝鼻头，薄唇·嘴角平直，柔和下颌
FD05088,骨感方脸,颈部线条延长,微凸额,高眉骨,中度眼窝,宽颧骨,薄面颊,窄下颌,鹰隼眼,眼尾延展,标准眼距,墨玉瞳,窄鼻根,轻微偏左鼻梁,窄翼鼻头,平直唇,嘴角上扬,颈侧细疤,骨感方脸（颈部线条延长），高眉骨/中度眼窝，鹰隼眼·眼尾延展·标准眼距，窄鼻根/轻微偏左鼻梁/窄翼鼻头，平直唇·嘴角上扬，窄下颌
FD05089,长鹅蛋脸,中轴收紧,宽额,压迫感眉骨,浅眼窝,高颧骨,饱满面颊,明显下颌角,疲惫眼,眼尾延展,标准眼距,琥珀瞳,高鼻根,柔和鼻梁,微钝鼻头,薄唇,嘴角上扬,右眼下浅泪痣,长鹅蛋脸（中轴收紧），压迫感眉骨/浅眼窝，疲惫眼·眼尾延展·标准眼距，高鼻根/柔和鼻梁/微钝鼻头，薄唇·嘴角上扬，明显下颌角
FD05090,长心形脸,上庭收窄,窄额,厚眉骨,浅眼窝,低颧骨,薄面颊,收敛下颌,窄杏眼,眼尾微挑,宽眼距,浅褐瞳,中鼻根,轻鹰钩鼻梁,方圆鼻头,小嘴,嘴角上扬,额角旧痕,长心形脸（上庭收窄），厚眉骨/浅眼窝，窄杏眼·眼尾微挑·宽眼距，中鼻根/轻鹰钩鼻梁/方圆鼻头，小嘴·嘴角上扬，收敛下颌
FD05091,幼态圆脸,上庭展开,平直额,内侧突出眉骨,深眼窝,宽颧骨,薄面颊,宽下颌,长杏眼,眼尾下压,窄眼距,淡金瞳,中高鼻根,轻微偏右鼻梁,下压鼻头,厚唇,单侧上扬,指节薄茧,幼态圆脸（上庭展开），内侧突出眉骨/深眼窝，长杏眼·眼尾下压·窄眼距，中高鼻根/轻微偏右鼻梁/下压鼻头，厚唇·单侧上扬，宽下颌
FD05092,鹅蛋偏心形,骨点外显,骨感额,柔和眉骨,宽浅眼窝,低颧骨,薄面颊,骨感下颌,狭长瑞凤眼,眼尾微挑,窄眼距,异色瞳,高鼻根,柔和鼻梁,微钝鼻头,上厚下薄,嘴角平直,眉上小疤,鹅蛋偏心形（骨点外显），柔和眉骨/宽浅眼窝，狭长瑞凤眼·眼尾微挑·窄眼距，高鼻根/柔和鼻梁/微钝鼻头，上厚下薄·嘴角平直，骨感下颌
FD05093,长菱形,中庭拉长,高额,压迫感眉骨,眼下饱满,低颧骨,饱满面颊,圆方下颌,狐狸系眼,眼尾下沉,宽眼距,琥珀瞳,窄鼻根,微弧鼻梁,窄翼鼻头,薄唇,嘴角上扬,眼睑褶皱不对称,长菱形（中庭拉长），压迫感眉骨/眼下饱满，狐狸系眼·眼尾下沉·宽眼距，窄鼻根/微弧鼻梁/窄翼鼻头，薄唇·嘴角上扬，圆方下颌
FD05094,方鹅蛋脸,颊部饱满,微凸额,外侧突出眉骨,宽浅眼窝,外扩颧骨,成熟收紧面颊,窄下颌,成熟长眼,眼尾微挑,窄眼距,琥珀瞳,低鼻根,轻鹰钩鼻梁,小圆鼻头,厚唇,单侧上扬,眉心竖纹浅痕,方鹅蛋脸（颊部饱满），外侧突出眉骨/宽浅眼窝，成熟长眼·眼尾微挑·窄眼距，低鼻根/轻鹰钩鼻梁/小圆鼻头，厚唇·单侧上扬，窄下颌
FD05095,方菱过渡脸,下颌线清晰化,骨感额,内侧突出眉骨,窄深眼窝,高颧骨,成熟收紧面颊,宽下颌,圆长眼,眼尾下沉,窄眼距,浅褐瞳,中鼻根,高直鼻梁,骨感鼻头,宽嘴,嘴角上扬,颈侧细疤,方菱过渡脸（下颌线清晰化），内侧突出眉骨/窄深眼窝，圆长眼·眼尾下沉·窄眼距，中鼻根/高直鼻梁/骨感鼻头，宽嘴·嘴角上扬，宽下颌
FD05096,倒三角脸,骨点内敛,平直额,压迫感眉骨,浅眼窝,外扩颧骨,轻凹面颊,窄下颌,冷感眼,眼尾微挑,宽眼距,墨玉瞳,窄鼻根,柔和鼻梁,方圆鼻头,小嘴,嘴角上扬,单侧酒窝,倒三角脸（骨点内敛），压迫感眉骨/浅眼窝，冷感眼·眼尾微挑·宽眼距，窄鼻根/柔和鼻梁/方圆鼻头，小嘴·嘴角上扬，窄下颌
FD05097,柔和方脸,颌角强调,宽额,高眉骨,浅眼窝,窄颧骨,薄面颊,柔和下颌,长杏眼,眼尾明显挑,标准眼距,灰蓝瞳,中高鼻根,轻鹰钩鼻梁,下压鼻头,上薄下厚,嘴角平直,瞳孔残缺,柔和方脸（颌角强调），高眉骨/浅眼窝，长杏眼·眼尾明显挑·标准眼距，中高鼻根/轻鹰钩鼻梁/下压鼻头，上薄下厚·嘴角平直，柔和下颌
FD05098,骨感方脸,面中立体化,低额,柔和眉骨,眼下饱满,外扩颧骨,薄面颊,柔和下颌,冷感眼,眼尾下沉,窄眼距,异色瞳,窄鼻根,柔和鼻梁,骨感鼻头,成熟长唇,嘴角平直,无标志,骨感方脸（面中立体化），柔和眉骨/眼下饱满，冷感眼·眼尾下沉·窄眼距，窄鼻根/柔和鼻梁/骨感鼻头，成熟长唇·嘴角平直，柔和下颌
FD05099,圆脸,中庭拉长,高额,柔和眉骨,宽浅眼窝,窄颧骨,轻凹面颊,明显下颌角,成熟长眼,眼尾明显挑,窄眼距,环状虹膜,宽鼻根,轻微偏左鼻梁,小圆鼻头,弓形唇,嘴角紧收,左颊浅疤,圆脸（中庭拉长），柔和眉骨/宽浅眼窝，成熟长眼·眼尾明显挑·窄眼距，宽鼻根/轻微偏左鼻梁/小圆鼻头，弓形唇·嘴角紧收，明显下颌角
FD05100,骨感窄脸,上庭收窄,平直额,内侧突出眉骨,眼下骨感,宽颧骨,轻凹面颊,柔和下颌,鹿系眼,眼尾下压,标准眼距,深色瞳,高鼻根,微弧鼻梁,肉感鼻头,成熟长唇,嘴角紧收,单侧酒窝,骨感窄脸（上庭收窄），内侧突出眉骨/眼下骨感，鹿系眼·眼尾下压·标准眼距，高鼻根/微弧鼻梁/肉感鼻头，成熟长唇·嘴角紧收，柔和下颌
FD05101,长圆脸,下庭加重,窄额,压迫感眉骨,窄深眼窝,高颧骨,饱满面颊,方下颌,柳叶眼,眼尾平直,宽眼距,环状虹膜,宽鼻根,中直鼻梁,肉感鼻头,宽嘴,嘴角下垂,眼睑褶皱不对称,长圆脸（下庭加重），压迫感眉骨/窄深眼窝，柳叶眼·眼尾平直·宽眼距，宽鼻根/中直鼻梁/肉感鼻头，宽嘴·嘴角下垂，方下颌
FD05102,圆脸,下颌线清晰化,宽额,外侧突出眉骨,宽浅眼窝,柔和颧骨,轻凹面颊,明显下颌角,瑞凤眼,眼尾下沉,窄眼距,灰蓝瞳,低鼻根,宽骨鼻梁,肉感鼻头,上薄下厚,嘴角紧收,碎裂虹膜,圆脸（下颌线清晰化），外侧突出眉骨/宽浅眼窝，瑞凤眼·眼尾下沉·窄眼距，低鼻根/宽骨鼻梁/肉感鼻头，上薄下厚·嘴角紧收，明显下颌角
FD05103,短鹅蛋脸,下庭加重,宽额,压迫感眉骨,眼下骨感,窄颧骨,饱满面颊,宽下颌,少年圆眼,眼尾延展,宽眼距,灰蓝瞳,中高鼻根,轻微偏左鼻梁,轻翘鼻头,上厚下薄,嘴角平直,碎裂虹膜,短鹅蛋脸（下庭加重），压迫感眉骨/眼下骨感，少年圆眼·眼尾延展·宽眼距，中高鼻根/轻微偏左鼻梁/轻翘鼻头，上厚下薄·嘴角平直，宽下颌
FD05104,倒三角脸,面中平缓,饱满额,外侧突出眉骨,宽浅眼窝,宽颧骨,饱满面颊,骨感下颌,短圆杏眼,眼尾微挑,标准眼距,星点虹膜,中鼻根,轻微偏左鼻梁,小圆鼻头,成熟长唇,嘴角平直,耳后小痣,倒三角脸（面中平缓），外侧突出眉骨/宽浅眼窝，短圆杏眼·眼尾微挑·标准眼距，中鼻根/轻微偏左鼻梁/小圆鼻头，成熟长唇·嘴角平直，骨感下颌
FD05105,上宽下窄脸,中庭展宽,骨感额,内侧突出眉骨,中度眼窝,柔和颧骨,幼态柔软面颊,方下颌,窄杏眼,眼尾下沉,标准眼距,淡金瞳,中高鼻根,轻微偏左鼻梁,下压鼻头,上厚下薄,嘴角平直,眼角小痣,上宽下窄脸（中庭展宽），内侧突出眉骨/中度眼窝，窄杏眼·眼尾下沉·标准眼距，中高鼻根/轻微偏左鼻梁/下压鼻头，上厚下薄·嘴角平直，方下颌
FD05106,梨形脸,骨点内敛,窄额,高眉骨,浅眼窝,宽颧骨,幼态柔软面颊,圆方下颌,蛇系眼,眼尾明显挑,标准眼距,星点虹膜,中鼻根,轻鹰钩鼻梁,骨感鼻头,宽嘴,嘴角紧收,眉心竖纹浅痕,梨形脸（骨点内敛），高眉骨/浅眼窝，蛇系眼·眼尾明显挑·标准眼距，中鼻根/轻鹰钩鼻梁/骨感鼻头，宽嘴·嘴角紧收，圆方下颌
FD05107,鹅蛋偏心形,中轴收紧,平直额,外侧突出眉骨,眼下骨感,柔和颧骨,成熟收紧面颊,收敛下颌,少年圆眼,眼尾延展,标准眼距,碎裂虹膜,中高鼻根,轻微偏左鼻梁,轻翘鼻头,上厚下薄,嘴角上扬,左眼下浅泪痣,鹅蛋偏心形（中轴收紧），外侧突出眉骨/眼下骨感，少年圆眼·眼尾延展·标准眼距，中高鼻根/轻微偏左鼻梁/轻翘鼻头，上厚下薄·嘴角上扬，收敛下颌
FD05108,颧部展开脸,颊部略凹,饱满额,内侧突出眉骨,宽浅眼窝,窄颧骨,薄面颊,宽下颌,半睁懒眼,眼尾下沉,标准眼距,星点虹膜,宽鼻根,轻微偏左鼻梁,骨感鼻头,薄唇,嘴角紧收,碎裂虹膜,颧部展开脸（颊部略凹），内侧突出眉骨/宽浅眼窝，半睁懒眼·眼尾下沉·标准眼距，宽鼻根/轻微偏左鼻梁/骨感鼻头，薄唇·嘴角紧收，宽下颌
FD05109,正梯形脸,骨点外显,宽额,外侧突出眉骨,浅眼窝,外扩颧骨,薄面颊,窄下颌,冷感眼,眼尾明显挑,窄眼距,碎裂虹膜,高鼻根,轻鹰钩鼻梁,窄翼鼻头,平直唇,单侧上扬,双侧酒窝,正梯形脸（骨点外显），外侧突出眉骨/浅眼窝，冷感眼·眼尾明显挑·窄眼距，高鼻根/轻鹰钩鼻梁/窄翼鼻头，平直唇·单侧上扬，窄下颌
FD05110,长圆脸,面中立体化,平直额,内侧突出眉骨,深眼窝,低颧骨,薄面颊,方下颌,鹤系眼,眼尾平直,窄眼距,星点虹膜,中高鼻根,微弧鼻梁,下压鼻头,上厚下薄,单侧上扬,鼻梁旧伤,长圆脸（面中立体化），内侧突出眉骨/深眼窝，鹤系眼·眼尾平直·窄眼距，中高鼻根/微弧鼻梁/下压鼻头，上厚下薄·单侧上扬，方下颌
FD05111,骨感窄脸,上庭展开,宽额,高眉骨,宽浅眼窝,窄颧骨,饱满面颊,骨感下颌,桃花眼,眼尾下压,标准眼距,异色瞳,窄鼻根,轻微偏左鼻梁,骨感鼻头,成熟长唇,嘴角下垂,碎裂虹膜,骨感窄脸（上庭展开），高眉骨/宽浅眼窝，桃花眼·眼尾下压·标准眼距，窄鼻根/轻微偏左鼻梁/骨感鼻头，成熟长唇·嘴角下垂，骨感下颌
FD05112,梨形脸,中轴收紧,骨感额,内侧突出眉骨,眼下饱满,外扩颧骨,轻凹面颊,柔和下颌,半睁懒眼,眼尾延展,窄眼距,浅褐瞳,窄鼻根,微弧鼻梁,下压鼻头,成熟长唇,嘴角下垂,左颊浅疤,梨形脸（中轴收紧），内侧突出眉骨/眼下饱满，半睁懒眼·眼尾延展·窄眼距，窄鼻根/微弧鼻梁/下压鼻头，成熟长唇·嘴角下垂，柔和下颌
FD05113,宽鹅蛋脸,颌角弱化,窄额,高眉骨,宽浅眼窝,高颧骨,成熟收紧面颊,明显下颌角,半睁懒眼,眼尾下沉,标准眼距,浅褐瞳,低鼻根,轻微偏左鼻梁,下压鼻头,厚唇,嘴角平直,右眼下浅泪痣,宽鹅蛋脸（颌角弱化），高眉骨/宽浅眼窝，半睁懒眼·眼尾下沉·标准眼距，低鼻根/轻微偏左鼻梁/下压鼻头，厚唇·嘴角平直，明显下颌角
FD05114,窄鹅蛋脸,颊部饱满,骨感额,薄眉骨,窄深眼窝,外扩颧骨,成熟收紧面颊,柔和下颌,鹰隼眼,眼尾延展,窄眼距,淡金瞳,中鼻根,柔和鼻梁,骨感鼻头,弓形唇,单侧上扬,唇下小痣,窄鹅蛋脸（颊部饱满），薄眉骨/窄深眼窝，鹰隼眼·眼尾延展·窄眼距，中鼻根/柔和鼻梁/骨感鼻头，弓形唇·单侧上扬，柔和下颌
FD05115,倒三角脸,面中立体化,低额,厚眉骨,浅眼窝,窄颧骨,薄面颊,圆方下颌,狐狸系眼,眼尾下压,标准眼距,环状虹膜,低鼻根,轻微偏左鼻梁,肉感鼻头,平直唇,嘴角紧收,左眼下浅泪痣,倒三角脸（面中立体化），厚眉骨/浅眼窝，狐狸系眼·眼尾下压·标准眼距，低鼻根/轻微偏左鼻梁/肉感鼻头，平直唇·嘴角紧收，圆方下颌
FD05116,短鹅蛋脸,中轴收紧,饱满额,内侧突出眉骨,中度眼窝,高颧骨,轻凹面颊,明显下颌角,圆长眼,眼尾微挑,标准眼距,浅褐瞳,中高鼻根,柔和鼻梁,轻翘鼻头,弓形唇,嘴角下垂,眉心竖纹浅痕,短鹅蛋脸（中轴收紧），内侧突出眉骨/中度眼窝，圆长眼·眼尾微挑·标准眼距，中高鼻根/柔和鼻梁/轻翘鼻头，弓形唇·嘴角下垂，明显下颌角
FD05117,成熟方脸,颧部微收,低额,内侧突出眉骨,浅眼窝,宽颧骨,成熟收紧面颊,宽下颌,狭长瑞凤眼,眼尾明显挑,宽眼距,灰蓝瞳,中鼻根,轻鹰钩鼻梁,微钝鼻头,小嘴,嘴角下垂,无标志,成熟方脸（颧部微收），内侧突出眉骨/浅眼窝，狭长瑞凤眼·眼尾明显挑·宽眼距，中鼻根/轻鹰钩鼻梁/微钝鼻头，小嘴·嘴角下垂，宽下颌
FD05118,宽心形脸,颈部线条延长,微凸额,压迫感眉骨,中度眼窝,宽颧骨,轻凹面颊,柔和下颌,狐狸系眼,眼尾明显挑,窄眼距,灰蓝瞳,中高鼻根,轻微偏右鼻梁,方圆鼻头,上厚下薄,嘴角紧收,右眼下浅泪痣,宽心形脸（颈部线条延长），压迫感眉骨/中度眼窝，狐狸系眼·眼尾明显挑·窄眼距，中高鼻根/轻微偏右鼻梁/方圆鼻头，上厚下薄·嘴角紧收，柔和下颌
FD05119,梨形脸,下颌线清晰化,微凸额,柔和眉骨,深眼窝,窄颧骨,饱满面颊,骨感下颌,窄杏眼,眼尾平直,宽眼距,星点虹膜,中鼻根,中直鼻梁,肉感鼻头,弓形唇,单侧上扬,无标志,梨形脸（下颌线清晰化），柔和眉骨/深眼窝，窄杏眼·眼尾平直·宽眼距，中鼻根/中直鼻梁/肉感鼻头，弓形唇·单侧上扬，骨感下颌
FD05120,颧部展开脸,面中平缓,饱满额,压迫感眉骨,深眼窝,柔和颧骨,幼态柔软面颊,方下颌,蛇系眼,眼尾下压,标准眼距,异色瞳,低鼻根,高直鼻梁,轻翘鼻头,厚唇,嘴角上扬,环状虹膜,颧部展开脸（面中平缓），压迫感眉骨/深眼窝，蛇系眼·眼尾下压·标准眼距，低鼻根/高直鼻梁/轻翘鼻头，厚唇·嘴角上扬，方下颌
FD05121,梨形脸,下颌线清晰化,低额,外侧突出眉骨,中度眼窝,窄颧骨,轻凹面颊,窄下颌,短圆杏眼,眼尾下压,标准眼距,琥珀瞳,中鼻根,中直鼻梁,轻翘鼻头,弓形唇,嘴角紧收,左颊浅疤,梨形脸（下颌线清晰化），外侧突出眉骨/中度眼窝，短圆杏眼·眼尾下压·标准眼距，中鼻根/中直鼻梁/轻翘鼻头，弓形唇·嘴角紧收，窄下颌
FD05122,短鹅蛋脸,下庭加重,窄额,压迫感眉骨,眼下饱满,柔和颧骨,饱满面颊,圆方下颌,狼系眼,眼尾下沉,宽眼距,碎裂虹膜,中鼻根,轻微偏右鼻梁,轻翘鼻头,弓形唇,嘴角紧收,眼角小痣,短鹅蛋脸（下庭加重），压迫感眉骨/眼下饱满，狼系眼·眼尾下沉·宽眼距，中鼻根/轻微偏右鼻梁/轻翘鼻头，弓形唇·嘴角紧收，圆方下颌
FD05123,幼态圆脸,颌角弱化,窄额,薄眉骨,中度眼窝,低颧骨,薄面颊,骨感下颌,长杏眼,眼尾下压,宽眼距,环状虹膜,窄鼻根,微弧鼻梁,下压鼻头,小嘴,嘴角平直,无标志,幼态圆脸（颌角弱化），薄眉骨/中度眼窝，长杏眼·眼尾下压·宽眼距，窄鼻根/微弧鼻梁/下压鼻头，小嘴·嘴角平直，骨感下颌
FD05124,标准菱形,下庭加重,微凸额,内侧突出眉骨,窄深眼窝,柔和颧骨,成熟收紧面颊,窄下颌,半睁懒眼,眼尾延展,窄眼距,浅褐瞳,中鼻根,轻鹰钩鼻梁,轻翘鼻头,厚唇,单侧上扬,颈侧细疤,标准菱形（下庭加重），内侧突出眉骨/窄深眼窝，半睁懒眼·眼尾延展·窄眼距，中鼻根/轻鹰钩鼻梁/轻翘鼻头，厚唇·单侧上扬，窄下颌
FD05125,心形脸,中轴微长,高额,厚眉骨,深眼窝,高颧骨,饱满面颊,明显下颌角,上扬凤眼,眼尾明显挑,宽眼距,环状虹膜,中高鼻根,宽骨鼻梁,方圆鼻头,小嘴,嘴角下垂,单侧酒窝,心形脸（中轴微长），厚眉骨/深眼窝，上扬凤眼·眼尾明显挑·宽眼距，中高鼻根/宽骨鼻梁/方圆鼻头，小嘴·嘴角下垂，明显下颌角
FD05126,圆脸,下庭收窄,平直额,压迫感眉骨,眼下骨感,宽颧骨,薄面颊,柔和下颌,瑞凤眼,眼尾平直,宽眼距,环状虹膜,低鼻根,轻微偏左鼻梁,肉感鼻头,上厚下薄,单侧上扬,耳后小痣,圆脸（下庭收窄），压迫感眉骨/眼下骨感，瑞凤眼·眼尾平直·宽眼距，低鼻根/轻微偏左鼻梁/肉感鼻头，上厚下薄·单侧上扬，柔和下颌
FD05127,宽方脸,中庭展宽,平直额,压迫感眉骨,宽浅眼窝,宽颧骨,饱满面颊,柔和下颌,短杏眼,眼尾下沉,宽眼距,浅褐瞳,高鼻根,轻鹰钩鼻梁,骨感鼻头,上薄下厚,嘴角上扬,指节薄茧,宽方脸（中庭展宽），压迫感眉骨/宽浅眼窝，短杏眼·眼尾下沉·宽眼距，高鼻根/轻鹰钩鼻梁/骨感鼻头，上薄下厚·嘴角上扬，柔和下颌
FD05128,长圆脸,颌角弱化,低额,内侧突出眉骨,浅眼窝,外扩颧骨,饱满面颊,骨感下颌,疲惫眼,眼尾下压,窄眼距,淡金瞳,宽鼻根,轻鹰钩鼻梁,下压鼻头,厚唇,嘴角紧收,瞳孔残缺,长圆脸（颌角弱化），内侧突出眉骨/浅眼窝，疲惫眼·眼尾下压·窄眼距，宽鼻根/轻鹰钩鼻梁/下压鼻头，厚唇·嘴角紧收，骨感下颌
FD05129,宽鹅蛋脸,颌角强调,低额,厚眉骨,浅眼窝,高颧骨,成熟收紧面颊,宽下颌,疲惫眼,眼尾平直,宽眼距,灰蓝瞳,中鼻根,轻微偏右鼻梁,小圆鼻头,上薄下厚,嘴角上扬,鼻梁旧伤,宽鹅蛋脸（颌角强调），厚眉骨/浅眼窝，疲惫眼·眼尾平直·宽眼距，中鼻根/轻微偏右鼻梁/小圆鼻头，上薄下厚·嘴角上扬，宽下颌
FD05130,梨形脸,下颌线清晰化,平直额,高眉骨,宽浅眼窝,高颧骨,成熟收紧面颊,柔和下颌,短杏眼,眼尾明显挑,宽眼距,墨玉瞳,窄鼻根,中直鼻梁,下压鼻头,上薄下厚,嘴角上扬,下颌浅疤,梨形脸（下颌线清晰化），高眉骨/宽浅眼窝，短杏眼·眼尾明显挑·宽眼距，窄鼻根/中直鼻梁/下压鼻头，上薄下厚·嘴角上扬，柔和下颌
FD05131,上窄下宽脸,面中立体化,微凸额,低眉骨,深眼窝,低颧骨,轻凹面颊,柔和下颌,丹凤眼,眼尾平直,窄眼距,墨玉瞳,窄鼻根,宽骨鼻梁,下压鼻头,平直唇,嘴角下垂,下颌浅疤,上窄下宽脸（面中立体化），低眉骨/深眼窝，丹凤眼·眼尾平直·窄眼距，窄鼻根/宽骨鼻梁/下压鼻头，平直唇·嘴角下垂，柔和下颌
FD05132,宽心形脸,下颌线清晰化,窄额,低眉骨,浅眼窝,柔和颧骨,成熟收紧面颊,骨感下颌,鹰隼眼,眼尾延展,窄眼距,淡金瞳,中高鼻根,柔和鼻梁,方圆鼻头,弓形唇,嘴角紧收,眼睑褶皱不对称,宽心形脸（下颌线清晰化），低眉骨/浅眼窝，鹰隼眼·眼尾延展·窄眼距，中高鼻根/柔和鼻梁/方圆鼻头，弓形唇·嘴角紧收，骨感下颌
FD05133,鹅蛋偏心形,颧部微收,微凸额,内侧突出眉骨,窄深眼窝,柔和颧骨,轻凹面颊,方下颌,短杏眼,眼尾明显挑,宽眼距,星点虹膜,中鼻根,高直鼻梁,下压鼻头,薄唇,嘴角上扬,单侧虎牙,鹅蛋偏心形（颧部微收），内侧突出眉骨/窄深眼窝，短杏眼·眼尾明显挑·宽眼距，中鼻根/高直鼻梁/下压鼻头，薄唇·嘴角上扬，方下颌
FD05134,肉感短脸,颌角强调,低额,高眉骨,浅眼窝,宽颧骨,成熟收紧面颊,圆方下颌,平凤眼,眼尾延展,宽眼距,淡金瞳,窄鼻根,轻微偏右鼻梁,微钝鼻头,小嘴,嘴角平直,眼睑褶皱不对称,肉感短脸（颌角强调），高眉骨/浅眼窝，平凤眼·眼尾延展·宽眼距，窄鼻根/轻微偏右鼻梁/微钝鼻头，小嘴·嘴角平直，圆方下颌
FD05135,上窄下宽脸,颌角弱化,平直额,外侧突出眉骨,眼下饱满,柔和颧骨,成熟收紧面颊,明显下颌角,宽杏眼,眼尾微挑,宽眼距,碎裂虹膜,宽鼻根,柔和鼻梁,轻翘鼻头,宽嘴,嘴角上扬,眼角小痣,上窄下宽脸（颌角弱化），外侧突出眉骨/眼下饱满，宽杏眼·眼尾微挑·宽眼距，宽鼻根/柔和鼻梁/轻翘鼻头，宽嘴·嘴角上扬，明显下颌角
FD05136,方菱过渡脸,上庭展开,饱满额,外侧突出眉骨,中度眼窝,高颧骨,成熟收紧面颊,明显下颌角,短圆杏眼,眼尾平直,标准眼距,异色瞳,中高鼻根,轻微偏右鼻梁,骨感鼻头,成熟长唇,嘴角下垂,瞳孔残缺,方菱过渡脸（上庭展开），外侧突出眉骨/中度眼窝，短圆杏眼·眼尾平直·标准眼距，中高鼻根/轻微偏右鼻梁/骨感鼻头，成熟长唇·嘴角下垂，明显下颌角
FD05137,梨形脸,偏柔圆润,微凸额,薄眉骨,宽浅眼窝,窄颧骨,幼态柔软面颊,宽下颌,疲惫眼,眼尾延展,宽眼距,浅褐瞳,中高鼻根,微弧鼻梁,肉感鼻头,成熟长唇,嘴角紧收,瞳孔残缺,梨形脸（偏柔圆润），薄眉骨/宽浅眼窝，疲惫眼·眼尾延展·宽眼距，中高鼻根/微弧鼻梁/肉感鼻头，成熟长唇·嘴角紧收，宽下颌
FD05138,短鹅蛋脸,下颌线柔化,宽额,内侧突出眉骨,深眼窝,外扩颧骨,饱满面颊,骨感下颌,长杏眼,眼尾下沉,窄眼距,淡金瞳,中鼻根,轻微偏右鼻梁,小圆鼻头,上厚下薄,嘴角下垂,额角旧痕,短鹅蛋脸（下颌线柔化），内侧突出眉骨/深眼窝，长杏眼·眼尾下沉·窄眼距，中鼻根/轻微偏右鼻梁/小圆鼻头，上厚下薄·嘴角下垂，骨感下颌
FD05139,成熟方脸,颊部饱满,饱满额,薄眉骨,浅眼窝,窄颧骨,成熟收紧面颊,明显下颌角,宽杏眼,眼尾平直,标准眼距,碎裂虹膜,中鼻根,宽骨鼻梁,小圆鼻头,成熟长唇,嘴角平直,唇下小痣,成熟方脸（颊部饱满），薄眉骨/浅眼窝，宽杏眼·眼尾平直·标准眼距，中鼻根/宽骨鼻梁/小圆鼻头，成熟长唇·嘴角平直，明显下颌角
FD05140,倒梯形脸,偏锐收窄,微凸额,厚眉骨,深眼窝,低颧骨,幼态柔软面颊,明显下颌角,猫系眼,眼尾延展,标准眼距,星点虹膜,低鼻根,微弧鼻梁,窄翼鼻头,小嘴,单侧上扬,左眼下浅泪痣,倒梯形脸（偏锐收窄），厚眉骨/深眼窝，猫系眼·眼尾延展·标准眼距，低鼻根/微弧鼻梁/窄翼鼻头，小嘴·单侧上扬，明显下颌角
FD05141,鹅蛋偏菱,颈部线条延长,低额,高眉骨,宽浅眼窝,外扩颧骨,幼态柔软面颊,骨感下颌,鹰隼眼,眼尾微挑,标准眼距,灰蓝瞳,低鼻根,轻微偏右鼻梁,轻翘鼻头,宽嘴,嘴角上扬,眼角小痣,鹅蛋偏菱（颈部线条延长），高眉骨/宽浅眼窝，鹰隼眼·眼尾微挑·标准眼距，低鼻根/轻微偏右鼻梁/轻翘鼻头，宽嘴·嘴角上扬，骨感下颌
FD05142,颧部展开脸,颈部线条延长,微凸额,低眉骨,窄深眼窝,高颧骨,轻凹面颊,窄下颌,瑞凤眼,眼尾下沉,窄眼距,灰蓝瞳,窄鼻根,中直鼻梁,微钝鼻头,上薄下厚,嘴角平直,瞳孔残缺,颧部展开脸（颈部线条延长），低眉骨/窄深眼窝，瑞凤眼·眼尾下沉·窄眼距，窄鼻根/中直鼻梁/微钝鼻头，上薄下厚·嘴角平直，窄下颌
FD05143,倒三角脸,中轴微长,微凸额,厚眉骨,窄深眼窝,高颧骨,幼态柔软面颊,方下颌,冷感眼,眼尾下沉,标准眼距,异色瞳,宽鼻根,轻微偏右鼻梁,轻翘鼻头,上薄下厚,嘴角平直,右眉轻断,倒三角脸（中轴微长），厚眉骨/窄深眼窝，冷感眼·眼尾下沉·标准眼距，宽鼻根/轻微偏右鼻梁/轻翘鼻头，上薄下厚·嘴角平直，方下颌
FD05144,倒三角脸,颈部线条收短,微凸额,压迫感眉骨,眼下饱满,柔和颧骨,幼态柔软面颊,明显下颌角,长杏眼,眼尾平直,宽眼距,星点虹膜,高鼻根,轻鹰钩鼻梁,下压鼻头,平直唇,嘴角平直,额角旧痕,倒三角脸（颈部线条收短），压迫感眉骨/眼下饱满，长杏眼·眼尾平直·宽眼距，高鼻根/轻鹰钩鼻梁/下压鼻头，平直唇·嘴角平直，明显下颌角
FD05145,方菱过渡脸,颈部线条延长,骨感额,高眉骨,中度眼窝,外扩颧骨,成熟收紧面颊,窄下颌,冷感眼,眼尾明显挑,窄眼距,墨玉瞳,中高鼻根,柔和鼻梁,轻翘鼻头,成熟长唇,单侧上扬,眉尾旧疤,方菱过渡脸（颈部线条延长），高眉骨/中度眼窝，冷感眼·眼尾明显挑·窄眼距，中高鼻根/柔和鼻梁/轻翘鼻头，成熟长唇·单侧上扬，窄下颌
FD05146,宽心形脸,中庭拉长,饱满额,高眉骨,中度眼窝,窄颧骨,饱满面颊,收敛下颌,柳叶眼,眼尾延展,标准眼距,碎裂虹膜,低鼻根,微弧鼻梁,骨感鼻头,弓形唇,嘴角紧收,左眼下浅泪痣,宽心形脸（中庭拉长），高眉骨/中度眼窝，柳叶眼·眼尾延展·标准眼距，低鼻根/微弧鼻梁/骨感鼻头，弓形唇·嘴角紧收，收敛下颌
FD05147,双颌匀称脸,颈部线条延长,高额,外侧突出眉骨,窄深眼窝,低颧骨,薄面颊,柔和下颌,蛇系眼,眼尾下沉,窄眼距,浅褐瞳,中鼻根,中直鼻梁,轻翘鼻头,上厚下薄,嘴角平直,额角旧痕,双颌匀称脸（颈部线条延长），外侧突出眉骨/窄深眼窝，蛇系眼·眼尾下沉·窄眼距，中鼻根/中直鼻梁/轻翘鼻头，上厚下薄·嘴角平直，柔和下颌
FD05148,骨感窄脸,颧部外扩,微凸额,压迫感眉骨,中度眼窝,宽颧骨,幼态柔软面颊,明显下颌角,鹤系眼,眼尾平直,宽眼距,琥珀瞳,低鼻根,微弧鼻梁,小圆鼻头,小嘴,嘴角紧收,鼻梁旧伤,骨感窄脸（颧部外扩），压迫感眉骨/中度眼窝，鹤系眼·眼尾平直·宽眼距，低鼻根/微弧鼻梁/小圆鼻头，小嘴·嘴角紧收，明显下颌角
FD05149,鹅蛋偏菱,颌角弱化,宽额,厚眉骨,窄深眼窝,高颧骨,轻凹面颊,宽下颌,长杏眼,眼尾微挑,宽眼距,星点虹膜,高鼻根,轻微偏左鼻梁,微钝鼻头,宽嘴,单侧上扬,眼角小痣,鹅蛋偏菱（颌角弱化），厚眉骨/窄深眼窝，长杏眼·眼尾微挑·宽眼距，高鼻根/轻微偏左鼻梁/微钝鼻头，宽嘴·单侧上扬，宽下颌
FD05150,清瘦圆脸,中庭展宽,窄额,内侧突出眉骨,宽浅眼窝,宽颧骨,成熟收紧面颊,明显下颌角,平凤眼,眼尾明显挑,窄眼距,深色瞳,中鼻根,轻微偏右鼻梁,轻翘鼻头,厚唇,嘴角下垂,耳后小痣,清瘦圆脸（中庭展宽），内侧突出眉骨/宽浅眼窝，平凤眼·眼尾明显挑·窄眼距，中鼻根/轻微偏右鼻梁/轻翘鼻头，厚唇·嘴角下垂，明显下颌角
FD05151,圆脸,颧部微收,饱满额,低眉骨,浅眼窝,窄颧骨,成熟收紧面颊,柔和下颌,圆长眼,眼尾平直,标准眼距,环状虹膜,中高鼻根,宽骨鼻梁,骨感鼻头,薄唇,嘴角下垂,眉上小疤,圆脸（颧部微收），低眉骨/浅眼窝，圆长眼·眼尾平直·标准眼距，中高鼻根/宽骨鼻梁/骨感鼻头，薄唇·嘴角下垂，柔和下颌
FD05152,上宽下窄脸,面中立体化,宽额,柔和眉骨,浅眼窝,低颧骨,幼态柔软面颊,收敛下颌,疲惫眼,眼尾平直,宽眼距,深色瞳,宽鼻根,宽骨鼻梁,窄翼鼻头,上薄下厚,嘴角下垂,单侧酒窝,上宽下窄脸（面中立体化），柔和眉骨/浅眼窝，疲惫眼·眼尾平直·宽眼距，宽鼻根/宽骨鼻梁/窄翼鼻头，上薄下厚·嘴角下垂，收敛下颌
FD05153,心形脸,骨点外显,微凸额,薄眉骨,浅眼窝,窄颧骨,饱满面颊,方下颌,上扬凤眼,眼尾下压,窄眼距,浅褐瞳,宽鼻根,微弧鼻梁,小圆鼻头,平直唇,嘴角平直,指节薄茧,心形脸（骨点外显），薄眉骨/浅眼窝，上扬凤眼·眼尾下压·窄眼距，宽鼻根/微弧鼻梁/小圆鼻头，平直唇·嘴角平直，方下颌
FD05154,柔和菱形,颊部略凹,骨感额,柔和眉骨,眼下骨感,柔和颧骨,薄面颊,圆方下颌,上扬凤眼,眼尾下沉,宽眼距,淡金瞳,中高鼻根,轻鹰钩鼻梁,下压鼻头,成熟长唇,单侧上扬,鼻梁旧伤,柔和菱形（颊部略凹），柔和眉骨/眼下骨感，上扬凤眼·眼尾下沉·宽眼距，中高鼻根/轻鹰钩鼻梁/下压鼻头，成熟长唇·单侧上扬，圆方下颌
FD05155,宽菱形,骨点外显,宽额,内侧突出眉骨,眼下骨感,窄颧骨,幼态柔软面颊,方下颌,冷感眼,眼尾延展,窄眼距,碎裂虹膜,宽鼻根,高直鼻梁,骨感鼻头,成熟长唇,嘴角平直,鼻梁旧伤,宽菱形（骨点外显），内侧突出眉骨/眼下骨感，冷感眼·眼尾延展·窄眼距，宽鼻根/高直鼻梁/骨感鼻头，成熟长唇·嘴角平直，方下颌
FD05156,骨感菱形,颌角弱化,低额,高眉骨,眼下骨感,柔和颧骨,薄面颊,收敛下颌,圆长眼,眼尾延展,窄眼距,碎裂虹膜,窄鼻根,轻微偏右鼻梁,微钝鼻头,弓形唇,嘴角紧收,眉尾旧疤,骨感菱形（颌角弱化），高眉骨/眼下骨感，圆长眼·眼尾延展·窄眼距，窄鼻根/轻微偏右鼻梁/微钝鼻头，弓形唇·嘴角紧收，收敛下颌
FD05157,窄方脸,偏锐收窄,饱满额,低眉骨,窄深眼窝,低颧骨,饱满面颊,宽下颌,宽杏眼,眼尾延展,宽眼距,星点虹膜,中鼻根,高直鼻梁,下压鼻头,厚唇,嘴角平直,耳后小痣,窄方脸（偏锐收窄），低眉骨/窄深眼窝，宽杏眼·眼尾延展·宽眼距，中鼻根/高直鼻梁/下压鼻头，厚唇·嘴角平直，宽下颌
FD05158,长菱形,偏柔圆润,平直额,低眉骨,窄深眼窝,高颧骨,薄面颊,明显下颌角,短圆杏眼,眼尾下压,标准眼距,碎裂虹膜,中高鼻根,轻微偏右鼻梁,骨感鼻头,平直唇,嘴角下垂,单侧虎牙,长菱形（偏柔圆润），低眉骨/窄深眼窝，短圆杏眼·眼尾下压·标准眼距，中高鼻根/轻微偏右鼻梁/骨感鼻头，平直唇·嘴角下垂，明显下颌角
FD05159,梨形脸,面中平缓,饱满额,柔和眉骨,眼下饱满,宽颧骨,饱满面颊,骨感下颌,宽杏眼,眼尾延展,标准眼距,墨玉瞳,中鼻根,微弧鼻梁,下压鼻头,平直唇,嘴角下垂,唇下小痣,梨形脸（面中平缓），柔和眉骨/眼下饱满，宽杏眼·眼尾延展·标准眼距，中鼻根/微弧鼻梁/下压鼻头，平直唇·嘴角下垂，骨感下颌
FD05160,宽方脸,颈部线条延长,骨感额,内侧突出眉骨,深眼窝,窄颧骨,饱满面颊,柔和下颌,鹿系眼,眼尾明显挑,宽眼距,星点虹膜,高鼻根,轻微偏左鼻梁,小圆鼻头,弓形唇,嘴角上扬,异色瞳,宽方脸（颈部线条延长），内侧突出眉骨/深眼窝，鹿系眼·眼尾明显挑·宽眼距，高鼻根/轻微偏左鼻梁/小圆鼻头，弓形唇·嘴角上扬，柔和下颌
FD05161,宽方脸,偏柔圆润,饱满额,压迫感眉骨,眼下饱满,高颧骨,轻凹面颊,圆方下颌,疲惫眼,眼尾下沉,宽眼距,碎裂虹膜,中高鼻根,高直鼻梁,下压鼻头,平直唇,嘴角紧收,右眼下浅泪痣,宽方脸（偏柔圆润），压迫感眉骨/眼下饱满，疲惫眼·眼尾下沉·宽眼距，中高鼻根/高直鼻梁/下压鼻头，平直唇·嘴角紧收，圆方下颌
FD05162,上宽下窄脸,颌角弱化,微凸额,低眉骨,中度眼窝,宽颧骨,轻凹面颊,圆方下颌,下垂眼,眼尾延展,标准眼距,星点虹膜,低鼻根,柔和鼻梁,下压鼻头,成熟长唇,嘴角下垂,单侧虎牙,上宽下窄脸（颌角弱化），低眉骨/中度眼窝，下垂眼·眼尾延展·标准眼距，低鼻根/柔和鼻梁/下压鼻头，成熟长唇·嘴角下垂，圆方下颌
FD05163,下颌突出脸,中庭展宽,窄额,外侧突出眉骨,窄深眼窝,宽颧骨,轻凹面颊,柔和下颌,鹿系眼,眼尾平直,宽眼距,环状虹膜,高鼻根,轻鹰钩鼻梁,轻翘鼻头,薄唇,嘴角紧收,下颌浅疤,下颌突出脸（中庭展宽），外侧突出眉骨/窄深眼窝，鹿系眼·眼尾平直·宽眼距，高鼻根/轻鹰钩鼻梁/轻翘鼻头，薄唇·嘴角紧收，柔和下颌
FD05164,圆脸,颌角强调,骨感额,低眉骨,眼下骨感,低颧骨,饱满面颊,窄下颌,疲惫眼,眼尾延展,宽眼距,灰蓝瞳,低鼻根,轻微偏右鼻梁,窄翼鼻头,弓形唇,单侧上扬,无标志,圆脸（颌角强调），低眉骨/眼下骨感，疲惫眼·眼尾延展·宽眼距，低鼻根/轻微偏右鼻梁/窄翼鼻头，弓形唇·单侧上扬，窄下颌
FD05165,方鹅蛋脸,面中立体化,低额,薄眉骨,眼下饱满,低颧骨,轻凹面颊,方下颌,窄杏眼,眼尾明显挑,宽眼距,异色瞳,高鼻根,轻微偏右鼻梁,轻翘鼻头,上薄下厚,单侧上扬,无标志,方鹅蛋脸（面中立体化），薄眉骨/眼下饱满，窄杏眼·眼尾明显挑·宽眼距，高鼻根/轻微偏右鼻梁/轻翘鼻头，上薄下厚·单侧上扬，方下颌
FD05166,心形脸,颊部饱满,微凸额,内侧突出眉骨,深眼窝,外扩颧骨,薄面颊,骨感下颌,瑞凤眼,眼尾下压,窄眼距,星点虹膜,中高鼻根,柔和鼻梁,窄翼鼻头,弓形唇,单侧上扬,无标志,心形脸（颊部饱满），内侧突出眉骨/深眼窝，瑞凤眼·眼尾下压·窄眼距，中高鼻根/柔和鼻梁/窄翼鼻头，弓形唇·单侧上扬，骨感下颌
FD05167,鹅蛋偏菱,下颌线柔化,宽额,内侧突出眉骨,眼下饱满,低颧骨,薄面颊,收敛下颌,鹰隼眼,眼尾下沉,宽眼距,琥珀瞳,中鼻根,宽骨鼻梁,窄翼鼻头,宽嘴,嘴角下垂,左眼下浅泪痣,鹅蛋偏菱（下颌线柔化），内侧突出眉骨/眼下饱满，鹰隼眼·眼尾下沉·宽眼距，中鼻根/宽骨鼻梁/窄翼鼻头，宽嘴·嘴角下垂，收敛下颌
FD05168,短方脸,中庭展宽,骨感额,厚眉骨,窄深眼窝,低颧骨,轻凹面颊,骨感下颌,狼系眼,眼尾下沉,标准眼距,墨玉瞳,低鼻根,柔和鼻梁,小圆鼻头,平直唇,嘴角上扬,单侧酒窝,短方脸（中庭展宽），厚眉骨/窄深眼窝，狼系眼·眼尾下沉·标准眼距，低鼻根/柔和鼻梁/小圆鼻头，平直唇·嘴角上扬，骨感下颌
FD05169,圆脸,下颌线柔化,宽额,柔和眉骨,浅眼窝,高颧骨,薄面颊,窄下颌,疲惫眼,眼尾平直,标准眼距,淡金瞳,中鼻根,宽骨鼻梁,轻翘鼻头,薄唇,嘴角平直,眉心竖纹浅痕,圆脸（下颌线柔化），柔和眉骨/浅眼窝，疲惫眼·眼尾平直·标准眼距，中鼻根/宽骨鼻梁/轻翘鼻头，薄唇·嘴角平直，窄下颌
FD05170,心形脸,中轴收紧,高额,薄眉骨,眼下饱满,外扩颧骨,轻凹面颊,骨感下颌,宽杏眼,眼尾延展,宽眼距,墨玉瞳,高鼻根,宽骨鼻梁,下压鼻头,上薄下厚,嘴角紧收,耳后小痣,心形脸（中轴收紧），薄眉骨/眼下饱满，宽杏眼·眼尾延展·宽眼距，高鼻根/宽骨鼻梁/下压鼻头，上薄下厚·嘴角紧收，骨感下颌
FD05171,成熟方脸,上庭收窄,平直额,柔和眉骨,窄深眼窝,宽颧骨,幼态柔软面颊,宽下颌,平直杏眼,眼尾平直,窄眼距,淡金瞳,高鼻根,高直鼻梁,方圆鼻头,上薄下厚,嘴角上扬,无标志,成熟方脸（上庭收窄），柔和眉骨/窄深眼窝，平直杏眼·眼尾平直·窄眼距，高鼻根/高直鼻梁/方圆鼻头，上薄下厚·嘴角上扬，宽下颌
FD05172,肉感短脸,颊部略凹,低额,高眉骨,浅眼窝,窄颧骨,轻凹面颊,方下颌,宽杏眼,眼尾明显挑,宽眼距,碎裂虹膜,中高鼻根,柔和鼻梁,方圆鼻头,上厚下薄,嘴角平直,单侧酒窝,肉感短脸（颊部略凹），高眉骨/浅眼窝，宽杏眼·眼尾明显挑·宽眼距，中高鼻根/柔和鼻梁/方圆鼻头，上厚下薄·嘴角平直，方下颌
FD05173,宽菱形,偏柔圆润,高额,压迫感眉骨,浅眼窝,窄颧骨,轻凹面颊,柔和下颌,宽杏眼,眼尾下压,宽眼距,墨玉瞳,低鼻根,中直鼻梁,下压鼻头,厚唇,单侧上扬,单侧酒窝,宽菱形（偏柔圆润），压迫感眉骨/浅眼窝，宽杏眼·眼尾下压·宽眼距，低鼻根/中直鼻梁/下压鼻头，厚唇·单侧上扬，柔和下颌
FD05174,圆脸,颧部微收,低额,高眉骨,深眼窝,高颧骨,饱满面颊,收敛下颌,丹凤眼,眼尾微挑,宽眼距,环状虹膜,中鼻根,轻微偏右鼻梁,微钝鼻头,平直唇,嘴角上扬,左眼下浅泪痣,圆脸（颧部微收），高眉骨/深眼窝，丹凤眼·眼尾微挑·宽眼距，中鼻根/轻微偏右鼻梁/微钝鼻头，平直唇·嘴角上扬，收敛下颌
FD05175,圆方脸,偏柔圆润,低额,薄眉骨,宽浅眼窝,高颧骨,薄面颊,收敛下颌,成熟长眼,眼尾下压,标准眼距,淡金瞳,中高鼻根,宽骨鼻梁,骨感鼻头,宽嘴,嘴角下垂,指节薄茧,圆方脸（偏柔圆润），薄眉骨/宽浅眼窝，成熟长眼·眼尾下压·标准眼距，中高鼻根/宽骨鼻梁/骨感鼻头，宽嘴·嘴角下垂，收敛下颌
FD05176,方菱过渡脸,中轴微长,低额,内侧突出眉骨,宽浅眼窝,低颧骨,幼态柔软面颊,柔和下颌,平凤眼,眼尾微挑,标准眼距,碎裂虹膜,窄鼻根,轻微偏右鼻梁,小圆鼻头,弓形唇,嘴角紧收,下颌浅疤,方菱过渡脸（中轴微长），内侧突出眉骨/宽浅眼窝，平凤眼·眼尾微挑·标准眼距，窄鼻根/轻微偏右鼻梁/小圆鼻头，弓形唇·嘴角紧收，柔和下颌
FD05177,方菱过渡脸,下庭加重,饱满额,厚眉骨,眼下饱满,外扩颧骨,成熟收紧面颊,收敛下颌,桃花眼,眼尾明显挑,窄眼距,碎裂虹膜,中高鼻根,轻微偏右鼻梁,方圆鼻头,弓形唇,嘴角平直,环状虹膜,方菱过渡脸（下庭加重），厚眉骨/眼下饱满，桃花眼·眼尾明显挑·窄眼距，中高鼻根/轻微偏右鼻梁/方圆鼻头，弓形唇·嘴角平直，收敛下颌
FD05178,长方脸,中轴收紧,高额,柔和眉骨,浅眼窝,低颧骨,轻凹面颊,收敛下颌,短杏眼,眼尾明显挑,标准眼距,墨玉瞳,宽鼻根,轻微偏右鼻梁,方圆鼻头,宽嘴,嘴角上扬,鼻梁旧伤,长方脸（中轴收紧），柔和眉骨/浅眼窝，短杏眼·眼尾明显挑·标准眼距，宽鼻根/轻微偏右鼻梁/方圆鼻头，宽嘴·嘴角上扬，收敛下颌
FD05179,双颌匀称脸,颌角强调,饱满额,高眉骨,眼下饱满,宽颧骨,成熟收紧面颊,柔和下颌,冷感眼,眼尾下沉,标准眼距,淡金瞳,高鼻根,轻微偏左鼻梁,下压鼻头,小嘴,嘴角下垂,耳后小痣,双颌匀称脸（颌角强调），高眉骨/眼下饱满，冷感眼·眼尾下沉·标准眼距，高鼻根/轻微偏左鼻梁/下压鼻头，小嘴·嘴角下垂，柔和下颌
FD05180,下颌突出脸,下颌线柔化,骨感额,厚眉骨,宽浅眼窝,宽颧骨,轻凹面颊,收敛下颌,冷感眼,眼尾微挑,窄眼距,灰蓝瞳,低鼻根,微弧鼻梁,方圆鼻头,上厚下薄,嘴角下垂,右眉轻断,下颌突出脸（下颌线柔化），厚眉骨/宽浅眼窝，冷感眼·眼尾微挑·窄眼距，低鼻根/微弧鼻梁/方圆鼻头，上厚下薄·嘴角下垂，收敛下颌
FD05181,长方脸,面中立体化,宽额,柔和眉骨,窄深眼窝,窄颧骨,幼态柔软面颊,收敛下颌,下垂眼,眼尾延展,宽眼距,深色瞳,窄鼻根,轻微偏右鼻梁,方圆鼻头,小嘴,嘴角下垂,双侧酒窝,长方脸（面中立体化），柔和眉骨/窄深眼窝，下垂眼·眼尾延展·宽眼距，窄鼻根/轻微偏右鼻梁/方圆鼻头，小嘴·嘴角下垂，收敛下颌
FD05182,双颌匀称脸,面中立体化,低额,高眉骨,眼下骨感,宽颧骨,成熟收紧面颊,窄下颌,猫系眼,眼尾明显挑,宽眼距,灰蓝瞳,高鼻根,轻微偏右鼻梁,微钝鼻头,上薄下厚,单侧上扬,眉尾旧疤,双颌匀称脸（面中立体化），高眉骨/眼下骨感，猫系眼·眼尾明显挑·宽眼距，高鼻根/轻微偏右鼻梁/微钝鼻头，上薄下厚·单侧上扬，窄下颌
FD05183,上窄下宽脸,颈部线条收短,高额,内侧突出眉骨,浅眼窝,低颧骨,薄面颊,柔和下颌,狭长眼,眼尾平直,宽眼距,深色瞳,高鼻根,中直鼻梁,微钝鼻头,成熟长唇,单侧上扬,环状虹膜,上窄下宽脸（颈部线条收短），内侧突出眉骨/浅眼窝，狭长眼·眼尾平直·宽眼距，高鼻根/中直鼻梁/微钝鼻头，成熟长唇·单侧上扬，柔和下颌
FD05184,长菱形,上庭收窄,低额,厚眉骨,中度眼窝,外扩颧骨,饱满面颊,圆方下颌,蛇系眼,眼尾延展,窄眼距,异色瞳,低鼻根,轻鹰钩鼻梁,小圆鼻头,上薄下厚,嘴角紧收,眼睑褶皱不对称,长菱形（上庭收窄），厚眉骨/中度眼窝，蛇系眼·眼尾延展·窄眼距，低鼻根/轻鹰钩鼻梁/小圆鼻头，上薄下厚·嘴角紧收，圆方下颌
FD05185,宽菱形,颊部略凹,微凸额,高眉骨,窄深眼窝,高颧骨,饱满面颊,收敛下颌,鹿系眼,眼尾明显挑,窄眼距,星点虹膜,中高鼻根,轻微偏右鼻梁,小圆鼻头,上厚下薄,嘴角平直,下颌浅疤,宽菱形（颊部略凹），高眉骨/窄深眼窝，鹿系眼·眼尾明显挑·窄眼距，中高鼻根/轻微偏右鼻梁/小圆鼻头，上厚下薄·嘴角平直，收敛下颌
FD05186,宽菱形,中轴微长,骨感额,柔和眉骨,窄深眼窝,柔和颧骨,成熟收紧面颊,收敛下颌,狭长瑞凤眼,眼尾微挑,宽眼距,琥珀瞳,宽鼻根,高直鼻梁,小圆鼻头,小嘴,单侧上扬,左颊浅疤,宽菱形（中轴微长），柔和眉骨/窄深眼窝，狭长瑞凤眼·眼尾微挑·宽眼距，宽鼻根/高直鼻梁/小圆鼻头，小嘴·单侧上扬，收敛下颌
FD05187,倒三角脸,中庭展宽,微凸额,厚眉骨,窄深眼窝,高颧骨,幼态柔软面颊,明显下颌角,圆长眼,眼尾明显挑,宽眼距,深色瞳,中高鼻根,宽骨鼻梁,窄翼鼻头,小嘴,嘴角上扬,唇下小痣,倒三角脸（中庭展宽），厚眉骨/窄深眼窝，圆长眼·眼尾明显挑·宽眼距，中高鼻根/宽骨鼻梁/窄翼鼻头，小嘴·嘴角上扬，明显下颌角
FD05188,骨感方脸,颈部线条延长,窄额,薄眉骨,窄深眼窝,柔和颧骨,饱满面颊,方下颌,狭长瑞凤眼,眼尾下压,窄眼距,碎裂虹膜,中高鼻根,高直鼻梁,肉感鼻头,弓形唇,嘴角上扬,无标志,骨感方脸（颈部线条延长），薄眉骨/窄深眼窝，狭长瑞凤眼·眼尾下压·窄眼距，中高鼻根/高直鼻梁/肉感鼻头，弓形唇·嘴角上扬，方下颌
FD05189,柔和方脸,中庭展宽,骨感额,压迫感眉骨,中度眼窝,窄颧骨,轻凹面颊,柔和下颌,圆长眼,眼尾微挑,宽眼距,环状虹膜,窄鼻根,微弧鼻梁,微钝鼻头,弓形唇,嘴角上扬,无标志,柔和方脸（中庭展宽），压迫感眉骨/中度眼窝，圆长眼·眼尾微挑·宽眼距，窄鼻根/微弧鼻梁/微钝鼻头，弓形唇·嘴角上扬，柔和下颌
FD05190,骨感方脸,中庭展宽,微凸额,低眉骨,眼下骨感,宽颧骨,薄面颊,窄下颌,狭长瑞凤眼,眼尾延展,窄眼距,深色瞳,中高鼻根,柔和鼻梁,方圆鼻头,成熟长唇,嘴角上扬,眉心竖纹浅痕,骨感方脸（中庭展宽），低眉骨/眼下骨感，狭长瑞凤眼·眼尾延展·窄眼距，中高鼻根/柔和鼻梁/方圆鼻头，成熟长唇·嘴角上扬，窄下颌
FD05191,上宽下窄脸,中轴收紧,低额,厚眉骨,眼下饱满,柔和颧骨,成熟收紧面颊,柔和下颌,上扬凤眼,眼尾下压,标准眼距,灰蓝瞳,中高鼻根,高直鼻梁,下压鼻头,宽嘴,嘴角平直,环状虹膜,上宽下窄脸（中轴收紧），厚眉骨/眼下饱满，上扬凤眼·眼尾下压·标准眼距，中高鼻根/高直鼻梁/下压鼻头，宽嘴·嘴角平直，柔和下颌
FD05192,宽方脸,颌角强调,微凸额,内侧突出眉骨,眼下骨感,高颧骨,饱满面颊,方下颌,猫系眼,眼尾明显挑,宽眼距,碎裂虹膜,高鼻根,轻微偏右鼻梁,下压鼻头,薄唇,嘴角上扬,颈侧细疤,宽方脸（颌角强调），内侧突出眉骨/眼下骨感，猫系眼·眼尾明显挑·宽眼距，高鼻根/轻微偏右鼻梁/下压鼻头，薄唇·嘴角上扬，方下颌
FD05193,梨形脸,骨点内敛,宽额,压迫感眉骨,窄深眼窝,窄颧骨,幼态柔软面颊,宽下颌,半睁懒眼,眼尾平直,窄眼距,淡金瞳,窄鼻根,轻微偏左鼻梁,微钝鼻头,平直唇,嘴角平直,左颊浅疤,梨形脸（骨点内敛），压迫感眉骨/窄深眼窝，半睁懒眼·眼尾平直·窄眼距，窄鼻根/轻微偏左鼻梁/微钝鼻头，平直唇·嘴角平直，宽下颌
FD05194,宽菱形,颈部线条延长,饱满额,厚眉骨,宽浅眼窝,高颧骨,幼态柔软面颊,方下颌,鹤系眼,眼尾平直,窄眼距,异色瞳,高鼻根,轻鹰钩鼻梁,轻翘鼻头,小嘴,嘴角上扬,眉尾旧疤,宽菱形（颈部线条延长），厚眉骨/宽浅眼窝，鹤系眼·眼尾平直·窄眼距，高鼻根/轻鹰钩鼻梁/轻翘鼻头，小嘴·嘴角上扬，方下颌
FD05195,圆脸,面中平缓,平直额,内侧突出眉骨,中度眼窝,外扩颧骨,成熟收紧面颊,方下颌,半睁懒眼,眼尾微挑,标准眼距,灰蓝瞳,高鼻根,宽骨鼻梁,方圆鼻头,薄唇,嘴角平直,眉心竖纹浅痕,圆脸（面中平缓），内侧突出眉骨/中度眼窝，半睁懒眼·眼尾微挑·标准眼距，高鼻根/宽骨鼻梁/方圆鼻头，薄唇·嘴角平直，方下颌
FD05196,短圆脸,下庭加重,平直额,柔和眉骨,眼下骨感,外扩颧骨,饱满面颊,柔和下颌,平凤眼,眼尾微挑,标准眼距,淡金瞳,中鼻根,微弧鼻梁,骨感鼻头,上薄下厚,嘴角紧收,眉尾旧疤,短圆脸（下庭加重），柔和眉骨/眼下骨感，平凤眼·眼尾微挑·标准眼距，中鼻根/微弧鼻梁/骨感鼻头，上薄下厚·嘴角紧收，柔和下颌
FD05197,鹅蛋偏菱,颊部饱满,宽额,压迫感眉骨,宽浅眼窝,窄颧骨,饱满面颊,柔和下颌,瑞凤眼,眼尾微挑,标准眼距,深色瞳,低鼻根,轻鹰钩鼻梁,肉感鼻头,宽嘴,嘴角上扬,单侧虎牙,鹅蛋偏菱（颊部饱满），压迫感眉骨/宽浅眼窝，瑞凤眼·眼尾微挑·标准眼距，低鼻根/轻鹰钩鼻梁/肉感鼻头，宽嘴·嘴角上扬，柔和下颌
FD05198,鹅蛋偏心形,偏柔圆润,平直额,薄眉骨,浅眼窝,高颧骨,饱满面颊,骨感下颌,下垂眼,眼尾微挑,宽眼距,碎裂虹膜,窄鼻根,轻微偏右鼻梁,方圆鼻头,上薄下厚,嘴角平直,耳后小痣,鹅蛋偏心形（偏柔圆润），薄眉骨/浅眼窝，下垂眼·眼尾微挑·宽眼距，窄鼻根/轻微偏右鼻梁/方圆鼻头，上薄下厚·嘴角平直，骨感下颌
FD05199,心形脸,颧部微收,窄额,薄眉骨,深眼窝,外扩颧骨,轻凹面颊,骨感下颌,疲惫眼,眼尾下压,窄眼距,异色瞳,窄鼻根,轻微偏左鼻梁,骨感鼻头,宽嘴,嘴角上扬,无标志,心形脸（颧部微收），薄眉骨/深眼窝，疲惫眼·眼尾下压·窄眼距，窄鼻根/轻微偏左鼻梁/骨感鼻头，宽嘴·嘴角上扬，骨感下颌
FD05200,宽菱形,颈部线条延长,饱满额,柔和眉骨,中度眼窝,外扩颧骨,饱满面颊,明显下颌角,狐狸系眼,眼尾下沉,标准眼距,浅褐瞳,宽鼻根,宽骨鼻梁,窄翼鼻头,成熟长唇,嘴角下垂,眉尾旧疤,宽菱形（颈部线条延长），柔和眉骨/中度眼窝，狐狸系眼·眼尾下沉·标准眼距，宽鼻根/宽骨鼻梁/窄翼鼻头，成熟长唇·嘴角下垂，明显下颌角
